,Rule_0,Rule_1,Rule_2,Rule_3,Rule_4,Rule_5,Rule_6,Rule_7,Rule_8,Rule_9,Rule_10,Rule_11,Rule_12,Rule_13,Rule_14,Rule_15,Rule_16,Rule_17,Rule_18,Rule_19,Rule_20,Recency,Frequency,Monetary,Cluster
000nan,0,0,0,0,0,0,0,0,0,0,0,0,0,0,0,0,0,0,0,0,0,0.0,2.0,2.0,3
012346,0,0,0,0,0,0,0,0,0,0,0,0,0,0,0,0,0,0,0,0,0,1.742627345844504,0.0,2.1287979008584563e-06,2
012747,0,0,0,0,0,0,0,0,0,0,0,0,0,0,0,0,0,0,0,0,0,0.005361930294906166,0.014577259475218658,0.0011004172321540976,3
012748,0,0,0,0,0,0,0,0,0,0,0,0,0,0,0,0,0,0,0,0,0,0.0,0.3032069970845481,0.029865395129971065,3
012749,0,0,0,0,0,0,0,0,0,0,0,0,0,0,0,0,0,0,0,0,0,0.0160857908847185,0.0058309037900874635,0.0024342192272781716,3
012820,0,0,0,0,0,0,0,0,0,0,0,0,0,0,0,0,0,0,0,0,0,0.010723860589812333,0.004373177842565598,0.0002745659913279625,3
012821,0,0,0,0,0,0,0,0,0,0,0,0,0,0,0,0,0,0,0,0,0,1.1420911528150135,0.0,3.626297113876129e-05,0
012822,0,0,0,0,0,0,0,0,0,0,0,0,0,0,0,0,0,0,0,0,0,0.37533512064343166,0.0014577259475218659,0.00030265633604273845,1
012823,0,0,0,0,0,0,0,0,0,0,0,0,0,0,0,0,0,0,0,0,0,0.3967828418230563,0.0058309037900874635,9.317772880998851e-05,1
012824,0,0,0,0,0,0,0,0,0,0,0,0,0,0,0,0,0,0,0,0,0,0.3163538873994638,0.0,0.00015469264746238113,1
012826,0,0,0,0,0,0,0,0,0,0,0,0,0,0,0,0,0,0,0,0,0,0.010723860589812333,0.008746355685131194,0.00042881819784533845,3
012827,0,0,0,0,0,0,0,0,0,0,0,0,0,0,0,0,0,0,0,0,0,0.02680965147453083,0.002915451895043732,0.0001750263377567878,3
012828,0,0,0,0,0,0,0,0,0,0,0,0,0,0,0,0,0,0,0,0,0,0.010723860589812333,0.00728862973760933,0.00042299458979471415,3
012829,0,0,0,0,0,0,0,0,0,0,0,0,0,0,0,0,0,0,0,0,0,1.801608579088472,0.0014577259475218659,0.00027865230453995516,2
012830,0,0,0,0,0,0,0,0,0,0,0,0,0,0,0,0,0,0,0,0,0,0.19839142091152814,0.00728862973760933,0.00010059181805090935,3
012831,0,0,0,0,0,0,0,0,0,0,0,0,0,0,0,0,0,0,0,0,0,1.3994638069705094,0.0,6.711830623051431e-05,2
012832,0,0,0,0,0,0,0,0,0,0,0,0,0,0,0,0,0,0,0,0,0,0.16621983914209115,0.0014577259475218659,0.00019308441650200088,3
012833,0,0,0,0,0,0,0,0,0,0,0,0,0,0,0,0,0,0,0,0,0,0.7721179624664879,0.0,0.000319123933597655,0
012834,0,0,0,0,0,0,0,0,0,0,0,0,0,0,0,0,0,0,0,0,0,1.512064343163539,0.0,0.00021513093269364997,2
012836,0,0,0,0,0,0,0,0,0,0,0,0,0,0,0,0,0,0,0,0,0,0.3109919571045576,0.004373177842565598,0.0018356599830161079,1
012837,0,0,0,0,0,0,0,0,0,0,0,0,0,0,0,0,0,0,0,0,0,0.9222520107238606,0.0,0.0001976601085417771,0
012838,0,0,0,0,0,0,0,0,0,0,0,0,0,0,0,0,0,0,0,0,0,0.1769436997319035,0.0014577259475218659,0.00069775633265379,3
012839,0,0,0,0,0,0,0,0,0,0,0,0,0,0,0,0,0,0,0,0,0,0.010723860589812333,0.018950437317784254,0.001474938849056851,3
012840,0,0,0,0,0,0,0,0,0,0,0,0,0,0,0,0,0,0,0,0,0,0.7667560321715818,0.004373177842565598,0.0005623941488888593,0
012841,0,0,0,0,0,0,0,0,0,0,0,0,0,0,0,0,0,0,0,0,0,0.021447721179624665,0.03498542274052478,0.0024610861249234886,3
012842,0,0,0,0,0,0,0,0,0,0,0,0,0,0,0,0,0,0,0,0,0,0.3699731903485255,0.0014577259475218659,0.00035984025206924666,1
012843,0,0,0,0,0,0,0,0,0,0,0,0,0,0,0,0,0,0,0,0,0,0.3485254691689008,0.01020408163265306,0.0008850171411051667,1
012844,0,0,0,0,0,0,0,0,0,0,0,0,0,0,0,0,0,0,0,0,0,0.15013404825737264,0.0014577259475218659,0.00033436808408311263,3
012845,0,0,0,0,0,0,0,0,0,0,0,0,0,0,0,0,0,0,0,0,0,1.4262734584450403,0.004373177842565598,0.00018393303242244844,2
012847,0,0,0,0,0,0,0,0,0,0,0,0,0,0,0,0,0,0,0,0,0,0.11260053619302948,0.0,0.0002977870167062921,3
012849,0,0,0,0,0,0,0,0,0,0,0,0,0,0,0,0,0,0,0,0,0,0.16085790884718498,0.0014577259475218659,0.00036079454078342455,3
012851,0,0,0,0,0,0,0,0,0,0,0,0,0,0,0,0,0,0,0,0,0,0.514745308310992,0.0,0.0002377402345372501,1
012852,0,0,0,0,0,0,0,0,0,0,0,0,0,0,0,0,0,0,0,0,0,1.5764075067024128,0.0,0.00015141380931623134,2
012853,0,0,0,0,0,0,0,0,0,0,0,0,0,0,0,0,0,0,0,0,0,0.7184986595174263,0.00728862973760933,0.0008108273108131801,1
012854,0,0,0,0,0,0,0,0,0,0,0,0,0,0,0,0,0,0,0,0,0,0.41823056300268097,0.002915451895043732,0.0007464005881354753,1
012855,0,0,0,0,0,0,0,0,0,0,0,0,0,0,0,0,0,0,0,0,0,1.9946380697050938,0.0,1.0962085742351591e-05,2
012856,0,0,0,0,0,0,0,0,0,0,0,0,0,0,0,0,0,0,0,0,0,0.03753351206434316,0.00728862973760933,0.001953747094160279,3
012857,0,0,0,0,0,0,0,0,0,0,0,0,0,0,0,0,0,0,0,0,0,1.126005361930295,0.0014577259475218659,0.00046583970616716425,0
012863,0,0,0,0,0,0,0,0,0,0,0,0,0,0,0,0,0,0,0,0,0,0.2734584450402145,0.0,4.086313211992669e-05,1
012864,0,0,0,0,0,0,0,0,0,0,0,0,0,0,0,0,0,0,0,0,0,0.7345844504021448,0.0,4.404409450051978e-06,1
012867,0,0,0,0,0,0,0,0,0,0,0,0,0,0,0,0,0,0,0,0,0,0.13404825737265416,0.008746355685131194,0.0017521964239376228,3
012868,0,0,0,0,0,0,0,0,0,0,0,0,0,0,0,0,0,0,0,0,0,0.9919571045576407,0.00728862973760933,0.0006833685951169536,0
012871,0,0,0,0,0,0,0,0,0,0,0,0,0,0,0,0,0,0,0,0,0,0.4450402144772118,0.0014577259475218659,5.6400909902054495e-05,1
012872,0,0,0,0,0,0,0,0,0,0,0,0,0,0,0,0,0,0,0,0,0,1.7479892761394102,0.0014577259475218659,0.0004026119616175292,2
012873,0,0,0,0,0,0,0,0,0,0,0,0,0,0,0,0,0,0,0,0,0,1.5067024128686328,0.0,3.9101368339905896e-05,2
012875,0,0,0,0,0,0,0,0,0,0,0,0,0,0,0,0,0,0,0,0,0,0.7613941018766757,0.0014577259475218659,4.1597200361602017e-07,0
012877,0,0,0,0,0,0,0,0,0,0,0,0,0,0,0,0,0,0,0,0,0,0.0160857908847185,0.016034985422740525,0.0007151292810401062,3
012878,0,0,0,0,0,0,0,0,0,0,0,0,0,0,0,0,0,0,0,0,0,1.260053619302949,0.0014577259475218659,0.00023333582508719812,0
012879,0,0,0,0,0,0,0,0,0,0,0,0,0,0,0,0,0,0,0,0,0,0.2359249329758713,0.002915451895043732,4.4411128621357446e-05,3
012881,0,0,0,0,0,0,0,0,0,0,0,0,0,0,0,0,0,0,0,0,0,1.4745308310991958,0.0,0.0005643271952586044,2
012882,0,0,0,0,0,0,0,0,0,0,0,0,0,0,0,0,0,0,0,0,0,0.04289544235924933,0.0014577259475218659,0.00020436459848241178,3
012883,0,0,0,0,0,0,0,0,0,0,0,0,0,0,0,0,0,0,0,0,0,0.128686327077748,0.004373177842565598,0.0006086893859971835,3
012884,0,0,0,0,0,0,0,0,0,0,0,0,0,0,0,0,0,0,0,0,0,0.46648793565683644,0.0,0.0002733670131998928,1
012885,0,0,0,0,0,0,0,0,0,0,0,0,0,0,0,0,0,0,0,0,0,0.3324396782841823,0.002915451895043732,0.0006238111917756952,1
012886,0,0,0,0,0,0,0,0,0,0,0,0,0,0,0,0,0,0,0,0,0,0.35924932975871315,0.0014577259475218659,0.0007461069608388052,1
012888,0,0,0,0,0,0,0,0,0,0,0,0,0,0,0,0,0,0,0,0,0,1.1420911528150135,0.0014577259475218659,7.171846721167971e-05,0
012890,0,0,0,0,0,0,0,0,0,0,0,0,0,0,0,0,0,0,0,0,0,0.12332439678284182,0.0,0.00036333931068789903,3
012891,0,0,0,0,0,0,0,0,0,0,0,0,0,0,0,0,0,0,0,0,0,0.9919571045576407,0.002915451895043732,2.275611549193522e-06,0
012893,0,0,0,0,0,0,0,0,0,0,0,0,0,0,0,0,0,0,0,0,0,0.16085790884718498,0.0,0.0001835170604188324,3
012895,0,0,0,0,0,0,0,0,0,0,0,0,0,0,0,0,0,0,0,0,0,0.21983914209115282,0.0014577259475218659,0.00017306882244565356,3
012897,0,0,0,0,0,0,0,0,0,0,0,0,0,0,0,0,0,0,0,0,0,1.093833780160858,0.0014577259475218659,2.601048469669585e-05,0
012901,0,0,0,0,0,0,0,0,0,0,0,0,0,0,0,0,0,0,0,0,0,0.04289544235924933,0.039358600583090375,0.0004158007210262959,3
012902,0,0,0,0,0,0,0,0,0,0,0,0,0,0,0,0,0,0,0,0,0,1.415549597855228,0.0,0.00013707500966217323,2
012904,0,0,0,0,0,0,0,0,0,0,0,0,0,0,0,0,0,0,0,0,0,0.09115281501340483,0.0014577259475218659,0.0005430881541327982,3
012906,0,0,0,0,0,0,0,0,0,0,0,0,0,0,0,0,0,0,0,0,0,0.058981233243967826,0.0058309037900874635,0.0003929711987101932,3
012908,0,0,0,0,0,0,0,0,0,0,0,0,0,0,0,0,0,0,0,0,0,0.938337801608579,0.0014577259475218659,2.642645670031187e-06,0
012909,0,0,0,0,0,0,0,0,0,0,0,0,0,0,0,0,0,0,0,0,0,0.20911528150134048,0.0058309037900874635,0.0015056963083830471,3
012910,0,0,0,0,0,0,0,0,0,0,0,0,0,0,0,0,0,0,0,0,0,0.11796246648793565,0.01020408163265306,0.0003836485320409165,3
012912,0,0,0,0,0,0,0,0,0,0,0,0,0,0,0,0,0,0,0,0,0,0.010723860589812333,0.0058309037900874635,0.00015926833950215738,3
012913,0,0,0,0,0,0,0,0,0,0,0,0,0,0,0,0,0,0,0,0,0,0.021447721179624665,0.0058309037900874635,0.000357417826871718,3
012915,0,0,0,0,0,0,0,0,0,0,0,0,0,0,0,0,0,0,0,0,0,0.7935656836461126,0.0014577259475218659,0.00036502766764375227,0
012916,0,0,0,0,0,0,0,0,0,0,0,0,0,0,0,0,0,0,0,0,0,0.739946380697051,0.004373177842565598,0.0010800101350355235,0
012917,0,0,0,0,0,0,0,0,0,0,0,0,0,0,0,0,0,0,0,0,0,0.6809651474530831,0.0,2.380827997166986e-05,1
012919,0,0,0,0,0,0,0,0,0,0,0,0,0,0,0,0,0,0,0,0,0,0.03753351206434316,0.00728862973760933,0.00031821858276625544,3
012920,0,0,0,0,0,0,0,0,0,0,0,0,0,0,0,0,0,0,0,0,0,0.08579088471849866,0.0,0.00026274749263698966,3
012921,0,0,0,0,0,0,0,0,0,0,0,0,0,0,0,0,0,0,0,0,0,0.04289544235924933,0.052478134110787174,0.004122453838424484,3
012922,0,0,0,0,0,0,0,0,0,0,0,0,0,0,0,0,0,0,0,0,0,0.8579088471849866,0.0,0.00011111346284825573,0
012923,0,0,0,0,0,0,0,0,0,0,0,0,0,0,0,0,0,0,0,0,0,0.3378016085790885,0.0,0.0002079615328666209,1
012924,0,0,0,0,0,0,0,0,0,0,0,0,0,0,0,0,0,0,0,0,0,0.46648793565683644,0.004373177842565598,0.00023362945238386828,1
012925,0,0,0,0,0,0,0,0,0,0,0,0,0,0,0,0,0,0,0,0,0,0.021447721179624665,0.0014577259475218659,0.00025396314267827486,3
012928,0,0,0,0,0,0,0,0,0,0,0,0,0,0,0,0,0,0,0,0,0,0.18230563002680966,0.0058309037900874635,0.000398868213584985,3
012929,0,0,0,0,0,0,0,0,0,0,0,0,0,0,0,0,0,0,0,0,0,1.6675603217158177,0.0,0.00013893464920775074,2
012930,0,0,0,0,0,0,0,0,0,0,0,0,0,0,0,0,0,0,0,0,0,0.4128686327077748,0.0014577259475218659,0.0001827829921771571,1
012931,0,0,0,0,0,0,0,0,0,0,0,0,0,0,0,0,0,0,0,0,0,0.11260053619302948,0.02040816326530612,0.000341023636140969,3
012933,0,0,0,0,0,0,0,0,0,0,0,0,0,0,0,0,0,0,0,0,0,0.12332439678284182,0.002915451895043732,0.0006861335854939307,3
012935,0,0,0,0,0,0,0,0,0,0,0,0,0,0,0,0,0,0,0,0,0,0.005361930294906166,0.008746355685131194,0.0006410862643964547,3
012936,0,0,0,0,0,0,0,0,0,0,0,0,0,0,0,0,0,0,0,0,0,0.08579088471849866,0.004373177842565598,0.00030803950314835753,3
012937,0,0,0,0,0,0,0,0,0,0,0,0,0,0,0,0,0,0,0,0,0,0.07506702412868632,0.004373177842565598,0.0006959700999323802,3
012938,0,0,0,0,0,0,0,0,0,0,0,0,0,0,0,0,0,0,0,0,0,0.13404825737265416,0.0,2.7576496945603217e-05,3
012939,0,0,0,0,0,0,0,0,0,0,0,0,0,0,0,0,0,0,0,0,0,0.3378016085790885,0.01020408163265306,0.0002759851899285348,1
012940,0,0,0,0,0,0,0,0,0,0,0,0,0,0,0,0,0,0,0,0,0,0.289544235924933,0.0014577259475218659,0.0009251217360420289,1
012942,0,0,0,0,0,0,0,0,0,0,0,0,0,0,0,0,0,0,0,0,0,0.6970509383378016,0.002915451895043732,0.0007589531550681235,1
012944,0,0,0,0,0,0,0,0,0,0,0,0,0,0,0,0,0,0,0,0,0,0.18766756032171583,0.0014577259475218659,0.00023365392132525744,3
012945,0,0,0,0,0,0,0,0,0,0,0,0,0,0,0,0,0,0,0,0,0,1.5388739946380698,0.0,0.00027816292571217156,2
012947,0,0,0,0,0,0,0,0,0,0,0,0,0,0,0,0,0,0,0,0,0,0.7667560321715818,0.00728862973760933,0.0007757877867438776,0
012948,0,0,0,0,0,0,0,0,0,0,0,0,0,0,0,0,0,0,0,0,0,0.08042895442359249,0.008746355685131194,0.0008320174140562078,3
012949,0,0,0,0,0,0,0,0,0,0,0,0,0,0,0,0,0,0,0,0,0,0.16085790884718498,0.01020408163265306,0.0015139912795139783,3
012950,0,0,0,0,0,0,0,0,0,0,0,0,0,0,0,0,0,0,0,0,0,0.005361930294906166,0.002915451895043732,7.776229573480659e-05,3
012951,0,0,0,0,0,0,0,0,0,0,0,0,0,0,0,0,0,0,0,0,0,0.04289544235924933,0.00728862973760933,0.0004629768400246304,3
012952,0,0,0,0,0,0,0,0,0,0,0,0,0,0,0,0,0,0,0,0,0,0.02680965147453083,0.004373177842565598,0.0007849147018820409,3
012953,0,0,0,0,0,0,0,0,0,0,0,0,0,0,0,0,0,0,0,0,0,0.0482573726541555,0.0,0.0002760830656940915,3
012955,0,0,0,0,0,0,0,0,0,0,0,0,0,0,0,0,0,0,0,0,0,0.0,0.014577259475218658,0.0007439047561137791,3
012956,0,0,0,0,0,0,0,0,0,0,0,0,0,0,0,0,0,0,0,0,0,1.6353887399463807,0.0,0.00020252942787822345,2
012957,0,0,0,0,0,0,0,0,0,0,0,0,0,0,0,0,0,0,0,0,0,0.0482573726541555,0.01020408163265306,0.0016404222996718595,3
012962,0,0,0,0,0,0,0,0,0,0,0,0,0,0,0,0,0,0,0,0,0,0.03217158176943699,0.0014577259475218659,0.00011647216101248564,3
012963,0,0,0,0,0,0,0,0,0,0,0,0,0,0,0,0,0,0,0,0,0,0.03753351206434316,0.01020408163265306,0.0007654863624190338,3
012965,0,0,0,0,0,0,0,0,0,0,0,0,0,0,0,0,0,0,0,0,0,0.4718498659517426,0.0,0.000976775671314583,1
012966,0,0,0,0,0,0,0,0,0,0,0,0,0,0,0,0,0,0,0,0,0,0.0482573726541555,0.0,8.33412143715391e-05,3
012967,0,0,0,0,0,0,0,0,0,0,0,0,0,0,0,0,0,0,0,0,0,1.9142091152815013,0.0014577259475218659,0.00030067435179021503,2
012968,0,0,0,0,0,0,0,0,0,0,0,0,0,0,0,0,0,0,0,0,0,0.5951742627345844,0.0,3.9835436581581224e-05,1
012970,0,0,0,0,0,0,0,0,0,0,0,0,0,0,0,0,0,0,0,0,0,0.03217158176943699,0.004373177842565598,0.0007499241156955168,3
012971,0,0,0,0,0,0,0,0,0,0,0,0,0,0,0,0,0,0,0,0,0,0.0160857908847185,0.12390670553935859,0.0017237879829847876,3
012974,0,0,0,0,0,0,0,0,0,0,0,0,0,0,0,0,0,0,0,0,0,1.0563002680965148,0.0,0.00015031270695371835,0
012976,0,0,0,0,0,0,0,0,0,0,0,0,0,0,0,0,0,0,0,0,0,1.1313672922252012,0.0,8.219117412624774e-05,0
012977,0,0,0,0,0,0,0,0,0,0,0,0,0,0,0,0,0,0,0,0,0,0.8310991957104558,0.0,9.273728786498332e-05,0
012980,0,0,0,0,0,0,0,0,0,0,0,0,0,0,0,0,0,0,0,0,0,0.8418230563002681,0.011661807580174927,0.0007779165846447362,0
012981,0,0,0,0,0,0,0,0,0,0,0,0,0,0,0,0,0,0,0,0,0,0.1554959785522788,0.0014577259475218659,7.903468068704383e-05,3
012982,0,0,0,0,0,0,0,0,0,0,0,0,0,0,0,0,0,0,0,0,0,1.2975871313672922,0.0,0.00012618633074398916,0
012984,0,0,0,0,0,0,0,0,0,0,0,0,0,0,0,0,0,0,0,0,0,0.09651474530831099,0.0,3.7266197735717576e-05,3
012985,0,0,0,0,0,0,0,0,0,0,0,0,0,0,0,0,0,0,0,0,0,0.0,0.0014577259475218659,0.0003555826562675297,3
012987,0,0,0,0,0,0,0,0,0,0,0,0,0,0,0,0,0,0,0,0,0,0.3914209115281501,0.0014577259475218659,0.00041824761516521365,1
012988,0,0,0,0,0,0,0,0,0,0,0,0,0,0,0,0,0,0,0,0,0,1.5603217158176943,0.0,0.0009248525776867479,2
012989,0,0,0,0,0,0,0,0,0,0,0,0,0,0,0,0,0,0,0,0,0,0.010723860589812333,0.02040816326530612,0.0004993866248117268,3
012990,0,0,0,0,0,0,0,0,0,0,0,0,0,0,0,0,0,0,0,0,0,0.16085790884718498,0.002915451895043732,6.479375679854243e-05,3
012991,0,0,0,0,0,0,0,0,0,0,0,0,0,0,0,0,0,0,0,0,0,0.11796246648793565,0.0014577259475218659,0.0001745614278703934,3
012993,0,0,0,0,0,0,0,0,0,0,0,0,0,0,0,0,0,0,0,0,0,0.11796246648793565,0.004373177842565598,0.0001408187576947174,3
012994,0,0,0,0,0,0,0,0,0,0,0,0,0,0,0,0,0,0,0,0,0,0.0160857908847185,0.002915451895043732,0.000628337945932693,3
012995,0,0,0,0,0,0,0,0,0,0,0,0,0,0,0,0,0,0,0,0,0,0.450402144772118,0.0,1.3947296591831265e-05,1
012997,0,0,0,0,0,0,0,0,0,0,0,0,0,0,0,0,0,0,0,0,0,0.11260053619302948,0.004373177842565598,0.0004751623728364409,3
012999,0,0,0,0,0,0,0,0,0,0,0,0,0,0,0,0,0,0,0,0,0,1.0455764075067024,0.002915451895043732,0.00017424333163233407,0
013000,0,0,0,0,0,0,0,0,0,0,0,0,0,0,0,0,0,0,0,0,0,0.5683646112600537,0.002915451895043732,0.0002280994716299141,1
013001,0,0,0,0,0,0,0,0,0,0,0,0,0,0,0,0,0,0,0,0,0,0.0160857908847185,0.01749271137026239,0.0020068691659161837,3
013002,0,0,0,0,0,0,0,0,0,0,0,0,0,0,0,0,0,0,0,0,0,1.6997319034852547,0.0,4.7910187240009854e-05,2
013003,0,0,0,0,0,0,0,0,0,0,0,0,0,0,0,0,0,0,0,0,0,0.5630026809651475,0.002915451895043732,3.2617098871773815e-05,1
013004,0,0,0,0,0,0,0,0,0,0,0,0,0,0,0,0,0,0,0,0,0,0.058981233243967826,0.02478134110787172,0.0019877099848084577,3
013005,0,0,0,0,0,0,0,0,0,0,0,0,0,0,0,0,0,0,0,0,0,0.9276139410187668,0.0014577259475218659,0.0003251432931793927,0
013006,0,0,0,0,0,0,0,0,0,0,0,0,0,0,0,0,0,0,0,0,0,0.2949061662198391,0.0,5.1409245858662254e-05,1
013008,0,0,0,0,0,0,0,0,0,0,0,0,0,0,0,0,0,0,0,0,0,1.7265415549597856,0.0,5.8994617689307334e-05,2
013011,0,0,0,0,0,0,0,0,0,0,0,0,0,0,0,0,0,0,0,0,0,1.9892761394101877,0.0,3.0537238853693716e-05,2
013012,0,0,0,0,0,0,0,0,0,0,0,0,0,0,0,0,0,0,0,0,0,0.04289544235924933,0.01020408163265306,0.0007034086581146901,3
013013,0,0,0,0,0,0,0,0,0,0,0,0,0,0,0,0,0,0,0,0,0,0.0,0.01749271137026239,0.001694792287438612,3
013014,0,0,0,0,0,0,0,0,0,0,0,0,0,0,0,0,0,0,0,0,0,0.053619302949061656,0.013119533527696792,0.0014012139286512587,3
013015,0,0,0,0,0,0,0,0,0,0,0,0,0,0,0,0,0,0,0,0,0,0.27882037533512066,0.0058309037900874635,0.002168168427553643,1
013016,0,0,0,0,0,0,0,0,0,0,0,0,0,0,0,0,0,0,0,0,0,0.38605898123324395,0.002915451895043732,0.00036451381987457953,1
013017,0,0,0,0,0,0,0,0,0,0,0,0,0,0,0,0,0,0,0,0,0,0.03217158176943699,0.0,9.983328086784483e-06,3
013018,0,0,0,0,0,0,0,0,0,0,0,0,0,0,0,0,0,0,0,0,0,0.08042895442359249,0.039358600583090375,0.0024429057014713294,3
013021,0,0,0,0,0,0,0,0,0,0,0,0,0,0,0,0,0,0,0,0,0,0.0160857908847185,0.011661807580174927,0.0012215874299133054,3
013023,0,0,0,0,0,0,0,0,0,0,0,0,0,0,0,0,0,0,0,0,0,0.3378016085790885,0.0014577259475218659,0.0004451634506933091,1
013026,0,0,0,0,0,0,0,0,0,0,0,0,0,0,0,0,0,0,0,0,0,0.0,0.0058309037900874635,6.572357657133119e-05,3
013027,0,0,0,0,0,0,0,0,0,0,0,0,0,0,0,0,0,0,0,0,0,0.6058981233243967,0.00728862973760933,2.5031727041128742e-05,1
013028,0,0,0,0,0,0,0,0,0,0,0,0,0,0,0,0,0,0,0,0,0,0.11796246648793565,0.0014577259475218659,0.00011123580755520163,3
013029,0,0,0,0,0,0,0,0,0,0,0,0,0,0,0,0,0,0,0,0,0,0.16085790884718498,0.002915451895043732,0.0001803605669796285,3
013030,0,0,0,0,0,0,0,0,0,0,0,0,0,0,0,0,0,0,0,0,0,0.053619302949061656,0.0014577259475218659,0.0007698907718690859,3
013032,0,0,0,0,0,0,0,0,0,0,0,0,0,0,0,0,0,0,0,0,0,0.2734584450402145,0.0014577259475218659,0.0006631327805881037,1
013033,0,0,0,0,0,0,0,0,0,0,0,0,0,0,0,0,0,0,0,0,0,1.9088471849865951,0.0,7.066630273194507e-05,2
013034,0,0,0,0,0,0,0,0,0,0,0,0,0,0,0,0,0,0,0,0,0,0.289544235924933,0.0014577259475218659,0.00021434792656919625,1
013035,0,0,0,0,0,0,0,0,0,0,0,0,0,0,0,0,0,0,0,0,0,0.3914209115281501,0.0014577259475218659,0.00011994675068974887,1
013037,0,0,0,0,0,0,0,0,0,0,0,0,0,0,0,0,0,0,0,0,0,0.7345844504021448,0.002915451895043732,0.00044841781989806974,1
013038,0,0,0,0,0,0,0,0,0,0,0,0,0,0,0,0,0,0,0,0,0,0.42359249329758714,0.002915451895043732,0.000188557662345003,1
013040,0,0,0,0,0,0,0,0,0,0,0,0,0,0,0,0,0,0,0,0,0,0.04289544235924933,0.0014577259475218659,0.000294606054325699,3
013043,0,0,0,0,0,0,0,0,0,0,0,0,0,0,0,0,0,0,0,0,0,1.4584450402144773,0.0,0.0001802626912140718,2
013044,0,0,0,0,0,0,0,0,0,0,0,0,0,0,0,0,0,0,0,0,0,1.5549597855227881,0.0,0.0002627230236956005,2
013045,0,0,0,0,0,0,0,0,0,0,0,0,0,0,0,0,0,0,0,0,0,0.5254691689008043,0.0,6.875772530358921e-05,1
013046,0,0,0,0,0,0,0,0,0,0,0,0,0,0,0,0,0,0,0,0,0,0.16085790884718498,0.0014577259475218659,0.0005256662678637036,3
013047,0,0,0,0,0,0,0,0,0,0,0,0,0,0,0,0,0,0,0,0,0,0.16621983914209115,0.013119533527696792,0.0016544430030878583,3
013048,0,0,0,0,0,0,0,0,0,0,0,0,0,0,0,0,0,0,0,0,0,0.06970509383378015,0.004373177842565598,0.0006093011095319129,3
013049,0,0,0,0,0,0,0,0,0,0,0,0,0,0,0,0,0,0,0,0,0,0.3378016085790885,0.0014577259475218659,0.00013433448822658533,1
013050,0,0,0,0,0,0,0,0,0,0,0,0,0,0,0,0,0,0,0,0,0,0.07506702412868632,0.023323615160349854,0.0029469169562056107,3
013052,0,0,0,0,0,0,0,0,0,0,0,0,0,0,0,0,0,0,0,0,0,1.1313672922252012,0.0,0.0001446603814928183,0
013055,0,0,0,0,0,0,0,0,0,0,0,0,0,0,0,0,0,0,0,0,0,0.4128686327077748,0.002915451895043732,0.0004591107472851404,1
013058,0,0,0,0,0,0,0,0,0,0,0,0,0,0,0,0,0,0,0,0,0,0.128686327077748,0.002915451895043732,0.00011360929486995186,3
013059,0,0,0,0,0,0,0,0,0,0,0,0,0,0,0,0,0,0,0,0,0,1.3351206434316354,0.0,0.00010174185829620069,0
013060,0,0,0,0,0,0,0,0,0,0,0,0,0,0,0,0,0,0,0,0,0,1.35656836461126,0.0,0.0001457614838553313,2
013061,0,0,0,0,0,0,0,0,0,0,0,0,0,0,0,0,0,0,0,0,0,0.38069705093833783,0.0,8.285183554375555e-05,1
013062,0,0,0,0,0,0,0,0,0,0,0,0,0,0,0,0,0,0,0,0,0,1.0187667560321716,0.0,0.00018312555735660555,0
013064,0,0,0,0,0,0,0,0,0,0,0,0,0,0,0,0,0,0,0,0,0,0.064343163538874,0.004373177842565598,0.0005998316292143011,3
013065,0,0,0,0,0,0,0,0,0,0,0,0,0,0,0,0,0,0,0,0,0,1.9946380697050938,0.0,0.0001784764584926618,2
013066,0,0,0,0,0,0,0,0,0,0,0,0,0,0,0,0,0,0,0,0,0,0.12332439678284182,0.0014577259475218659,0.000372294943236338,3
013067,0,0,0,0,0,0,0,0,0,0,0,0,0,0,0,0,0,0,0,0,0,0.4343163538873995,0.0,0.00014125919863972261,1
013068,0,0,0,0,0,0,0,0,0,0,0,0,0,0,0,0,0,0,0,0,0,0.0482573726541555,0.0014577259475218659,8.001343834261093e-06,3
013069,0,0,0,0,0,0,0,0,0,0,0,0,0,0,0,0,0,0,0,0,0,0.0,0.033527696793002916,0.0017734599340048184,3
013070,0,0,0,0,0,0,0,0,0,0,0,0,0,0,0,0,0,0,0,0,0,1.0241286863270778,0.0,4.538988627692455e-05,0
013072,0,0,0,0,0,0,0,0,0,0,0,0,0,0,0,0,0,0,0,0,0,1.4262734584450403,0.0,5.696369555400559e-05,2
013075,0,0,0,0,0,0,0,0,0,0,0,0,0,0,0,0,0,0,0,0,0,0.6916890080428955,0.0,0.00010937616800962411,1
013077,0,0,0,0,0,0,0,0,0,0,0,0,0,0,0,0,0,0,0,0,0,0.0,0.004373177842565598,0.0004807657604145626,3
013078,0,0,0,0,0,0,0,0,0,0,0,0,0,0,0,0,0,0,0,0,0,0.010723860589812333,0.03644314868804665,0.0034662457682495176,3
013079,0,0,0,0,0,0,0,0,0,0,0,0,0,0,0,0,0,0,0,0,0,0.0160857908847185,0.0058309037900874635,6.075638146932812e-05,3
013080,0,0,0,0,0,0,0,0,0,0,0,0,0,0,0,0,0,0,0,0,0,0.9544235924932976,0.0,8.074750658428626e-06,0
013081,0,0,0,0,0,0,0,0,0,0,0,0,0,0,0,0,0,0,0,0,0,0.058981233243967826,0.014577259475218658,0.00576299848280329,3
013082,0,0,0,0,0,0,0,0,0,0,0,0,0,0,0,0,0,0,0,0,0,0.6702412868632708,0.011661807580174927,0.0005298749257826422,1
013083,0,0,0,0,0,0,0,0,0,0,0,0,0,0,0,0,0,0,0,0,0,0.0160857908847185,0.0014577259475218659,0.00014962757659482136,3
013085,0,0,0,0,0,0,0,0,0,0,0,0,0,0,0,0,0,0,0,0,0,0.8418230563002681,0.0014577259475218659,0.00021510646375226078,0
013089,0,0,0,0,0,0,0,0,0,0,0,0,0,0,0,0,0,0,0,0,0,0.010723860589812333,0.13994169096209913,0.012178632570338726,3
013090,0,0,0,0,0,0,0,0,0,0,0,0,0,0,0,0,0,0,0,0,0,0.04289544235924933,0.018950437317784254,0.0017193835735347357,3
013091,0,0,0,0,0,0,0,0,0,0,0,0,0,0,0,0,0,0,0,0,0,0.14477211796246647,0.0,5.062623973420857e-05,3
013092,0,0,0,0,0,0,0,0,0,0,0,0,0,0,0,0,0,0,0,0,0,0.37533512064343166,0.0058309037900874635,0.00030654689772361765,1
013093,0,0,0,0,0,0,0,0,0,0,0,0,0,0,0,0,0,0,0,0,0,1.4745308310991958,0.01020408163265306,0.00127321689624447,2
013094,0,0,0,0,0,0,0,0,0,0,0,0,0,0,0,0,0,0,0,0,0,0.10723860589812333,0.016034985422740525,7.313766581225201e-05,3
013095,0,0,0,0,0,0,0,0,0,0,0,0,0,0,0,0,0,0,0,0,0,0.37533512064343166,0.0,9.763107614281885e-06,1
013097,0,0,0,0,0,0,0,0,0,0,0,0,0,0,0,0,0,0,0,0,0,0.17158176943699732,0.013119533527696792,0.0043923951998298925,3
013098,0,0,0,0,0,0,0,0,0,0,0,0,0,0,0,0,0,0,0,0,0,0.0,0.039358600583090375,0.0038627160255783628,3
013099,0,0,0,0,0,0,0,0,0,0,0,0,0,0,0,0,0,0,0,0,0,0.5254691689008043,0.0,1.345791776404771e-06,1
013101,0,0,0,0,0,0,0,0,0,0,0,0,0,0,0,0,0,0,0,0,0,1.2493297587131367,0.0,5.7673294854291734e-05,0
013102,0,0,0,0,0,0,0,0,0,0,0,0,0,0,0,0,0,0,0,0,0,0.0,0.033527696793002916,0.0019202491133984952,3
013103,0,0,0,0,0,0,0,0,0,0,0,0,0,0,0,0,0,0,0,0,0,0.20911528150134048,0.0,7.724844796563386e-05,3
013104,0,0,0,0,0,0,0,0,0,0,0,0,0,0,0,0,0,0,0,0,0,0.010723860589812333,0.00728862973760933,0.00010585264044958253,3
013106,0,0,0,0,0,0,0,0,0,0,0,0,0,0,0,0,0,0,0,0,0,0.707774798927614,0.0,9.983328086784483e-06,1
013107,0,0,0,0,0,0,0,0,0,0,0,0,0,0,0,0,0,0,0,0,0,0.23056300268096513,0.004373177842565598,0.0002495587332282229,3
013108,0,0,0,0,0,0,0,0,0,0,0,0,0,0,0,0,0,0,0,0,0,1.9946380697050938,0.0,4.2453613310223234e-05,2
013109,0,0,0,0,0,0,0,0,0,0,0,0,0,0,0,0,0,0,0,0,0,0.3163538873994638,0.0014577259475218659,0.00030395318993636485,1
013110,0,0,0,0,0,0,0,0,0,0,0,0,0,0,0,0,0,0,0,0,0,0.16085790884718498,0.008746355685131194,0.001680061984722327,3
013113,0,0,0,0,0,0,0,0,0,0,0,0,0,0,0,0,0,0,0,0,0,0.0,0.033527696793002916,0.0016889442104465985,3
013115,0,0,0,0,0,0,0,0,0,0,0,0,0,0,0,0,0,0,0,0,0,0.058981233243967826,0.004373177842565598,0.0007467186843735346,3
013116,0,0,0,0,0,0,0,0,0,0,0,0,0,0,0,0,0,0,0,0,0,0.7345844504021448,0.0,0.0003315052179405789,1
013117,0,0,0,0,0,0,0,0,0,0,0,0,0,0,0,0,0,0,0,0,0,0.11260053619302948,0.01020408163265306,0.00045228391263755976,3
013118,0,0,0,0,0,0,0,0,0,0,0,0,0,0,0,0,0,0,0,0,0,0.10187667560321716,0.0058309037900874635,0.0006932295784967923,3
013120,0,0,0,0,0,0,0,0,0,0,0,0,0,0,0,0,0,0,0,0,0,1.2761394101876675,0.0,5.823608050624282e-06,0
013121,0,0,0,0,0,0,0,0,0,0,0,0,0,0,0,0,0,0,0,0,0,1.4369973190348526,0.0,0.0002061997690866001,2
013122,0,0,0,0,0,0,0,0,0,0,0,0,0,0,0,0,0,0,0,0,0,0.49865951742627346,0.0014577259475218659,0.00035440814708084914,1
013124,0,0,0,0,0,0,0,0,0,0,0,0,0,0,0,0,0,0,0,0,0,0.4772117962466488,0.002915451895043732,0.0019106572883739372,1
013126,0,0,0,0,0,0,0,0,0,0,0,0,0,0,0,0,0,0,0,0,0,0.021447721179624665,0.01020408163265306,0.0007190198427209854,3
013127,0,0,0,0,0,0,0,0,0,0,0,0,0,0,0,0,0,0,0,0,0,0.4128686327077748,0.0,0.00010548560632874487,1
013130,0,0,0,0,0,0,0,0,0,0,0,0,0,0,0,0,0,0,0,0,0,0.49865951742627346,0.0,1.0595051621513926e-05,1
013131,0,0,0,0,0,0,0,0,0,0,0,0,0,0,0,0,0,0,0,0,0,0.11796246648793565,0.002915451895043732,0.0003350776833833988,3
013132,0,0,0,0,0,0,0,0,0,0,0,0,0,0,0,0,0,0,0,0,0,1.3994638069705094,0.0,3.579806125236691e-05,2
013133,0,0,0,0,0,0,0,0,0,0,0,0,0,0,0,0,0,0,0,0,0,1.4638069705093835,0.0014577259475218659,9.109786879190841e-05,2
013134,0,0,0,0,0,0,0,0,0,0,0,0,0,0,0,0,0,0,0,0,0,0.45576407506702415,0.004373177842565598,0.0007461069608388051,1
013135,0,0,0,0,0,0,0,0,0,0,0,0,0,0,0,0,0,0,0,0,0,1.0509383378016086,0.0,1.345791776404771e-06,0
013136,0,0,0,0,0,0,0,0,0,0,0,0,0,0,0,0,0,0,0,0,0,0.2949061662198391,0.0058309037900874635,0.0008833532530907026,1
013137,0,0,0,0,0,0,0,0,0,0,0,0,0,0,0,0,0,0,0,0,0,0.053619302949061656,0.01020408163265306,0.0032988048023233746,3
013138,0,0,0,0,0,0,0,0,0,0,0,0,0,0,0,0,0,0,0,0,0,0.11260053619302948,0.00728862973760933,0.000434543930130406,3
013139,0,0,0,0,0,0,0,0,0,0,0,0,0,0,0,0,0,0,0,0,0,0.08042895442359249,0.008746355685131194,0.0014726387685662682,3
013140,0,0,0,0,0,0,0,0,0,0,0,0,0,0,0,0,0,0,0,0,0,0.5737265415549598,0.002915451895043732,0.00033148074899918976,1
013141,0,0,0,0,0,0,0,0,0,0,0,0,0,0,0,0,0,0,0,0,0,0.450402144772118,0.0058309037900874635,0.0007271190623208033,1
013142,0,0,0,0,0,0,0,0,0,0,0,0,0,0,0,0,0,0,0,0,0,0.09651474530831099,0.0,0.00016824844099198557,3
013144,0,0,0,0,0,0,0,0,0,0,0,0,0,0,0,0,0,0,0,0,0,1.7801608579088473,0.0,4.5218603687200306e-05,2
013145,0,0,0,0,0,0,0,0,0,0,0,0,0,0,0,0,0,0,0,0,0,0.20911528150134048,0.004373177842565598,0.00075875740353701,3
013146,0,0,0,0,0,0,0,0,0,0,0,0,0,0,0,0,0,0,0,0,0,0.13404825737265416,0.0,8.390400002349018e-05,3
013147,0,0,0,0,0,0,0,0,0,0,0,0,0,0,0,0,0,0,0,0,0,0.0482573726541555,0.004373177842565598,4.8032531946955746e-05,3
013148,0,0,0,0,0,0,0,0,0,0,0,0,0,0,0,0,0,0,0,0,0,0.15013404825737264,0.016034985422740525,0.0027063627934086052,3
013149,0,0,0,0,0,0,0,0,0,0,0,0,0,0,0,0,0,0,0,0,0,0.06970509383378015,0.004373177842565598,0.000606022271385763,3
013151,0,0,0,0,0,0,0,0,0,0,0,0,0,0,0,0,0,0,0,0,0,1.581769436997319,0.0,0.0010297509294221526,2
013153,0,0,0,0,0,0,0,0,0,0,0,0,0,0,0,0,0,0,0,0,0,0.02680965147453083,0.0,4.649098863943755e-05,3
013155,0,0,0,0,0,0,0,0,0,0,0,0,0,0,0,0,0,0,0,0,0,0.17158176943699732,0.004373177842565598,0.0006052392652613094,3
013157,0,0,0,0,0,0,0,0,0,0,0,0,0,0,0,0,0,0,0,0,0,0.257372654155496,0.004373177842565598,0.0003973266702774668,3
013158,0,0,0,0,0,0,0,0,0,0,0,0,0,0,0,0,0,0,0,0,0,0.5040214477211796,0.004373177842565598,0.0003882486930220819,1
013159,0,0,0,0,0,0,0,0,0,0,0,0,0,0,0,0,0,0,0,0,0,0.04289544235924933,0.004373177842565598,0.0008085027613812081,3
013160,0,0,0,0,0,0,0,0,0,0,0,0,0,0,0,0,0,0,0,0,0,0.11260053619302948,0.0,2.9191447077288943e-05,3
013161,0,0,0,0,0,0,0,0,0,0,0,0,0,0,0,0,0,0,0,0,0,1.6729222520107239,0.0,9.476821000028505e-05,2
013162,0,0,0,0,0,0,0,0,0,0,0,0,0,0,0,0,0,0,0,0,0,0.6487935656836461,0.004373177842565598,0.0002823226457483318,1
013165,0,0,0,0,0,0,0,0,0,0,0,0,0,0,0,0,0,0,0,0,0,0.24128686327077747,0.0014577259475218659,8.189754682957761e-05,3
013166,0,0,0,0,0,0,0,0,0,0,0,0,0,0,0,0,0,0,0,0,0,1.512064343163539,0.0,0.0002395019983172709,2
013167,0,0,0,0,0,0,0,0,0,0,0,0,0,0,0,0,0,0,0,0,0,0.09651474530831099,0.004373177842565598,0.0004685068207785846,3
013168,0,0,0,0,0,0,0,0,0,0,0,0,0,0,0,0,0,0,0,0,0,0.18766756032171583,0.004373177842565598,0.0010141886826986355,3
013169,0,0,0,0,0,0,0,0,0,0,0,0,0,0,0,0,0,0,0,0,0,0.3378016085790885,0.0014577259475218659,0.00011989781280697051,1
013170,0,0,0,0,0,0,0,0,0,0,0,0,0,0,0,0,0,0,0,0,0,0.13941018766756033,0.0,0.000120656349990035,3
013171,0,0,0,0,0,0,0,0,0,0,0,0,0,0,0,0,0,0,0,0,0,0.11260053619302948,0.002915451895043732,0.0004548286825420343,3
013173,0,0,0,0,0,0,0,0,0,0,0,0,0,0,0,0,0,0,0,0,0,0.0160857908847185,0.0014577259475218659,0.0002780650499466149,3
013174,0,0,0,0,0,0,0,0,0,0,0,0,0,0,0,0,0,0,0,0,0,0.08042895442359249,0.002915451895043732,0.002602271916739044,3
013176,0,0,0,0,0,0,0,0,0,0,0,0,0,0,0,0,0,0,0,0,0,0.24128686327077747,0.0,0.0004889139178971588,3
013177,0,0,0,0,0,0,0,0,0,0,0,0,0,0,0,0,0,0,0,0,0,0.34316353887399464,0.0,0.00014578595279672048,1
013178,0,0,0,0,0,0,0,0,0,0,0,0,0,0,0,0,0,0,0,0,0,0.13404825737265416,0.014577259475218658,0.001326632595297045,3
013182,0,0,0,0,0,0,0,0,0,0,0,0,0,0,0,0,0,0,0,0,0,0.2359249329758713,0.0,1.803360980382393e-05,3
013183,0,0,0,0,0,0,0,0,0,0,0,0,0,0,0,0,0,0,0,0,0,0.03753351206434316,0.011661807580174927,0.00046711209111940146,3
013184,0,0,0,0,0,0,0,0,0,0,0,0,0,0,0,0,0,0,0,0,0,0.07506702412868632,0.013119533527696792,0.0008142284936662758,3
013185,0,0,0,0,0,0,0,0,0,0,0,0,0,0,0,0,0,0,0,0,0,1.4316353887399464,0.0,1.4143048122944685e-05,2
013186,0,0,0,0,0,0,0,0,0,0,0,0,0,0,0,0,0,0,0,0,0,0.20911528150134048,0.002915451895043732,0.0006275549398082394,3
013187,0,0,0,0,0,0,0,0,0,0,0,0,0,0,0,0,0,0,0,0,0,1.801608579088472,0.0,0.00034048531943040706,2
013188,0,0,0,0,0,0,0,0,0,0,0,0,0,0,0,0,0,0,0,0,0,0.053619302949061656,0.0,4.644205075665919e-05,3
013189,0,0,0,0,0,0,0,0,0,0,0,0,0,0,0,0,0,0,0,0,0,0.09651474530831099,0.0014577259475218659,2.7380745414489796e-05,3
013192,0,0,0,0,0,0,0,0,0,0,0,0,0,0,0,0,0,0,0,0,0,0.5040214477211796,0.0014577259475218659,0.0004048141663425551,1
013193,0,0,0,0,0,0,0,0,0,0,0,0,0,0,0,0,0,0,0,0,0,0.32171581769436997,0.0,0.00020326349611989877,1
013194,0,0,0,0,0,0,0,0,0,0,0,0,0,0,0,0,0,0,0,0,0,0.7238605898123325,0.0,1.9036836400780214e-05,1
013196,0,0,0,0,0,0,0,0,0,0,0,0,0,0,0,0,0,0,0,0,0,0.053619302949061656,0.004373177842565598,0.0006745842451582389,3
013198,0,0,0,0,0,0,0,0,0,0,0,0,0,0,0,0,0,0,0,0,0,0.0482573726541555,0.00728862973760933,0.0013153524133166343,3
013199,0,0,0,0,0,0,0,0,0,0,0,0,0,0,0,0,0,0,0,0,0,0.0160857908847185,0.05393586005830903,0.0007653640177120879,3
013200,0,0,0,0,0,0,0,0,0,0,0,0,0,0,0,0,0,0,0,0,0,0.09651474530831099,0.004373177842565598,0.0003795377498875346,3
013203,0,0,0,0,0,0,0,0,0,0,0,0,0,0,0,0,0,0,0,0,0,0.0482573726541555,0.004373177842565598,0.00032093463526045415,3
013207,0,0,0,0,0,0,0,0,0,0,0,0,0,0,0,0,0,0,0,0,0,0.07506702412868632,0.0014577259475218659,4.443559756274663e-05,3
013208,0,0,0,0,0,0,0,0,0,0,0,0,0,0,0,0,0,0,0,0,0,0.3109919571045576,0.00728862973760933,0.0008521553528195011,1
013209,0,0,0,0,0,0,0,0,0,0,0,0,0,0,0,0,0,0,0,0,0,0.1554959785522788,0.01020408163265306,0.0017809229611285174,3
013210,0,0,0,0,0,0,0,0,0,0,0,0,0,0,0,0,0,0,0,0,0,0.49865951742627346,0.0,8.096772705678885e-05,1
013211,0,0,0,0,0,0,0,0,0,0,0,0,0,0,0,0,0,0,0,0,0,0.0482573726541555,0.002915451895043732,0.00019685263347593424,3
013212,0,0,0,0,0,0,0,0,0,0,0,0,0,0,0,0,0,0,0,0,0,0.10187667560321716,0.002915451895043732,0.0013008912689556303,3
013213,0,0,0,0,0,0,0,0,0,0,0,0,0,0,0,0,0,0,0,0,0,0.3002680965147453,0.0058309037900874635,0.0005988039336759556,1
013216,0,0,0,0,0,0,0,0,0,0,0,0,0,0,0,0,0,0,0,0,0,1.4316353887399464,0.0,1.7299541562148603e-05,2
013217,0,0,0,0,0,0,0,0,0,0,0,0,0,0,0,0,0,0,0,0,0,0.6487935656836461,0.002915451895043732,2.2878460198881105e-05,1
013218,0,0,0,0,0,0,0,0,0,0,0,0,0,0,0,0,0,0,0,0,0,0.675603217158177,0.0,1.096208574235159e-05,1
013220,0,0,0,0,0,0,0,0,0,0,0,0,0,0,0,0,0,0,0,0,0,0.4128686327077748,0.004373177842565598,0.00023245494319718775,1
013221,0,0,0,0,0,0,0,0,0,0,0,0,0,0,0,0,0,0,0,0,0,1.2815013404825737,0.0014577259475218659,0.0008093836432712185,0
013223,0,0,0,0,0,0,0,0,0,0,0,0,0,0,0,0,0,0,0,0,0,1.0670241286863271,0.0014577259475218659,2.3563590557778082e-05,0
013224,0,0,0,0,0,0,0,0,0,0,0,0,0,0,0,0,0,0,0,0,0,0.3163538873994638,0.0014577259475218659,0.0006111607490774904,1
013225,0,0,0,0,0,0,0,0,0,0,0,0,0,0,0,0,0,0,0,0,0,0.010723860589812333,0.008746355685131194,0.00018439794230884282,3
013226,0,0,0,0,0,0,0,0,0,0,0,0,0,0,0,0,0,0,0,0,0,1.4584450402144773,0.0,0.00010575476468402582,2
013227,0,0,0,0,0,0,0,0,0,0,0,0,0,0,0,0,0,0,0,0,0,1.0777479892761395,0.0,5.68413508470597e-05,0
013228,0,0,0,0,0,0,0,0,0,0,0,0,0,0,0,0,0,0,0,0,0,0.4289544235924933,0.0,8.343909013709582e-06,1
013229,0,0,0,0,0,0,0,0,0,0,0,0,0,0,0,0,0,0,0,0,0,1.2064343163538873,0.0,9.892793003644526e-05,0
013230,0,0,0,0,0,0,0,0,0,0,0,0,0,0,0,0,0,0,0,0,0,0.0160857908847185,0.018950437317784254,0.003586290394704823,3
013232,0,0,0,0,0,0,0,0,0,0,0,0,0,0,0,0,0,0,0,0,0,0.064343163538874,0.008746355685131194,0.0016594346671312504,3
013233,0,0,0,0,0,0,0,0,0,0,0,0,0,0,0,0,0,0,0,0,0,0.3914209115281501,0.0014577259475218659,7.722397902424468e-05,1
013235,0,0,0,0,0,0,0,0,0,0,0,0,0,0,0,0,0,0,0,0,0,1.1313672922252012,0.0,0.00038479857228620784,0
013236,0,0,0,0,0,0,0,0,0,0,0,0,0,0,0,0,0,0,0,0,0,0.12332439678284182,0.0014577259475218659,0.00035497093273280026,3
013238,0,0,0,0,0,0,0,0,0,0,0,0,0,0,0,0,0,0,0,0,0,0.08579088471849866,0.004373177842565598,0.00031139174811867487,3
013239,0,0,0,0,0,0,0,0,0,0,0,0,0,0,0,0,0,0,0,0,0,1.3994638069705094,0.0,8.133476117762652e-05,2
013240,0,0,0,0,0,0,0,0,0,0,0,0,0,0,0,0,0,0,0,0,0,0.5093833780160858,0.004373177842565598,0.0005427700578947388,1
013242,0,0,0,0,0,0,0,0,0,0,0,0,0,0,0,0,0,0,0,0,0,0.5951742627345844,0.002915451895043732,6.574804551272035e-05,1
013243,0,0,0,0,0,0,0,0,0,0,0,0,0,0,0,0,0,0,0,0,0,1.0831099195710456,0.0,0.0005129668872827204,0
013244,0,0,0,0,0,0,0,0,0,0,0,0,0,0,0,0,0,0,0,0,0,0.4932975871313673,0.0,0.00024718524591347266,1
013245,0,0,0,0,0,0,0,0,0,0,0,0,0,0,0,0,0,0,0,0,0,0.2680965147453083,0.0,0.00024353937364648523,3
013246,0,0,0,0,0,0,0,0,0,0,0,0,0,0,0,0,0,0,0,0,0,0.09115281501340483,0.00728862973760933,0.0006383457429608668,3
013247,0,0,0,0,0,0,0,0,0,0,0,0,0,0,0,0,0,0,0,0,0,0.09115281501340483,0.004373177842565598,0.00012851088017596103,3
013248,0,0,0,0,0,0,0,0,0,0,0,0,0,0,0,0,0,0,0,0,0,0.6648793565683646,0.0014577259475218659,0.00017054852148256828,1
013249,0,0,0,0,0,0,0,0,0,0,0,0,0,0,0,0,0,0,0,0,0,0.4879356568364611,0.002915451895043732,0.00019266844449838486,1
013253,0,0,0,0,0,0,0,0,0,0,0,0,0,0,0,0,0,0,0,0,0,0.8364611260053619,0.0014577259475218659,0.00010017584604729332,0
013255,0,0,0,0,0,0,0,0,0,0,0,0,0,0,0,0,0,0,0,0,0,0.04289544235924933,0.0014577259475218659,0.0001573597620738015,3
013258,0,0,0,0,0,0,0,0,0,0,0,0,0,0,0,0,0,0,0,0,0,0.058981233243967826,0.002915451895043732,0.0003402406300165153,3
013259,0,0,0,0,0,0,0,0,0,0,0,0,0,0,0,0,0,0,0,0,0,0.32707774798927614,0.0,0.000490993777915239,1
013260,0,0,0,0,0,0,0,0,0,0,0,0,0,0,0,0,0,0,0,0,0,0.32171581769436997,0.0,9.682360107697598e-05,1
013261,0,0,0,0,0,0,0,0,0,0,0,0,0,0,0,0,0,0,0,0,0,1.4369973190348526,0.0014577259475218659,0.00012046059845892159,2
013262,0,0,0,0,0,0,0,0,0,0,0,0,0,0,0,0,0,0,0,0,0,1.4048257372654156,0.0,8.282736660236637e-05,2
013263,0,0,0,0,0,0,0,0,0,0,0,0,0,0,0,0,0,0,0,0,0,0.0,0.04956268221574344,0.009201056030572474,3
013265,0,0,0,0,0,0,0,0,0,0,0,0,0,0,0,0,0,0,0,0,0,0.27882037533512066,0.0058309037900874635,0.0005278929415301188,1
013266,0,0,0,0,0,0,0,0,0,0,0,0,0,0,0,0,0,0,0,0,0,0.053619302949061656,0.016034985422740525,0.0008702868383888818,3
013267,0,0,0,0,0,0,0,0,0,0,0,0,0,0,0,0,0,0,0,0,0,0.010723860589812333,0.026239067055393583,0.0018121697992824972,3
013268,0,0,0,0,0,0,0,0,0,0,0,0,0,0,0,0,0,0,0,0,0,0.09115281501340483,0.014577259475218658,0.0016747766933822648,3
013269,0,0,0,0,0,0,0,0,0,0,0,0,0,0,0,0,0,0,0,0,0,0.0,0.02040816326530612,0.0019677922665176668,3
013270,0,0,0,0,0,0,0,0,0,0,0,0,0,0,0,0,0,0,0,0,0,1.9571045576407506,0.0,6.802365706191389e-06,2
013271,0,0,0,0,0,0,0,0,0,0,0,0,0,0,0,0,0,0,0,0,0,0.19302949061662197,0.0,0.0002806832266752569,3
013272,0,0,0,0,0,0,0,0,0,0,0,0,0,0,0,0,0,0,0,0,0,0.16085790884718498,0.0014577259475218659,0.00019555577958230784,3
013273,0,0,0,0,0,0,0,0,0,0,0,0,0,0,0,0,0,0,0,0,0,0.6005361930294906,0.0,5.040601926170597e-05,1
013276,0,0,0,0,0,0,0,0,0,0,0,0,0,0,0,0,0,0,0,0,0,0.3378016085790885,0.0014577259475218659,0.0003737875486610779,1
013277,0,0,0,0,0,0,0,0,0,0,0,0,0,0,0,0,0,0,0,0,0,0.08042895442359249,0.004373177842565598,2.7968000007830058e-05,3
013278,0,0,0,0,0,0,0,0,0,0,0,0,0,0,0,0,0,0,0,0,0,0.21447721179624665,0.0,0.00021647672447005473,3
013279,0,0,0,0,0,0,0,0,0,0,0,0,0,0,0,0,0,0,0,0,0,0.4128686327077748,0.0,5.691475767122723e-05,1
013280,0,0,0,0,0,0,0,0,0,0,0,0,0,0,0,0,0,0,0,0,0,0.6487935656836461,0.002915451895043732,0.000544580759557538,1
013282,0,0,0,0,0,0,0,0,0,0,0,0,0,0,0,0,0,0,0,0,0,0.09115281501340483,0.002915451895043732,0.0004229456519119358,3
013283,0,0,0,0,0,0,0,0,0,0,0,0,0,0,0,0,0,0,0,0,0,0.3163538873994638,0.0014577259475218659,2.1973109367481534e-05,1
013284,0,0,0,0,0,0,0,0,0,0,0,0,0,0,0,0,0,0,0,0,0,1.769436997319035,0.0,0.00013947296591831264,2
013285,0,0,0,0,0,0,0,0,0,0,0,0,0,0,0,0,0,0,0,0,0,0.11796246648793565,0.004373177842565598,0.0009764331061351344,3
013291,0,0,0,0,0,0,0,0,0,0,0,0,0,0,0,0,0,0,0,0,0,0.8310991957104558,0.0,0.000273391482141282,0
013292,0,0,0,0,0,0,0,0,0,0,0,0,0,0,0,0,0,0,0,0,0,0.2037533512064343,0.0014577259475218659,0.000282763086693337,3
013294,0,0,0,0,0,0,0,0,0,0,0,0,0,0,0,0,0,0,0,0,0,1.0134048257372654,0.0014577259475218659,0.0004870053404688029,0
013295,0,0,0,0,0,0,0,0,0,0,0,0,0,0,0,0,0,0,0,0,0,1.9249329758713136,0.0,8.4980633444614e-05,2
013296,0,0,0,0,0,0,0,0,0,0,0,0,0,0,0,0,0,0,0,0,0,0.7292225201072386,0.0,2.9044633428953873e-05,1
013297,0,0,0,0,0,0,0,0,0,0,0,0,0,0,0,0,0,0,0,0,0,0.03753351206434316,0.004373177842565598,0.00042950332820423535,3
013298,0,0,0,0,0,0,0,0,0,0,0,0,0,0,0,0,0,0,0,0,0,0.0,0.0,1.7935734038267222e-05,3
013299,0,0,0,0,0,0,0,0,0,0,0,0,0,0,0,0,0,0,0,0,0,1.4316353887399464,0.0,5.769776379568092e-05,2
013300,0,0,0,0,0,0,0,0,0,0,0,0,0,0,0,0,0,0,0,0,0,0.900804289544236,0.0,0.00011637428524692892,0
013301,0,0,0,0,0,0,0,0,0,0,0,0,0,0,0,0,0,0,0,0,0,0.5522788203753352,0.004373177842565598,0.0005223629607761646,1
013302,0,0,0,0,0,0,0,0,0,0,0,0,0,0,0,0,0,0,0,0,0,0.8257372654155496,0.0,3.0781928267585495e-05,0
013304,0,0,0,0,0,0,0,0,0,0,0,0,0,0,0,0,0,0,0,0,0,1.8766756032171583,0.0,0.00016205779882052363,2
013305,0,0,0,0,0,0,0,0,0,0,0,0,0,0,0,0,0,0,0,0,0,0.0160857908847185,0.013119533527696792,0.0006659467088478592,3
013307,0,0,0,0,0,0,0,0,0,0,0,0,0,0,0,0,0,0,0,0,0,0.6380697050938338,0.0,8.759881017325602e-06,1
013308,0,0,0,0,0,0,0,0,0,0,0,0,0,0,0,0,0,0,0,0,0,0.11796246648793565,0.002915451895043732,0.0003985011794641473,3
013309,0,0,0,0,0,0,0,0,0,0,0,0,0,0,0,0,0,0,0,0,0,0.03217158176943699,0.0058309037900874635,0.0004232392792086059,3
013310,0,0,0,0,0,0,0,0,0,0,0,0,0,0,0,0,0,0,0,0,0,0.14477211796246647,0.002915451895043732,0.0005718146913236928,3
013311,0,0,0,0,0,0,0,0,0,0,0,0,0,0,0,0,0,0,0,0,0,0.0160857908847185,0.0014577259475218659,0.0002617442660400334,3
013313,0,0,0,0,0,0,0,0,0,0,0,0,0,0,0,0,0,0,0,0,0,0.11260053619302948,0.0058309037900874635,0.0004065514611811867,3
013314,0,0,0,0,0,0,0,0,0,0,0,0,0,0,0,0,0,0,0,0,0,0.005361930294906166,0.002915451895043732,0.0004832126545534804,3
013316,0,0,0,0,0,0,0,0,0,0,0,0,0,0,0,0,0,0,0,0,0,0.19302949061662197,0.004373177842565598,0.0005326399161596193,3
013317,0,0,0,0,0,0,0,0,0,0,0,0,0,0,0,0,0,0,0,0,0,0.3485254691689008,0.00728862973760933,0.0012136105550204334,1
013318,0,0,0,0,0,0,0,0,0,0,0,0,0,0,0,0,0,0,0,0,0,0.0,0.002915451895043732,0.0001393995590941451,3
013319,0,0,0,0,0,0,0,0,0,0,0,0,0,0,0,0,0,0,0,0,0,0.021447721179624665,0.03644314868804665,0.0038128483230272193,3
013320,0,0,0,0,0,0,0,0,0,0,0,0,0,0,0,0,0,0,0,0,0,0.4128686327077748,0.004373177842565598,0.00046985261255498936,1
013321,0,0,0,0,0,0,0,0,0,0,0,0,0,0,0,0,0,0,0,0,0,0.38069705093833783,0.0014577259475218659,5.6767944022892166e-05,1
013322,0,0,0,0,0,0,0,0,0,0,0,0,0,0,0,0,0,0,0,0,0,0.08579088471849866,0.0,0.00016905591605782843,3
013323,0,0,0,0,0,0,0,0,0,0,0,0,0,0,0,0,0,0,0,0,0,0.010723860589812333,0.0058309037900874635,0.00023338476296997648,3
013324,0,0,0,0,0,0,0,0,0,0,0,0,0,0,0,0,0,0,0,0,0,0.18766756032171583,0.013119533527696792,0.0005109114962060295,3
013325,0,0,0,0,0,0,0,0,0,0,0,0,0,0,0,0,0,0,0,0,0,0.4343163538873995,0.0,8.850416100465559e-05,1
013327,0,0,0,0,0,0,0,0,0,0,0,0,0,0,0,0,0,0,0,0,0,0.2037533512064343,0.01020408163265306,0.000732184133188363,3
013328,0,0,0,0,0,0,0,0,0,0,0,0,0,0,0,0,0,0,0,0,0,1.6890080428954424,0.0,7.768888891063904e-05,2
013329,0,0,0,0,0,0,0,0,0,0,0,0,0,0,0,0,0,0,0,0,0,0.16621983914209115,0.0014577259475218659,9.332454245832358e-05,3
013330,0,0,0,0,0,0,0,0,0,0,0,0,0,0,0,0,0,0,0,0,0,0.4932975871313673,0.002915451895043732,0.0002615974523916983,1
013332,0,0,0,0,0,0,0,0,0,0,0,0,0,0,0,0,0,0,0,0,0,0.06970509383378015,0.0,0.00015554906041100237,3
013334,0,0,0,0,0,0,0,0,0,0,0,0,0,0,0,0,0,0,0,0,0,0.4343163538873995,0.002915451895043732,0.001918438411735696,1
013336,0,0,0,0,0,0,0,0,0,0,0,0,0,0,0,0,0,0,0,0,0,0.4075067024128686,0.0,0.0003118566580050692,1
013338,0,0,0,0,0,0,0,0,0,0,0,0,0,0,0,0,0,0,0,0,0,0.8418230563002681,0.0,0.00030527451277138044,0
013339,0,0,0,0,0,0,0,0,0,0,0,0,0,0,0,0,0,0,0,0,0,1.0723860589812333,0.0,0.0006913699389512148,0
013340,0,0,0,0,0,0,0,0,0,0,0,0,0,0,0,0,0,0,0,0,0,0.2359249329758713,0.008746355685131194,0.000904616763157898,3
013341,0,0,0,0,0,0,0,0,0,0,0,0,0,0,0,0,0,0,0,0,0,1.3941018766756033,0.0,0.0004293809834972895,2
013343,0,0,0,0,0,0,0,0,0,0,0,0,0,0,0,0,0,0,0,0,0,0.9490616621983914,0.0,0.0002903484585239821,0
013344,0,0,0,0,0,0,0,0,0,0,0,0,0,0,0,0,0,0,0,0,0,0.35924932975871315,0.002915451895043732,0.0014579574037327616,1
013345,0,0,0,0,0,0,0,0,0,0,0,0,0,0,0,0,0,0,0,0,0,1.5388739946380698,0.0,0.00027583837628019975,2
013347,0,0,0,0,0,0,0,0,0,0,0,0,0,0,0,0,0,0,0,0,0,0.3699731903485255,0.0,0.00014678917939367676,1
013348,0,0,0,0,0,0,0,0,0,0,0,0,0,0,0,0,0,0,0,0,0,0.3378016085790885,0.0,7.514411900616458e-05,1
013349,0,0,0,0,0,0,0,0,0,0,0,0,0,0,0,0,0,0,0,0,0,0.053619302949061656,0.0,0.00015721294842546644,3
013350,0,0,0,0,0,0,0,0,0,0,0,0,0,0,0,0,0,0,0,0,0,0.08042895442359249,0.0014577259475218659,0.0008134944254246004,3
013351,0,0,0,0,0,0,0,0,0,0,0,0,0,0,0,0,0,0,0,0,0,0.3485254691689008,0.0,0.00025398761161966405,1
013352,0,0,0,0,0,0,0,0,0,0,0,0,0,0,0,0,0,0,0,0,0,0.3163538873994638,0.0,0.0002215417953376145,1
013354,0,0,0,0,0,0,0,0,0,0,0,0,0,0,0,0,0,0,0,0,0,0.37533512064343166,0.0014577259475218659,0.0002302772074135509,1
013355,0,0,0,0,0,0,0,0,0,0,0,0,0,0,0,0,0,0,0,0,0,0.6487935656836461,0.0,0.00021302660373418068,1
013356,0,0,0,0,0,0,0,0,0,0,0,0,0,0,0,0,0,0,0,0,0,0.42359249329758714,0.0,0.00044315699749939656,1
013357,0,0,0,0,0,0,0,0,0,0,0,0,0,0,0,0,0,0,0,0,0,1.3726541554959786,0.0,0.0006420650220520217,2
013358,0,0,0,0,0,0,0,0,0,0,0,0,0,0,0,0,0,0,0,0,0,1.4369973190348526,0.0,0.00035484858802585436,2
013359,0,0,0,0,0,0,0,0,0,0,0,0,0,0,0,0,0,0,0,0,0,0.3378016085790885,0.0,0.0003259997061280139,1
013362,0,0,0,0,0,0,0,0,0,0,0,0,0,0,0,0,0,0,0,0,0,0.04289544235924933,0.004373177842565598,0.0014209358954109356,3
013363,0,0,0,0,0,0,0,0,0,0,0,0,0,0,0,0,0,0,0,0,0,0.09115281501340483,0.0014577259475218659,0.0005629569345408104,3
013364,0,0,0,0,0,0,0,0,0,0,0,0,0,0,0,0,0,0,0,0,0,0.37533512064343166,0.0,6.315433772546753e-05,1
013365,0,0,0,0,0,0,0,0,0,0,0,0,0,0,0,0,0,0,0,0,0,0.1769436997319035,0.0014577259475218659,0.0009754298795381782,3
013366,0,0,0,0,0,0,0,0,0,0,0,0,0,0,0,0,0,0,0,0,0,0.26273458445040215,0.0,5.383167105619085e-07,3
013368,0,0,0,0,0,0,0,0,0,0,0,0,0,0,0,0,0,0,0,0,0,1.3726541554959786,0.0014577259475218659,0.00034853560114744657,2
013369,0,0,0,0,0,0,0,0,0,0,0,0,0,0,0,0,0,0,0,0,0,1.9571045576407506,0.0,0.00022376846900402968,2
013370,0,0,0,0,0,0,0,0,0,0,0,0,0,0,0,0,0,0,0,0,0,1.9892761394101877,0.0,0.00035533796685363795,2
013372,0,0,0,0,0,0,0,0,0,0,0,0,0,0,0,0,0,0,0,0,0,0.4772117962466488,0.0,0.000338405459412327,1
013373,0,0,0,0,0,0,0,0,0,0,0,0,0,0,0,0,0,0,0,0,0,0.32171581769436997,0.002915451895043732,0.0012638208227510259,1
013375,0,0,0,0,0,0,0,0,0,0,0,0,0,0,0,0,0,0,0,0,0,0.4718498659517426,0.0,0.0002836439685833474,1
013376,0,0,0,0,0,0,0,0,0,0,0,0,0,0,0,0,0,0,0,0,0,0.5254691689008043,0.002915451895043732,0.0006972669538260066,1
013379,0,0,0,0,0,0,0,0,0,0,0,0,0,0,0,0,0,0,0,0,0,0.13404825737265416,0.002915451895043732,0.0004150177149018422,3
013381,0,0,0,0,0,0,0,0,0,0,0,0,0,0,0,0,0,0,0,0,0,0.16621983914209115,0.00728862973760933,0.001283395975862368,3
013382,0,0,0,0,0,0,0,0,0,0,0,0,0,0,0,0,0,0,0,0,0,1.5013404825737267,0.0,0.00010059181805090935,2
013384,0,0,0,0,0,0,0,0,0,0,0,0,0,0,0,0,0,0,0,0,0,0.16085790884718498,0.008746355685131194,0.00117979447802059,3
013385,0,0,0,0,0,0,0,0,0,0,0,0,0,0,0,0,0,0,0,0,0,1.7640750670241288,0.0,0.00038780825207707667,2
013388,0,0,0,0,0,0,0,0,0,0,0,0,0,0,0,0,0,0,0,0,0,0.6970509383378016,0.0014577259475218659,0.00039018173939182687,1
013389,0,0,0,0,0,0,0,0,0,0,0,0,0,0,0,0,0,0,0,0,0,0.053619302949061656,0.002915451895043732,0.00047939549969676864,3
013390,0,0,0,0,0,0,0,0,0,0,0,0,0,0,0,0,0,0,0,0,0,0.3967828418230563,0.0,9.694594578392187e-05,1
013391,0,0,0,0,0,0,0,0,0,0,0,0,0,0,0,0,0,0,0,0,0,1.0884718498659518,0.0,3.616509537320458e-05,0
013394,0,0,0,0,0,0,0,0,0,0,0,0,0,0,0,0,0,0,0,0,0,0.005361930294906166,0.01020408163265306,0.0006208259809262156,3
013395,0,0,0,0,0,0,0,0,0,0,0,0,0,0,0,0,0,0,0,0,0,0.9865951742627346,0.0,0.00013954637274248016,0
013396,0,0,0,0,0,0,0,0,0,0,0,0,0,0,0,0,0,0,0,0,0,0.15013404825737264,0.0014577259475218659,0.0004093898583823313,3
013397,0,0,0,0,0,0,0,0,0,0,0,0,0,0,0,0,0,0,0,0,0,0.38605898123324395,0.0058309037900874635,0.00037151193711188434,1
013398,0,0,0,0,0,0,0,0,0,0,0,0,0,0,0,0,0,0,0,0,0,1.0241286863270778,0.0,0.00021777357836368113,0
013402,0,0,0,0,0,0,0,0,0,0,0,0,0,0,0,0,0,0,0,0,0,0.675603217158177,0.0014577259475218659,0.00018850872446222469,1
013403,0,0,0,0,0,0,0,0,0,0,0,0,0,0,0,0,0,0,0,0,0,0.09115281501340483,0.0,2.0994351711914427e-05,3
013404,0,0,0,0,0,0,0,0,0,0,0,0,0,0,0,0,0,0,0,0,0,0.0,0.0014577259475218659,7.766441996924988e-05,3
013405,0,0,0,0,0,0,0,0,0,0,0,0,0,0,0,0,0,0,0,0,0,0.3914209115281501,0.002915451895043732,0.0003581788109489214,1
013408,0,0,0,0,0,0,0,0,0,0,0,0,0,0,0,0,0,0,0,0,0,0.005361930294906166,0.08892128279883382,0.0028523934356192177,3
013410,0,0,0,0,0,0,0,0,0,0,0,0,0,0,0,0,0,0,0,0,0,0.12332439678284182,0.0058309037900874635,0.00016680477345002408,3
013411,0,0,0,0,0,0,0,0,0,0,0,0,0,0,0,0,0,0,0,0,0,0.5683646112600537,0.0,0.0001433390586578027,1
013414,0,0,0,0,0,0,0,0,0,0,0,0,0,0,0,0,0,0,0,0,0,0.7131367292225201,0.002915451895043732,0.0001076633421123817,1
013416,0,0,0,0,0,0,0,0,0,0,0,0,0,0,0,0,0,0,0,0,0,0.23056300268096513,0.0014577259475218659,0.0002532046054952104,3
013417,0,0,0,0,0,0,0,0,0,0,0,0,0,0,0,0,0,0,0,0,0,0.021447721179624665,0.0014577259475218659,0.0004350822468409679,3
013418,0,0,0,0,0,0,0,0,0,0,0,0,0,0,0,0,0,0,0,0,0,0.058981233243967826,0.02478134110787172,0.0021851498728777323,3
013419,0,0,0,0,0,0,0,0,0,0,0,0,0,0,0,0,0,0,0,0,0,0.3378016085790885,0.0,3.919924410546261e-05,1
013420,0,0,0,0,0,0,0,0,0,0,0,0,0,0,0,0,0,0,0,0,0,0.7989276139410187,0.0014577259475218659,6.892900789331345e-05,0
013421,0,0,0,0,0,0,0,0,0,0,0,0,0,0,0,0,0,0,0,0,0,0.20911528150134048,0.0014577259475218659,0.0005310494349693227,3
013422,0,0,0,0,0,0,0,0,0,0,0,0,0,0,0,0,0,0,0,0,0,0.3378016085790885,0.0,0.0009413691131244428,1
013425,0,0,0,0,0,0,0,0,0,0,0,0,0,0,0,0,0,0,0,0,0,0.5737265415549598,0.002915451895043732,0.0005023228977784281,1
013426,0,0,0,0,0,0,0,0,0,0,0,0,0,0,0,0,0,0,0,0,0,0.0,0.013119533527696792,0.000724060444647156,3
013427,0,0,0,0,0,0,0,0,0,0,0,0,0,0,0,0,0,0,0,0,0,0.09651474530831099,0.002915451895043732,0.00011666791254359906,3
013428,0,0,0,0,0,0,0,0,0,0,0,0,0,0,0,0,0,0,0,0,0,0.0482573726541555,0.0,0.00035673269651282106,3
013429,0,0,0,0,0,0,0,0,0,0,0,0,0,0,0,0,0,0,0,0,0,0.053619302949061656,0.004373177842565598,0.00019971549961846804,3
013430,0,0,0,0,0,0,0,0,0,0,0,0,0,0,0,0,0,0,0,0,0,0.09651474530831099,0.0014577259475218659,0.0001983207699592849,3
013431,0,0,0,0,0,0,0,0,0,0,0,0,0,0,0,0,0,0,0,0,0,0.353887399463807,0.0014577259475218659,0.00036165095373204574,1
013434,0,0,0,0,0,0,0,0,0,0,0,0,0,0,0,0,0,0,0,0,0,0.3914209115281501,0.0014577259475218659,4.000671917130547e-05,1
013435,0,0,0,0,0,0,0,0,0,0,0,0,0,0,0,0,0,0,0,0,0,0.021447721179624665,0.008746355685131194,0.0007249902644199448,3
013436,0,0,0,0,0,0,0,0,0,0,0,0,0,0,0,0,0,0,0,0,0,0.005361930294906166,0.0,0.00017076874195507086,3
013437,0,0,0,0,0,0,0,0,0,0,0,0,0,0,0,0,0,0,0,0,0,0.06970509383378015,0.008746355685131194,0.0019973752166571827,3
013439,0,0,0,0,0,0,0,0,0,0,0,0,0,0,0,0,0,0,0,0,0,1.3619302949061662,0.0,0.0002275611549193522,2
013441,0,0,0,0,0,0,0,0,0,0,0,0,0,0,0,0,0,0,0,0,0,0.4879356568364611,0.0,6.085425723488483e-05,1
013447,0,0,0,0,0,0,0,0,0,0,0,0,0,0,0,0,0,0,0,0,0,0.11796246648793565,0.002915451895043732,0.00045287116723090006,3
013448,0,0,0,0,0,0,0,0,0,0,0,0,0,0,0,0,0,0,0,0,0,0.08579088471849866,0.00728862973760933,0.001517955248019025,3
013449,0,0,0,0,0,0,0,0,0,0,0,0,0,0,0,0,0,0,0,0,0,0.12332439678284182,0.0,8.906694665660666e-05,3
013450,0,0,0,0,0,0,0,0,0,0,0,0,0,0,0,0,0,0,0,0,0,0.13941018766756033,0.00728862973760933,0.00026715190208704165,3
013451,0,0,0,0,0,0,0,0,0,0,0,0,0,0,0,0,0,0,0,0,0,0.13404825737265416,0.0058309037900874635,0.0022779116296841044,3
013452,0,0,0,0,0,0,0,0,0,0,0,0,0,0,0,0,0,0,0,0,0,1.383378016085791,0.0014577259475218659,0.0014432515699578658,2
013453,0,0,0,0,0,0,0,0,0,0,0,0,0,0,0,0,0,0,0,0,0,0.8847184986595175,0.0014577259475218659,0.00018870447599333805,0
013455,0,0,0,0,0,0,0,0,0,0,0,0,0,0,0,0,0,0,0,0,0,0.128686327077748,0.0014577259475218659,0.0005200873492269711,3
013456,0,0,0,0,0,0,0,0,0,0,0,0,0,0,0,0,0,0,0,0,0,0.09115281501340483,0.00728862973760933,0.0005327622608665652,3
013458,0,0,0,0,0,0,0,0,0,0,0,0,0,0,0,0,0,0,0,0,0,0.03217158176943699,0.018950437317784254,0.0022758317696660244,3
013460,0,0,0,0,0,0,0,0,0,0,0,0,0,0,0,0,0,0,0,0,0,0.15013404825737264,0.0014577259475218659,4.367706037968212e-05,3
013461,0,0,0,0,0,0,0,0,0,0,0,0,0,0,0,0,0,0,0,0,0,0.2037533512064343,0.002915451895043732,0.00010320999477955136,3
013462,0,0,0,0,0,0,0,0,0,0,0,0,0,0,0,0,0,0,0,0,0,1.351206434316354,0.0,7.421429923337582e-05,2
013464,0,0,0,0,0,0,0,0,0,0,0,0,0,0,0,0,0,0,0,0,0,0.30563002680965146,0.0,0.00032117932467434594,1
013466,0,0,0,0,0,0,0,0,0,0,0,0,0,0,0,0,0,0,0,0,0,0.9812332439678284,0.0,0.00011779348384750124,0
013467,0,0,0,0,0,0,0,0,0,0,0,0,0,0,0,0,0,0,0,0,0,0.053619302949061656,0.0014577259475218659,0.0006613465478666937,3
013468,0,0,0,0,0,0,0,0,0,0,0,0,0,0,0,0,0,0,0,0,0,0.005361930294906166,0.052478134110787174,0.003031726307060501,3
013470,0,0,0,0,0,0,0,0,0,0,0,0,0,0,0,0,0,0,0,0,0,0.5254691689008043,0.0014577259475218659,3.995778128852712e-05,1
013471,0,0,0,0,0,0,0,0,0,0,0,0,0,0,0,0,0,0,0,0,0,0.0,0.004373177842565598,0.0015948611308052106,3
013473,0,0,0,0,0,0,0,0,0,0,0,0,0,0,0,0,0,0,0,0,0,0.32171581769436997,0.0014577259475218659,0.00019115137013225582,1
013474,0,0,0,0,0,0,0,0,0,0,0,0,0,0,0,0,0,0,0,0,0,1.260053619302949,0.0,0.00036331484174650984,0
013475,0,0,0,0,0,0,0,0,0,0,0,0,0,0,0,0,0,0,0,0,0,1.0187667560321716,0.004373177842565598,0.0006074414699863355,0
013476,0,0,0,0,0,0,0,0,0,0,0,0,0,0,0,0,0,0,0,0,0,0.9544235924932976,0.0014577259475218659,0.001247842604023893,0
013477,0,0,0,0,0,0,0,0,0,0,0,0,0,0,0,0,0,0,0,0,0,0.19839142091152814,0.00728862973760933,0.0004888160421316021,3
013479,0,0,0,0,0,0,0,0,0,0,0,0,0,0,0,0,0,0,0,0,0,1.0723860589812333,0.0014577259475218659,0.00017013254947895225,0
013481,0,0,0,0,0,0,0,0,0,0,0,0,0,0,0,0,0,0,0,0,0,0.24128686327077747,0.0058309037900874635,0.000609178764824967,3
013482,0,0,0,0,0,0,0,0,0,0,0,0,0,0,0,0,0,0,0,0,0,1.2386058981233243,0.0,6.523419774354762e-05,0
013483,0,0,0,0,0,0,0,0,0,0,0,0,0,0,0,0,0,0,0,0,0,0.3485254691689008,0.0,2.542323010335558e-05,1
013484,0,0,0,0,0,0,0,0,0,0,0,0,0,0,0,0,0,0,0,0,0,1.2868632707774799,0.0,0.00014639767633144993,0
013485,0,0,0,0,0,0,0,0,0,0,0,0,0,0,0,0,0,0,0,0,0,1.2439678284182305,0.0,0.00013607178306521695,0
013486,0,0,0,0,0,0,0,0,0,0,0,0,0,0,0,0,0,0,0,0,0,0.4128686327077748,0.002915451895043732,0.0004908959021496822,1
013487,0,0,0,0,0,0,0,0,0,0,0,0,0,0,0,0,0,0,0,0,0,0.30563002680965146,0.002915451895043732,0.0003698969869801986,1
013488,0,0,0,0,0,0,0,0,0,0,0,0,0,0,0,0,0,0,0,0,0,0.08579088471849866,0.01749271137026239,0.0035794880289986316,3
013489,0,0,0,0,0,0,0,0,0,0,0,0,0,0,0,0,0,0,0,0,0,0.5576407506702413,0.004373177842565598,4.8130407712512455e-05,1
013491,0,0,0,0,0,0,0,0,0,0,0,0,0,0,0,0,0,0,0,0,0,0.2734584450402145,0.013119533527696792,0.0007091833282825361,1
013494,0,0,0,0,0,0,0,0,0,0,0,0,0,0,0,0,0,0,0,0,0,1.6675603217158177,0.0,0.00016100563434078897,2
013495,0,0,0,0,0,0,0,0,0,0,0,0,0,0,0,0,0,0,0,0,0,0.03753351206434316,0.0058309037900874635,0.00030241164662884665,3
013496,0,0,0,0,0,0,0,0,0,0,0,0,0,0,0,0,0,0,0,0,0,0.053619302949061656,0.0014577259475218659,0.0002657816413692477,3
013497,0,0,0,0,0,0,0,0,0,0,0,0,0,0,0,0,0,0,0,0,0,1.512064343163539,0.0014577259475218659,0.00013783354684523773,2
013499,0,0,0,0,0,0,0,0,0,0,0,0,0,0,0,0,0,0,0,0,0,0.09115281501340483,0.0058309037900874635,0.00021865446025369153,3
013500,0,0,0,0,0,0,0,0,0,0,0,0,0,0,0,0,0,0,0,0,0,0.11796246648793565,0.002915451895043732,0.0005764637901876364,3
013502,0,0,0,0,0,0,0,0,0,0,0,0,0,0,0,0,0,0,0,0,0,0.08579088471849866,0.002915451895043732,7.876552233176287e-05,3
013503,0,0,0,0,0,0,0,0,0,0,0,0,0,0,0,0,0,0,0,0,0,0.37533512064343166,0.0,9.031486266745473e-05,1
013504,0,0,0,0,0,0,0,0,0,0,0,0,0,0,0,0,0,0,0,0,0,0.3378016085790885,0.0,0.0001988590866698468,1
013506,0,0,0,0,0,0,0,0,0,0,0,0,0,0,0,0,0,0,0,0,0,1.6890080428954424,0.0014577259475218659,0.00018160848299047657,2
013507,0,0,0,0,0,0,0,0,0,0,0,0,0,0,0,0,0,0,0,0,0,0.010723860589812333,0.004373177842565598,0.0013291773652015196,3
013508,0,0,0,0,0,0,0,0,0,0,0,0,0,0,0,0,0,0,0,0,0,1.3029490616621984,0.0,0.00015205000179234997,0
013509,0,0,0,0,0,0,0,0,0,0,0,0,0,0,0,0,0,0,0,0,0,0.04289544235924933,0.008746355685131194,0.00014647108315561744,3
013510,0,0,0,0,0,0,0,0,0,0,0,0,0,0,0,0,0,0,0,0,0,0.0,0.004373177842565598,0.0006709628418326406,3
013512,0,0,0,0,0,0,0,0,0,0,0,0,0,0,0,0,0,0,0,0,0,1.3941018766756033,0.0,0.00015136487143345298,2
013513,0,0,0,0,0,0,0,0,0,0,0,0,0,0,0,0,0,0,0,0,0,0.675603217158177,0.0,8.975207701550364e-05,1
013514,0,0,0,0,0,0,0,0,0,0,0,0,0,0,0,0,0,0,0,0,0,0.3914209115281501,0.0,4.044716011631067e-05,1
013515,0,0,0,0,0,0,0,0,0,0,0,0,0,0,0,0,0,0,0,0,0,0.38605898123324395,0.004373177842565598,0.0003121992231845177,1
013516,0,0,0,0,0,0,0,0,0,0,0,0,0,0,0,0,0,0,0,0,0,0.10723860589812333,0.002915451895043732,0.0003169461978140182,3
013517,0,0,0,0,0,0,0,0,0,0,0,0,0,0,0,0,0,0,0,0,0,0.3163538873994638,0.002915451895043732,0.0010075820685235576,1
013518,0,0,0,0,0,0,0,0,0,0,0,0,0,0,0,0,0,0,0,0,0,0.45576407506702415,0.0,0.00025545574810301473,1
013519,0,0,0,0,0,0,0,0,0,0,0,0,0,0,0,0,0,0,0,0,0,0.4128686327077748,0.0,0.00012376390554646058,1
013521,0,0,0,0,0,0,0,0,0,0,0,0,0,0,0,0,0,0,0,0,0,0.0,0.002915451895043732,0.0019350283539975584,3
013522,0,0,0,0,0,0,0,0,0,0,0,0,0,0,0,0,0,0,0,0,0,0.1554959785522788,0.0,3.959074716768945e-05,3
013523,0,0,0,0,0,0,0,0,0,0,0,0,0,0,0,0,0,0,0,0,0,0.17158176943699732,0.0058309037900874635,0.00260951472339024,3
013524,0,0,0,0,0,0,0,0,0,0,0,0,0,0,0,0,0,0,0,0,0,0.21447721179624665,0.0058309037900874635,0.00022851544363353013,3
013525,0,0,0,0,0,0,0,0,0,0,0,0,0,0,0,0,0,0,0,0,0,0.07506702412868632,0.0014577259475218659,5.6865819788448875e-05,3
013527,0,0,0,0,0,0,0,0,0,0,0,0,0,0,0,0,0,0,0,0,0,0.1769436997319035,0.008746355685131194,0.001559258821083957,3
013529,0,0,0,0,0,0,0,0,0,0,0,0,0,0,0,0,0,0,0,0,0,0.41823056300268097,0.0014577259475218659,0.00020507419778269796,1
013531,0,0,0,0,0,0,0,0,0,0,0,0,0,0,0,0,0,0,0,0,0,1.093833780160858,0.0014577259475218659,0.00024395534565010122,0
013532,0,0,0,0,0,0,0,0,0,0,0,0,0,0,0,0,0,0,0,0,0,0.1769436997319035,0.0,0.0003586168049997877,3
013533,0,0,0,0,0,0,0,0,0,0,0,0,0,0,0,0,0,0,0,0,0,0.9758713136729222,0.002915451895043732,0.0003591061838275713,0
013534,0,0,0,0,0,0,0,0,0,0,0,0,0,0,0,0,0,0,0,0,0,0.005361930294906166,0.03498542274052478,0.0020355467652243,3
013536,0,0,0,0,0,0,0,0,0,0,0,0,0,0,0,0,0,0,0,0,0,0.0,0.008746355685131194,0.0014091663346027415,3
013538,0,0,0,0,0,0,0,0,0,0,0,0,0,0,0,0,0,0,0,0,0,0.225201072386059,0.008746355685131194,0.00045693301150150355,3
013539,0,0,0,0,0,0,0,0,0,0,0,0,0,0,0,0,0,0,0,0,0,0.45576407506702415,0.002915451895043732,0.00037939093623919957,1
013544,0,0,0,0,0,0,0,0,0,0,0,0,0,0,0,0,0,0,0,0,0,0.20911528150134048,0.0014577259475218659,0.0006261846790904455,3
013546,0,0,0,0,0,0,0,0,0,0,0,0,0,0,0,0,0,0,0,0,0,0.058981233243967826,0.002915451895043732,0.0005281620998853997,3
013548,0,0,0,0,0,0,0,0,0,0,0,0,0,0,0,0,0,0,0,0,0,0.5093833780160858,0.0014577259475218659,0.0008536724271856302,1
013549,0,0,0,0,0,0,0,0,0,0,0,0,0,0,0,0,0,0,0,0,0,0.13404825737265416,0.008746355685131194,0.00044036753818103033,3
013551,0,0,0,0,0,0,0,0,0,0,0,0,0,0,0,0,0,0,0,0,0,1.7050938337801609,0.0,7.44589886472676e-05,2
013552,0,0,0,0,0,0,0,0,0,0,0,0,0,0,0,0,0,0,0,0,0,0.3485254691689008,0.016034985422740525,0.001042768406241195,1
013555,0,0,0,0,0,0,0,0,0,0,0,0,0,0,0,0,0,0,0,0,0,0.3914209115281501,0.004373177842565598,0.0007943352443168743,1
013557,0,0,0,0,0,0,0,0,0,0,0,0,0,0,0,0,0,0,0,0,0,0.14477211796246647,0.0014577259475218659,0.00012249152059422335,3
013558,0,0,0,0,0,0,0,0,0,0,0,0,0,0,0,0,0,0,0,0,0,0.02680965147453083,0.004373177842565598,0.0009457001157503273,3
013560,0,0,0,0,0,0,0,0,0,0,0,0,0,0,0,0,0,0,0,0,0,0.03217158176943699,0.0,0.00024065203856256224,3
013561,0,0,0,0,0,0,0,0,0,0,0,0,0,0,0,0,0,0,0,0,0,1.1528150134048258,0.0,0.00012107232199365103,0
013562,0,0,0,0,0,0,0,0,0,0,0,0,0,0,0,0,0,0,0,0,0,0.4343163538873995,0.002915451895043732,0.000769499268806859,1
013563,0,0,0,0,0,0,0,0,0,0,0,0,0,0,0,0,0,0,0,0,0,0.4450402144772118,0.0014577259475218659,0.0010202569801631516,1
013564,0,0,0,0,0,0,0,0,0,0,0,0,0,0,0,0,0,0,0,0,0,0.7667560321715818,0.002915451895043732,0.0020810345272667813,0
013565,0,0,0,0,0,0,0,0,0,0,0,0,0,0,0,0,0,0,0,0,0,0.09651474530831099,0.0014577259475218659,0.00015939068420910325,3
013566,0,0,0,0,0,0,0,0,0,0,0,0,0,0,0,0,0,0,0,0,0,0.21447721179624665,0.0014577259475218659,0.0008139103974282165,3
013568,0,0,0,0,0,0,0,0,0,0,0,0,0,0,0,0,0,0,0,0,0,0.9222520107238606,0.0,0.00032269639904047495,0
013569,0,0,0,0,0,0,0,0,0,0,0,0,0,0,0,0,0,0,0,0,0,0.08579088471849866,0.0014577259475218659,0.0006554005951091235,3
013570,0,0,0,0,0,0,0,0,0,0,0,0,0,0,0,0,0,0,0,0,0,1.2975871313672922,0.0,0.00013849420826274553,0
013571,0,0,0,0,0,0,0,0,0,0,0,0,0,0,0,0,0,0,0,0,0,0.064343163538874,0.016034985422740525,0.001440388703815332,3
013572,0,0,0,0,0,0,0,0,0,0,0,0,0,0,0,0,0,0,0,0,0,1.0991957104557641,0.0,0.0003631435591567856,0
013573,0,0,0,0,0,0,0,0,0,0,0,0,0,0,0,0,0,0,0,0,0,0.26273458445040215,0.0014577259475218659,0.0002252610744287695,3
013575,0,0,0,0,0,0,0,0,0,0,0,0,0,0,0,0,0,0,0,0,0,0.11796246648793565,0.0058309037900874635,0.0002413371689214592,3
013576,0,0,0,0,0,0,0,0,0,0,0,0,0,0,0,0,0,0,0,0,0,0.0482573726541555,0.02478134110787172,0.0009934145514592237,3
013577,0,0,0,0,0,0,0,0,0,0,0,0,0,0,0,0,0,0,0,0,0,0.128686327077748,0.004373177842565598,0.000626527244269894,3
013579,0,0,0,0,0,0,0,0,0,0,0,0,0,0,0,0,0,0,0,0,0,0.07506702412868632,0.0014577259475218659,0.0002393551846689358,3
013581,0,0,0,0,0,0,0,0,0,0,0,0,0,0,0,0,0,0,0,0,0,1.6514745308310992,0.0,0.00010920488541989988,2
013583,0,0,0,0,0,0,0,0,0,0,0,0,0,0,0,0,0,0,0,0,0,0.8310991957104558,0.0,0.0002605208189705745,0
013584,0,0,0,0,0,0,0,0,0,0,0,0,0,0,0,0,0,0,0,0,0,1.6407506702412868,0.0,0.00024415109718121464,2
013587,0,0,0,0,0,0,0,0,0,0,0,0,0,0,0,0,0,0,0,0,0,0.3378016085790885,0.0,0.00012948963783152817,1
013588,0,0,0,0,0,0,0,0,0,0,0,0,0,0,0,0,0,0,0,0,0,0.08042895442359249,0.011661807580174927,0.0005856396432085781,3
013589,0,0,0,0,0,0,0,0,0,0,0,0,0,0,0,0,0,0,0,0,0,0.07506702412868632,0.0014577259475218659,0.0003439354401662811,3
013590,0,0,0,0,0,0,0,0,0,0,0,0,0,0,0,0,0,0,0,0,0,0.053619302949061656,0.00728862973760933,0.000392530757765188,3
013591,0,0,0,0,0,0,0,0,0,0,0,0,0,0,0,0,0,0,0,0,0,0.34316353887399464,0.002915451895043732,0.0005643271952586043,1
013592,0,0,0,0,0,0,0,0,0,0,0,0,0,0,0,0,0,0,0,0,0,0.18766756032171583,0.004373177842565598,0.0002446649449503874,3
013593,0,0,0,0,0,0,0,0,0,0,0,0,0,0,0,0,0,0,0,0,0,0.5737265415549598,0.0058309037900874635,0.0013693798359039385,1
013594,0,0,0,0,0,0,0,0,0,0,0,0,0,0,0,0,0,0,0,0,0,0.27882037533512066,0.0,0.00010108119687869289,1
013596,0,0,0,0,0,0,0,0,0,0,0,0,0,0,0,0,0,0,0,0,0,0.02680965147453083,0.0014577259475218659,0.0009268834998220497,3
013598,0,0,0,0,0,0,0,0,0,0,0,0,0,0,0,0,0,0,0,0,0,0.24664879356568364,0.0,0.00032805509720470485,3
013599,0,0,0,0,0,0,0,0,0,0,0,0,0,0,0,0,0,0,0,0,0,0.0,0.029154518950437316,0.0016901431885746683,3
013600,0,0,0,0,0,0,0,0,0,0,0,0,0,0,0,0,0,0,0,0,0,1.6675603217158177,0.0,0.00014204220476417628,2
013601,0,0,0,0,0,0,0,0,0,0,0,0,0,0,0,0,0,0,0,0,0,0.2359249329758713,0.0014577259475218659,0.0004507423693300416,3
013602,0,0,0,0,0,0,0,0,0,0,0,0,0,0,0,0,0,0,0,0,0,0.34316353887399464,0.0,0.00011556681018108606,1
013603,0,0,0,0,0,0,0,0,0,0,0,0,0,0,0,0,0,0,0,0,0,0.13404825737265416,0.0,0.00013910593179747497,3
013606,0,0,0,0,0,0,0,0,0,0,0,0,0,0,0,0,0,0,0,0,0,0.15013404825737264,0.002915451895043732,0.0002383030201892012,3
013607,0,0,0,0,0,0,0,0,0,0,0,0,0,0,0,0,0,0,0,0,0,0.20911528150134048,0.0,0.0007550870623286333,3
013610,0,0,0,0,0,0,0,0,0,0,0,0,0,0,0,0,0,0,0,0,0,0.058981233243967826,0.008746355685131194,0.0015916556994832283,3
013611,0,0,0,0,0,0,0,0,0,0,0,0,0,0,0,0,0,0,0,0,0,0.4718498659517426,0.002915451895043732,0.00042595533170280465,1
013614,0,0,0,0,0,0,0,0,0,0,0,0,0,0,0,0,0,0,0,0,0,0.12332439678284182,0.004373177842565598,0.0018561649559002387,3
013615,0,0,0,0,0,0,0,0,0,0,0,0,0,0,0,0,0,0,0,0,0,1.7050938337801609,0.0,0.00019022155035946709,2
013617,0,0,0,0,0,0,0,0,0,0,0,0,0,0,0,0,0,0,0,0,0,0.20911528150134048,0.002915451895043732,0.0002999402835485397,3
013618,0,0,0,0,0,0,0,0,0,0,0,0,0,0,0,0,0,0,0,0,0,0.9276139410187668,0.0,3.2519223106217106e-05,0
013621,0,0,0,0,0,0,0,0,0,0,0,0,0,0,0,0,0,0,0,0,0,0.6219839142091153,0.0,5.206990727617005e-05,1
013623,0,0,0,0,0,0,0,0,0,0,0,0,0,0,0,0,0,0,0,0,0,0.16085790884718498,0.0058309037900874635,0.0007119972565422914,3
013626,0,0,0,0,0,0,0,0,0,0,0,0,0,0,0,0,0,0,0,0,0,1.351206434316354,0.0,9.909921262616951e-05,2
013627,0,0,0,0,0,0,0,0,0,0,0,0,0,0,0,0,0,0,0,0,0,0.3109919571045576,0.0058309037900874635,0.0006692010780526198,1
013629,0,0,0,0,0,0,0,0,0,0,0,0,0,0,0,0,0,0,0,0,0,0.11796246648793565,0.014577259475218658,0.00033512662126617716,3
013630,0,0,0,0,0,0,0,0,0,0,0,0,0,0,0,0,0,0,0,0,0,0.021447721179624665,0.008746355685131194,0.0003475813124332686,3
013631,0,0,0,0,0,0,0,0,0,0,0,0,0,0,0,0,0,0,0,0,0,0.5308310991957105,0.014577259475218658,0.00016541004379084094,1
013632,0,0,0,0,0,0,0,0,0,0,0,0,0,0,0,0,0,0,0,0,0,0.128686327077748,0.0058309037900874635,0.0011333279583225415,3
013634,0,0,0,0,0,0,0,0,0,0,0,0,0,0,0,0,0,0,0,0,0,0.17158176943699732,0.0058309037900874635,0.001531706793079743,3
013635,0,0,0,0,0,0,0,0,0,0,0,0,0,0,0,0,0,0,0,0,0,0.35924932975871315,0.0,0.0003645627577573579,1
013636,0,0,0,0,0,0,0,0,0,0,0,0,0,0,0,0,0,0,0,0,0,0.19302949061662197,0.0058309037900874635,0.0005831193422454928,3
013637,0,0,0,0,0,0,0,0,0,0,0,0,0,0,0,0,0,0,0,0,0,0.2734584450402145,0.002915451895043732,0.000584269382490784,1
013638,0,0,0,0,0,0,0,0,0,0,0,0,0,0,0,0,0,0,0,0,0,0.08042895442359249,0.0,5.81626736820753e-05,3
013639,0,0,0,0,0,0,0,0,0,0,0,0,0,0,0,0,0,0,0,0,0,0.3914209115281501,0.0,0.0001408187576947174,1
013642,0,0,0,0,0,0,0,0,0,0,0,0,0,0,0,0,0,0,0,0,0,1.1528150134048258,0.0,0.0005246385723253581,0
013643,0,0,0,0,0,0,0,0,0,0,0,0,0,0,0,0,0,0,0,0,0,0.16085790884718498,0.002915451895043732,0.00016364828001082016,3
013644,0,0,0,0,0,0,0,0,0,0,0,0,0,0,0,0,0,0,0,0,0,0.08042895442359249,0.004373177842565598,0.001086690156034769,3
013645,0,0,0,0,0,0,0,0,0,0,0,0,0,0,0,0,0,0,0,0,0,0.6380697050938338,0.0,4.081419423714833e-05,1
013647,0,0,0,0,0,0,0,0,0,0,0,0,0,0,0,0,0,0,0,0,0,0.0482573726541555,0.004373177842565598,0.0006414288295759032,3
013649,0,0,0,0,0,0,0,0,0,0,0,0,0,0,0,0,0,0,0,0,0,1.3726541554959786,0.0014577259475218659,0.000179186057792948,2
013650,0,0,0,0,0,0,0,0,0,0,0,0,0,0,0,0,0,0,0,0,0,0.08579088471849866,0.00728862973760933,0.0007401120701984565,3
013651,0,0,0,0,0,0,0,0,0,0,0,0,0,0,0,0,0,0,0,0,0,0.18230563002680966,0.0014577259475218659,8.852862994604475e-05,3
013652,0,0,0,0,0,0,0,0,0,0,0,0,0,0,0,0,0,0,0,0,0,0.24128686327077747,0.002915451895043732,0.00048105938771123274,3
013654,0,0,0,0,0,0,0,0,0,0,0,0,0,0,0,0,0,0,0,0,0,0.225201072386059,0.00728862973760933,0.0010258848366826625,3
013655,0,0,0,0,0,0,0,0,0,0,0,0,0,0,0,0,0,0,0,0,0,0.6058981233243967,0.0014577259475218659,0.00045583190913899056,1
013656,0,0,0,0,0,0,0,0,0,0,0,0,0,0,0,0,0,0,0,0,0,0.8793565683646113,0.0014577259475218659,0.00020568592131742737,0
013657,0,0,0,0,0,0,0,0,0,0,0,0,0,0,0,0,0,0,0,0,0,0.053619302949061656,0.0014577259475218659,0.00011676578830915577,3
013658,0,0,0,0,0,0,0,0,0,0,0,0,0,0,0,0,0,0,0,0,0,0.0482573726541555,0.0058309037900874635,0.0010626371866492073,3
013659,0,0,0,0,0,0,0,0,0,0,0,0,0,0,0,0,0,0,0,0,0,1.0991957104557641,0.0014577259475218659,0.0009740106809376059,0
013662,0,0,0,0,0,0,0,0,0,0,0,0,0,0,0,0,0,0,0,0,0,0.45576407506702415,0.002915451895043732,0.0004249521051058484,1
013663,0,0,0,0,0,0,0,0,0,0,0,0,0,0,0,0,0,0,0,0,0,0.9544235924932976,0.0,0.00014272733512307327,0
013666,0,0,0,0,0,0,0,0,0,0,0,0,0,0,0,0,0,0,0,0,0,0.3163538873994638,0.002915451895043732,0.00010944957483379165,1
013667,0,0,0,0,0,0,0,0,0,0,0,0,0,0,0,0,0,0,0,0,0,0.7935656836461126,0.0,0.0005179096134433343,0
013668,0,0,0,0,0,0,0,0,0,0,0,0,0,0,0,0,0,0,0,0,0,0.010723860589812333,0.029154518950437316,0.0034221772048076086,3
013669,0,0,0,0,0,0,0,0,0,0,0,0,0,0,0,0,0,0,0,0,0,0.2680965147453083,0.0014577259475218659,6.0169126875987865e-05,3
013670,0,0,0,0,0,0,0,0,0,0,0,0,0,0,0,0,0,0,0,0,0,0.3967828418230563,0.0,0.00011439230099440555,1
013672,0,0,0,0,0,0,0,0,0,0,0,0,0,0,0,0,0,0,0,0,0,1.6085790884718498,0.0014577259475218659,6.511185303660174e-05,2
013673,0,0,0,0,0,0,0,0,0,0,0,0,0,0,0,0,0,0,0,0,0,0.09651474530831099,0.0014577259475218659,0.0005247364480909149,3
013675,0,0,0,0,0,0,0,0,0,0,0,0,0,0,0,0,0,0,0,0,0,0.8042895442359249,0.0014577259475218659,0.00011598278218470209,0
013678,0,0,0,0,0,0,0,0,0,0,0,0,0,0,0,0,0,0,0,0,0,0.8096514745308311,0.0,1.4999461071565904e-05,0
013680,0,0,0,0,0,0,0,0,0,0,0,0,0,0,0,0,0,0,0,0,0,0.0,0.004373177842565598,0.0010517974456138016,3
013681,0,0,0,0,0,0,0,0,0,0,0,0,0,0,0,0,0,0,0,0,0,0.09115281501340483,0.004373177842565598,0.00040439819433893913,3
013682,0,0,0,0,0,0,0,0,0,0,0,0,0,0,0,0,0,0,0,0,0,0.9973190348525469,0.0,5.15805284483865e-05,0
013684,0,0,0,0,0,0,0,0,0,0,0,0,0,0,0,0,0,0,0,0,0,1.5281501340482575,0.0,0.00012765446722733985,2
013685,0,0,0,0,0,0,0,0,0,0,0,0,0,0,0,0,0,0,0,0,0,0.010723860589812333,0.008746355685131194,6.645764481300651e-05,3
013686,0,0,0,0,0,0,0,0,0,0,0,0,0,0,0,0,0,0,0,0,0,0.9758713136729222,0.0,2.23401434883192e-05,0
013689,0,0,0,0,0,0,0,0,0,0,0,0,0,0,0,0,0,0,0,0,0,0.3324396782841823,0.0,2.4542348213345185e-05,1
013690,0,0,0,0,0,0,0,0,0,0,0,0,0,0,0,0,0,0,0,0,0,0.3109919571045576,0.0,0.00013110458796321387,1
013692,0,0,0,0,0,0,0,0,0,0,0,0,0,0,0,0,0,0,0,0,0,0.128686327077748,0.002915451895043732,0.00033657028880813866,3
013694,0,0,0,0,0,0,0,0,0,0,0,0,0,0,0,0,0,0,0,0,0,0.0160857908847185,0.07142857142857144,0.0021802316156585076,3
013695,0,0,0,0,0,0,0,0,0,0,0,0,0,0,0,0,0,0,0,0,0,0.16085790884718498,0.02040816326530612,0.0005824831497693742,3
013697,0,0,0,0,0,0,0,0,0,0,0,0,0,0,0,0,0,0,0,0,0,0.2037533512064343,0.0,4.049609799908902e-05,3
013699,0,0,0,0,0,0,0,0,0,0,0,0,0,0,0,0,0,0,0,0,0,0.8257372654155496,0.0,0.0002156203115214335,0
013700,0,0,0,0,0,0,0,0,0,0,0,0,0,0,0,0,0,0,0,0,0,0.13404825737265416,0.013119533527696792,0.0007639692880529049,3
013703,0,0,0,0,0,0,0,0,0,0,0,0,0,0,0,0,0,0,0,0,0,1.6997319034852547,0.0,2.3930624678615743e-05,2
013704,0,0,0,0,0,0,0,0,0,0,0,0,0,0,0,0,0,0,0,0,0,0.021447721179624665,0.011661807580174927,0.0010910456276020425,3
013705,0,0,0,0,0,0,0,0,0,0,0,0,0,0,0,0,0,0,0,0,0,0.03753351206434316,0.002915451895043732,0.0005208703553514248,3
013706,0,0,0,0,0,0,0,0,0,0,0,0,0,0,0,0,0,0,0,0,0,1.6193029490616622,0.0,0.00013533771482354164,2
013707,0,0,0,0,0,0,0,0,0,0,0,0,0,0,0,0,0,0,0,0,0,1.4262734584450403,0.0014577259475218659,0.0005238066283181262,2
013708,0,0,0,0,0,0,0,0,0,0,0,0,0,0,0,0,0,0,0,0,0,1.447721179624665,0.0,0.00025633662999302516,2
013709,0,0,0,0,0,0,0,0,0,0,0,0,0,0,0,0,0,0,0,0,0,0.0160857908847185,0.01749271137026239,0.0029191202387875053,3
013710,0,0,0,0,0,0,0,0,0,0,0,0,0,0,0,0,0,0,0,0,0,0.16621983914209115,0.0,2.2413550312486732e-05,3
013711,0,0,0,0,0,0,0,0,0,0,0,0,0,0,0,0,0,0,0,0,0,1.1689008042895443,0.0014577259475218659,0.00011982440598280298,0
013712,0,0,0,0,0,0,0,0,0,0,0,0,0,0,0,0,0,0,0,0,0,1.3190348525469169,0.0,2.980317061201838e-05,0
013715,0,0,0,0,0,0,0,0,0,0,0,0,0,0,0,0,0,0,0,0,0,1.5013404825737267,0.0058309037900874635,0.000586593931922756,2
013716,0,0,0,0,0,0,0,0,0,0,0,0,0,0,0,0,0,0,0,0,0,1.4369973190348526,0.0,7.252594227752257e-05,2
013717,0,0,0,0,0,0,0,0,0,0,0,0,0,0,0,0,0,0,0,0,0,0.16621983914209115,0.00728862973760933,0.0005095901733710139,3
013718,0,0,0,0,0,0,0,0,0,0,0,0,0,0,0,0,0,0,0,0,0,1.3136729222520107,0.0014577259475218659,0.0001619354541135777,0
013719,0,0,0,0,0,0,0,0,0,0,0,0,0,0,0,0,0,0,0,0,0,0.07506702412868632,0.0058309037900874635,0.0004790774034587094,3
013720,0,0,0,0,0,0,0,0,0,0,0,0,0,0,0,0,0,0,0,0,0,0.6219839142091153,0.004373177842565598,0.0003340744567864425,1
013721,0,0,0,0,0,0,0,0,0,0,0,0,0,0,0,0,0,0,0,0,0,0.18766756032171583,0.0,0.0001949195871061892,3
013722,0,0,0,0,0,0,0,0,0,0,0,0,0,0,0,0,0,0,0,0,0,0.7024128686327078,0.002915451895043732,0.0005994890640348526,1
013723,0,0,0,0,0,0,0,0,0,0,0,0,0,0,0,0,0,0,0,0,0,1.158176943699732,0.0,7.715057220007715e-05,0
013725,0,0,0,0,0,0,0,0,0,0,0,0,0,0,0,0,0,0,0,0,0,0.26273458445040215,0.01020408163265306,0.0011030109399413504,3
013726,0,0,0,0,0,0,0,0,0,0,0,0,0,0,0,0,0,0,0,0,0,0.2037533512064343,0.0014577259475218659,0.00011018364307546697,3
013727,0,0,0,0,0,0,0,0,0,0,0,0,0,0,0,0,0,0,0,0,0,0.15013404825737264,0.0014577259475218659,0.00014351034124752694,3
013728,0,0,0,0,0,0,0,0,0,0,0,0,0,0,0,0,0,0,0,0,0,0.19302949061662197,0.00728862973760933,0.0008399942889490798,3
013730,0,0,0,0,0,0,0,0,0,0,0,0,0,0,0,0,0,0,0,0,0,0.7238605898123325,0.0014577259475218659,0.0003402895678992937,1
013731,0,0,0,0,0,0,0,0,0,0,0,0,0,0,0,0,0,0,0,0,0,1.1689008042895443,0.0014577259475218659,0.0003984277726399798,0
013732,0,0,0,0,0,0,0,0,0,0,0,0,0,0,0,0,0,0,0,0,0,0.14477211796246647,0.0,0.00012716508839955628,3
013735,0,0,0,0,0,0,0,0,0,0,0,0,0,0,0,0,0,0,0,0,0,0.128686327077748,0.004373177842565598,0.001935395388118396,3
013736,0,0,0,0,0,0,0,0,0,0,0,0,0,0,0,0,0,0,0,0,0,0.021447721179624665,0.0014577259475218659,0.0010173451761378396,3
013737,0,0,0,0,0,0,0,0,0,0,0,0,0,0,0,0,0,0,0,0,0,1.0670241286863271,0.0,0.0002821024252758292,0
013739,0,0,0,0,0,0,0,0,0,0,0,0,0,0,0,0,0,0,0,0,0,0.09115281501340483,0.0,3.9835436581581224e-05,3
013740,0,0,0,0,0,0,0,0,0,0,0,0,0,0,0,0,0,0,0,0,0,1.2868632707774799,0.0,8.940951183605516e-05,0
013741,0,0,0,0,0,0,0,0,0,0,0,0,0,0,0,0,0,0,0,0,0,0.38069705093833783,0.002915451895043732,0.0004343237096579034,1
013742,0,0,0,0,0,0,0,0,0,0,0,0,0,0,0,0,0,0,0,0,0,0.08579088471849866,0.016034985422740525,0.0032227308635444213,3
013743,0,0,0,0,0,0,0,0,0,0,0,0,0,0,0,0,0,0,0,0,0,0.010723860589812333,0.008746355685131194,0.00011196987579687695,3
013744,0,0,0,0,0,0,0,0,0,0,0,0,0,0,0,0,0,0,0,0,0,0.5040214477211796,0.0014577259475218659,0.0003003562555521557,1
013745,0,0,0,0,0,0,0,0,0,0,0,0,0,0,0,0,0,0,0,0,0,0.8632707774798928,0.0,3.907689939851672e-05,0
013747,0,0,0,0,0,0,0,0,0,0,0,0,0,0,0,0,0,0,0,0,0,2.0,0.0,2.3930624678615743e-05,2
013748,0,0,0,0,0,0,0,0,0,0,0,0,0,0,0,0,0,0,0,0,0,0.5093833780160858,0.0058309037900874635,0.000273391482141282,1
013750,0,0,0,0,0,0,0,0,0,0,0,0,0,0,0,0,0,0,0,0,0,0.28418230563002683,0.0058309037900874635,0.00029441030279458557,1
013751,0,0,0,0,0,0,0,0,0,0,0,0,0,0,0,0,0,0,0,0,0,1.5388739946380698,0.0,7.73218547898014e-05,2
013752,0,0,0,0,0,0,0,0,0,0,0,0,0,0,0,0,0,0,0,0,0,0.6595174262734584,0.00728862973760933,0.0005705178374300664,1
013753,0,0,0,0,0,0,0,0,0,0,0,0,0,0,0,0,0,0,0,0,0,1.5388739946380698,0.0,0.00015324897992041966,2
013754,0,0,0,0,0,0,0,0,0,0,0,0,0,0,0,0,0,0,0,0,0,0.8096514745308311,0.0014577259475218659,6.82194085930273e-05,0
013755,0,0,0,0,0,0,0,0,0,0,0,0,0,0,0,0,0,0,0,0,0,0.0160857908847185,0.011661807580174927,0.0025710984854092314,3
013756,0,0,0,0,0,0,0,0,0,0,0,0,0,0,0,0,0,0,0,0,0,0.005361930294906166,0.018950437317784254,0.000950618372969552,3
013758,0,0,0,0,0,0,0,0,0,0,0,0,0,0,0,0,0,0,0,0,0,0.058981233243967826,0.008746355685131194,0.0009408797342966593,3
013759,0,0,0,0,0,0,0,0,0,0,0,0,0,0,0,0,0,0,0,0,0,0.17158176943699732,0.0014577259475218659,0.0002052944182552005,3
013760,0,0,0,0,0,0,0,0,0,0,0,0,0,0,0,0,0,0,0,0,0,0.28418230563002683,0.0014577259475218659,0.0002763766929907616,1
013761,0,0,0,0,0,0,0,0,0,0,0,0,0,0,0,0,0,0,0,0,0,0.26273458445040215,0.0014577259475218659,0.0005047697919173459,3
013762,0,0,0,0,0,0,0,0,0,0,0,0,0,0,0,0,0,0,0,0,0,1.1689008042895443,0.0,2.116563430163867e-05,0
013763,0,0,0,0,0,0,0,0,0,0,0,0,0,0,0,0,0,0,0,0,0,0.3324396782841823,0.0,9.49394925900093e-05,1
013764,0,0,0,0,0,0,0,0,0,0,0,0,0,0,0,0,0,0,0,0,0,0.37533512064343166,0.002915451895043732,0.001385969778165801,1
013767,0,0,0,0,0,0,0,0,0,0,0,0,0,0,0,0,0,0,0,0,0,0.005361930294906166,0.052478134110787174,0.0033434606203586238,3
013769,0,0,0,0,0,0,0,0,0,0,0,0,0,0,0,0,0,0,0,0,0,0.005361930294906166,0.013119533527696792,0.0012309835034067496,3
013771,0,0,0,0,0,0,0,0,0,0,0,0,0,0,0,0,0,0,0,0,0,0.3378016085790885,0.004373177842565598,0.0007644341979392992,1
013772,0,0,0,0,0,0,0,0,0,0,0,0,0,0,0,0,0,0,0,0,0,0.1769436997319035,0.002915451895043732,0.001066699030919811,3
013774,0,0,0,0,0,0,0,0,0,0,0,0,0,0,0,0,0,0,0,0,0,0.4343163538873995,0.0,0.00017673916365403022,1
013777,0,0,0,0,0,0,0,0,0,0,0,0,0,0,0,0,0,0,0,0,0,0.0,0.04664723032069971,0.0010933946459754035,3
013778,0,0,0,0,0,0,0,0,0,0,0,0,0,0,0,0,0,0,0,0,0,0.546916890080429,0.0,7.225678392224161e-05,1
013780,0,0,0,0,0,0,0,0,0,0,0,0,0,0,0,0,0,0,0,0,0,0.03217158176943699,0.0014577259475218659,0.0003598647210106358,3
013781,0,0,0,0,0,0,0,0,0,0,0,0,0,0,0,0,0,0,0,0,0,1.3404825737265416,0.0,0.00018914491693834326,2
013782,0,0,0,0,0,0,0,0,0,0,0,0,0,0,0,0,0,0,0,0,0,0.064343163538874,0.00728862973760933,0.000986856875166924,3
013784,0,0,0,0,0,0,0,0,0,0,0,0,0,0,0,0,0,0,0,0,0,0.0482573726541555,0.014577259475218658,0.00019969103067707885,3
013786,0,0,0,0,0,0,0,0,0,0,0,0,0,0,0,0,0,0,0,0,0,1.9624664879356568,0.0,3.200537533704438e-05,2
013787,0,0,0,0,0,0,0,0,0,0,0,0,0,0,0,0,0,0,0,0,0,0.40214477211796246,0.0014577259475218659,0.00018752996680665757,1
013790,0,0,0,0,0,0,0,0,0,0,0,0,0,0,0,0,0,0,0,0,0,0.0160857908847185,0.0,8.456466144099797e-05,3
013791,0,0,0,0,0,0,0,0,0,0,0,0,0,0,0,0,0,0,0,0,0,0.6809651474530831,0.0014577259475218659,3.313094664094655e-05,1
013792,0,0,0,0,0,0,0,0,0,0,0,0,0,0,0,0,0,0,0,0,0,0.3485254691689008,0.0014577259475218659,0.00011238584780049298,1
013798,0,0,0,0,0,0,0,0,0,0,0,0,0,0,0,0,0,0,0,0,0,0.0,0.0816326530612245,0.0018070313215907698,3
013799,0,0,0,0,0,0,0,0,0,0,0,0,0,0,0,0,0,0,0,0,0,0.6219839142091153,0.0014577259475218659,0.00020287199305767193,1
013800,0,0,0,0,0,0,0,0,0,0,0,0,0,0,0,0,0,0,0,0,0,1.6568364611260054,0.0,0.00020580826602437327,2
013801,0,0,0,0,0,0,0,0,0,0,0,0,0,0,0,0,0,0,0,0,0,0.353887399463807,0.0,0.00022212904993095477,1
013802,0,0,0,0,0,0,0,0,0,0,0,0,0,0,0,0,0,0,0,0,0,0.739946380697051,0.002915451895043732,0.0003905732424540537,0
013803,0,0,0,0,0,0,0,0,0,0,0,0,0,0,0,0,0,0,0,0,0,1.3619302949061662,0.0,0.00012117019775920774,2
013804,0,0,0,0,0,0,0,0,0,0,0,0,0,0,0,0,0,0,0,0,0,0.16085790884718498,0.008746355685131194,0.001033249988040805,3
013805,0,0,0,0,0,0,0,0,0,0,0,0,0,0,0,0,0,0,0,0,0,0.2734584450402145,0.0014577259475218659,1.8449581807439952e-05,1
013806,0,0,0,0,0,0,0,0,0,0,0,0,0,0,0,0,0,0,0,0,0,0.3378016085790885,0.0,0.00012762999828595066,1
013807,0,0,0,0,0,0,0,0,0,0,0,0,0,0,0,0,0,0,0,0,0,1.9624664879356568,0.0,8.779456170436943e-05,2
013808,0,0,0,0,0,0,0,0,0,0,0,0,0,0,0,0,0,0,0,0,0,0.02680965147453083,0.0058309037900874635,0.0006975361121812875,3
013819,0,0,0,0,0,0,0,0,0,0,0,0,0,0,0,0,0,0,0,0,0,1.613941018766756,0.002915451895043732,0.0001760785022365224,2
013821,0,0,0,0,0,0,0,0,0,0,0,0,0,0,0,0,0,0,0,0,0,0.7721179624664879,0.0014577259475218659,0.0004747953387156033,0
013822,0,0,0,0,0,0,0,0,0,0,0,0,0,0,0,0,0,0,0,0,0,0.02680965147453083,0.0014577259475218659,0.0004201806615349587,3
013823,0,0,0,0,0,0,0,0,0,0,0,0,0,0,0,0,0,0,0,0,0,0.09651474530831099,0.0014577259475218659,0.00038330596686146797,3
013824,0,0,0,0,0,0,0,0,0,0,0,0,0,0,0,0,0,0,0,0,0,0.17158176943699732,0.0058309037900874635,0.00030943423280754064,3
013826,0,0,0,0,0,0,0,0,0,0,0,0,0,0,0,0,0,0,0,0,0,0.938337801608579,0.0,0.00013979106215637193,0
013827,0,0,0,0,0,0,0,0,0,0,0,0,0,0,0,0,0,0,0,0,0,0.30563002680965146,0.002915451895043732,0.0008516170361089391,1
013828,0,0,0,0,0,0,0,0,0,0,0,0,0,0,0,0,0,0,0,0,0,0.11260053619302948,0.0,6.949179354526454e-05,3
013831,0,0,0,0,0,0,0,0,0,0,0,0,0,0,0,0,0,0,0,0,0,0.08042895442359249,0.00728862973760933,0.0007161569765784518,3
013832,0,0,0,0,0,0,0,0,0,0,0,0,0,0,0,0,0,0,0,0,0,0.09651474530831099,0.0,1.6345252847970673e-05,3
013833,0,0,0,0,0,0,0,0,0,0,0,0,0,0,0,0,0,0,0,0,0,0.8471849865951743,0.0,0.00034728768513659844,0
013835,0,0,0,0,0,0,0,0,0,0,0,0,0,0,0,0,0,0,0,0,0,0.128686327077748,0.004373177842565598,0.00043031080327007827,3
013837,0,0,0,0,0,0,0,0,0,0,0,0,0,0,0,0,0,0,0,0,0,1.1313672922252012,0.0014577259475218659,0.00010176632723758988,0
013838,0,0,0,0,0,0,0,0,0,0,0,0,0,0,0,0,0,0,0,0,0,0.02680965147453083,0.004373177842565598,0.0013205153599497507,3
013841,0,0,0,0,0,0,0,0,0,0,0,0,0,0,0,0,0,0,0,0,0,1.351206434316354,0.0,1.6638880144640807e-06,2
013842,0,0,0,0,0,0,0,0,0,0,0,0,0,0,0,0,0,0,0,0,0,0.3109919571045576,0.011661807580174927,0.0020381404730115526,1
013844,0,0,0,0,0,0,0,0,0,0,0,0,0,0,0,0,0,0,0,0,0,0.053619302949061656,0.0,0.00011999568857252722,3
013845,0,0,0,0,0,0,0,0,0,0,0,0,0,0,0,0,0,0,0,0,0,0.34316353887399464,0.0,4.262489589994748e-05,1
013846,0,0,0,0,0,0,0,0,0,0,0,0,0,0,0,0,0,0,0,0,0,0.128686327077748,0.002915451895043732,0.00047396339470837123,3
013848,0,0,0,0,0,0,0,0,0,0,0,0,0,0,0,0,0,0,0,0,0,0.4879356568364611,0.002915451895043732,5.236353457284019e-06,1
013849,0,0,0,0,0,0,0,0,0,0,0,0,0,0,0,0,0,0,0,0,0,0.2734584450402145,0.0014577259475218659,0.0007469144359046481,1
013850,0,0,0,0,0,0,0,0,0,0,0,0,0,0,0,0,0,0,0,0,0,0.6863270777479893,0.0,0.0005499639266631571,1
013851,0,0,0,0,0,0,0,0,0,0,0,0,0,0,0,0,0,0,0,0,0,0.5093833780160858,0.002915451895043732,0.0004433282800891208,1
013853,0,0,0,0,0,0,0,0,0,0,0,0,0,0,0,0,0,0,0,0,0,0.3002680965147453,0.0,0.00025543127916162554,1
013854,0,0,0,0,0,0,0,0,0,0,0,0,0,0,0,0,0,0,0,0,0,0.04289544235924933,0.03498542274052478,0.0012453467720021968,3
013856,0,0,0,0,0,0,0,0,0,0,0,0,0,0,0,0,0,0,0,0,0,0.900804289544236,0.002915451895043732,3.589593701792362e-05,0
013858,0,0,0,0,0,0,0,0,0,0,0,0,0,0,0,0,0,0,0,0,0,0.3002680965147453,0.0,0.00011627640948137221,1
013859,0,0,0,0,0,0,0,0,0,0,0,0,0,0,0,0,0,0,0,0,0,1.742627345844504,0.0,0.0001974398880692745,2
013860,0,0,0,0,0,0,0,0,0,0,0,0,0,0,0,0,0,0,0,0,0,0.0,0.0058309037900874635,0.0006531739214427084,3
013862,0,0,0,0,0,0,0,0,0,0,0,0,0,0,0,0,0,0,0,0,0,0.09115281501340483,0.01020408163265306,0.0005767818864256958,3
013863,0,0,0,0,0,0,0,0,0,0,0,0,0,0,0,0,0,0,0,0,0,1.324396782841823,0.0,0.00012665124063038354,0
013865,0,0,0,0,0,0,0,0,0,0,0,0,0,0,0,0,0,0,0,0,0,0.30563002680965146,0.004373177842565598,0.0002860419248394868,1
013866,0,0,0,0,0,0,0,0,0,0,0,0,0,0,0,0,0,0,0,0,0,0.3914209115281501,0.0,5.740413649901079e-05,1
013867,0,0,0,0,0,0,0,0,0,0,0,0,0,0,0,0,0,0,0,0,0,0.16085790884718498,0.002915451895043732,0.0005882822888786093,3
013868,0,0,0,0,0,0,0,0,0,0,0,0,0,0,0,0,0,0,0,0,0,0.03217158176943699,0.0014577259475218659,0.00014930948035676205,3
013869,0,0,0,0,0,0,0,0,0,0,0,0,0,0,0,0,0,0,0,0,0,0.6541554959785523,0.004373177842565598,0.002211551860636655,1
013870,0,0,0,0,0,0,0,0,0,0,0,0,0,0,0,0,0,0,0,0,0,0.005361930294906166,0.01020408163265306,0.0009503002767314927,3
013871,0,0,0,0,0,0,0,0,0,0,0,0,0,0,0,0,0,0,0,0,0,0.11796246648793565,0.01749271137026239,0.0030916262755812077,3
013873,0,0,0,0,0,0,0,0,0,0,0,0,0,0,0,0,0,0,0,0,0,0.6380697050938338,0.002915451895043732,0.0002590037446044455,1
013874,0,0,0,0,0,0,0,0,0,0,0,0,0,0,0,0,0,0,0,0,0,1.9142091152815013,0.0,0.00024207123716313454,2
013875,0,0,0,0,0,0,0,0,0,0,0,0,0,0,0,0,0,0,0,0,0,0.28418230563002683,0.0058309037900874635,0.0004979674262111546,1
013876,0,0,0,0,0,0,0,0,0,0,0,0,0,0,0,0,0,0,0,0,0,0.3378016085790885,0.0,8.718283816963998e-05,1
013877,0,0,0,0,0,0,0,0,0,0,0,0,0,0,0,0,0,0,0,0,0,0.45576407506702415,0.0,8.221564306763693e-06,1
013878,0,0,0,0,0,0,0,0,0,0,0,0,0,0,0,0,0,0,0,0,0,0.289544235924933,0.0,0.0004096590167376123,1
013880,0,0,0,0,0,0,0,0,0,0,0,0,0,0,0,0,0,0,0,0,0,0.10723860589812333,0.01749271137026239,0.0010849528611961373,3
013881,0,0,0,0,0,0,0,0,0,0,0,0,0,0,0,0,0,0,0,0,0,0.010723860589812333,0.02769679300291545,0.001165333333659586,3
013882,0,0,0,0,0,0,0,0,0,0,0,0,0,0,0,0,0,0,0,0,0,0.010723860589812333,0.0058309037900874635,0.0005374602976132872,3
013883,0,0,0,0,0,0,0,0,0,0,0,0,0,0,0,0,0,0,0,0,0,0.053619302949061656,0.0058309037900874635,0.0011726250781935608,3
013884,0,0,0,0,0,0,0,0,0,0,0,0,0,0,0,0,0,0,0,0,0,0.03217158176943699,0.0058309037900874635,0.0005140435207038442,3
013885,0,0,0,0,0,0,0,0,0,0,0,0,0,0,0,0,0,0,0,0,0,1.0080428954423593,0.0014577259475218659,0.0002709445880023642,0
013886,0,0,0,0,0,0,0,0,0,0,0,0,0,0,0,0,0,0,0,0,0,0.37533512064343166,0.0,0.00014855094317369754,1
013887,0,0,0,0,0,0,0,0,0,0,0,0,0,0,0,0,0,0,0,0,0,1.0884718498659518,0.0,0.00017877008578933196,0
013888,0,0,0,0,0,0,0,0,0,0,0,0,0,0,0,0,0,0,0,0,0,0.6380697050938338,0.0014577259475218659,0.000403003464679756,1
013889,0,0,0,0,0,0,0,0,0,0,0,0,0,0,0,0,0,0,0,0,0,0.4932975871313673,0.0,0.0001402804409841555,1
013890,0,0,0,0,0,0,0,0,0,0,0,0,0,0,0,0,0,0,0,0,0,0.0,0.013119533527696792,0.0009151384079552445,3
013892,0,0,0,0,0,0,0,0,0,0,0,0,0,0,0,0,0,0,0,0,0,0.13941018766756033,0.004373177842565598,7.286850745697105e-05,3
013893,0,0,0,0,0,0,0,0,0,0,0,0,0,0,0,0,0,0,0,0,0,1.5924932975871313,0.0,0.00031816964488347706,2
013894,0,0,0,0,0,0,0,0,0,0,0,0,0,0,0,0,0,0,0,0,0,0.12332439678284182,0.002915451895043732,0.00017602956435374407,3
013895,0,0,0,0,0,0,0,0,0,0,0,0,0,0,0,0,0,0,0,0,0,0.14477211796246647,0.004373177842565598,0.0008471147508933305,3
013897,0,0,0,0,0,0,0,0,0,0,0,0,0,0,0,0,0,0,0,0,0,0.26273458445040215,0.0,8.06006929359512e-05,3
013898,0,0,0,0,0,0,0,0,0,0,0,0,0,0,0,0,0,0,0,0,0,1.742627345844504,0.0,7.634309713423429e-05,2
013899,0,0,0,0,0,0,0,0,0,0,0,0,0,0,0,0,0,0,0,0,0,0.08042895442359249,0.0014577259475218659,0.0001405006614566581,3
013900,0,0,0,0,0,0,0,0,0,0,0,0,0,0,0,0,0,0,0,0,0,0.9758713136729222,0.002915451895043732,0.0003271986842560836,0
013901,0,0,0,0,0,0,0,0,0,0,0,0,0,0,0,0,0,0,0,0,0,0.38069705093833783,0.0058309037900874635,0.0013633115384394225,1
013904,0,0,0,0,0,0,0,0,0,0,0,0,0,0,0,0,0,0,0,0,0,0.19302949061662197,0.0014577259475218659,8.380612425793347e-05,3
013908,0,0,0,0,0,0,0,0,0,0,0,0,0,0,0,0,0,0,0,0,0,0.42359249329758714,0.004373177842565598,0.0008556054735553751,1
013911,0,0,0,0,0,0,0,0,0,0,0,0,0,0,0,0,0,0,0,0,0,0.3002680965147453,0.011661807580174927,0.000864805795517706,1
013914,0,0,0,0,0,0,0,0,0,0,0,0,0,0,0,0,0,0,0,0,0,0.058981233243967826,0.0014577259475218659,0.00020566145237603818,3
013917,0,0,0,0,0,0,0,0,0,0,0,0,0,0,0,0,0,0,0,0,0,0.26273458445040215,0.0014577259475218659,8.865097465299064e-05,3
013918,0,0,0,0,0,0,0,0,0,0,0,0,0,0,0,0,0,0,0,0,0,0.26273458445040215,0.0014577259475218659,0.0001600024077438327,3
013922,0,0,0,0,0,0,0,0,0,0,0,0,0,0,0,0,0,0,0,0,0,1.8820375335120643,0.0,8.502957132739235e-05,2
013923,0,0,0,0,0,0,0,0,0,0,0,0,0,0,0,0,0,0,0,0,0,0.28418230563002683,0.0,0.00014514976032060185,1
013924,0,0,0,0,0,0,0,0,0,0,0,0,0,0,0,0,0,0,0,0,0,0.005361930294906166,0.00728862973760933,0.0007461069608388051,3
013925,0,0,0,0,0,0,0,0,0,0,0,0,0,0,0,0,0,0,0,0,0,0.4932975871313673,0.004373177842565598,0.000592931387742553,1
013926,0,0,0,0,0,0,0,0,0,0,0,0,0,0,0,0,0,0,0,0,0,0.11796246648793565,0.0,0.00017544230976040382,3
013927,0,0,0,0,0,0,0,0,0,0,0,0,0,0,0,0,0,0,0,0,0,0.3967828418230563,0.0,0.0001381027052005187,1
013928,0,0,0,0,0,0,0,0,0,0,0,0,0,0,0,0,0,0,0,0,0,0.053619302949061656,0.004373177842565598,0.00038061438330865845,3
013929,0,0,0,0,0,0,0,0,0,0,0,0,0,0,0,0,0,0,0,0,0,0.900804289544236,0.0014577259475218659,0.0001161785337158155,0
013930,0,0,0,0,0,0,0,0,0,0,0,0,0,0,0,0,0,0,0,0,0,0.30563002680965146,0.0014577259475218659,6.782790553080046e-05,1
013931,0,0,0,0,0,0,0,0,0,0,0,0,0,0,0,0,0,0,0,0,0,0.5093833780160858,0.0014577259475218659,0.00028995695546175525,1
013932,0,0,0,0,0,0,0,0,0,0,0,0,0,0,0,0,0,0,0,0,0,1.5764075067024128,0.0,0.00023852324066170382,2
013933,0,0,0,0,0,0,0,0,0,0,0,0,0,0,0,0,0,0,0,0,0,0.579088471849866,0.0014577259475218659,0.00019433233251284896,1
013934,0,0,0,0,0,0,0,0,0,0,0,0,0,0,0,0,0,0,0,0,0,1.4101876675603218,0.0,0.0002413371689214592,2
013936,0,0,0,0,0,0,0,0,0,0,0,0,0,0,0,0,0,0,0,0,0,0.9597855227882037,0.0,9.768001402559718e-05,0
013937,0,0,0,0,0,0,0,0,0,0,0,0,0,0,0,0,0,0,0,0,0,0.900804289544236,0.0,3.6899163614879905e-05,0
013938,0,0,0,0,0,0,0,0,0,0,0,0,0,0,0,0,0,0,0,0,0,0.18230563002680966,0.0,1.6932507441310935e-05,3
013939,0,0,0,0,0,0,0,0,0,0,0,0,0,0,0,0,0,0,0,0,0,0.11796246648793565,0.002915451895043732,0.00012990560983514417,3
013940,0,0,0,0,0,0,0,0,0,0,0,0,0,0,0,0,0,0,0,0,0,0.08579088471849866,0.004373177842565598,0.0003738364865438562,3
013941,0,0,0,0,0,0,0,0,0,0,0,0,0,0,0,0,0,0,0,0,0,0.11260053619302948,0.0058309037900874635,0.0004244382573366756,3
013946,0,0,0,0,0,0,0,0,0,0,0,0,0,0,0,0,0,0,0,0,0,0.41823056300268097,0.002915451895043732,4.477816274219511e-05,1
013947,0,0,0,0,0,0,0,0,0,0,0,0,0,0,0,0,0,0,0,0,0,0.34316353887399464,0.0,3.543102713152925e-05,1
013948,0,0,0,0,0,0,0,0,0,0,0,0,0,0,0,0,0,0,0,0,0,1.9302949061662198,0.0,2.85797235425595e-05,2
013949,0,0,0,0,0,0,0,0,0,0,0,0,0,0,0,0,0,0,0,0,0,0.010723860589812333,0.00728862973760933,0.0005698571760125585,3
013950,0,0,0,0,0,0,0,0,0,0,0,0,0,0,0,0,0,0,0,0,0,0.053619302949061656,0.004373177842565598,0.00039265310247213383,3
013951,0,0,0,0,0,0,0,0,0,0,0,0,0,0,0,0,0,0,0,0,0,0.938337801608579,0.002915451895043732,0.00033255738242031355,0
013952,0,0,0,0,0,0,0,0,0,0,0,0,0,0,0,0,0,0,0,0,0,1.1635388739946382,0.0014577259475218659,0.0013348810754393369,0
013953,0,0,0,0,0,0,0,0,0,0,0,0,0,0,0,0,0,0,0,0,0,0.03217158176943699,0.008746355685131194,0.0001117985932071527,3
013954,0,0,0,0,0,0,0,0,0,0,0,0,0,0,0,0,0,0,0,0,0,0.0,0.0014577259475218659,0.0003330222923067079,3
013955,0,0,0,0,0,0,0,0,0,0,0,0,0,0,0,0,0,0,0,0,0,0.8203753351206434,0.0014577259475218659,0.0002431234016428692,0
013956,0,0,0,0,0,0,0,0,0,0,0,0,0,0,0,0,0,0,0,0,0,0.021447721179624665,0.0058309037900874635,0.0012725807037683517,3
013959,0,0,0,0,0,0,0,0,0,0,0,0,0,0,0,0,0,0,0,0,0,0.41823056300268097,0.002915451895043732,0.0004957162836033502,1
013960,0,0,0,0,0,0,0,0,0,0,0,0,0,0,0,0,0,0,0,0,0,0.10723860589812333,0.0014577259475218659,6.139257394544674e-05,3
013962,0,0,0,0,0,0,0,0,0,0,0,0,0,0,0,0,0,0,0,0,0,0.11260053619302948,0.0014577259475218659,0.00018850872446222463,3
013963,0,0,0,0,0,0,0,0,0,0,0,0,0,0,0,0,0,0,0,0,0,1.646112600536193,0.004373177842565598,0.000279459779605798,2
013967,0,0,0,0,0,0,0,0,0,0,0,0,0,0,0,0,0,0,0,0,0,0.7774798927613941,0.0,1.720166579659189e-05,0
013969,0,0,0,0,0,0,0,0,0,0,0,0,0,0,0,0,0,0,0,0,0,0.03217158176943699,0.02478134110787172,0.004524845579569511,3
013971,0,0,0,0,0,0,0,0,0,0,0,0,0,0,0,0,0,0,0,0,0,0.09651474530831099,0.01020408163265306,0.0008108517797545693,3
013972,0,0,0,0,0,0,0,0,0,0,0,0,0,0,0,0,0,0,0,0,0,0.37533512064343166,0.0014577259475218659,9.303091516165344e-05,1
013973,0,0,0,0,0,0,0,0,0,0,0,0,0,0,0,0,0,0,0,0,0,1.5335120643431637,0.0,0.00010068969381646606,2
013974,0,0,0,0,0,0,0,0,0,0,0,0,0,0,0,0,0,0,0,0,0,0.257372654155496,0.0,0.00015009248648121574,3
013975,0,0,0,0,0,0,0,0,0,0,0,0,0,0,0,0,0,0,0,0,0,0.16085790884718498,0.00728862973760933,0.0018153018237803118,3
013976,0,0,0,0,0,0,0,0,0,0,0,0,0,0,0,0,0,0,0,0,0,1.1045576407506703,0.0,8.688921087296986e-05,0
013978,0,0,0,0,0,0,0,0,0,0,0,0,0,0,0,0,0,0,0,0,0,0.07506702412868632,0.0014577259475218659,4.4019625559130605e-05,3
013979,0,0,0,0,0,0,0,0,0,0,0,0,0,0,0,0,0,0,0,0,0,0.38605898123324395,0.0,0.0002416797341009077,1
013980,0,0,0,0,0,0,0,0,0,0,0,0,0,0,0,0,0,0,0,0,0,0.3163538873994638,0.0,0.00010494728961818298,1
013982,0,0,0,0,0,0,0,0,0,0,0,0,0,0,0,0,0,0,0,0,0,0.2037533512064343,0.004373177842565598,0.0006058265198546496,3
013983,0,0,0,0,0,0,0,0,0,0,0,0,0,0,0,0,0,0,0,0,0,0.1554959785522788,0.016034985422740525,0.0016568898972267757,3
013984,0,0,0,0,0,0,0,0,0,0,0,0,0,0,0,0,0,0,0,0,0,0.13941018766756033,0.0058309037900874635,8.21422362434694e-05,3
013985,0,0,0,0,0,0,0,0,0,0,0,0,0,0,0,0,0,0,0,0,0,0.0160857908847185,0.02040816326530612,0.0020358648614623594,3
013986,0,0,0,0,0,0,0,0,0,0,0,0,0,0,0,0,0,0,0,0,0,0.08579088471849866,0.0,5.879886615819391e-05,3
013988,0,0,0,0,0,0,0,0,0,0,0,0,0,0,0,0,0,0,0,0,0,0.10187667560321716,0.00728862973760933,0.0017171568998683205,3
013989,0,0,0,0,0,0,0,0,0,0,0,0,0,0,0,0,0,0,0,0,0,0.3485254691689008,0.0014577259475218659,0.00026296771310949226,1
013990,0,0,0,0,0,0,0,0,0,0,0,0,0,0,0,0,0,0,0,0,0,1.1367292225201073,0.0,0.00010372384254872409,0
013991,0,0,0,0,0,0,0,0,0,0,0,0,0,0,0,0,0,0,0,0,0,0.058981233243967826,0.00728862973760933,0.0003063511461925043,3
013992,0,0,0,0,0,0,0,0,0,0,0,0,0,0,0,0,0,0,0,0,0,0.1554959785522788,0.0,1.3898358709052909e-05,3
013993,0,0,0,0,0,0,0,0,0,0,0,0,0,0,0,0,0,0,0,0,0,0.225201072386059,0.011661807580174927,0.0016537334037875719,3
013994,0,0,0,0,0,0,0,0,0,0,0,0,0,0,0,0,0,0,0,0,0,0.0160857908847185,0.00728862973760933,0.0014452824920931676,3
013995,0,0,0,0,0,0,0,0,0,0,0,0,0,0,0,0,0,0,0,0,0,0.07506702412868632,0.0058309037900874635,0.00046833553818886035,3
013999,0,0,0,0,0,0,0,0,0,0,0,0,0,0,0,0,0,0,0,0,0,0.0482573726541555,0.016034985422740525,0.0011574053966494924,3
014000,0,0,0,0,0,0,0,0,0,0,0,0,0,0,0,0,0,0,0,0,0,1.126005361930295,0.0,7.113121261833945e-05,0
014001,0,0,0,0,0,0,0,0,0,0,0,0,0,0,0,0,0,0,0,0,0,0.24128686327077747,0.002915451895043732,0.000337035198694533,3
014002,0,0,0,0,0,0,0,0,0,0,0,0,0,0,0,0,0,0,0,0,0,0.7131367292225201,0.0014577259475218659,0.00027691500970132354,1
014004,0,0,0,0,0,0,0,0,0,0,0,0,0,0,0,0,0,0,0,0,0,0.225201072386059,0.008746355685131194,0.001189582054576261,3
014005,0,0,0,0,0,0,0,0,0,0,0,0,0,0,0,0,0,0,0,0,0,0.0482573726541555,0.0058309037900874635,0.0004528466982895109,3
014006,0,0,0,0,0,0,0,0,0,0,0,0,0,0,0,0,0,0,0,0,0,0.6166219839142091,0.002915451895043732,0.0001736071391562155,1
014009,0,0,0,0,0,0,0,0,0,0,0,0,0,0,0,0,0,0,0,0,0,1.0563002680965148,0.0014577259475218659,0.00028961439028230674,0
014012,0,0,0,0,0,0,0,0,0,0,0,0,0,0,0,0,0,0,0,0,0,1.4852546916890081,0.0,7.580478042367238e-05,2
014013,0,0,0,0,0,0,0,0,0,0,0,0,0,0,0,0,0,0,0,0,0,0.5844504021447722,0.002915451895043732,0.0001145391146427406,1
014014,0,0,0,0,0,0,0,0,0,0,0,0,0,0,0,0,0,0,0,0,0,0.4075067024128686,0.0,5.3782733173412486e-05,1
014015,0,0,0,0,0,0,0,0,0,0,0,0,0,0,0,0,0,0,0,0,0,0.27882037533512066,0.0,0.00015163402978873394,1
014019,0,0,0,0,0,0,0,0,0,0,0,0,0,0,0,0,0,0,0,0,0,0.24664879356568364,0.002915451895043732,0.0003895700158570974,3
014020,0,0,0,0,0,0,0,0,0,0,0,0,0,0,0,0,0,0,0,0,0,0.08579088471849866,0.0014577259475218659,0.00027145843577153694,3
014021,0,0,0,0,0,0,0,0,0,0,0,0,0,0,0,0,0,0,0,0,0,0.8257372654155496,0.002915451895043732,0.00024194889245618864,0
014022,0,0,0,0,0,0,0,0,0,0,0,0,0,0,0,0,0,0,0,0,0,1.2010723860589811,0.0,8.833287841493134e-05,0
014023,0,0,0,0,0,0,0,0,0,0,0,0,0,0,0,0,0,0,0,0,0,0.03217158176943699,0.0014577259475218659,0.0002173576063600651,3
014024,0,0,0,0,0,0,0,0,0,0,0,0,0,0,0,0,0,0,0,0,0,0.6487935656836461,0.0014577259475218659,0.00014448909890309405,1
014027,0,0,0,0,0,0,0,0,0,0,0,0,0,0,0,0,0,0,0,0,0,0.32171581769436997,0.0,3.1051086622866443e-05,1
014029,0,0,0,0,0,0,0,0,0,0,0,0,0,0,0,0,0,0,0,0,0,0.3324396782841823,0.0014577259475218659,0.00015983112515410844,1
014030,0,0,0,0,0,0,0,0,0,0,0,0,0,0,0,0,0,0,0,0,0,0.09115281501340483,0.01020408163265306,0.002410337540482334,3
014031,0,0,0,0,0,0,0,0,0,0,0,0,0,0,0,0,0,0,0,0,0,0.03217158176943699,0.026239067055393583,0.002646560700653455,3
014032,0,0,0,0,0,0,0,0,0,0,0,0,0,0,0,0,0,0,0,0,0,0.005361930294906166,0.014577259475218658,0.0008358345689129196,3
014034,0,0,0,0,0,0,0,0,0,0,0,0,0,0,0,0,0,0,0,0,0,0.11260053619302948,0.002915451895043732,0.0005123306948066019,3
014035,0,0,0,0,0,0,0,0,0,0,0,0,0,0,0,0,0,0,0,0,0,0.15013404825737264,0.0058309037900874635,0.0004534339528828511,3
014036,0,0,0,0,0,0,0,0,0,0,0,0,0,0,0,0,0,0,0,0,0,1.5227882037533513,0.0,0.00040608655129479237,2
014037,0,0,0,0,0,0,0,0,0,0,0,0,0,0,0,0,0,0,0,0,0,0.938337801608579,0.0014577259475218659,0.0002366880700575155,0
014038,0,0,0,0,0,0,0,0,0,0,0,0,0,0,0,0,0,0,0,0,0,0.4128686327077748,0.002915451895043732,0.0004312895609256454,1
014039,0,0,0,0,0,0,0,0,0,0,0,0,0,0,0,0,0,0,0,0,0,0.17158176943699732,0.0,2.9436136491180717e-05,3
014040,0,0,0,0,0,0,0,0,0,0,0,0,0,0,0,0,0,0,0,0,0,0.21447721179624665,0.016034985422740525,0.002194497008488398,3
014041,0,0,0,0,0,0,0,0,0,0,0,0,0,0,0,0,0,0,0,0,0,1.420911528150134,0.0,9.572249871446299e-05,2
014044,0,0,0,0,0,0,0,0,0,0,0,0,0,0,0,0,0,0,0,0,0,0.13941018766756033,0.004373177842565598,0.0013116820721082575,3
014045,0,0,0,0,0,0,0,0,0,0,0,0,0,0,0,0,0,0,0,0,0,0.579088471849866,0.004373177842565598,6.173513912489522e-05,1
014046,0,0,0,0,0,0,0,0,0,0,0,0,0,0,0,0,0,0,0,0,0,1.5174262734584452,0.0,1.8107016627991465e-05,2
014047,0,0,0,0,0,0,0,0,0,0,0,0,0,0,0,0,0,0,0,0,0,0.04289544235924933,0.0058309037900874635,0.0003781919581111298,3
014048,0,0,0,0,0,0,0,0,0,0,0,0,0,0,0,0,0,0,0,0,0,1.6300268096514745,0.0,0.0004548776204248126,2
014049,0,0,0,0,0,0,0,0,0,0,0,0,0,0,0,0,0,0,0,0,0,0.08579088471849866,0.004373177842565598,0.0030691637873859427,3
014050,0,0,0,0,0,0,0,0,0,0,0,0,0,0,0,0,0,0,0,0,0,0.16621983914209115,0.0014577259475218659,0.00020289646199906112,3
014051,0,0,0,0,0,0,0,0,0,0,0,0,0,0,0,0,0,0,0,0,0,0.0,0.03206997084548105,0.002394481666462147,3
014052,0,0,0,0,0,0,0,0,0,0,0,0,0,0,0,0,0,0,0,0,0,0.10187667560321716,0.0,0.00039451274201771135,3
014053,0,0,0,0,0,0,0,0,0,0,0,0,0,0,0,0,0,0,0,0,0,0.6595174262734584,0.0014577259475218659,1.3066414701820869e-05,1
014054,0,0,0,0,0,0,0,0,0,0,0,0,0,0,0,0,0,0,0,0,0,0.34316353887399464,0.0,2.180182677775729e-05,1
014055,0,0,0,0,0,0,0,0,0,0,0,0,0,0,0,0,0,0,0,0,0,0.5630026809651475,0.0,0.00010854422400239208,1
014056,0,0,0,0,0,0,0,0,0,0,0,0,0,0,0,0,0,0,0,0,0,0.0,0.03206997084548105,0.007649676208615832,3
014057,0,0,0,0,0,0,0,0,0,0,0,0,0,0,0,0,0,0,0,0,0,0.12332439678284182,0.023323615160349854,0.0013449598323975393,3
014059,0,0,0,0,0,0,0,0,0,0,0,0,0,0,0,0,0,0,0,0,0,1.4262734584450403,0.0,4.485156956636265e-05,2
014060,0,0,0,0,0,0,0,0,0,0,0,0,0,0,0,0,0,0,0,0,0,0.021447721179624665,0.026239067055393583,0.0007116791603042321,3
014062,0,0,0,0,0,0,0,0,0,0,0,0,0,0,0,0,0,0,0,0,0,0.0482573726541555,0.016034985422740525,0.0007670523746679411,3
014064,0,0,0,0,0,0,0,0,0,0,0,0,0,0,0,0,0,0,0,0,0,0.15013404825737264,0.0058309037900874635,0.0003088714471555896,3
014066,0,0,0,0,0,0,0,0,0,0,0,0,0,0,0,0,0,0,0,0,0,1.4262734584450403,0.0,7.433664394032172e-05,2
014067,0,0,0,0,0,0,0,0,0,0,0,0,0,0,0,0,0,0,0,0,0,0.3378016085790885,0.0014577259475218659,0.0003638042205742934,1
014068,0,0,0,0,0,0,0,0,0,0,0,0,0,0,0,0,0,0,0,0,0,1.710455764075067,0.0,0.00023986903243810857,2
014071,0,0,0,0,0,0,0,0,0,0,0,0,0,0,0,0,0,0,0,0,0,0.0160857908847185,0.01020408163265306,0.0019053230591510968,3
014073,0,0,0,0,0,0,0,0,0,0,0,0,0,0,0,0,0,0,0,0,0,0.16621983914209115,0.0,6.770556082385458e-05,3
014075,0,0,0,0,0,0,0,0,0,0,0,0,0,0,0,0,0,0,0,0,0,0.021447721179624665,0.002915451895043732,0.00019036836400780215,3
014076,0,0,0,0,0,0,0,0,0,0,0,0,0,0,0,0,0,0,0,0,0,0.6863270777479893,0.0,0.00022572598431516388,1
014077,0,0,0,0,0,0,0,0,0,0,0,0,0,0,0,0,0,0,0,0,0,0.21447721179624665,0.0058309037900874635,0.0002735627647310062,3
014078,0,0,0,0,0,0,0,0,0,0,0,0,0,0,0,0,0,0,0,0,0,0.5415549597855228,0.00728862973760933,0.00042590639382002627,1
014079,0,0,0,0,0,0,0,0,0,0,0,0,0,0,0,0,0,0,0,0,0,0.6648793565683646,0.0,9.569802977307381e-05,1
014080,0,0,0,0,0,0,0,0,0,0,0,0,0,0,0,0,0,0,0,0,0,0.17158176943699732,0.0,8.88222572427149e-06,3
014081,0,0,0,0,0,0,0,0,0,0,0,0,0,0,0,0,0,0,0,0,0,1.613941018766756,0.0014577259475218659,0.0011352365357508974,2
014082,0,0,0,0,0,0,0,0,0,0,0,0,0,0,0,0,0,0,0,0,0,1.9517426273458445,0.0,0.00018319896418077312,2
014083,0,0,0,0,0,0,0,0,0,0,0,0,0,0,0,0,0,0,0,0,0,0.0160857908847185,0.011661807580174927,0.0012424349679768848,3
014085,0,0,0,0,0,0,0,0,0,0,0,0,0,0,0,0,0,0,0,0,0,0.005361930294906166,0.02478134110787172,0.002643526551921197,3
014087,0,0,0,0,0,0,0,0,0,0,0,0,0,0,0,0,0,0,0,0,0,0.010723860589812333,0.0,0.00023945306043449255,3
014088,0,0,0,0,0,0,0,0,0,0,0,0,0,0,0,0,0,0,0,0,0,0.0482573726541555,0.01749271137026239,0.008258781566616632,3
014089,0,0,0,0,0,0,0,0,0,0,0,0,0,0,0,0,0,0,0,0,0,0.3002680965147453,0.0,7.519305688894293e-05,1
014090,0,0,0,0,0,0,0,0,0,0,0,0,0,0,0,0,0,0,0,0,0,1.737265415549598,0.0,2.1777357836368115e-06,2
014092,0,0,0,0,0,0,0,0,0,0,0,0,0,0,0,0,0,0,0,0,0,0.03753351206434316,0.018950437317784254,0.0014306255962010502,3
014093,0,0,0,0,0,0,0,0,0,0,0,0,0,0,0,0,0,0,0,0,0,0.058981233243967826,0.0,0.0003823272092059008,3
014096,0,0,0,0,0,0,0,0,0,0,0,0,0,0,0,0,0,0,0,0,0,0.0160857908847185,0.023323615160349854,0.08156056056876584,3
014098,0,0,0,0,0,0,0,0,0,0,0,0,0,0,0,0,0,0,0,0,0,0.19302949061662197,0.0,8.718283816963998e-05,3
014099,0,0,0,0,0,0,0,0,0,0,0,0,0,0,0,0,0,0,0,0,0,0.08042895442359249,0.014577259475218658,0.001586125718729274,3
014100,0,0,0,0,0,0,0,0,0,0,0,0,0,0,0,0,0,0,0,0,0,0.7345844504021448,0.0,0.00021515540163503916,1
014101,0,0,0,0,0,0,0,0,0,0,0,0,0,0,0,0,0,0,0,0,0,0.3914209115281501,0.00728862973760933,0.00014774346810785468,1
014102,0,0,0,0,0,0,0,0,0,0,0,0,0,0,0,0,0,0,0,0,0,0.021447721179624665,0.0058309037900874635,0.0004005810394822274,3
014104,0,0,0,0,0,0,0,0,0,0,0,0,0,0,0,0,0,0,0,0,0,0.8203753351206434,0.0014577259475218659,0.0004072610604814729,0
014105,0,0,0,0,0,0,0,0,0,0,0,0,0,0,0,0,0,0,0,0,0,1.2761394101876675,0.0,0.0005278440036473405,0
014107,0,0,0,0,0,0,0,0,0,0,0,0,0,0,0,0,0,0,0,0,0,0.2734584450402145,0.008746355685131194,0.0007998896940122176,1
014108,0,0,0,0,0,0,0,0,0,0,0,0,0,0,0,0,0,0,0,0,0,0.16085790884718498,0.0014577259475218659,0.0002569238845863654,3
014109,0,0,0,0,0,0,0,0,0,0,0,0,0,0,0,0,0,0,0,0,0,0.38605898123324395,0.0,5.390507788035838e-05,1
014110,0,0,0,0,0,0,0,0,0,0,0,0,0,0,0,0,0,0,0,0,0,0.0160857908847185,0.016034985422740525,0.0008951962207230645,3
014111,0,0,0,0,0,0,0,0,0,0,0,0,0,0,0,0,0,0,0,0,0,0.06970509383378015,0.004373177842565598,8.962973230855774e-05,3
014112,0,0,0,0,0,0,0,0,0,0,0,0,0,0,0,0,0,0,0,0,0,0.11796246648793565,0.008746355685131194,0.0009823790588927045,3
014113,0,0,0,0,0,0,0,0,0,0,0,0,0,0,0,0,0,0,0,0,0,0.0160857908847185,0.004373177842565598,0.0002060040175554867,3
014114,0,0,0,0,0,0,0,0,0,0,0,0,0,0,0,0,0,0,0,0,0,1.4638069705093835,0.0014577259475218659,0.0002312804340105072,2
014116,0,0,0,0,0,0,0,0,0,0,0,0,0,0,0,0,0,0,0,0,0,0.10187667560321716,0.0058309037900874635,0.0005724508837998113,3
014117,0,0,0,0,0,0,0,0,0,0,0,0,0,0,0,0,0,0,0,0,0,0.7667560321715818,0.0,8.759881017325602e-06,0
014121,0,0,0,0,0,0,0,0,0,0,0,0,0,0,0,0,0,0,0,0,0,0.0160857908847185,0.004373177842565598,0.0008921620719908065,3
014124,0,0,0,0,0,0,0,0,0,0,0,0,0,0,0,0,0,0,0,0,0,0.4450402144772118,0.0,3.963968505046781e-06,1
014125,0,0,0,0,0,0,0,0,0,0,0,0,0,0,0,0,0,0,0,0,0,0.053619302949061656,0.002915451895043732,0.0012913973196966293,3
014126,0,0,0,0,0,0,0,0,0,0,0,0,0,0,0,0,0,0,0,0,0,0.03753351206434316,0.002915451895043732,0.00014789028175618975,3
014127,0,0,0,0,0,0,0,0,0,0,0,0,0,0,0,0,0,0,0,0,0,0.6541554959785523,0.002915451895043732,0.0004258819248786371,1
014128,0,0,0,0,0,0,0,0,0,0,0,0,0,0,0,0,0,0,0,0,0,0.32171581769436997,0.0014577259475218659,0.00021287979008584562,1
014129,0,0,0,0,0,0,0,0,0,0,0,0,0,0,0,0,0,0,0,0,0,0.005361930294906166,0.0058309037900874635,0.00034750790560910105,3
014130,0,0,0,0,0,0,0,0,0,0,0,0,0,0,0,0,0,0,0,0,0,1.7050938337801609,0.0,0.0004693387647858166,2
014132,0,0,0,0,0,0,0,0,0,0,0,0,0,0,0,0,0,0,0,0,0,0.005361930294906166,0.014577259475218658,0.0008402145094215824,3
014133,0,0,0,0,0,0,0,0,0,0,0,0,0,0,0,0,0,0,0,0,0,0.6916890080428955,0.002915451895043732,0.0002595909991977858,1
014135,0,0,0,0,0,0,0,0,0,0,0,0,0,0,0,0,0,0,0,0,0,0.005361930294906166,0.02040816326530612,0.000810264525161229,3
014138,0,0,0,0,0,0,0,0,0,0,0,0,0,0,0,0,0,0,0,0,0,0.005361930294906166,0.0014577259475218659,0.0002654390761897992,3
014139,0,0,0,0,0,0,0,0,0,0,0,0,0,0,0,0,0,0,0,0,0,0.24128686327077747,0.0,9.23213158613673e-05,3
014140,0,0,0,0,0,0,0,0,0,0,0,0,0,0,0,0,0,0,0,0,0,0.0160857908847185,0.0014577259475218659,0.0002941411444393046,3
014141,0,0,0,0,0,0,0,0,0,0,0,0,0,0,0,0,0,0,0,0,0,0.010723860589812333,0.004373177842565598,0.000344057784873227,3
014142,0,0,0,0,0,0,0,0,0,0,0,0,0,0,0,0,0,0,0,0,0,1.9946380697050938,0.0,9.489055470723095e-05,2
014143,0,0,0,0,0,0,0,0,0,0,0,0,0,0,0,0,0,0,0,0,0,0.7131367292225201,0.0,9.354476293082618e-05,1
014145,0,0,0,0,0,0,0,0,0,0,0,0,0,0,0,0,0,0,0,0,0,0.24664879356568364,0.004373177842565598,0.00013281741386045632,3
014146,0,0,0,0,0,0,0,0,0,0,0,0,0,0,0,0,0,0,0,0,0,0.04289544235924933,0.0058309037900874635,0.0013530101141145787,3
014147,0,0,0,0,0,0,0,0,0,0,0,0,0,0,0,0,0,0,0,0,0,0.4128686327077748,0.0014577259475218659,5.525086965676315e-05,1
014148,0,0,0,0,0,0,0,0,0,0,0,0,0,0,0,0,0,0,0,0,0,1.2493297587131367,0.0,5.500618024287137e-05,0
014149,0,0,0,0,0,0,0,0,0,0,0,0,0,0,0,0,0,0,0,0,0,1.1796246648793567,0.0,0.00020306774458878535,0
014150,0,0,0,0,0,0,0,0,0,0,0,0,0,0,0,0,0,0,0,0,0,0.18766756032171583,0.0014577259475218659,0.00010661117763264705,3
014152,0,0,0,0,0,0,0,0,0,0,0,0,0,0,0,0,0,0,0,0,0,0.3967828418230563,0.0014577259475218659,0.0001366835065999464,1
014154,0,0,0,0,0,0,0,0,0,0,0,0,0,0,0,0,0,0,0,0,0,1.2761394101876675,0.0014577259475218659,0.0010038872583737917,0
014155,0,0,0,0,0,0,0,0,0,0,0,0,0,0,0,0,0,0,0,0,0,1.420911528150134,0.0,7.959746633899492e-05,2
014157,0,0,0,0,0,0,0,0,0,0,0,0,0,0,0,0,0,0,0,0,0,0.10187667560321716,0.0014577259475218659,0.0002576824217694299,3
014158,0,0,0,0,0,0,0,0,0,0,0,0,0,0,0,0,0,0,0,0,0,0.20911528150134048,0.0,0.0001537383587482032,3
014159,0,0,0,0,0,0,0,0,0,0,0,0,0,0,0,0,0,0,0,0,0,0.10187667560321716,0.014577259475218658,0.0043987571245910784,3
014161,0,0,0,0,0,0,0,0,0,0,0,0,0,0,0,0,0,0,0,0,0,1.1528150134048258,0.002915451895043732,0.000839186813883237,0
014162,0,0,0,0,0,0,0,0,0,0,0,0,0,0,0,0,0,0,0,0,0,0.9276139410187668,0.0014577259475218659,0.00023749554512335835,0
014163,0,0,0,0,0,0,0,0,0,0,0,0,0,0,0,0,0,0,0,0,0,0.4611260053619303,0.004373177842565598,0.0006024498059429432,1
014164,0,0,0,0,0,0,0,0,0,0,0,0,0,0,0,0,0,0,0,0,0,0.37533512064343166,0.0014577259475218659,0.00010986554683740768,1
014165,0,0,0,0,0,0,0,0,0,0,0,0,0,0,0,0,0,0,0,0,0,1.4745308310991958,0.0,0.0001976356396003879,2
014167,0,0,0,0,0,0,0,0,0,0,0,0,0,0,0,0,0,0,0,0,0,0.2037533512064343,0.004373177842565598,0.000546513805927283,3
014171,0,0,0,0,0,0,0,0,0,0,0,0,0,0,0,0,0,0,0,0,0,0.5201072386058981,0.0,0.0004092185757926071,1
014173,0,0,0,0,0,0,0,0,0,0,0,0,0,0,0,0,0,0,0,0,0,0.053619302949061656,0.004373177842565598,0.0003101683010492159,3
014174,0,0,0,0,0,0,0,0,0,0,0,0,0,0,0,0,0,0,0,0,0,0.17158176943699732,0.0,0.00012283408577367183,3
014175,0,0,0,0,0,0,0,0,0,0,0,0,0,0,0,0,0,0,0,0,0,0.3163538873994638,0.002915451895043732,0.00135088131621372,1
014176,0,0,0,0,0,0,0,0,0,0,0,0,0,0,0,0,0,0,0,0,0,1.5871313672922251,0.004373177842565598,0.0002706998985884724,2
014177,0,0,0,0,0,0,0,0,0,0,0,0,0,0,0,0,0,0,0,0,0,0.45576407506702415,0.004373177842565598,0.0004462890219972113,1
014178,0,0,0,0,0,0,0,0,0,0,0,0,0,0,0,0,0,0,0,0,0,0.04289544235924933,0.008746355685131194,0.001362308311842466,3
014179,0,0,0,0,0,0,0,0,0,0,0,0,0,0,0,0,0,0,0,0,0,0.21447721179624665,0.0014577259475218659,0.0011355301630475677,3
014180,0,0,0,0,0,0,0,0,0,0,0,0,0,0,0,0,0,0,0,0,0,0.053619302949061656,0.03498542274052478,0.005467633891294526,3
014184,0,0,0,0,0,0,0,0,0,0,0,0,0,0,0,0,0,0,0,0,0,0.353887399463807,0.0,0.0003177781418212502,1
014185,0,0,0,0,0,0,0,0,0,0,0,0,0,0,0,0,0,0,0,0,0,1.769436997319035,0.0,0.00043806745769044755,2
014188,0,0,0,0,0,0,0,0,0,0,0,0,0,0,0,0,0,0,0,0,0,0.16085790884718498,0.00728862973760933,0.00031371629755064674,3
014189,0,0,0,0,0,0,0,0,0,0,0,0,0,0,0,0,0,0,0,0,0,0.005361930294906166,0.02040816326530612,0.0013988893792192868,3
014191,0,0,0,0,0,0,0,0,0,0,0,0,0,0,0,0,0,0,0,0,0,0.005361930294906166,0.01749271137026239,0.0012628175961540697,3
014193,0,0,0,0,0,0,0,0,0,0,0,0,0,0,0,0,0,0,0,0,0,0.35924932975871315,0.0014577259475218659,0.00027953318642996554,1
014194,0,0,0,0,0,0,0,0,0,0,0,0,0,0,0,0,0,0,0,0,0,0.021447721179624665,0.029154518950437316,0.004798530689007463,3
014195,0,0,0,0,0,0,0,0,0,0,0,0,0,0,0,0,0,0,0,0,0,1.0777479892761395,0.0014577259475218659,0.00010223123712398426,0
014196,0,0,0,0,0,0,0,0,0,0,0,0,0,0,0,0,0,0,0,0,0,0.5683646112600537,0.0,4.751868417778301e-05,1
014198,0,0,0,0,0,0,0,0,0,0,0,0,0,0,0,0,0,0,0,0,0,0.09115281501340483,0.004373177842565598,0.0004515009065131061,3
014199,0,0,0,0,0,0,0,0,0,0,0,0,0,0,0,0,0,0,0,0,0,1.1635388739946382,0.0,2.845737883561361e-05,0
014201,0,0,0,0,0,0,0,0,0,0,0,0,0,0,0,0,0,0,0,0,0,0.3163538873994638,0.008746355685131194,0.0002300814558824375,1
014204,0,0,0,0,0,0,0,0,0,0,0,0,0,0,0,0,0,0,0,0,0,0.005361930294906166,0.0,0.00025851436577666194,3
014205,0,0,0,0,0,0,0,0,0,0,0,0,0,0,0,0,0,0,0,0,0,0.08579088471849866,0.0014577259475218659,0.00024434684871232806,3
014206,0,0,0,0,0,0,0,0,0,0,0,0,0,0,0,0,0,0,0,0,0,1.2761394101876675,0.0,8.752540334908846e-05,0
014208,0,0,0,0,0,0,0,0,0,0,0,0,0,0,0,0,0,0,0,0,0,0.5040214477211796,0.0,8.588598427601355e-05,1
014209,0,0,0,0,0,0,0,0,0,0,0,0,0,0,0,0,0,0,0,0,0,0.053619302949061656,0.00728862973760933,0.0011260362137885667,3
014210,0,0,0,0,0,0,0,0,0,0,0,0,0,0,0,0,0,0,0,0,0,0.5630026809651475,0.00728862973760933,0.0009520865094529026,1
014211,0,0,0,0,0,0,0,0,0,0,0,0,0,0,0,0,0,0,0,0,0,0.27882037533512066,0.011661807580174927,0.0007591733755406261,1
014212,0,0,0,0,0,0,0,0,0,0,0,0,0,0,0,0,0,0,0,0,0,0.4772117962466488,0.0,2.7160524941987195e-05,1
014214,0,0,0,0,0,0,0,0,0,0,0,0,0,0,0,0,0,0,0,0,0,0.16085790884718498,0.0058309037900874635,0.0003833304358028572,3
014215,0,0,0,0,0,0,0,0,0,0,0,0,0,0,0,0,0,0,0,0,0,0.058981233243967826,0.00728862973760933,0.0005865449940399777,3
014216,0,0,0,0,0,0,0,0,0,0,0,0,0,0,0,0,0,0,0,0,0,0.010723860589812333,0.004373177842565598,0.0006804567910916415,3
014217,0,0,0,0,0,0,0,0,0,0,0,0,0,0,0,0,0,0,0,0,0,0.005361930294906166,0.023323615160349854,0.001344274702038642,3
014218,0,0,0,0,0,0,0,0,0,0,0,0,0,0,0,0,0,0,0,0,0,0.225201072386059,0.0,4.1866358716882975e-05,3
014219,0,0,0,0,0,0,0,0,0,0,0,0,0,0,0,0,0,0,0,0,0,0.0160857908847185,0.0,3.8783272101846586e-05,3
014220,0,0,0,0,0,0,0,0,0,0,0,0,0,0,0,0,0,0,0,0,0,1.3190348525469169,0.0014577259475218659,0.00017409651798399903,0
014221,0,0,0,0,0,0,0,0,0,0,0,0,0,0,0,0,0,0,0,0,0,0.21983914209115282,0.011661807580174927,0.0015443817047193372,3
014222,0,0,0,0,0,0,0,0,0,0,0,0,0,0,0,0,0,0,0,0,0,0.9436997319034852,0.0,0.0001708176798378492,0
014223,0,0,0,0,0,0,0,0,0,0,0,0,0,0,0,0,0,0,0,0,0,0.4879356568364611,0.002915451895043732,0.0005721327875617521,1
014224,0,0,0,0,0,0,0,0,0,0,0,0,0,0,0,0,0,0,0,0,0,0.5844504021447722,0.004373177842565598,0.0011134591779145293,1
014226,0,0,0,0,0,0,0,0,0,0,0,0,0,0,0,0,0,0,0,0,0,0.15013404825737264,0.0058309037900874635,0.0004749666213053275,3
014227,0,0,0,0,0,0,0,0,0,0,0,0,0,0,0,0,0,0,0,0,0,0.13404825737265416,0.013119533527696792,0.0012195320388366144,3
014229,0,0,0,0,0,0,0,0,0,0,0,0,0,0,0,0,0,0,0,0,0,0.2734584450402145,0.002915451895043732,0.0003147439930889922,1
014231,0,0,0,0,0,0,0,0,0,0,0,0,0,0,0,0,0,0,0,0,0,0.9812332439678284,0.002915451895043732,0.00044854016460501564,0
014232,0,0,0,0,0,0,0,0,0,0,0,0,0,0,0,0,0,0,0,0,0,0.225201072386059,0.0058309037900874635,0.0005127956046929962,3
014233,0,0,0,0,0,0,0,0,0,0,0,0,0,0,0,0,0,0,0,0,0,0.257372654155496,0.004373177842565598,0.00023857217854448214,3
014234,0,0,0,0,0,0,0,0,0,0,0,0,0,0,0,0,0,0,0,0,0,0.11260053619302948,0.004373177842565598,0.0006185993072598003,3
014235,0,0,0,0,0,0,0,0,0,0,0,0,0,0,0,0,0,0,0,0,0,0.3967828418230563,0.0058309037900874635,0.0003896678916226542,1
014236,0,0,0,0,0,0,0,0,0,0,0,0,0,0,0,0,0,0,0,0,0,0.4289544235924933,0.0014577259475218659,7.538880842005635e-05,1
014237,0,0,0,0,0,0,0,0,0,0,0,0,0,0,0,0,0,0,0,0,0,1.9946380697050938,0.0,0.00015642994230101275,2
014238,0,0,0,0,0,0,0,0,0,0,0,0,0,0,0,0,0,0,0,0,0,1.742627345844504,0.0,4.4362190738579085e-05,2
014239,0,0,0,0,0,0,0,0,0,0,0,0,0,0,0,0,0,0,0,0,0,0.225201072386059,0.014577259475218658,0.0009880069154122155,3
014240,0,0,0,0,0,0,0,0,0,0,0,0,0,0,0,0,0,0,0,0,0,0.1554959785522788,0.0014577259475218659,0.0003530868242458336,3
014241,0,0,0,0,0,0,0,0,0,0,0,0,0,0,0,0,0,0,0,0,0,0.9812332439678284,0.0,4.7420808412226304e-05,0
014242,0,0,0,0,0,0,0,0,0,0,0,0,0,0,0,0,0,0,0,0,0,1.2546916890080428,0.0014577259475218659,0.00014524763608615856,0
014243,0,0,0,0,0,0,0,0,0,0,0,0,0,0,0,0,0,0,0,0,0,0.04289544235924933,0.013119533527696792,0.0013662722803475128,3
014245,0,0,0,0,0,0,0,0,0,0,0,0,0,0,0,0,0,0,0,0,0,1.1742627345844505,0.0014577259475218659,0.0008264629643608646,0
014246,0,0,0,0,0,0,0,0,0,0,0,0,0,0,0,0,0,0,0,0,0,0.5898123324396783,0.002915451895043732,0.0005452658899164349,1
014247,0,0,0,0,0,0,0,0,0,0,0,0,0,0,0,0,0,0,0,0,0,1.4852546916890081,0.0,0.00019102902542530995,2
014248,0,0,0,0,0,0,0,0,0,0,0,0,0,0,0,0,0,0,0,0,0,1.6997319034852547,0.0,5.933718286875582e-05,2
014250,0,0,0,0,0,0,0,0,0,0,0,0,0,0,0,0,0,0,0,0,0,0.03217158176943699,0.002915451895043732,0.0006751225618688007,3
014251,0,0,0,0,0,0,0,0,0,0,0,0,0,0,0,0,0,0,0,0,0,0.005361930294906166,0.0058309037900874635,0.00039451274201771135,3
014256,0,0,0,0,0,0,0,0,0,0,0,0,0,0,0,0,0,0,0,0,0,1.388739946380697,0.0014577259475218659,0.0005250545443289742,2
014257,0,0,0,0,0,0,0,0,0,0,0,0,0,0,0,0,0,0,0,0,0,0.3378016085790885,0.0058309037900874635,0.0007359034122795181,1
014258,0,0,0,0,0,0,0,0,0,0,0,0,0,0,0,0,0,0,0,0,0,0.04289544235924933,0.011661807580174927,0.0010420098690581306,3
014259,0,0,0,0,0,0,0,0,0,0,0,0,0,0,0,0,0,0,0,0,0,0.7560321715817695,0.0,3.4207580062070364e-05,0
014261,0,0,0,0,0,0,0,0,0,0,0,0,0,0,0,0,0,0,0,0,0,0.2680965147453083,0.0014577259475218659,0.0006439246615975992,3
014262,0,0,0,0,0,0,0,0,0,0,0,0,0,0,0,0,0,0,0,0,0,0.03753351206434316,0.01020408163265306,0.0007311319687086285,3
014264,0,0,0,0,0,0,0,0,0,0,0,0,0,0,0,0,0,0,0,0,0,0.8257372654155496,0.0014577259475218659,0.0002749574943901893,0
014267,0,0,0,0,0,0,0,0,0,0,0,0,0,0,0,0,0,0,0,0,0,0.868632707774799,0.002915451895043732,0.0005905334314864136,0
014270,0,0,0,0,0,0,0,0,0,0,0,0,0,0,0,0,0,0,0,0,0,1.774798927613941,0.0,0.00032391984610993384,2
014271,0,0,0,0,0,0,0,0,0,0,0,0,0,0,0,0,0,0,0,0,0,1.2064343163538873,0.0,6.053616099682552e-05,0
014272,0,0,0,0,0,0,0,0,0,0,0,0,0,0,0,0,0,0,0,0,0,0.3914209115281501,0.0014577259475218659,0.00018268511641160036,1
014273,0,0,0,0,0,0,0,0,0,0,0,0,0,0,0,0,0,0,0,0,0,0.2680965147453083,0.004373177842565598,0.00017590721964679817,3
014276,0,0,0,0,0,0,0,0,0,0,0,0,0,0,0,0,0,0,0,0,0,0.5254691689008043,0.002915451895043732,0.0003483643185577223,1
014280,0,0,0,0,0,0,0,0,0,0,0,0,0,0,0,0,0,0,0,0,0,1.0509383378016086,0.0,9.224790903719975e-05,0
014282,0,0,0,0,0,0,0,0,0,0,0,0,0,0,0,0,0,0,0,0,0,0.010723860589812333,0.02040816326530612,0.0006104511497772042,3
014284,0,0,0,0,0,0,0,0,0,0,0,0,0,0,0,0,0,0,0,0,0,0.16085790884718498,0.0014577259475218659,0.0003771397936313952,3
014285,0,0,0,0,0,0,0,0,0,0,0,0,0,0,0,0,0,0,0,0,0,0.10723860589812333,0.004373177842565598,0.0003180473001765312,3
014286,0,0,0,0,0,0,0,0,0,0,0,0,0,0,0,0,0,0,0,0,0,0.12332439678284182,0.002915451895043732,0.0010568625164813614,3
014287,0,0,0,0,0,0,0,0,0,0,0,0,0,0,0,0,0,0,0,0,0,0.03753351206434316,0.002915451895043732,4.1719545068547905e-05,3
014288,0,0,0,0,0,0,0,0,0,0,0,0,0,0,0,0,0,0,0,0,0,1.1367292225201073,0.0,0.0001172796360783285,0
014289,0,0,0,0,0,0,0,0,0,0,0,0,0,0,0,0,0,0,0,0,0,0.04289544235924933,0.00728862973760933,0.0006144395872236402,3
014290,0,0,0,0,0,0,0,0,0,0,0,0,0,0,0,0,0,0,0,0,0,0.053619302949061656,0.0058309037900874635,0.0009023900894914829,3
014291,0,0,0,0,0,0,0,0,0,0,0,0,0,0,0,0,0,0,0,0,0,0.005361930294906166,0.014577259475218658,0.0015032249453027402,3
014292,0,0,0,0,0,0,0,0,0,0,0,0,0,0,0,0,0,0,0,0,0,0.03753351206434316,0.011661807580174927,0.0008183148068782685,3
014293,0,0,0,0,0,0,0,0,0,0,0,0,0,0,0,0,0,0,0,0,0,0.010723860589812333,0.004373177842565598,0.0003289115101533261,3
014295,0,0,0,0,0,0,0,0,0,0,0,0,0,0,0,0,0,0,0,0,0,0.20911528150134048,0.0,2.3196556436940418e-05,3
014297,0,0,0,0,0,0,0,0,0,0,0,0,0,0,0,0,0,0,0,0,0,0.09115281501340483,0.004373177842565598,0.0003548730569672435,3
014298,0,0,0,0,0,0,0,0,0,0,0,0,0,0,0,0,0,0,0,0,0,0.03753351206434316,0.06268221574344024,0.00599983336650914,3
014299,0,0,0,0,0,0,0,0,0,0,0,0,0,0,0,0,0,0,0,0,0,0.03753351206434316,0.011661807580174927,0.0010814293336360958,3
014300,0,0,0,0,0,0,0,0,0,0,0,0,0,0,0,0,0,0,0,0,0,0.09651474530831099,0.0,9.738638672892707e-06,3
014301,0,0,0,0,0,0,0,0,0,0,0,0,0,0,0,0,0,0,0,0,0,0.6219839142091153,0.0,4.2600426958558297e-05,1
014304,0,0,0,0,0,0,0,0,0,0,0,0,0,0,0,0,0,0,0,0,0,1.190348525469169,0.0,0.00020279858623350441,0
014305,0,0,0,0,0,0,0,0,0,0,0,0,0,0,0,0,0,0,0,0,0,0.37533512064343166,0.002915451895043732,0.0006041871007815748,1
014306,0,0,0,0,0,0,0,0,0,0,0,0,0,0,0,0,0,0,0,0,0,0.2680965147453083,0.0014577259475218659,0.0003334872021931023,3
014307,0,0,0,0,0,0,0,0,0,0,0,0,0,0,0,0,0,0,0,0,0,0.4718498659517426,0.00728862973760933,0.0010947159688104193,1
014309,0,0,0,0,0,0,0,0,0,0,0,0,0,0,0,0,0,0,0,0,0,0.03753351206434316,0.011661807580174927,0.0007027479966971823,3
014311,0,0,0,0,0,0,0,0,0,0,0,0,0,0,0,0,0,0,0,0,0,1.2975871313672922,0.0,0.00024838422404154236,0
014312,0,0,0,0,0,0,0,0,0,0,0,0,0,0,0,0,0,0,0,0,0,0.24664879356568364,0.00728862973760933,0.0007548913107975199,3
014314,0,0,0,0,0,0,0,0,0,0,0,0,0,0,0,0,0,0,0,0,0,0.5683646112600537,0.0,1.2625973756815672e-05,1
014315,0,0,0,0,0,0,0,0,0,0,0,0,0,0,0,0,0,0,0,0,0,0.2359249329758713,0.00728862973760933,0.0009164597307902599,3
014317,0,0,0,0,0,0,0,0,0,0,0,0,0,0,0,0,0,0,0,0,0,0.34316353887399464,0.0,0.0001814861382835307,1
014320,0,0,0,0,0,0,0,0,0,0,0,0,0,0,0,0,0,0,0,0,0,1.1045576407506703,0.0014577259475218659,0.00014808603328730316,0
014321,0,0,0,0,0,0,0,0,0,0,0,0,0,0,0,0,0,0,0,0,0,0.053619302949061656,0.0058309037900874635,0.0004265670552375341,3
014323,0,0,0,0,0,0,0,0,0,0,0,0,0,0,0,0,0,0,0,0,0,0.6112600536193029,0.0014577259475218659,0.0002635304987614434,1
014326,0,0,0,0,0,0,0,0,0,0,0,0,0,0,0,0,0,0,0,0,0,1.292225201072386,0.0,5.4394456708141935e-05,0
014327,0,0,0,0,0,0,0,0,0,0,0,0,0,0,0,0,0,0,0,0,0,0.868632707774799,0.0,7.55600910097806e-05,0
014329,0,0,0,0,0,0,0,0,0,0,0,0,0,0,0,0,0,0,0,0,0,0.08579088471849866,0.008746355685131194,0.0018036790766204525,3
014331,0,0,0,0,0,0,0,0,0,0,0,0,0,0,0,0,0,0,0,0,0,0.6595174262734584,0.0014577259475218659,0.00020644445850049185,1
014332,0,0,0,0,0,0,0,0,0,0,0,0,0,0,0,0,0,0,0,0,0,0.11796246648793565,0.002915451895043732,0.00013423661246102862,3
014333,0,0,0,0,0,0,0,0,0,0,0,0,0,0,0,0,0,0,0,0,0,0.35924932975871315,0.0,0.00029553587409848775,1
014334,0,0,0,0,0,0,0,0,0,0,0,0,0,0,0,0,0,0,0,0,0,0.08579088471849866,0.01020408163265306,0.0013043413896915042,3
014336,0,0,0,0,0,0,0,0,0,0,0,0,0,0,0,0,0,0,0,0,0,0.08579088471849866,0.004373177842565598,0.00035526456002947044,3
014338,0,0,0,0,0,0,0,0,0,0,0,0,0,0,0,0,0,0,0,0,0,0.8579088471849866,0.0014577259475218659,0.0002762298793424266,0
014339,0,0,0,0,0,0,0,0,0,0,0,0,0,0,0,0,0,0,0,0,0,1.2975871313672922,0.0,6.922263518998359e-05,0
014340,0,0,0,0,0,0,0,0,0,0,0,0,0,0,0,0,0,0,0,0,0,1.1689008042895443,0.0,4.264936484133666e-05,0
014341,0,0,0,0,0,0,0,0,0,0,0,0,0,0,0,0,0,0,0,0,0,0.2359249329758713,0.01020408163265306,0.0008057133020628419,3
014342,0,0,0,0,0,0,0,0,0,0,0,0,0,0,0,0,0,0,0,0,0,0.10723860589812333,0.004373177842565598,0.00014811050222869235,3
014344,0,0,0,0,0,0,0,0,0,0,0,0,0,0,0,0,0,0,0,0,0,0.675603217158177,0.01020408163265306,0.000733701207554492,1
014345,0,0,0,0,0,0,0,0,0,0,0,0,0,0,0,0,0,0,0,0,0,0.2037533512064343,0.0,5.0821991265321996e-05,3
014346,0,0,0,0,0,0,0,0,0,0,0,0,0,0,0,0,0,0,0,0,0,0.6434316353887399,0.0014577259475218659,0.0006752693755171358,1
014348,0,0,0,0,0,0,0,0,0,0,0,0,0,0,0,0,0,0,0,0,0,1.388739946380697,0.0,0.00013005242348347924,2
014349,0,0,0,0,0,0,0,0,0,0,0,0,0,0,0,0,0,0,0,0,0,0.0482573726541555,0.0,0.00017551571658457133,3
014350,0,0,0,0,0,0,0,0,0,0,0,0,0,0,0,0,0,0,0,0,0,1.4638069705093835,0.0,0.0001002981907542392,2
014351,0,0,0,0,0,0,0,0,0,0,0,0,0,0,0,0,0,0,0,0,0,0.8793565683646113,0.0,9.983328086784483e-06,0
014352,0,0,0,0,0,0,0,0,0,0,0,0,0,0,0,0,0,0,0,0,0,0.8364611260053619,0.004373177842565598,0.00044418469303774197,0
014353,0,0,0,0,0,0,0,0,0,0,0,0,0,0,0,0,0,0,0,0,0,1.1474530831099197,0.0,1.9648559935509653e-05,0
014354,0,0,0,0,0,0,0,0,0,0,0,0,0,0,0,0,0,0,0,0,0,0.02680965147453083,0.0014577259475218659,2.684242870392789e-05,3
014355,0,0,0,0,0,0,0,0,0,0,0,0,0,0,0,0,0,0,0,0,0,1.9571045576407506,0.0,7.629415925145593e-05,2
014356,0,0,0,0,0,0,0,0,0,0,0,0,0,0,0,0,0,0,0,0,0,0.42359249329758714,0.0014577259475218659,0.000314719524147603,1
014357,0,0,0,0,0,0,0,0,0,0,0,0,0,0,0,0,0,0,0,0,0,0.225201072386059,0.0,0.00019523768334424852,3
014359,0,0,0,0,0,0,0,0,0,0,0,0,0,0,0,0,0,0,0,0,0,0.09651474530831099,0.002915451895043732,0.000527501438467892,3
014360,0,0,0,0,0,0,0,0,0,0,0,0,0,0,0,0,0,0,0,0,0,0.16621983914209115,0.004373177842565598,0.0008947802487194487,3
014362,0,0,0,0,0,0,0,0,0,0,0,0,0,0,0,0,0,0,0,0,0,0.11260053619302948,0.0,0.00023318901143886306,3
014364,0,0,0,0,0,0,0,0,0,0,0,0,0,0,0,0,0,0,0,0,0,0.579088471849866,0.01020408163265306,0.0005104955242024135,1
014367,0,0,0,0,0,0,0,0,0,0,0,0,0,0,0,0,0,0,0,0,0,0.03753351206434316,0.021865889212827987,0.00407141162668666,3
014368,0,0,0,0,0,0,0,0,0,0,0,0,0,0,0,0,0,0,0,0,0,1.710455764075067,0.0,0.00011948184080335449,2
014371,0,0,0,0,0,0,0,0,0,0,0,0,0,0,0,0,0,0,0,0,0,1.5764075067024128,0.0,3.653212949404224e-05,2
014373,0,0,0,0,0,0,0,0,0,0,0,0,0,0,0,0,0,0,0,0,0,1.9142091152815013,0.0,0.00011336460545606008,2
014375,0,0,0,0,0,0,0,0,0,0,0,0,0,0,0,0,0,0,0,0,0,0.9865951742627346,0.0,0.00034440035005267545,0
014377,0,0,0,0,0,0,0,0,0,0,0,0,0,0,0,0,0,0,0,0,0,1.0187667560321716,0.0014577259475218659,0.0002458639230784571,0
014379,0,0,0,0,0,0,0,0,0,0,0,0,0,0,0,0,0,0,0,0,0,0.23056300268096513,0.0014577259475218659,0.0002429031811703666,3
014381,0,0,0,0,0,0,0,0,0,0,0,0,0,0,0,0,0,0,0,0,0,0.2734584450402145,0.0,0.00022264289770012748,1
014382,0,0,0,0,0,0,0,0,0,0,0,0,0,0,0,0,0,0,0,0,0,0.13404825737265416,0.0,0.0005158786913080326,3
014383,0,0,0,0,0,0,0,0,0,0,0,0,0,0,0,0,0,0,0,0,0,0.19839142091152814,0.002915451895043732,0.0004797380648762171,3
014385,0,0,0,0,0,0,0,0,0,0,0,0,0,0,0,0,0,0,0,0,0,0.04289544235924933,0.002915451895043732,5.495724236009302e-05,3
014386,0,0,0,0,0,0,0,0,0,0,0,0,0,0,0,0,0,0,0,0,0,1.5871313672922251,0.0,6.613954857494721e-05,2
014387,0,0,0,0,0,0,0,0,0,0,0,0,0,0,0,0,0,0,0,0,0,0.17158176943699732,0.002915451895043732,0.001158188402773946,3
014388,0,0,0,0,0,0,0,0,0,0,0,0,0,0,0,0,0,0,0,0,0,0.0482573726541555,0.01020408163265306,0.0012366358288676497,3
014389,0,0,0,0,0,0,0,0,0,0,0,0,0,0,0,0,0,0,0,0,0,0.34316353887399464,0.0014577259475218659,0.00023448586533248946,1
014390,0,0,0,0,0,0,0,0,0,0,0,0,0,0,0,0,0,0,0,0,0,0.0482573726541555,0.011661807580174927,0.0021549062613207084,3
014393,0,0,0,0,0,0,0,0,0,0,0,0,0,0,0,0,0,0,0,0,0,1.1635388739946382,0.0,6.552782504021777e-05,0
014395,0,0,0,0,0,0,0,0,0,0,0,0,0,0,0,0,0,0,0,0,0,0.005361930294906166,0.011661807580174927,0.002386455853686497,3
014396,0,0,0,0,0,0,0,0,0,0,0,0,0,0,0,0,0,0,0,0,0,0.34316353887399464,0.0014577259475218659,0.0004688004480752547,1
014397,0,0,0,0,0,0,0,0,0,0,0,0,0,0,0,0,0,0,0,0,0,0.010723860589812333,0.026239067055393583,0.0004421537709024403,3
014400,0,0,0,0,0,0,0,0,0,0,0,0,0,0,0,0,0,0,0,0,0,0.7935656836461126,0.0,0.00010582817150819337,0
014401,0,0,0,0,0,0,0,0,0,0,0,0,0,0,0,0,0,0,0,0,0,0.0160857908847185,0.01749271137026239,0.0006228813720029065,3
014403,0,0,0,0,0,0,0,0,0,0,0,0,0,0,0,0,0,0,0,0,0,0.6916890080428955,0.004373177842565598,0.0003056170779508289,1
014404,0,0,0,0,0,0,0,0,0,0,0,0,0,0,0,0,0,0,0,0,0,0.1769436997319035,0.00728862973760933,0.0007723376660080036,3
014406,0,0,0,0,0,0,0,0,0,0,0,0,0,0,0,0,0,0,0,0,0,0.6327077747989276,0.0,7.387173405392734e-05,1
014407,0,0,0,0,0,0,0,0,0,0,0,0,0,0,0,0,0,0,0,0,0,0.5683646112600537,0.00728862973760933,0.0006339168645694256,1
014408,0,0,0,0,0,0,0,0,0,0,0,0,0,0,0,0,0,0,0,0,0,0.053619302949061656,0.008746355685131194,0.0004950800911272316,3
014409,0,0,0,0,0,0,0,0,0,0,0,0,0,0,0,0,0,0,0,0,0,0.37533512064343166,0.00728862973760933,0.0003701416763940904,1
014410,0,0,0,0,0,0,0,0,0,0,0,0,0,0,0,0,0,0,0,0,0,0.4879356568364611,0.011661807580174927,0.0011216073353971256,1
014411,0,0,0,0,0,0,0,0,0,0,0,0,0,0,0,0,0,0,0,0,0,1.6621983914209115,0.0,0.00027963106219552224,2
014412,0,0,0,0,0,0,0,0,0,0,0,0,0,0,0,0,0,0,0,0,0,0.225201072386059,0.0014577259475218659,0.00024204676822174538,3
014413,0,0,0,0,0,0,0,0,0,0,0,0,0,0,0,0,0,0,0,0,0,1.935656836461126,0.0,0.00015753104466352573,2
014414,0,0,0,0,0,0,0,0,0,0,0,0,0,0,0,0,0,0,0,0,0,0.4879356568364611,0.008746355685131194,0.00021664800705977895,1
014415,0,0,0,0,0,0,0,0,0,0,0,0,0,0,0,0,0,0,0,0,0,0.0,0.01749271137026239,0.0042597980064419385,3
014416,0,0,0,0,0,0,0,0,0,0,0,0,0,0,0,0,0,0,0,0,0,0.11260053619302948,0.0014577259475218659,5.674347508150299e-05,3
014418,0,0,0,0,0,0,0,0,0,0,0,0,0,0,0,0,0,0,0,0,0,0.0160857908847185,0.002915451895043732,0.0006490876082307157,3
014419,0,0,0,0,0,0,0,0,0,0,0,0,0,0,0,0,0,0,0,0,0,0.053619302949061656,0.00728862973760933,0.0012618388384985026,3
014420,0,0,0,0,0,0,0,0,0,0,0,0,0,0,0,0,0,0,0,0,0,0.5254691689008043,0.0,0.00010825059670572195,1
014421,0,0,0,0,0,0,0,0,0,0,0,0,0,0,0,0,0,0,0,0,0,0.3002680965147453,0.0014577259475218659,0.000173680545980383,1
014422,0,0,0,0,0,0,0,0,0,0,0,0,0,0,0,0,0,0,0,0,0,0.0,0.00728862973760933,0.0015261278744430106,3
014423,0,0,0,0,0,0,0,0,0,0,0,0,0,0,0,0,0,0,0,0,0,1.1635388739946382,0.0,1.4143048122944684e-05,0
014424,0,0,0,0,0,0,0,0,0,0,0,0,0,0,0,0,0,0,0,0,0,0.09115281501340483,0.0,1.6002687668522186e-05,3
014426,0,0,0,0,0,0,0,0,0,0,0,0,0,0,0,0,0,0,0,0,0,0.12332439678284182,0.013119533527696792,0.0017898785936769563,3
014427,0,0,0,0,0,0,0,0,0,0,0,0,0,0,0,0,0,0,0,0,0,0.26273458445040215,0.0014577259475218659,8.22401120090261e-05,3
014428,0,0,0,0,0,0,0,0,0,0,0,0,0,0,0,0,0,0,0,0,0,0.03217158176943699,0.0058309037900874635,0.00147288345798016,3
014431,0,0,0,0,0,0,0,0,0,0,0,0,0,0,0,0,0,0,0,0,0,1.6193029490616622,0.0,0.00019467489769229744,2
014432,0,0,0,0,0,0,0,0,0,0,0,0,0,0,0,0,0,0,0,0,0,0.0482573726541555,0.00728862973760933,0.001355677228725999,3
014434,0,0,0,0,0,0,0,0,0,0,0,0,0,0,0,0,0,0,0,0,0,0.11260053619302948,0.00728862973760933,0.000130297112897371,3
014436,0,0,0,0,0,0,0,0,0,0,0,0,0,0,0,0,0,0,0,0,0,0.5254691689008043,0.0,4.622183028415659e-05,1
014437,0,0,0,0,0,0,0,0,0,0,0,0,0,0,0,0,0,0,0,0,0,1.9571045576407506,0.0,1.243022222570225e-05,2
014438,0,0,0,0,0,0,0,0,0,0,0,0,0,0,0,0,0,0,0,0,0,1.6353887399463807,0.0,3.469695888985392e-05,2
014440,0,0,0,0,0,0,0,0,0,0,0,0,0,0,0,0,0,0,0,0,0,0.03753351206434316,0.0058309037900874635,0.0006324242591446858,3
014441,0,0,0,0,0,0,0,0,0,0,0,0,0,0,0,0,0,0,0,0,0,0.0,0.004373177842565598,0.0006914433457753823,3
014443,0,0,0,0,0,0,0,0,0,0,0,0,0,0,0,0,0,0,0,0,0,0.28418230563002683,0.004373177842565598,0.0005772712652534793,1
014446,0,0,0,0,0,0,0,0,0,0,0,0,0,0,0,0,0,0,0,0,0,0.0,0.004373177842565598,0.00131755461804166,3
014447,0,0,0,0,0,0,0,0,0,0,0,0,0,0,0,0,0,0,0,0,0,0.09651474530831099,0.0058309037900874635,0.0004409058548915922,3
014448,0,0,0,0,0,0,0,0,0,0,0,0,0,0,0,0,0,0,0,0,0,0.04289544235924933,0.0014577259475218659,0.00013257272444656455,3
014449,0,0,0,0,0,0,0,0,0,0,0,0,0,0,0,0,0,0,0,0,0,0.09651474530831099,0.004373177842565598,0.0010460227754459557,3
014450,0,0,0,0,0,0,0,0,0,0,0,0,0,0,0,0,0,0,0,0,0,0.9651474530831099,0.002915451895043732,0.00027270635178238496,0
014451,0,0,0,0,0,0,0,0,0,0,0,0,0,0,0,0,0,0,0,0,0,0.3163538873994638,0.0014577259475218659,0.0005248832617392499,1
014452,0,0,0,0,0,0,0,0,0,0,0,0,0,0,0,0,0,0,0,0,0,0.053619302949061656,0.0014577259475218659,0.0004740857394153171,3
014453,0,0,0,0,0,0,0,0,0,0,0,0,0,0,0,0,0,0,0,0,0,1.0134048257372654,0.0,0.00020292093094045029,0
014456,0,0,0,0,0,0,0,0,0,0,0,0,0,0,0,0,0,0,0,0,0,0.021447721179624665,0.011661807580174927,0.004214334713340847,3
014457,0,0,0,0,0,0,0,0,0,0,0,0,0,0,0,0,0,0,0,0,0,1.6621983914209115,0.0,1.1867436573751165e-05,2
014459,0,0,0,0,0,0,0,0,0,0,0,0,0,0,0,0,0,0,0,0,0,0.8257372654155496,0.0,0.0003107066177597779,0
014460,0,0,0,0,0,0,0,0,0,0,0,0,0,0,0,0,0,0,0,0,0,0.5844504021447722,0.002915451895043732,2.5594512693079823e-05,1
014461,0,0,0,0,0,0,0,0,0,0,0,0,0,0,0,0,0,0,0,0,0,0.7882037533512064,0.002915451895043732,0.0016388318184815626,0
014462,0,0,0,0,0,0,0,0,0,0,0,0,0,0,0,0,0,0,0,0,0,0.3485254691689008,0.014577259475218658,0.001693544371427764,1
014463,0,0,0,0,0,0,0,0,0,0,0,0,0,0,0,0,0,0,0,0,0,0.5201072386058981,0.002915451895043732,8.732965181797505e-05,1
014465,0,0,0,0,0,0,0,0,0,0,0,0,0,0,0,0,0,0,0,0,0,1.3190348525469169,0.002915451895043732,0.000899233596052279,0
014466,0,0,0,0,0,0,0,0,0,0,0,0,0,0,0,0,0,0,0,0,0,0.15013404825737264,0.008746355685131194,0.0006679531620417717,3
014467,0,0,0,0,0,0,0,0,0,0,0,0,0,0,0,0,0,0,0,0,0,0.09115281501340483,0.004373177842565598,0.0006070744358654978,3
014470,0,0,0,0,0,0,0,0,0,0,0,0,0,0,0,0,0,0,0,0,0,0.058981233243967826,0.0014577259475218659,0.0005087092914810035,3
014472,0,0,0,0,0,0,0,0,0,0,0,0,0,0,0,0,0,0,0,0,0,0.5522788203753352,0.01020408163265306,0.0019014324974702174,1
014473,0,0,0,0,0,0,0,0,0,0,0,0,0,0,0,0,0,0,0,0,0,0.3914209115281501,0.0014577259475218659,6.993223449026974e-05,1
014474,0,0,0,0,0,0,0,0,0,0,0,0,0,0,0,0,0,0,0,0,0,0.24128686327077747,0.0,0.0004628055574349062,3
014475,0,0,0,0,0,0,0,0,0,0,0,0,0,0,0,0,0,0,0,0,0,0.38069705093833783,0.002915451895043732,0.00032076335267072986,1
014476,0,0,0,0,0,0,0,0,0,0,0,0,0,0,0,0,0,0,0,0,0,1.3726541554959786,0.0,0.0001516584987301231,2
014477,0,0,0,0,0,0,0,0,0,0,0,0,0,0,0,0,0,0,0,0,0,0.10187667560321716,0.004373177842565598,4.587926510470811e-05,3
014479,0,0,0,0,0,0,0,0,0,0,0,0,0,0,0,0,0,0,0,0,0,1.35656836461126,0.0014577259475218659,0.00017649447424013842,2
014480,0,0,0,0,0,0,0,0,0,0,0,0,0,0,0,0,0,0,0,0,0,0.053619302949061656,0.0,9.50618372969552e-05,3
014481,0,0,0,0,0,0,0,0,0,0,0,0,0,0,0,0,0,0,0,0,0,0.8793565683646113,0.0014577259475218659,0.0001459572353864447,0
014482,0,0,0,0,0,0,0,0,0,0,0,0,0,0,0,0,0,0,0,0,0,0.09115281501340483,0.00728862973760933,0.0008601566966537622,3
014483,0,0,0,0,0,0,0,0,0,0,0,0,0,0,0,0,0,0,0,0,0,1.5067024128686328,0.0,4.037375329214314e-05,2
014484,0,0,0,0,0,0,0,0,0,0,0,0,0,0,0,0,0,0,0,0,0,0.26273458445040215,0.0,7.137590203223122e-05,3
014485,0,0,0,0,0,0,0,0,0,0,0,0,0,0,0,0,0,0,0,0,0,0.2037533512064343,0.0,0.0003081373789139142,3
014487,0,0,0,0,0,0,0,0,0,0,0,0,0,0,0,0,0,0,0,0,0,0.13941018766756033,0.00728862973760933,0.0008790956572889857,3
014488,0,0,0,0,0,0,0,0,0,0,0,0,0,0,0,0,0,0,0,0,0,0.35924932975871315,0.0,0.00023947752937588174,1
014489,0,0,0,0,0,0,0,0,0,0,0,0,0,0,0,0,0,0,0,0,0,1.1045576407506703,0.0,0.00013002795454209007,0
014491,0,0,0,0,0,0,0,0,0,0,0,0,0,0,0,0,0,0,0,0,0,0.932975871313673,0.0014577259475218659,0.00018853319340361382,0
014493,0,0,0,0,0,0,0,0,0,0,0,0,0,0,0,0,0,0,0,0,0,0.03217158176943699,0.0058309037900874635,0.000887684255716587,3
014494,0,0,0,0,0,0,0,0,0,0,0,0,0,0,0,0,0,0,0,0,0,0.13404825737265416,0.0,2.804140683199759e-05,3
014495,0,0,0,0,0,0,0,0,0,0,0,0,0,0,0,0,0,0,0,0,0,0.2680965147453083,0.0014577259475218659,2.9069102370343057e-05,3
014496,0,0,0,0,0,0,0,0,0,0,0,0,0,0,0,0,0,0,0,0,0,1.6675603217158177,0.0014577259475218659,0.00026245386534031953,2
014497,0,0,0,0,0,0,0,0,0,0,0,0,0,0,0,0,0,0,0,0,0,1.6514745308310992,0.0,0.0003173866387590234,2
014498,0,0,0,0,0,0,0,0,0,0,0,0,0,0,0,0,0,0,0,0,0,0.225201072386059,0.0058309037900874635,0.001325531492934532,3
014499,0,0,0,0,0,0,0,0,0,0,0,0,0,0,0,0,0,0,0,0,0,0.13404825737265416,0.002915451895043732,0.0009300155243198644,3
014500,0,0,0,0,0,0,0,0,0,0,0,0,0,0,0,0,0,0,0,0,0,0.46648793565683644,0.002915451895043732,0.00010602392303930678,1
014501,0,0,0,0,0,0,0,0,0,0,0,0,0,0,0,0,0,0,0,0,0,0.9812332439678284,0.0014577259475218659,5.2803975517845386e-05,0
014502,0,0,0,0,0,0,0,0,0,0,0,0,0,0,0,0,0,0,0,0,0,0.10187667560321716,0.014577259475218658,0.0036319494393370288,3
014503,0,0,0,0,0,0,0,0,0,0,0,0,0,0,0,0,0,0,0,0,0,0.010723860589812333,0.00728862973760933,0.0010695129591795662,3
014504,0,0,0,0,0,0,0,0,0,0,0,0,0,0,0,0,0,0,0,0,0,0.24664879356568364,0.004373177842565598,0.0009114191288640893,3
014505,0,0,0,0,0,0,0,0,0,0,0,0,0,0,0,0,0,0,0,0,0,0.08579088471849866,0.01020408163265306,0.005646306101318301,3
014506,0,0,0,0,0,0,0,0,0,0,0,0,0,0,0,0,0,0,0,0,0,0.08579088471849866,0.0058309037900874635,0.0026016357242629254,3
014507,0,0,0,0,0,0,0,0,0,0,0,0,0,0,0,0,0,0,0,0,0,0.12332439678284182,0.00728862973760933,0.0007447611690624004,3
014508,0,0,0,0,0,0,0,0,0,0,0,0,0,0,0,0,0,0,0,0,0,0.11260053619302948,0.0014577259475218659,0.0004782943973342557,3
014511,0,0,0,0,0,0,0,0,0,0,0,0,0,0,0,0,0,0,0,0,0,0.053619302949061656,0.0058309037900874635,0.00041584965890907426,3
014512,0,0,0,0,0,0,0,0,0,0,0,0,0,0,0,0,0,0,0,0,0,1.002680965147453,0.0014577259475218659,0.0002591260893113914,0
014513,0,0,0,0,0,0,0,0,0,0,0,0,0,0,0,0,0,0,0,0,0,0.5361930294906166,0.002915451895043732,7.120461944250698e-05,1
014514,0,0,0,0,0,0,0,0,0,0,0,0,0,0,0,0,0,0,0,0,0,0.32171581769436997,0.002915451895043732,0.0005759010045356854,1
014515,0,0,0,0,0,0,0,0,0,0,0,0,0,0,0,0,0,0,0,0,0,0.09115281501340483,0.00728862973760933,0.0006910273737717662,3
014517,0,0,0,0,0,0,0,0,0,0,0,0,0,0,0,0,0,0,0,0,0,0.17158176943699732,0.0014577259475218659,0.00023448586533248946,3
014518,0,0,0,0,0,0,0,0,0,0,0,0,0,0,0,0,0,0,0,0,0,0.3378016085790885,0.0,0.00010526538585624226,1
014520,0,0,0,0,0,0,0,0,0,0,0,0,0,0,0,0,0,0,0,0,0,0.005361930294906166,0.0014577259475218659,3.097767979869891e-05,3
014522,0,0,0,0,0,0,0,0,0,0,0,0,0,0,0,0,0,0,0,0,0,0.12332439678284182,0.004373177842565598,0.00010489835173540461,3
014523,0,0,0,0,0,0,0,0,0,0,0,0,0,0,0,0,0,0,0,0,0,0.5737265415549598,0.0,7.945065269065984e-05,1
014524,0,0,0,0,0,0,0,0,0,0,0,0,0,0,0,0,0,0,0,0,0,0.16621983914209115,0.011661807580174927,0.0020076521720406373,3
014525,0,0,0,0,0,0,0,0,0,0,0,0,0,0,0,0,0,0,0,0,0,0.10187667560321716,0.011661807580174927,0.002306050912281659,3
014527,0,0,0,0,0,0,0,0,0,0,0,0,0,0,0,0,0,0,0,0,0,0.010723860589812333,0.07871720116618076,0.012742274635238431,3
014528,0,0,0,0,0,0,0,0,0,0,0,0,0,0,0,0,0,0,0,0,0,0.19302949061662197,0.0,8.652217675213219e-05,3
014529,0,0,0,0,0,0,0,0,0,0,0,0,0,0,0,0,0,0,0,0,0,0.3163538873994638,0.002915451895043732,0.0011026683747619019,1
014530,0,0,0,0,0,0,0,0,0,0,0,0,0,0,0,0,0,0,0,0,0,0.13404825737265416,0.00728862973760933,0.0021963811169753646,3
014532,0,0,0,0,0,0,0,0,0,0,0,0,0,0,0,0,0,0,0,0,0,1.260053619302949,0.004373177842565598,0.0008802212285928879,0
014533,0,0,0,0,0,0,0,0,0,0,0,0,0,0,0,0,0,0,0,0,0,0.128686327077748,0.008746355685131194,0.00021691716541505994,3
014534,0,0,0,0,0,0,0,0,0,0,0,0,0,0,0,0,0,0,0,0,0,0.010723860589812333,0.02478134110787172,0.004207654692341601,3
014535,0,0,0,0,0,0,0,0,0,0,0,0,0,0,0,0,0,0,0,0,0,0.3163538873994638,0.002915451895043732,0.002028230551748936,1
014536,0,0,0,0,0,0,0,0,0,0,0,0,0,0,0,0,0,0,0,0,0,1.388739946380697,0.0,0.00022420890994903484,2
014537,0,0,0,0,0,0,0,0,0,0,0,0,0,0,0,0,0,0,0,0,0,0.30563002680965146,0.0,7.208550133251738e-05,1
014538,0,0,0,0,0,0,0,0,0,0,0,0,0,0,0,0,0,0,0,0,0,0.34316353887399464,0.0014577259475218659,0.00015388517239653827,1
014539,0,0,0,0,0,0,0,0,0,0,0,0,0,0,0,0,0,0,0,0,0,0.08042895442359249,0.0014577259475218659,0.00016237589505858292,3
014540,0,0,0,0,0,0,0,0,0,0,0,0,0,0,0,0,0,0,0,0,0,0.0482573726541555,0.002915451895043732,0.0007178208645929157,3
014541,0,0,0,0,0,0,0,0,0,0,0,0,0,0,0,0,0,0,0,0,0,0.3109919571045576,0.01020408163265306,0.0006688340439317821,1
014542,0,0,0,0,0,0,0,0,0,0,0,0,0,0,0,0,0,0,0,0,0,0.9919571045576407,0.0,6.577251445410954e-05,0
014543,0,0,0,0,0,0,0,0,0,0,0,0,0,0,0,0,0,0,0,0,0,0.15013404825737264,0.021865889212827987,0.0010808176101013663,3
014544,0,0,0,0,0,0,0,0,0,0,0,0,0,0,0,0,0,0,0,0,0,0.12332439678284182,0.0014577259475218659,0.0006737523011510068,3
014546,0,0,0,0,0,0,0,0,0,0,0,0,0,0,0,0,0,0,0,0,0,0.021447721179624665,0.0058309037900874635,0.002615240455675308,3
014547,0,0,0,0,0,0,0,0,0,0,0,0,0,0,0,0,0,0,0,0,0,0.0160857908847185,0.01020408163265306,0.0025732272833100898,3
014548,0,0,0,0,0,0,0,0,0,0,0,0,0,0,0,0,0,0,0,0,0,0.8042895442359249,0.0014577259475218659,2.4542348213345185e-05,0
014549,0,0,0,0,0,0,0,0,0,0,0,0,0,0,0,0,0,0,0,0,0,1.6621983914209115,0.0,0.00043978028358769003,2
014550,0,0,0,0,0,0,0,0,0,0,0,0,0,0,0,0,0,0,0,0,0,0.053619302949061656,0.0014577259475218659,0.00025614087846191174,3
014551,0,0,0,0,0,0,0,0,0,0,0,0,0,0,0,0,0,0,0,0,0,0.09115281501340483,0.0014577259475218659,0.00011463699040829732,3
014552,0,0,0,0,0,0,0,0,0,0,0,0,0,0,0,0,0,0,0,0,0,0.8096514745308311,0.0,0.00026570823454508016,0
014553,0,0,0,0,0,0,0,0,0,0,0,0,0,0,0,0,0,0,0,0,0,0.09651474530831099,0.0058309037900874635,0.0010291636748288122,3
014554,0,0,0,0,0,0,0,0,0,0,0,0,0,0,0,0,0,0,0,0,0,0.0482573726541555,0.004373177842565598,0.0014566605498391352,3
014555,0,0,0,0,0,0,0,0,0,0,0,0,0,0,0,0,0,0,0,0,0,0.3002680965147453,0.0014577259475218659,0.0001543011444001543,1
014557,0,0,0,0,0,0,0,0,0,0,0,0,0,0,0,0,0,0,0,0,0,0.450402144772118,0.0,6.183301489045194e-05,1
014560,0,0,0,0,0,0,0,0,0,0,0,0,0,0,0,0,0,0,0,0,0,0.03217158176943699,0.030612244897959183,0.0008881002277202031,3
014561,0,0,0,0,0,0,0,0,0,0,0,0,0,0,0,0,0,0,0,0,0,0.40214477211796246,0.002915451895043732,0.00033483299396950704,1
014562,0,0,0,0,0,0,0,0,0,0,0,0,0,0,0,0,0,0,0,0,0,0.0160857908847185,0.02478134110787172,0.00362030222323578,3
014565,0,0,0,0,0,0,0,0,0,0,0,0,0,0,0,0,0,0,0,0,0,0.5093833780160858,0.004373177842565598,0.001215176567269341,1
014567,0,0,0,0,0,0,0,0,0,0,0,0,0,0,0,0,0,0,0,0,0,0.3002680965147453,0.0014577259475218659,0.00029930409107242105,1
014569,0,0,0,0,0,0,0,0,0,0,0,0,0,0,0,0,0,0,0,0,0,0.0,0.0,0.00011468592829107567,3
014570,0,0,0,0,0,0,0,0,0,0,0,0,0,0,0,0,0,0,0,0,0,1.5013404825737267,0.0014577259475218659,0.0002388658058411523,2
014572,0,0,0,0,0,0,0,0,0,0,0,0,0,0,0,0,0,0,0,0,0,0.010723860589812333,0.008746355685131194,0.001973566936685513,3
014573,0,0,0,0,0,0,0,0,0,0,0,0,0,0,0,0,0,0,0,0,0,0.9597855227882037,0.011661807580174927,0.002548733872979523,0
014576,0,0,0,0,0,0,0,0,0,0,0,0,0,0,0,0,0,0,0,0,0,1.9892761394101877,0.0,6.802365706191389e-06,2
014577,0,0,0,0,0,0,0,0,0,0,0,0,0,0,0,0,0,0,0,0,0,0.064343163538874,0.004373177842565598,0.0007951427193827171,3
014578,0,0,0,0,0,0,0,0,0,0,0,0,0,0,0,0,0,0,0,0,0,0.010723860589812333,0.0,0.00014353481018891613,3
014581,0,0,0,0,0,0,0,0,0,0,0,0,0,0,0,0,0,0,0,0,0,0.08579088471849866,0.0,6.542994927466105e-05,3
014582,0,0,0,0,0,0,0,0,0,0,0,0,0,0,0,0,0,0,0,0,0,0.21447721179624665,0.0,4.935385478197133e-05,3
014583,0,0,0,0,0,0,0,0,0,0,0,0,0,0,0,0,0,0,0,0,0,0.02680965147453083,0.0058309037900874635,0.0016116712935395757,3
014584,0,0,0,0,0,0,0,0,0,0,0,0,0,0,0,0,0,0,0,0,0,0.900804289544236,0.004373177842565598,0.0008594470973534761,0
014585,0,0,0,0,0,0,0,0,0,0,0,0,0,0,0,0,0,0,0,0,0,0.26273458445040215,0.0,0.00014076981981193907,3
014586,0,0,0,0,0,0,0,0,0,0,0,0,0,0,0,0,0,0,0,0,0,1.479892761394102,0.0,3.2054313219822734e-05,2
014587,0,0,0,0,0,0,0,0,0,0,0,0,0,0,0,0,0,0,0,0,0,0.09651474530831099,0.011661807580174927,0.002238492165106139,3
014589,0,0,0,0,0,0,0,0,0,0,0,0,0,0,0,0,0,0,0,0,0,1.9892761394101877,0.0,5.7942453209572696e-05,2
014591,0,0,0,0,0,0,0,0,0,0,0,0,0,0,0,0,0,0,0,0,0,0.07506702412868632,0.004373177842565598,0.00135445378165654,3
014592,0,0,0,0,0,0,0,0,0,0,0,0,0,0,0,0,0,0,0,0,0,0.18230563002680966,0.002915451895043732,0.0008200765706582892,3
014593,0,0,0,0,0,0,0,0,0,0,0,0,0,0,0,0,0,0,0,0,0,0.11260053619302948,0.002915451895043732,0.0007669300299609954,3
014594,0,0,0,0,0,0,0,0,0,0,0,0,0,0,0,0,0,0,0,0,0,0.03217158176943699,0.0014577259475218659,0.00043393220659567654,3
014595,0,0,0,0,0,0,0,0,0,0,0,0,0,0,0,0,0,0,0,0,0,0.10187667560321716,0.00728862973760933,0.000724060444647156,3
014597,0,0,0,0,0,0,0,0,0,0,0,0,0,0,0,0,0,0,0,0,0,0.053619302949061656,0.0014577259475218659,0.00019822289419372822,3
014598,0,0,0,0,0,0,0,0,0,0,0,0,0,0,0,0,0,0,0,0,0,0.23056300268096513,0.0,0.00018574373408524757,3
014600,0,0,0,0,0,0,0,0,0,0,0,0,0,0,0,0,0,0,0,0,0,1.6353887399463807,0.0,0.0003276391252010888,2
014601,0,0,0,0,0,0,0,0,0,0,0,0,0,0,0,0,0,0,0,0,0,0.053619302949061656,0.0,2.4150845151118344e-05,3
014603,0,0,0,0,0,0,0,0,0,0,0,0,0,0,0,0,0,0,0,0,0,1.4691689008042896,0.0,7.658778654812606e-06,2
014606,0,0,0,0,0,0,0,0,0,0,0,0,0,0,0,0,0,0,0,0,0,0.0,0.13411078717201166,0.018585580183681002,3
014607,0,0,0,0,0,0,0,0,0,0,0,0,0,0,0,0,0,0,0,0,0,0.08042895442359249,0.018950437317784254,0.00044151757842632165,3
014608,0,0,0,0,0,0,0,0,0,0,0,0,0,0,0,0,0,0,0,0,0,0.0160857908847185,0.004373177842565598,0.00020634658273493517,3
014609,0,0,0,0,0,0,0,0,0,0,0,0,0,0,0,0,0,0,0,0,0,0.38069705093833783,0.004373177842565598,7.830061244536851e-07,1
014616,0,0,0,0,0,0,0,0,0,0,0,0,0,0,0,0,0,0,0,0,0,1.2975871313672922,0.002915451895043732,2.483597551001532e-05,0
014618,0,0,0,0,0,0,0,0,0,0,0,0,0,0,0,0,0,0,0,0,0,0.04289544235924933,0.002915451895043732,0.00016692711815696998,3
014619,0,0,0,0,0,0,0,0,0,0,0,0,0,0,0,0,0,0,0,0,0,1.3136729222520107,0.0,0.00022988570435132408,0
014620,0,0,0,0,0,0,0,0,0,0,0,0,0,0,0,0,0,0,0,0,0,1.0991957104557641,0.0014577259475218659,0.00021730866847728678,0
014621,0,0,0,0,0,0,0,0,0,0,0,0,0,0,0,0,0,0,0,0,0,0.0,0.0058309037900874635,0.0006786705583702315,3
014622,0,0,0,0,0,0,0,0,0,0,0,0,0,0,0,0,0,0,0,0,0,0.9865951742627346,0.0,0.00016465150660777646,0
014623,0,0,0,0,0,0,0,0,0,0,0,0,0,0,0,0,0,0,0,0,0,0.16621983914209115,0.0058309037900874635,0.0009922889801553215,3
014624,0,0,0,0,0,0,0,0,0,0,0,0,0,0,0,0,0,0,0,0,0,0.3002680965147453,0.0014577259475218659,6.545441821605022e-05,1
014625,0,0,0,0,0,0,0,0,0,0,0,0,0,0,0,0,0,0,0,0,0,1.0455764075067024,0.0014577259475218659,0.0006140970220441917,0
014626,0,0,0,0,0,0,0,0,0,0,0,0,0,0,0,0,0,0,0,0,0,0.12332439678284182,0.004373177842565598,0.0010169047351928342,3
014628,0,0,0,0,0,0,0,0,0,0,0,0,0,0,0,0,0,0,0,0,0,0.48257372654155495,0.0014577259475218659,0.000266515709610923,1
014629,0,0,0,0,0,0,0,0,0,0,0,0,0,0,0,0,0,0,0,0,0,0.0160857908847185,0.0014577259475218659,0.00139015396714335,3
014631,0,0,0,0,0,0,0,0,0,0,0,0,0,0,0,0,0,0,0,0,0,0.2680965147453083,0.002915451895043732,0.00023874346113420637,3
014632,0,0,0,0,0,0,0,0,0,0,0,0,0,0,0,0,0,0,0,0,0,1.4048257372654156,0.0,4.930491689919298e-05,2
014633,0,0,0,0,0,0,0,0,0,0,0,0,0,0,0,0,0,0,0,0,0,1.420911528150134,0.0,0.00026397093970644854,2
014636,0,0,0,0,0,0,0,0,0,0,0,0,0,0,0,0,0,0,0,0,0,0.18766756032171583,0.0014577259475218659,0.0002077413123941183,3
014638,0,0,0,0,0,0,0,0,0,0,0,0,0,0,0,0,0,0,0,0,0,0.2680965147453083,0.0,0.00016242483294136127,3
014639,0,0,0,0,0,0,0,0,0,0,0,0,0,0,0,0,0,0,0,0,0,0.2734584450402145,0.00728862973760933,0.0019742275981030205,1
014640,0,0,0,0,0,0,0,0,0,0,0,0,0,0,0,0,0,0,0,0,0,0.12332439678284182,0.00728862973760933,0.001021822992412059,3
014641,0,0,0,0,0,0,0,0,0,0,0,0,0,0,0,0,0,0,0,0,0,0.11260053619302948,0.0,2.1679482070811404e-05,3
014642,0,0,0,0,0,0,0,0,0,0,0,0,0,0,0,0,0,0,0,0,0,0.3109919571045576,0.0,1.428986177127975e-05,1
014643,0,0,0,0,0,0,0,0,0,0,0,0,0,0,0,0,0,0,0,0,0,0.9061662198391421,0.0014577259475218659,0.00011994675068974887,0
014644,0,0,0,0,0,0,0,0,0,0,0,0,0,0,0,0,0,0,0,0,0,0.35924932975871315,0.0014577259475218659,0.00027578943839742136,1
014645,0,0,0,0,0,0,0,0,0,0,0,0,0,0,0,0,0,0,0,0,0,0.8364611260053619,0.0014577259475218659,0.00026546354513118836,0
014647,0,0,0,0,0,0,0,0,0,0,0,0,0,0,0,0,0,0,0,0,0,1.0723860589812333,0.0,0.00017370501492177217,0
014649,0,0,0,0,0,0,0,0,0,0,0,0,0,0,0,0,0,0,0,0,0,0.021447721179624665,0.004373177842565598,0.001240281701134637,3
014651,0,0,0,0,0,0,0,0,0,0,0,0,0,0,0,0,0,0,0,0,0,0.353887399463807,0.0014577259475218659,0.0007225923081638054,1
014652,0,0,0,0,0,0,0,0,0,0,0,0,0,0,0,0,0,0,0,0,0,0.4075067024128686,0.0,0.00021148506042666248,1
014653,0,0,0,0,0,0,0,0,0,0,0,0,0,0,0,0,0,0,0,0,0,0.0,0.008746355685131194,0.001924800336496882,3
014655,0,0,0,0,0,0,0,0,0,0,0,0,0,0,0,0,0,0,0,0,0,0.03753351206434316,0.004373177842565598,0.000321742110326297,3
014656,0,0,0,0,0,0,0,0,0,0,0,0,0,0,0,0,0,0,0,0,0,0.900804289544236,0.0014577259475218659,0.0005415221418838907,0
014657,0,0,0,0,0,0,0,0,0,0,0,0,0,0,0,0,0,0,0,0,0,0.09115281501340483,0.004373177842565598,0.0008423433073224409,3
014658,0,0,0,0,0,0,0,0,0,0,0,0,0,0,0,0,0,0,0,0,0,0.021447721179624665,0.0014577259475218659,0.00039612769214939707,3
014659,0,0,0,0,0,0,0,0,0,0,0,0,0,0,0,0,0,0,0,0,0,0.04289544235924933,0.011661807580174927,0.0018180912830986784,3
014660,0,0,0,0,0,0,0,0,0,0,0,0,0,0,0,0,0,0,0,0,0,0.4611260053619303,0.0014577259475218659,0.00017272625726620508,1
014661,0,0,0,0,0,0,0,0,0,0,0,0,0,0,0,0,0,0,0,0,0,0.13941018766756033,0.0,3.824495539128468e-05,3
014662,0,0,0,0,0,0,0,0,0,0,0,0,0,0,0,0,0,0,0,0,0,0.15013404825737264,0.004373177842565598,0.0009780480562668202,3
014664,0,0,0,0,0,0,0,0,0,0,0,0,0,0,0,0,0,0,0,0,0,0.10187667560321716,0.0014577259475218659,0.0004798848785245522,3
014665,0,0,0,0,0,0,0,0,0,0,0,0,0,0,0,0,0,0,0,0,0,0.32171581769436997,0.0058309037900874635,0.0009527716398117996,1
014666,0,0,0,0,0,0,0,0,0,0,0,0,0,0,0,0,0,0,0,0,0,0.12332439678284182,0.0,6.320327560824587e-05,3
014667,0,0,0,0,0,0,0,0,0,0,0,0,0,0,0,0,0,0,0,0,0,0.053619302949061656,0.03498542274052478,0.004364647420294565,3
014669,0,0,0,0,0,0,0,0,0,0,0,0,0,0,0,0,0,0,0,0,0,1.292225201072386,0.002915451895043732,0.0011252042697813345,0
014670,0,0,0,0,0,0,0,0,0,0,0,0,0,0,0,0,0,0,0,0,0,1.4959785522788205,0.0014577259475218659,0.0005268652459917733,2
014672,0,0,0,0,0,0,0,0,0,0,0,0,0,0,0,0,0,0,0,0,0,1.2546916890080428,0.0014577259475218659,0.00043566950143430816,0
014673,0,0,0,0,0,0,0,0,0,0,0,0,0,0,0,0,0,0,0,0,0,0.010723860589812333,0.0058309037900874635,0.0004332470762367796,3
014675,0,0,0,0,0,0,0,0,0,0,0,0,0,0,0,0,0,0,0,0,0,0.08042895442359249,0.0,0.0005561790377760082,3
014676,0,0,0,0,0,0,0,0,0,0,0,0,0,0,0,0,0,0,0,0,0,0.16085790884718498,0.00728862973760933,0.00017566253023290642,3
014680,0,0,0,0,0,0,0,0,0,0,0,0,0,0,0,0,0,0,0,0,0,0.128686327077748,0.021865889212827987,0.0015246108000768815,3
014681,0,0,0,0,0,0,0,0,0,0,0,0,0,0,0,0,0,0,0,0,0,0.37533512064343166,0.002915451895043732,0.00012302983730478527,1
014682,0,0,0,0,0,0,0,0,0,0,0,0,0,0,0,0,0,0,0,0,0,1.002680965147453,0.0014577259475218659,2.7649903769770754e-06,0
014684,0,0,0,0,0,0,0,0,0,0,0,0,0,0,0,0,0,0,0,0,0,0.13404825737265416,0.0058309037900874635,0.0017453206514072641,3
014687,0,0,0,0,0,0,0,0,0,0,0,0,0,0,0,0,0,0,0,0,0,0.5683646112600537,0.0,8.290077342653389e-05,1
014688,0,0,0,0,0,0,0,0,0,0,0,0,0,0,0,0,0,0,0,0,0,0.03753351206434316,0.029154518950437316,0.001704702208701229,3
014689,0,0,0,0,0,0,0,0,0,0,0,0,0,0,0,0,0,0,0,0,0,1.1152815013404827,0.0,6.895347683470264e-05,0
014690,0,0,0,0,0,0,0,0,0,0,0,0,0,0,0,0,0,0,0,0,0,0.23056300268096513,0.0014577259475218659,0.00034941648303745695,3
014691,0,0,0,0,0,0,0,0,0,0,0,0,0,0,0,0,0,0,0,0,0,0.16085790884718498,0.0058309037900874635,0.0006365595102394568,3
014692,0,0,0,0,0,0,0,0,0,0,0,0,0,0,0,0,0,0,0,0,0,0.7292225201072386,0.004373177842565598,0.0004874947192965865,1
014693,0,0,0,0,0,0,0,0,0,0,0,0,0,0,0,0,0,0,0,0,0,1.4101876675603218,0.0,6.760768505829787e-05,2
014696,0,0,0,0,0,0,0,0,0,0,0,0,0,0,0,0,0,0,0,0,0,0.0160857908847185,0.008746355685131194,0.0007818316152670045,3
014697,0,0,0,0,0,0,0,0,0,0,0,0,0,0,0,0,0,0,0,0,0,1.1635388739946382,0.0014577259475218659,0.00017385182857010723,0
014698,0,0,0,0,0,0,0,0,0,0,0,0,0,0,0,0,0,0,0,0,0,0.005361930294906166,0.0058309037900874635,0.0014757218551813044,3
014699,0,0,0,0,0,0,0,0,0,0,0,0,0,0,0,0,0,0,0,0,0,1.1420911528150135,0.0,4.286958531383926e-05,0
014700,0,0,0,0,0,0,0,0,0,0,0,0,0,0,0,0,0,0,0,0,0,0.16621983914209115,0.002915451895043732,0.0006656286126097998,3
014701,0,0,0,0,0,0,0,0,0,0,0,0,0,0,0,0,0,0,0,0,0,0.053619302949061656,0.011661807580174927,0.0025611640952052255,3
014702,0,0,0,0,0,0,0,0,0,0,0,0,0,0,0,0,0,0,0,0,0,0.0,0.023323615160349854,0.0032225351120133082,3
014703,0,0,0,0,0,0,0,0,0,0,0,0,0,0,0,0,0,0,0,0,0,0.07506702412868632,0.0,0.00011001236048574274,3
014704,0,0,0,0,0,0,0,0,0,0,0,0,0,0,0,0,0,0,0,0,0,0.053619302949061656,0.011661807580174927,0.002266655916645083,3
014705,0,0,0,0,0,0,0,0,0,0,0,0,0,0,0,0,0,0,0,0,0,1.061662198391421,0.0,3.963968505046781e-06,0
014708,0,0,0,0,0,0,0,0,0,0,0,0,0,0,0,0,0,0,0,0,0,0.010723860589812333,0.002915451895043732,0.00020514760460686545,3
014709,0,0,0,0,0,0,0,0,0,0,0,0,0,0,0,0,0,0,0,0,0,0.07506702412868632,0.01749271137026239,0.0013209313319533667,3
014710,0,0,0,0,0,0,0,0,0,0,0,0,0,0,0,0,0,0,0,0,0,0.06970509383378015,0.004373177842565598,0.0007057576764880512,3
014711,0,0,0,0,0,0,0,0,0,0,0,0,0,0,0,0,0,0,0,0,0,0.0482573726541555,0.014577259475218658,0.004154214524347637,3
014712,0,0,0,0,0,0,0,0,0,0,0,0,0,0,0,0,0,0,0,0,0,0.15013404825737264,0.002915451895043732,0.0002019421732848832,3
014713,0,0,0,0,0,0,0,0,0,0,0,0,0,0,0,0,0,0,0,0,0,0.04289544235924933,0.014577259475218658,0.0020517452044239355,3
014714,0,0,0,0,0,0,0,0,0,0,0,0,0,0,0,0,0,0,0,0,0,0.12332439678284182,0.0,8.001343834261093e-05,3
014715,0,0,0,0,0,0,0,0,0,0,0,0,0,0,0,0,0,0,0,0,0,0.128686327077748,0.004373177842565598,0.0005802320071615698,3
014716,0,0,0,0,0,0,0,0,0,0,0,0,0,0,0,0,0,0,0,0,0,0.225201072386059,0.0014577259475218659,0.00018740762209971167,3
014719,0,0,0,0,0,0,0,0,0,0,0,0,0,0,0,0,0,0,0,0,0,0.005361930294906166,0.0058309037900874635,0.0013683276714242037,3
014720,0,0,0,0,0,0,0,0,0,0,0,0,0,0,0,0,0,0,0,0,0,0.02680965147453083,0.002915451895043732,0.0005196713772233552,3
014722,0,0,0,0,0,0,0,0,0,0,0,0,0,0,0,0,0,0,0,0,0,0.7828418230563002,0.0,0.00021454367810030966,0
014723,0,0,0,0,0,0,0,0,0,0,0,0,0,0,0,0,0,0,0,0,0,0.0482573726541555,0.00728862973760933,0.001528403485992204,3
014725,0,0,0,0,0,0,0,0,0,0,0,0,0,0,0,0,0,0,0,0,0,0.128686327077748,0.0,0.0005589440281529853,3
014727,0,0,0,0,0,0,0,0,0,0,0,0,0,0,0,0,0,0,0,0,0,1.4638069705093835,0.0,0.0001729220087973185,2
014729,0,0,0,0,0,0,0,0,0,0,0,0,0,0,0,0,0,0,0,0,0,2.0,0.0,0.0003746928994924775,2
014730,0,0,0,0,0,0,0,0,0,0,0,0,0,0,0,0,0,0,0,0,0,0.0,0.01020408163265306,0.003095932809265703,3
014731,0,0,0,0,0,0,0,0,0,0,0,0,0,0,0,0,0,0,0,0,0,0.24664879356568364,0.002915451895043732,0.00023106021353800458,3
014732,0,0,0,0,0,0,0,0,0,0,0,0,0,0,0,0,0,0,0,0,0,0.03753351206434316,0.01020408163265306,0.0012176234614082585,3
014733,0,0,0,0,0,0,0,0,0,0,0,0,0,0,0,0,0,0,0,0,0,0.08042895442359249,0.016034985422740525,0.001943519076659603,3
014735,0,0,0,0,0,0,0,0,0,0,0,0,0,0,0,0,0,0,0,0,0,0.0160857908847185,0.04518950437317784,0.0017800910171212852,3
014737,0,0,0,0,0,0,0,0,0,0,0,0,0,0,0,0,0,0,0,0,0,0.0160857908847185,0.002915451895043732,0.0001499212038914915,3
014738,0,0,0,0,0,0,0,0,0,0,0,0,0,0,0,0,0,0,0,0,0,0.225201072386059,0.008746355685131194,0.0004380919266318368,3
014739,0,0,0,0,0,0,0,0,0,0,0,0,0,0,0,0,0,0,0,0,0,0.0160857908847185,0.008746355685131194,0.0003027786807496843,3
014740,0,0,0,0,0,0,0,0,0,0,0,0,0,0,0,0,0,0,0,0,0,1.0509383378016086,0.002915451895043732,0.0006294390482952061,0
014741,0,0,0,0,0,0,0,0,0,0,0,0,0,0,0,0,0,0,0,0,0,0.058981233243967826,0.00728862973760933,0.00037537802985137446,3
014744,0,0,0,0,0,0,0,0,0,0,0,0,0,0,0,0,0,0,0,0,0,0.08042895442359249,0.008746355685131194,0.00019102902542530995,3
014745,0,0,0,0,0,0,0,0,0,0,0,0,0,0,0,0,0,0,0,0,0,0.6005361930294906,0.0058309037900874635,0.00027975340690246814,1
014747,0,0,0,0,0,0,0,0,0,0,0,0,0,0,0,0,0,0,0,0,0,1.3297587131367292,0.0,0.0002550397760993987,0
014748,0,0,0,0,0,0,0,0,0,0,0,0,0,0,0,0,0,0,0,0,0,0.15013404825737264,0.0058309037900874635,0.00040469182163560926,3
014752,0,0,0,0,0,0,0,0,0,0,0,0,0,0,0,0,0,0,0,0,0,0.23056300268096513,0.0,3.0219142615634403e-05,3
014753,0,0,0,0,0,0,0,0,0,0,0,0,0,0,0,0,0,0,0,0,0,0.4611260053619303,0.0,0.0002637262502925568,1
014754,0,0,0,0,0,0,0,0,0,0,0,0,0,0,0,0,0,0,0,0,0,0.2359249329758713,0.0014577259475218659,0.00022411103418347816,3
014755,0,0,0,0,0,0,0,0,0,0,0,0,0,0,0,0,0,0,0,0,0,0.0482573726541555,0.014577259475218658,0.0022945749787701346,3
014756,0,0,0,0,0,0,0,0,0,0,0,0,0,0,0,0,0,0,0,0,0,0.07506702412868632,0.0,0.0003231123710440909,3
014757,0,0,0,0,0,0,0,0,0,0,0,0,0,0,0,0,0,0,0,0,0,0.3967828418230563,0.0,0.0001820244549940926,1
014758,0,0,0,0,0,0,0,0,0,0,0,0,0,0,0,0,0,0,0,0,0,0.7721179624664879,0.004373177842565598,0.0011562064185214227,0
014759,0,0,0,0,0,0,0,0,0,0,0,0,0,0,0,0,0,0,0,0,0,0.021447721179624665,0.002915451895043732,0.0013458651832289389,3
014760,0,0,0,0,0,0,0,0,0,0,0,0,0,0,0,0,0,0,0,0,0,1.5871313672922251,0.0,3.469695888985392e-05,2
014761,0,0,0,0,0,0,0,0,0,0,0,0,0,0,0,0,0,0,0,0,0,0.3109919571045576,0.0014577259475218659,6.075638146932812e-05,1
014762,0,0,0,0,0,0,0,0,0,0,0,0,0,0,0,0,0,0,0,0,0,1.4101876675603218,0.0,6.814600176885977e-05,2
014764,0,0,0,0,0,0,0,0,0,0,0,0,0,0,0,0,0,0,0,0,0,0.24664879356568364,0.0,2.148373053969798e-05,3
014765,0,0,0,0,0,0,0,0,0,0,0,0,0,0,0,0,0,0,0,0,0,0.15013404825737264,0.002915451895043732,0.0002836439685833474,3
014766,0,0,0,0,0,0,0,0,0,0,0,0,0,0,0,0,0,0,0,0,0,0.03753351206434316,0.00728862973760933,0.0008768200457397922,3
014768,0,0,0,0,0,0,0,0,0,0,0,0,0,0,0,0,0,0,0,0,0,0.08579088471849866,0.0014577259475218659,4.7420808412226304e-05,3
014769,0,0,0,0,0,0,0,0,0,0,0,0,0,0,0,0,0,0,0,0,0,0.010723860589812333,0.01020408163265306,0.007231917972278402,3
014770,0,0,0,0,0,0,0,0,0,0,0,0,0,0,0,0,0,0,0,0,0,1.2386058981233243,0.0014577259475218659,0.000437847237217945,0
014772,0,0,0,0,0,0,0,0,0,0,0,0,0,0,0,0,0,0,0,0,0,0.5951742627345844,0.0,7.685694490340702e-05,1
014775,0,0,0,0,0,0,0,0,0,0,0,0,0,0,0,0,0,0,0,0,0,0.30563002680965146,0.002915451895043732,0.00015400751710348417,1
014776,0,0,0,0,0,0,0,0,0,0,0,0,0,0,0,0,0,0,0,0,0,0.2680965147453083,0.014577259475218658,0.0002818087979791591,3
014778,0,0,0,0,0,0,0,0,0,0,0,0,0,0,0,0,0,0,0,0,0,0.675603217158177,0.0014577259475218659,0.00026862003857039234,1
014779,0,0,0,0,0,0,0,0,0,0,0,0,0,0,0,0,0,0,0,0,0,1.5013404825737267,0.002915451895043732,0.0006842250080655749,2
014780,0,0,0,0,0,0,0,0,0,0,0,0,0,0,0,0,0,0,0,0,0,0.289544235924933,0.0014577259475218659,0.00018236702017354107,1
014782,0,0,0,0,0,0,0,0,0,0,0,0,0,0,0,0,0,0,0,0,0,1.710455764075067,0.0,3.653212949404225e-05,2
014784,0,0,0,0,0,0,0,0,0,0,0,0,0,0,0,0,0,0,0,0,0,0.13404825737265416,0.0014577259475218659,0.0001412836675811118,3
014785,0,0,0,0,0,0,0,0,0,0,0,0,0,0,0,0,0,0,0,0,0,0.0482573726541555,0.0014577259475218659,6.508738409521257e-06,3
014788,0,0,0,0,0,0,0,0,0,0,0,0,0,0,0,0,0,0,0,0,0,0.03217158176943699,0.0014577259475218659,0.00018960982682473764,3
014789,0,0,0,0,0,0,0,0,0,0,0,0,0,0,0,0,0,0,0,0,0,0.15013404825737264,0.0,2.9778701670629204e-05,3
014790,0,0,0,0,0,0,0,0,0,0,0,0,0,0,0,0,0,0,0,0,0,0.08579088471849866,0.004373177842565598,0.00016597282944279203,3
014792,0,0,0,0,0,0,0,0,0,0,0,0,0,0,0,0,0,0,0,0,0,0.3378016085790885,0.0,1.4754771657674128e-05,1
014793,0,0,0,0,0,0,0,0,0,0,0,0,0,0,0,0,0,0,0,0,0,0.10723860589812333,0.0,0.00011118686967242327,3
014794,0,0,0,0,0,0,0,0,0,0,0,0,0,0,0,0,0,0,0,0,0,0.010723860589812333,0.008746355685131194,0.0007636022539320672,3
014795,0,0,0,0,0,0,0,0,0,0,0,0,0,0,0,0,0,0,0,0,0,0.8847184986595175,0.0,0.00010724737010876567,0
014796,0,0,0,0,0,0,0,0,0,0,0,0,0,0,0,0,0,0,0,0,0,0.0,0.023323615160349854,0.005474705415355998,3
014798,0,0,0,0,0,0,0,0,0,0,0,0,0,0,0,0,0,0,0,0,0,0.27882037533512066,0.002915451895043732,4.2453613310223234e-05,1
014799,0,0,0,0,0,0,0,0,0,0,0,0,0,0,0,0,0,0,0,0,0,0.2680965147453083,0.0,0.00015510861946599715,3
014800,0,0,0,0,0,0,0,0,0,0,0,0,0,0,0,0,0,0,0,0,0,0.2520107238605898,0.016034985422740525,0.0020697788142277594,3
014801,0,0,0,0,0,0,0,0,0,0,0,0,0,0,0,0,0,0,0,0,0,0.32171581769436997,0.0,0.00035521562214669205,1
014803,0,0,0,0,0,0,0,0,0,0,0,0,0,0,0,0,0,0,0,0,0,0.8632707774798928,0.002915451895043732,0.0003103640525803294,0
014804,0,0,0,0,0,0,0,0,0,0,0,0,0,0,0,0,0,0,0,0,0,0.04289544235924933,0.0,0.00012410647072590907,3
014805,0,0,0,0,0,0,0,0,0,0,0,0,0,0,0,0,0,0,0,0,0,0.07506702412868632,0.004373177842565598,0.0006675371900381557,3
014806,0,0,0,0,0,0,0,0,0,0,0,0,0,0,0,0,0,0,0,0,0,0.3967828418230563,0.0,4.923151007502545e-05,1
014808,0,0,0,0,0,0,0,0,0,0,0,0,0,0,0,0,0,0,0,0,0,0.20911528150134048,0.01020408163265306,0.002004422271777266,3
014810,0,0,0,0,0,0,0,0,0,0,0,0,0,0,0,0,0,0,0,0,0,0.21447721179624665,0.014577259475218658,0.0014522072025063048,3
014813,0,0,0,0,0,0,0,0,0,0,0,0,0,0,0,0,0,0,0,0,0,1.9785522788203753,0.0014577259475218659,0.00020705618203522135,2
014815,0,0,0,0,0,0,0,0,0,0,0,0,0,0,0,0,0,0,0,0,0,0.19302949061662197,0.0014577259475218659,0.0002142011129208612,3
014816,0,0,0,0,0,0,0,0,0,0,0,0,0,0,0,0,0,0,0,0,0,1.0509383378016086,0.0,0.0006502131795346178,0
014817,0,0,0,0,0,0,0,0,0,0,0,0,0,0,0,0,0,0,0,0,0,1.0670241286863271,0.0014577259475218659,0.0005439690360228085,0
014818,0,0,0,0,0,0,0,0,0,0,0,0,0,0,0,0,0,0,0,0,0,0.3914209115281501,0.002915451895043732,0.000440196255591306,1
014819,0,0,0,0,0,0,0,0,0,0,0,0,0,0,0,0,0,0,0,0,0,0.3378016085790885,0.0014577259475218659,0.0001309577743148788,1
014820,0,0,0,0,0,0,0,0,0,0,0,0,0,0,0,0,0,0,0,0,0,0.10723860589812333,0.004373177842565598,0.00022827075421963833,3
014821,0,0,0,0,0,0,0,0,0,0,0,0,0,0,0,0,0,0,0,0,0,1.9624664879356568,0.0,1.1940843397918698e-05,2
014823,0,0,0,0,0,0,0,0,0,0,0,0,0,0,0,0,0,0,0,0,0,0.9597855227882037,0.002915451895043732,0.0007249168575957773,0
014824,0,0,0,0,0,0,0,0,0,0,0,0,0,0,0,0,0,0,0,0,0,0.0482573726541555,0.004373177842565598,0.00016949635700283362,3
014825,0,0,0,0,0,0,0,0,0,0,0,0,0,0,0,0,0,0,0,0,0,0.0160857908847185,0.016034985422740525,0.0008119773510584714,3
014828,0,0,0,0,0,0,0,0,0,0,0,0,0,0,0,0,0,0,0,0,0,1.0509383378016086,0.002915451895043732,0.00011828286267528478,0
014829,0,0,0,0,0,0,0,0,0,0,0,0,0,0,0,0,0,0,0,0,0,0.15013404825737264,0.004373177842565598,0.0002235971864143054,3
014830,0,0,0,0,0,0,0,0,0,0,0,0,0,0,0,0,0,0,0,0,0,0.27882037533512066,0.0,0.0001683952546403206,1
014834,0,0,0,0,0,0,0,0,0,0,0,0,0,0,0,0,0,0,0,0,0,0.09115281501340483,0.00728862973760933,0.0005943750552845146,3
014836,0,0,0,0,0,0,0,0,0,0,0,0,0,0,0,0,0,0,0,0,0,0.0482573726541555,0.002915451895043732,4.056950482325656e-05,3
014837,0,0,0,0,0,0,0,0,0,0,0,0,0,0,0,0,0,0,0,0,0,0.4772117962466488,0.004373177842565598,0.00046390665979741916,1
014840,0,0,0,0,0,0,0,0,0,0,0,0,0,0,0,0,0,0,0,0,0,1.4316353887399464,0.0,2.9436136491180717e-05,2
014841,0,0,0,0,0,0,0,0,0,0,0,0,0,0,0,0,0,0,0,0,0,0.27882037533512066,0.00728862973760933,0.0010782973091382811,1
014842,0,0,0,0,0,0,0,0,0,0,0,0,0,0,0,0,0,0,0,0,0,0.23056300268096513,0.004373177842565598,0.0018893448404239638,3
014844,0,0,0,0,0,0,0,0,0,0,0,0,0,0,0,0,0,0,0,0,0,0.3378016085790885,0.004373177842565598,0.000993047517338386,1
014847,0,0,0,0,0,0,0,0,0,0,0,0,0,0,0,0,0,0,0,0,0,0.7935656836461126,0.0,0.00011896799303418175,0
014849,0,0,0,0,0,0,0,0,0,0,0,0,0,0,0,0,0,0,0,0,0,0.11260053619302948,0.03498542274052478,0.002316401274489281,3
014850,0,0,0,0,0,0,0,0,0,0,0,0,0,0,0,0,0,0,0,0,0,1.6675603217158177,0.0,7.617181454451005e-05,2
014851,0,0,0,0,0,0,0,0,0,0,0,0,0,0,0,0,0,0,0,0,0,0.11796246648793565,0.0014577259475218659,0.0001583385197293686,3
014852,0,0,0,0,0,0,0,0,0,0,0,0,0,0,0,0,0,0,0,0,0,0.30563002680965146,0.00728862973760933,0.0010691214561173393,1
014853,0,0,0,0,0,0,0,0,0,0,0,0,0,0,0,0,0,0,0,0,0,0.12332439678284182,0.0014577259475218659,0.0001246203184950818,3
014854,0,0,0,0,0,0,0,0,0,0,0,0,0,0,0,0,0,0,0,0,0,0.4128686327077748,0.008746355685131194,0.0009169980475008219,1
014855,0,0,0,0,0,0,0,0,0,0,0,0,0,0,0,0,0,0,0,0,0,0.6327077747989276,0.0014577259475218659,0.0002281239405713033,1
014856,0,0,0,0,0,0,0,0,0,0,0,0,0,0,0,0,0,0,0,0,0,0.18766756032171583,0.002915451895043732,0.0005055283291004104,3
014857,0,0,0,0,0,0,0,0,0,0,0,0,0,0,0,0,0,0,0,0,0,0.3163538873994638,0.0014577259475218659,0.0006432395312387023,1
014859,0,0,0,0,0,0,0,0,0,0,0,0,0,0,0,0,0,0,0,0,0,0.064343163538874,0.004373177842565598,0.0004433038111477316,3
014860,0,0,0,0,0,0,0,0,0,0,0,0,0,0,0,0,0,0,0,0,0,0.09651474530831099,0.0,2.3881686795837392e-05,3
014861,0,0,0,0,0,0,0,0,0,0,0,0,0,0,0,0,0,0,0,0,0,0.2734584450402145,0.0,3.9737560816024515e-05,1
014862,0,0,0,0,0,0,0,0,0,0,0,0,0,0,0,0,0,0,0,0,0,0.13404825737265416,0.0014577259475218659,0.0002526418198432593,3
014863,0,0,0,0,0,0,0,0,0,0,0,0,0,0,0,0,0,0,0,0,0,0.15013404825737264,0.0,5.397848470452591e-05,3
014865,0,0,0,0,0,0,0,0,0,0,0,0,0,0,0,0,0,0,0,0,0,0.03217158176943699,0.0014577259475218659,5.970421698959348e-06,3
014866,0,0,0,0,0,0,0,0,0,0,0,0,0,0,0,0,0,0,0,0,0,0.053619302949061656,0.016034985422740525,0.0008044653860519938,3
014867,0,0,0,0,0,0,0,0,0,0,0,0,0,0,0,0,0,0,0,0,0,0.9919571045576407,0.002915451895043732,0.00033211694147530833,0
014868,0,0,0,0,0,0,0,0,0,0,0,0,0,0,0,0,0,0,0,0,0,0.010723860589812333,0.01020408163265306,0.001014800406233365,3
014869,0,0,0,0,0,0,0,0,0,0,0,0,0,0,0,0,0,0,0,0,0,0.04289544235924933,0.0014577259475218659,0.0005204543833478088,3
014870,0,0,0,0,0,0,0,0,0,0,0,0,0,0,0,0,0,0,0,0,0,1.3994638069705094,0.0,9.64810358975275e-05,2
014871,0,0,0,0,0,0,0,0,0,0,0,0,0,0,0,0,0,0,0,0,0,0.010723860589812333,0.004373177842565598,0.0007543774630283473,3
014873,0,0,0,0,0,0,0,0,0,0,0,0,0,0,0,0,0,0,0,0,0,1.1206434316353888,0.0,0.0003417577043826443,0
014875,0,0,0,0,0,0,0,0,0,0,0,0,0,0,0,0,0,0,0,0,0,0.5737265415549598,0.0014577259475218659,0.0005077794717082148,1
014878,0,0,0,0,0,0,0,0,0,0,0,0,0,0,0,0,0,0,0,0,0,0.064343163538874,0.011661807580174927,0.0007913745024087837,3
014880,0,0,0,0,0,0,0,0,0,0,0,0,0,0,0,0,0,0,0,0,0,0.4075067024128686,0.002915451895043732,0.0004294788592628462,1
014881,0,0,0,0,0,0,0,0,0,0,0,0,0,0,0,0,0,0,0,0,0,0.10187667560321716,0.0,5.6694537198724634e-05,3
014882,0,0,0,0,0,0,0,0,0,0,0,0,0,0,0,0,0,0,0,0,0,0.13941018766756033,0.0014577259475218659,0.0001059015783323609,3
014883,0,0,0,0,0,0,0,0,0,0,0,0,0,0,0,0,0,0,0,0,0,0.09651474530831099,0.00728862973760933,0.00015792254772575257,3
014885,0,0,0,0,0,0,0,0,0,0,0,0,0,0,0,0,0,0,0,0,0,0.7024128686327078,0.0,4.6148423459989065e-05,1
014886,0,0,0,0,0,0,0,0,0,0,0,0,0,0,0,0,0,0,0,0,0,1.351206434316354,0.0,0.00013734416801745416,2
014887,0,0,0,0,0,0,0,0,0,0,0,0,0,0,0,0,0,0,0,0,0,0.41823056300268097,0.0,2.3245494319718773e-05,1
014888,0,0,0,0,0,0,0,0,0,0,0,0,0,0,0,0,0,0,0,0,0,1.1045576407506703,0.0,0.00010773674893654922,0
014889,0,0,0,0,0,0,0,0,0,0,0,0,0,0,0,0,0,0,0,0,0,1.7962466487935658,0.0,5.488383553592549e-05,2
014890,0,0,0,0,0,0,0,0,0,0,0,0,0,0,0,0,0,0,0,0,0,1.35656836461126,0.0,4.937832372336052e-05,2
014891,0,0,0,0,0,0,0,0,0,0,0,0,0,0,0,0,0,0,0,0,0,0.7882037533512064,0.0014577259475218659,0.00013301316539156974,0
014893,0,0,0,0,0,0,0,0,0,0,0,0,0,0,0,0,0,0,0,0,0,0.0482573726541555,0.0014577259475218659,0.0005594823448635472,3
014894,0,0,0,0,0,0,0,0,0,0,0,0,0,0,0,0,0,0,0,0,0,0.450402144772118,0.0,0.00015939068420910325,1
014895,0,0,0,0,0,0,0,0,0,0,0,0,0,0,0,0,0,0,0,0,0,0.03753351206434316,0.02769679300291545,0.005073488183397652,3
014896,0,0,0,0,0,0,0,0,0,0,0,0,0,0,0,0,0,0,0,0,0,1.093833780160858,0.0014577259475218659,0.0002518832826601948,0
014897,0,0,0,0,0,0,0,0,0,0,0,0,0,0,0,0,0,0,0,0,0,0.03753351206434316,0.004373177842565598,0.0006815578934541545,3
014898,0,0,0,0,0,0,0,0,0,0,0,0,0,0,0,0,0,0,0,0,0,0.11796246648793565,0.00728862973760933,0.0008208351078413537,3
014901,0,0,0,0,0,0,0,0,0,0,0,0,0,0,0,0,0,0,0,0,0,0.053619302949061656,0.011661807580174927,0.0007381545548873224,3
014902,0,0,0,0,0,0,0,0,0,0,0,0,0,0,0,0,0,0,0,0,0,0.13404825737265416,0.0,0.00013528877694076325,3
014903,0,0,0,0,0,0,0,0,0,0,0,0,0,0,0,0,0,0,0,0,0,0.10723860589812333,0.0058309037900874635,0.002399350985798593,3
014904,0,0,0,0,0,0,0,0,0,0,0,0,0,0,0,0,0,0,0,0,0,0.005361930294906166,0.0014577259475218659,0.00012442456696396838,3
014905,0,0,0,0,0,0,0,0,0,0,0,0,0,0,0,0,0,0,0,0,0,0.8418230563002681,0.0014577259475218659,9.875664744672102e-05,0
014907,0,0,0,0,0,0,0,0,0,0,0,0,0,0,0,0,0,0,0,0,0,0.010723860589812333,0.008746355685131194,0.0014019235279515447,3
014908,0,0,0,0,0,0,0,0,0,0,0,0,0,0,0,0,0,0,0,0,0,0.3914209115281501,0.0,7.947512163204902e-05,1
014910,0,0,0,0,0,0,0,0,0,0,0,0,0,0,0,0,0,0,0,0,0,0.010723860589812333,0.004373177842565598,0.00021131377783693823,3
014913,0,0,0,0,0,0,0,0,0,0,0,0,0,0,0,0,0,0,0,0,0,0.18766756032171583,0.004373177842565598,0.0002578047664763758,3
014915,0,0,0,0,0,0,0,0,0,0,0,0,0,0,0,0,0,0,0,0,0,0.48257372654155495,0.0014577259475218659,0.00010387065619705914,1
014916,0,0,0,0,0,0,0,0,0,0,0,0,0,0,0,0,0,0,0,0,0,0.37533512064343166,0.004373177842565598,0.00034258964838987637,1
014918,0,0,0,0,0,0,0,0,0,0,0,0,0,0,0,0,0,0,0,0,0,0.6166219839142091,0.0014577259475218659,0.00038416237981008926,1
014920,0,0,0,0,0,0,0,0,0,0,0,0,0,0,0,0,0,0,0,0,0,1.1367292225201073,0.0014577259475218659,0.000524760917032304,0
014921,0,0,0,0,0,0,0,0,0,0,0,0,0,0,0,0,0,0,0,0,0,0.1554959785522788,0.0014577259475218659,0.00037655253903805496,3
014923,0,0,0,0,0,0,0,0,0,0,0,0,0,0,0,0,0,0,0,0,0,0.2680965147453083,0.0,0.0003705576483977064,3
014924,0,0,0,0,0,0,0,0,0,0,0,0,0,0,0,0,0,0,0,0,0,1.3136729222520107,0.0,0.000382889994857852,0
014929,0,0,0,0,0,0,0,0,0,0,0,0,0,0,0,0,0,0,0,0,0,0.16621983914209115,0.0,6.0340409465712105e-05,3
014944,0,0,0,0,0,0,0,0,0,0,0,0,0,0,0,0,0,0,0,0,0,0.1554959785522788,0.016034985422740525,0.0012502894981628108,3
014946,0,0,0,0,0,0,0,0,0,0,0,0,0,0,0,0,0,0,0,0,0,0.06970509383378015,0.0,3.396289064817859e-05,3
014947,0,0,0,0,0,0,0,0,0,0,0,0,0,0,0,0,0,0,0,0,0,0.38069705093833783,0.0014577259475218659,0.0001052409169148531,1
014948,0,0,0,0,0,0,0,0,0,0,0,0,0,0,0,0,0,0,0,0,0,0.11796246648793565,0.00728862973760933,0.0004320970359914882,3
014950,0,0,0,0,0,0,0,0,0,0,0,0,0,0,0,0,0,0,0,0,0,0.09651474530831099,0.0,0.0002410190726833999,3
014951,0,0,0,0,0,0,0,0,0,0,0,0,0,0,0,0,0,0,0,0,0,0.41823056300268097,0.0,9.23213158613673e-05,1
014952,0,0,0,0,0,0,0,0,0,0,0,0,0,0,0,0,0,0,0,0,0,0.3163538873994638,0.014577259475218658,0.0011474710064454862,1
014953,0,0,0,0,0,0,0,0,0,0,0,0,0,0,0,0,0,0,0,0,0,0.128686327077748,0.0,0.00031560040603761344,3
014954,0,0,0,0,0,0,0,0,0,0,0,0,0,0,0,0,0,0,0,0,0,0.058981233243967826,0.0,0.0006599273492661215,3
014957,0,0,0,0,0,0,0,0,0,0,0,0,0,0,0,0,0,0,0,0,0,1.351206434316354,0.0,5.069964655837611e-05,2
014958,0,0,0,0,0,0,0,0,0,0,0,0,0,0,0,0,0,0,0,0,0,0.7828418230563002,0.002915451895043732,0.0006008593247526466,0
014959,0,0,0,0,0,0,0,0,0,0,0,0,0,0,0,0,0,0,0,0,0,0.3378016085790885,0.004373177842565598,0.0002103594891227603,1
014960,0,0,0,0,0,0,0,0,0,0,0,0,0,0,0,0,0,0,0,0,0,0.03753351206434316,0.0014577259475218659,0.00011874777256167917,3
014961,0,0,0,0,0,0,0,0,0,0,0,0,0,0,0,0,0,0,0,0,0,0.053619302949061656,0.011661807580174927,0.0022114784538124874,3
014962,0,0,0,0,0,0,0,0,0,0,0,0,0,0,0,0,0,0,0,0,0,1.447721179624665,0.0,7.959746633899492e-05,2
014963,0,0,0,0,0,0,0,0,0,0,0,0,0,0,0,0,0,0,0,0,0,0.0482573726541555,0.0058309037900874635,0.0011019343065202267,3
014964,0,0,0,0,0,0,0,0,0,0,0,0,0,0,0,0,0,0,0,0,0,1.3190348525469169,0.0,0.00010788356258488427,0
014965,0,0,0,0,0,0,0,0,0,0,0,0,0,0,0,0,0,0,0,0,0,0.5093833780160858,0.0014577259475218659,0.00048054553994206,1
014966,0,0,0,0,0,0,0,0,0,0,0,0,0,0,0,0,0,0,0,0,0,0.07506702412868632,0.0,0.00018097229051435793,3
014967,0,0,0,0,0,0,0,0,0,0,0,0,0,0,0,0,0,0,0,0,0,0.26273458445040215,0.0,4.252702013439077e-05,3
014968,0,0,0,0,0,0,0,0,0,0,0,0,0,0,0,0,0,0,0,0,0,0.1554959785522788,0.0,0.0001752465582292904,3
014970,0,0,0,0,0,0,0,0,0,0,0,0,0,0,0,0,0,0,0,0,0,0.35924932975871315,0.004373177842565598,0.0005132605145793906,1
014971,0,0,0,0,0,0,0,0,0,0,0,0,0,0,0,0,0,0,0,0,0,0.18230563002680966,0.002915451895043732,0.0012140509959654385,3
014972,0,0,0,0,0,0,0,0,0,0,0,0,0,0,0,0,0,0,0,0,0,0.6809651474530831,0.0,0.000217479951067011,1
014973,0,0,0,0,0,0,0,0,0,0,0,0,0,0,0,0,0,0,0,0,0,0.5683646112600537,0.002915451895043732,0.0016642305796435294,1
014974,0,0,0,0,0,0,0,0,0,0,0,0,0,0,0,0,0,0,0,0,0,0.19302949061662197,0.0,0.0001777423902509865,3
014975,0,0,0,0,0,0,0,0,0,0,0,0,0,0,0,0,0,0,0,0,0,0.3002680965147453,0.0,2.691583552809542e-05,1
014976,0,0,0,0,0,0,0,0,0,0,0,0,0,0,0,0,0,0,0,0,0,0.3002680965147453,0.008746355685131194,0.0006964350098187745,1
014978,0,0,0,0,0,0,0,0,0,0,0,0,0,0,0,0,0,0,0,0,0,0.38069705093833783,0.0058309037900874635,0.002387312266635118,1
014981,0,0,0,0,0,0,0,0,0,0,0,0,0,0,0,0,0,0,0,0,0,1.3136729222520107,0.0,2.8163751538943482e-05,0
014984,0,0,0,0,0,0,0,0,0,0,0,0,0,0,0,0,0,0,0,0,0,0.09651474530831099,0.0014577259475218659,0.0004350577778995787,3
014985,0,0,0,0,0,0,0,0,0,0,0,0,0,0,0,0,0,0,0,0,0,1.0563002680965148,0.0014577259475218659,0.00040581739293951144,0
014987,0,0,0,0,0,0,0,0,0,0,0,0,0,0,0,0,0,0,0,0,0,0.08042895442359249,0.0014577259475218659,2.4542348213345185e-05,3
014988,0,0,0,0,0,0,0,0,0,0,0,0,0,0,0,0,0,0,0,0,0,1.1313672922252012,0.0,0.00024884913392793676,0
014995,0,0,0,0,0,0,0,0,0,0,0,0,0,0,0,0,0,0,0,0,0,0.2037533512064343,0.0014577259475218659,0.0003881018793737468,3
014997,0,0,0,0,0,0,0,0,0,0,0,0,0,0,0,0,0,0,0,0,0,0.24128686327077747,0.002915451895043732,3.944393351935438e-05,3
014998,0,0,0,0,0,0,0,0,0,0,0,0,0,0,0,0,0,0,0,0,0,0.9061662198391421,0.0014577259475218659,0.0004496412669675286,0
015000,0,0,0,0,0,0,0,0,0,0,0,0,0,0,0,0,0,0,0,0,0,0.2520107238605898,0.0,0.0005336431427565755,3
015002,0,0,0,0,0,0,0,0,0,0,0,0,0,0,0,0,0,0,0,0,0,0.6166219839142091,0.004373177842565598,0.0007141749923259284,1
015004,0,0,0,0,0,0,0,0,0,0,0,0,0,0,0,0,0,0,0,0,0,0.7828418230563002,0.0,0.0011964088892238416,0
015005,0,0,0,0,0,0,0,0,0,0,0,0,0,0,0,0,0,0,0,0,0,0.08042895442359249,0.039358600583090375,0.0063551468644213885,3
015006,0,0,0,0,0,0,0,0,0,0,0,0,0,0,0,0,0,0,0,0,0,0.2680965147453083,0.0,0.0006754161891654709,3
015007,0,0,0,0,0,0,0,0,0,0,0,0,0,0,0,0,0,0,0,0,0,0.8471849865951743,0.0,9.239472268553482e-05,0
015009,0,0,0,0,0,0,0,0,0,0,0,0,0,0,0,0,0,0,0,0,0,0.058981233243967826,0.002915451895043732,0.001094299996806803,3
015010,0,0,0,0,0,0,0,0,0,0,0,0,0,0,0,0,0,0,0,0,0,0.18766756032171583,0.0,0.0001546437095796028,3
015012,0,0,0,0,0,0,0,0,0,0,0,0,0,0,0,0,0,0,0,0,0,0.28418230563002683,0.0014577259475218659,0.0008181435242885441,1
015014,0,0,0,0,0,0,0,0,0,0,0,0,0,0,0,0,0,0,0,0,0,0.225201072386059,0.0014577259475218659,0.00014801262646313564,3
015016,0,0,0,0,0,0,0,0,0,0,0,0,0,0,0,0,0,0,0,0,0,0.9222520107238606,0.0,0.00022337696594180285,0
015017,0,0,0,0,0,0,0,0,0,0,0,0,0,0,0,0,0,0,0,0,0,0.1769436997319035,0.0,0.0001592438705607682,3
015018,0,0,0,0,0,0,0,0,0,0,0,0,0,0,0,0,0,0,0,0,0,0.2037533512064343,0.002915451895043732,0.0004931959826402648,3
015019,0,0,0,0,0,0,0,0,0,0,0,0,0,0,0,0,0,0,0,0,0,1.4262734584450403,0.0,0.00038125057578477703,2
015021,0,0,0,0,0,0,0,0,0,0,0,0,0,0,0,0,0,0,0,0,0,0.04289544235924933,0.011661807580174927,0.0030171183490511617,3
015022,0,0,0,0,0,0,0,0,0,0,0,0,0,0,0,0,0,0,0,0,0,0.058981233243967826,0.004373177842565598,0.0009777054910873717,3
015023,0,0,0,0,0,0,0,0,0,0,0,0,0,0,0,0,0,0,0,0,0,0.010723860589812333,0.014577259475218658,0.0052542402534395075,3
015024,0,0,0,0,0,0,0,0,0,0,0,0,0,0,0,0,0,0,0,0,0,0.0482573726541555,0.013119533527696792,0.0010715683502562571,3
015025,0,0,0,0,0,0,0,0,0,0,0,0,0,0,0,0,0,0,0,0,0,0.17158176943699732,0.0,0.00047296016811141495,3
015026,0,0,0,0,0,0,0,0,0,0,0,0,0,0,0,0,0,0,0,0,0,0.42359249329758714,0.002915451895043732,0.00032489860376550087,1
015027,0,0,0,0,0,0,0,0,0,0,0,0,0,0,0,0,0,0,0,0,0,0.16085790884718498,0.004373177842565598,0.0003233081225752044,3
015028,0,0,0,0,0,0,0,0,0,0,0,0,0,0,0,0,0,0,0,0,0,0.03753351206434316,0.004373177842565598,0.0002329443220249713,3
015030,0,0,0,0,0,0,0,0,0,0,0,0,0,0,0,0,0,0,0,0,0,0.38069705093833783,0.0014577259475218659,5.050389502726269e-05,1
015031,0,0,0,0,0,0,0,0,0,0,0,0,0,0,0,0,0,0,0,0,0,0.0160857908847185,0.004373177842565598,0.0008592513458223626,3
015032,0,0,0,0,0,0,0,0,0,0,0,0,0,0,0,0,0,0,0,0,0,1.3672922252010724,0.002915451895043732,0.00024207123716313454,2
015033,0,0,0,0,0,0,0,0,0,0,0,0,0,0,0,0,0,0,0,0,0,0.021447721179624665,0.013119533527696792,0.0026012442212006983,3
015034,0,0,0,0,0,0,0,0,0,0,0,0,0,0,0,0,0,0,0,0,0,0.08042895442359249,0.01020408163265306,0.002826162730450019,3
015035,0,0,0,0,0,0,0,0,0,0,0,0,0,0,0,0,0,0,0,0,0,0.4772117962466488,0.0,0.00014020703415998796,1
015036,0,0,0,0,0,0,0,0,0,0,0,0,0,0,0,0,0,0,0,0,0,0.38069705093833783,0.002915451895043732,0.0006546909958088375,1
015038,0,0,0,0,0,0,0,0,0,0,0,0,0,0,0,0,0,0,0,0,0,0.3109919571045576,0.00728862973760933,0.0013301071849743083,1
015039,0,0,0,0,0,0,0,0,0,0,0,0,0,0,0,0,0,0,0,0,0,0.0482573726541555,0.06705539358600583,0.01164109886590127,3
015041,0,0,0,0,0,0,0,0,0,0,0,0,0,0,0,0,0,0,0,0,0,0.9061662198391421,0.0,0.00033238609983058927,0
015042,0,0,0,0,0,0,0,0,0,0,0,0,0,0,0,0,0,0,0,0,0,1.061662198391421,0.0,6.792578129635717e-05,0
015043,0,0,0,0,0,0,0,0,0,0,0,0,0,0,0,0,0,0,0,0,0,0.16085790884718498,0.0,1.2723849522372382e-05,3
015044,0,0,0,0,0,0,0,0,0,0,0,0,0,0,0,0,0,0,0,0,0,0.09651474530831099,0.023323615160349854,0.00513485628840171,3
015045,0,0,0,0,0,0,0,0,0,0,0,0,0,0,0,0,0,0,0,0,0,0.8096514745308311,0.0014577259475218659,0.00020274964835072606,0
015046,0,0,0,0,0,0,0,0,0,0,0,0,0,0,0,0,0,0,0,0,0,0.04289544235924933,0.02040816326530612,0.0014012383975926478,3
015047,0,0,0,0,0,0,0,0,0,0,0,0,0,0,0,0,0,0,0,0,0,1.4423592493297588,0.0,0.0001217819212939372,2
015048,0,0,0,0,0,0,0,0,0,0,0,0,0,0,0,0,0,0,0,0,0,0.34316353887399464,0.004373177842565598,0.0006010061384009816,1
015049,0,0,0,0,0,0,0,0,0,0,0,0,0,0,0,0,0,0,0,0,0,1.4638069705093835,0.0,1.3017476819042514e-05,2
015050,0,0,0,0,0,0,0,0,0,0,0,0,0,0,0,0,0,0,0,0,0,0.128686327077748,0.002915451895043732,0.0004933672652299892,3
015051,0,0,0,0,0,0,0,0,0,0,0,0,0,0,0,0,0,0,0,0,0,0.11796246648793565,0.002915451895043732,0.0007864317762481699,3
015052,0,0,0,0,0,0,0,0,0,0,0,0,0,0,0,0,0,0,0,0,0,1.7050938337801609,0.0,0.00025733985658998144,2
015053,0,0,0,0,0,0,0,0,0,0,0,0,0,0,0,0,0,0,0,0,0,0.021447721179624665,0.002915451895043732,0.0002735627647310062,3
015054,0,0,0,0,0,0,0,0,0,0,0,0,0,0,0,0,0,0,0,0,0,0.058981233243967826,0.0014577259475218659,0.0004773645775614669,3
015057,0,0,0,0,0,0,0,0,0,0,0,0,0,0,0,0,0,0,0,0,0,1.4691689008042896,0.0014577259475218659,0.00021929065272981017,2
015058,0,0,0,0,0,0,0,0,0,0,0,0,0,0,0,0,0,0,0,0,0,0.128686327077748,0.014577259475218658,0.001933878313752267,3
015059,0,0,0,0,0,0,0,0,0,0,0,0,0,0,0,0,0,0,0,0,0,0.21447721179624665,0.011661807580174927,0.0018173082769742247,3
015060,0,0,0,0,0,0,0,0,0,0,0,0,0,0,0,0,0,0,0,0,0,0.03753351206434316,0.004373177842565598,0.0005113029992682563,3
015061,0,0,0,0,0,0,0,0,0,0,0,0,0,0,0,0,0,0,0,0,0,0.0160857908847185,0.0685131195335277,0.002537551566764669,3
015062,0,0,0,0,0,0,0,0,0,0,0,0,0,0,0,0,0,0,0,0,0,0.37533512064343166,0.004373177842565598,0.0002871430272019998,1
015063,0,0,0,0,0,0,0,0,0,0,0,0,0,0,0,0,0,0,0,0,0,1.1367292225201073,0.0,0.00010443344184901024,0
015065,0,0,0,0,0,0,0,0,0,0,0,0,0,0,0,0,0,0,0,0,0,0.19839142091152814,0.004373177842565598,0.0019281525814671993,3
015066,0,0,0,0,0,0,0,0,0,0,0,0,0,0,0,0,0,0,0,0,0,0.27882037533512066,0.0,0.0004579851759812382,1
015067,0,0,0,0,0,0,0,0,0,0,0,0,0,0,0,0,0,0,0,0,0,0.4128686327077748,0.002915451895043732,0.0006340636782177607,1
015068,0,0,0,0,0,0,0,0,0,0,0,0,0,0,0,0,0,0,0,0,0,0.24128686327077747,0.0014577259475218659,0.0006499684901207261,3
015069,0,0,0,0,0,0,0,0,0,0,0,0,0,0,0,0,0,0,0,0,0,0.9544235924932976,0.0,0.0007743685881433053,0
015070,0,0,0,0,0,0,0,0,0,0,0,0,0,0,0,0,0,0,0,0,0,1.9946380697050938,0.0,6.802365706191389e-06,2
015071,0,0,0,0,0,0,0,0,0,0,0,0,0,0,0,0,0,0,0,0,0,0.49865951742627346,0.0014577259475218659,0.00029526671574320676,1
015073,0,0,0,0,0,0,0,0,0,0,0,0,0,0,0,0,0,0,0,0,0,0.0482573726541555,0.002915451895043732,0.0003509090884621968,3
015074,0,0,0,0,0,0,0,0,0,0,0,0,0,0,0,0,0,0,0,0,0,0.5576407506702413,0.0,0.00022675367985350935,1
015075,0,0,0,0,0,0,0,0,0,0,0,0,0,0,0,0,0,0,0,0,0,0.4128686327077748,0.0,0.00021845870872257812,1
015076,0,0,0,0,0,0,0,0,0,0,0,0,0,0,0,0,0,0,0,0,0,0.9222520107238606,0.0,0.0003650031987023631,0
015078,0,0,0,0,0,0,0,0,0,0,0,0,0,0,0,0,0,0,0,0,0,0.03217158176943699,0.04518950437317784,0.0025505935125251004,3
015079,0,0,0,0,0,0,0,0,0,0,0,0,0,0,0,0,0,0,0,0,0,1.1367292225201073,0.004373177842565598,0.000529287671189302,0
015081,0,0,0,0,0,0,0,0,0,0,0,0,0,0,0,0,0,0,0,0,0,0.11260053619302948,0.0058309037900874635,0.00038758803160457406,3
015083,0,0,0,0,0,0,0,0,0,0,0,0,0,0,0,0,0,0,0,0,0,1.3726541554959786,0.0,8.118794752929146e-05,2
015087,0,0,0,0,0,0,0,0,0,0,0,0,0,0,0,0,0,0,0,0,0,1.5067024128686328,0.0,7.431217499893253e-05,2
015088,0,0,0,0,0,0,0,0,0,0,0,0,0,0,0,0,0,0,0,0,0,0.10723860589812333,0.0014577259475218659,0.0007346065583858916,3
015089,0,0,0,0,0,0,0,0,0,0,0,0,0,0,0,0,0,0,0,0,0,0.0482573726541555,0.00728862973760933,0.0011774943975300072,3
015090,0,0,0,0,0,0,0,0,0,0,0,0,0,0,0,0,0,0,0,0,0,1.646112600536193,0.0,0.00020003359585652733,2
015091,0,0,0,0,0,0,0,0,0,0,0,0,0,0,0,0,0,0,0,0,0,0.35924932975871315,0.0,0.0001430209624197434,1
015092,0,0,0,0,0,0,0,0,0,0,0,0,0,0,0,0,0,0,0,0,0,1.1474530831099197,0.0014577259475218659,0.0003417332354412552,0
015093,0,0,0,0,0,0,0,0,0,0,0,0,0,0,0,0,0,0,0,0,0,0.09115281501340483,0.00728862973760933,0.0007243296030024371,3
015095,0,0,0,0,0,0,0,0,0,0,0,0,0,0,0,0,0,0,0,0,0,0.5522788203753352,0.004373177842565598,0.0002889047909820206,1
015096,0,0,0,0,0,0,0,0,0,0,0,0,0,0,0,0,0,0,0,0,0,0.225201072386059,0.0,8.334121437153909e-05,3
015097,0,0,0,0,0,0,0,0,0,0,0,0,0,0,0,0,0,0,0,0,0,0.0160857908847185,0.0,0.0001382005809660754,3
015098,0,0,0,0,0,0,0,0,0,0,0,0,0,0,0,0,0,0,0,0,0,0.9705093833780161,0.002915451895043732,0.0031902116404382043,0
015099,0,0,0,0,0,0,0,0,0,0,0,0,0,0,0,0,0,0,0,0,0,0.4450402144772118,0.0,0.00011627640948137223,1
015100,0,0,0,0,0,0,0,0,0,0,0,0,0,0,0,0,0,0,0,0,0,1.7855227882037534,0.002915451895043732,7.996450045983256e-05,2
015101,0,0,0,0,0,0,0,0,0,0,0,0,0,0,0,0,0,0,0,0,0,0.04289544235924933,0.0014577259475218659,5.449233247369864e-05,3
015103,0,0,0,0,0,0,0,0,0,0,0,0,0,0,0,0,0,0,0,0,0,0.16085790884718498,0.0014577259475218659,0.0004831881856120912,3
015104,0,0,0,0,0,0,0,0,0,0,0,0,0,0,0,0,0,0,0,0,0,1.0509383378016086,0.0014577259475218659,0.0009156767246658062,0
015105,0,0,0,0,0,0,0,0,0,0,0,0,0,0,0,0,0,0,0,0,0,0.09115281501340483,0.008746355685131194,0.0005953782818814708,3
015106,0,0,0,0,0,0,0,0,0,0,0,0,0,0,0,0,0,0,0,0,0,0.09115281501340483,0.0058309037900874635,0.0006084202276419024,3
015107,0,0,0,0,0,0,0,0,0,0,0,0,0,0,0,0,0,0,0,0,0,1.6621983914209115,0.00728862973760933,0.00021821401930868632,2
015109,0,0,0,0,0,0,0,0,0,0,0,0,0,0,0,0,0,0,0,0,0,1.3136729222520107,0.0,0.0004024651479691941,0
015110,0,0,0,0,0,0,0,0,0,0,0,0,0,0,0,0,0,0,0,0,0,0.12332439678284182,0.004373177842565598,0.0006313720946649511,3
015111,0,0,0,0,0,0,0,0,0,0,0,0,0,0,0,0,0,0,0,0,0,0.15013404825737264,0.002915451895043732,0.0007564573230464273,3
015113,0,0,0,0,0,0,0,0,0,0,0,0,0,0,0,0,0,0,0,0,0,0.0482573726541555,0.002915451895043732,0.0005218491130069919,3
015114,0,0,0,0,0,0,0,0,0,0,0,0,0,0,0,0,0,0,0,0,0,0.1554959785522788,0.013119533527696792,0.0007482357587396635,3
015115,0,0,0,0,0,0,0,0,0,0,0,0,0,0,0,0,0,0,0,0,0,0.09115281501340483,0.0,0.00019127371483920174,3
015116,0,0,0,0,0,0,0,0,0,0,0,0,0,0,0,0,0,0,0,0,0,0.09115281501340483,0.004373177842565598,0.00030373296946386224,3
015117,0,0,0,0,0,0,0,0,0,0,0,0,0,0,0,0,0,0,0,0,0,0.07506702412868632,0.0058309037900874635,0.0004307757131564726,3
015118,0,0,0,0,0,0,0,0,0,0,0,0,0,0,0,0,0,0,0,0,0,0.7131367292225201,0.0,0.0,1
015119,0,0,0,0,0,0,0,0,0,0,0,0,0,0,0,0,0,0,0,0,0,1.3136729222520107,0.0,0.00026433797382728624,0
015120,0,0,0,0,0,0,0,0,0,0,0,0,0,0,0,0,0,0,0,0,0,0.7131367292225201,0.0,0.00025237266148797833,1
015121,0,0,0,0,0,0,0,0,0,0,0,0,0,0,0,0,0,0,0,0,0,0.26273458445040215,0.0014577259475218659,0.0002891739493373015,3
015122,0,0,0,0,0,0,0,0,0,0,0,0,0,0,0,0,0,0,0,0,0,0.6058981233243967,0.002915451895043732,0.000652293039552698,1
015123,0,0,0,0,0,0,0,0,0,0,0,0,0,0,0,0,0,0,0,0,0,0.03217158176943699,0.0014577259475218659,0.0007915702539398972,3
015124,0,0,0,0,0,0,0,0,0,0,0,0,0,0,0,0,0,0,0,0,0,0.11796246648793565,0.0014577259475218659,8.050281717039448e-05,3
015125,0,0,0,0,0,0,0,0,0,0,0,0,0,0,0,0,0,0,0,0,0,0.128686327077748,0.02040816326530612,0.0010520910729104717,3
015127,0,0,0,0,0,0,0,0,0,0,0,0,0,0,0,0,0,0,0,0,0,0.3485254691689008,0.0,7.154718462195546e-05,1
015128,0,0,0,0,0,0,0,0,0,0,0,0,0,0,0,0,0,0,0,0,0,0.3163538873994638,0.004373177842565598,0.0005165882906083187,1
015129,0,0,0,0,0,0,0,0,0,0,0,0,0,0,0,0,0,0,0,0,0,0.26273458445040215,0.014577259475218658,0.0005967240736578756,3
015130,0,0,0,0,0,0,0,0,0,0,0,0,0,0,0,0,0,0,0,0,0,0.9061662198391421,0.0,0.00012985667195236582,0
015132,0,0,0,0,0,0,0,0,0,0,0,0,0,0,0,0,0,0,0,0,0,0.09115281501340483,0.0058309037900874635,0.0002620378933367035,3
015133,0,0,0,0,0,0,0,0,0,0,0,0,0,0,0,0,0,0,0,0,0,0.6809651474530831,0.002915451895043732,0.00015655228700795865,1
015134,0,0,0,0,0,0,0,0,0,0,0,0,0,0,0,0,0,0,0,0,0,0.07506702412868632,0.01020408163265306,0.00041056436756901194,3
015135,0,0,0,0,0,0,0,0,0,0,0,0,0,0,0,0,0,0,0,0,0,1.2761394101876675,0.0,7.87410533903737e-05,0
015136,0,0,0,0,0,0,0,0,0,0,0,0,0,0,0,0,0,0,0,0,0,0.010723860589812333,0.004373177842565598,0.00034170876649986594,3
015139,0,0,0,0,0,0,0,0,0,0,0,0,0,0,0,0,0,0,0,0,0,1.2815013404825737,0.0014577259475218659,4.2673833782725835e-05,0
015140,0,0,0,0,0,0,0,0,0,0,0,0,0,0,0,0,0,0,0,0,0,0.2734584450402145,0.008746355685131194,0.0005198426598130794,1
015142,0,0,0,0,0,0,0,0,0,0,0,0,0,0,0,0,0,0,0,0,0,0.24128686327077747,0.0,0.00015349366933431143,3
015143,0,0,0,0,0,0,0,0,0,0,0,0,0,0,0,0,0,0,0,0,0,1.2064343163538873,0.0,9.665231848725174e-05,0
015144,0,0,0,0,0,0,0,0,0,0,0,0,0,0,0,0,0,0,0,0,0,0.03753351206434316,0.023323615160349854,0.0015397326058553932,3
015145,0,0,0,0,0,0,0,0,0,0,0,0,0,0,0,0,0,0,0,0,0,0.0160857908847185,0.004373177842565598,0.0005592376554496554,3
015146,0,0,0,0,0,0,0,0,0,0,0,0,0,0,0,0,0,0,0,0,0,0.8793565683646113,0.0014577259475218659,0.00033999594060262357,0
015147,0,0,0,0,0,0,0,0,0,0,0,0,0,0,0,0,0,0,0,0,0,1.2815013404825737,0.0,0.0002040220333029633,0
015148,0,0,0,0,0,0,0,0,0,0,0,0,0,0,0,0,0,0,0,0,0,0.053619302949061656,0.0,0.00012366602978090388,3
015149,0,0,0,0,0,0,0,0,0,0,0,0,0,0,0,0,0,0,0,0,0,0.7131367292225201,0.0,0.0003344414909072802,1
015150,0,0,0,0,0,0,0,0,0,0,0,0,0,0,0,0,0,0,0,0,0,0.08579088471849866,0.013119533527696792,0.0024578072867773386,3
015152,0,0,0,0,0,0,0,0,0,0,0,0,0,0,0,0,0,0,0,0,0,0.0482573726541555,0.01749271137026239,0.002303873176498022,3
015153,0,0,0,0,0,0,0,0,0,0,0,0,0,0,0,0,0,0,0,0,0,0.16085790884718498,0.0,0.0002507577113562926,3
015154,0,0,0,0,0,0,0,0,0,0,0,0,0,0,0,0,0,0,0,0,0,0.3967828418230563,0.0,0.0006146842766375319,1
015156,0,0,0,0,0,0,0,0,0,0,0,0,0,0,0,0,0,0,0,0,0,0.0,0.002915451895043732,0.000381935706143674,3
015157,0,0,0,0,0,0,0,0,0,0,0,0,0,0,0,0,0,0,0,0,0,0.0160857908847185,0.002915451895043732,0.0005639846300791559,3
015158,0,0,0,0,0,0,0,0,0,0,0,0,0,0,0,0,0,0,0,0,0,0.2359249329758713,0.0,3.127130709536905e-05,3
015159,0,0,0,0,0,0,0,0,0,0,0,0,0,0,0,0,0,0,0,0,0,0.005361930294906166,0.04227405247813411,0.004941698465075541,3
015160,0,0,0,0,0,0,0,0,0,0,0,0,0,0,0,0,0,0,0,0,0,1.9088471849865951,0.0,1.668781802741916e-05,2
015163,0,0,0,0,0,0,0,0,0,0,0,0,0,0,0,0,0,0,0,0,0,0.09115281501340483,0.0014577259475218659,0.00017253050573509167,3
015164,0,0,0,0,0,0,0,0,0,0,0,0,0,0,0,0,0,0,0,0,0,0.3646112600536193,0.002915451895043732,0.0007418983029198665,1
015165,0,0,0,0,0,0,0,0,0,0,0,0,0,0,0,0,0,0,0,0,0,1.9946380697050938,0.0,0.0003290583238016611,2
015167,0,0,0,0,0,0,0,0,0,0,0,0,0,0,0,0,0,0,0,0,0,1.7158176943699732,0.0,0.000267885970328717,2
015168,0,0,0,0,0,0,0,0,0,0,0,0,0,0,0,0,0,0,0,0,0,0.13404825737265416,0.0,4.0422691174921496e-05,3
015171,0,0,0,0,0,0,0,0,0,0,0,0,0,0,0,0,0,0,0,0,0,1.769436997319035,0.0,4.570798251498387e-05,2
015172,0,0,0,0,0,0,0,0,0,0,0,0,0,0,0,0,0,0,0,0,0,0.04289544235924933,0.0058309037900874635,0.0005615622048816273,3
015174,0,0,0,0,0,0,0,0,0,0,0,0,0,0,0,0,0,0,0,0,0,1.7265415549597856,0.0,4.12791041235427e-05,2
015175,0,0,0,0,0,0,0,0,0,0,0,0,0,0,0,0,0,0,0,0,0,0.38069705093833783,0.0,4.125463518215353e-05,1
015178,0,0,0,0,0,0,0,0,0,0,0,0,0,0,0,0,0,0,0,0,0,1.388739946380697,0.0,9.49394925900093e-06,2
015179,0,0,0,0,0,0,0,0,0,0,0,0,0,0,0,0,0,0,0,0,0,0.09115281501340483,0.0058309037900874635,0.0005952069992917465,3
015180,0,0,0,0,0,0,0,0,0,0,0,0,0,0,0,0,0,0,0,0,0,1.9624664879356568,0.0,4.754315311917219e-05,2
015181,0,0,0,0,0,0,0,0,0,0,0,0,0,0,0,0,0,0,0,0,0,0.3485254691689008,0.002915451895043732,5.7355198616232424e-05,1
015182,0,0,0,0,0,0,0,0,0,0,0,0,0,0,0,0,0,0,0,0,0,0.8203753351206434,0.0014577259475218659,0.00021062864747804127,0
015184,0,0,0,0,0,0,0,0,0,0,0,0,0,0,0,0,0,0,0,0,0,0.15013404825737264,0.0014577259475218659,0.0004927066038124813,3
015185,0,0,0,0,0,0,0,0,0,0,0,0,0,0,0,0,0,0,0,0,0,0.3699731903485255,0.0,0.00011918821350668436,1
015186,0,0,0,0,0,0,0,0,0,0,0,0,0,0,0,0,0,0,0,0,0,0.06970509383378015,0.0014577259475218659,0.00015672356959768287,3
015187,0,0,0,0,0,0,0,0,0,0,0,0,0,0,0,0,0,0,0,0,0,0.005361930294906166,0.021865889212827987,0.0006746821209237955,3
015189,0,0,0,0,0,0,0,0,0,0,0,0,0,0,0,0,0,0,0,0,0,0.0,0.05830903790087463,0.0022623004450778093,3
015192,0,0,0,0,0,0,0,0,0,0,0,0,0,0,0,0,0,0,0,0,0,0.6380697050938338,0.002915451895043732,0.0003133982013125874,1
015193,0,0,0,0,0,0,0,0,0,0,0,0,0,0,0,0,0,0,0,0,0,0.32171581769436997,0.0,0.0002970040105818384,1
015194,0,0,0,0,0,0,0,0,0,0,0,0,0,0,0,0,0,0,0,0,0,0.010723860589812333,0.02040816326530612,0.001826997977764339,3
015195,0,0,0,0,0,0,0,0,0,0,0,0,0,0,0,0,0,0,0,0,0,0.010723860589812333,0.0,6.312986878407836e-06,3
015197,0,0,0,0,0,0,0,0,0,0,0,0,0,0,0,0,0,0,0,0,0,0.053619302949061656,0.002915451895043732,0.00023700616629557478,3
015198,0,0,0,0,0,0,0,0,0,0,0,0,0,0,0,0,0,0,0,0,0,0.4879356568364611,0.0014577259475218659,4.5463293101092084e-05,1
015199,0,0,0,0,0,0,0,0,0,0,0,0,0,0,0,0,0,0,0,0,0,0.3109919571045576,0.004373177842565598,0.00014590829750366636,1
015201,0,0,0,0,0,0,0,0,0,0,0,0,0,0,0,0,0,0,0,0,0,0.4611260053619303,0.0058309037900874635,0.0002723148487201581,1
015203,0,0,0,0,0,0,0,0,0,0,0,0,0,0,0,0,0,0,0,0,0,0.13404825737265416,0.00728862973760933,0.00043674613485543195,3
015204,0,0,0,0,0,0,0,0,0,0,0,0,0,0,0,0,0,0,0,0,0,1.9088471849865951,0.0,5.253481716256443e-05,2
015205,0,0,0,0,0,0,0,0,0,0,0,0,0,0,0,0,0,0,0,0,0,0.450402144772118,0.0014577259475218659,0.00033316910595504294,1
015206,0,0,0,0,0,0,0,0,0,0,0,0,0,0,0,0,0,0,0,0,0,0.0482573726541555,0.004373177842565598,5.867652145124802e-05,3
015208,0,0,0,0,0,0,0,0,0,0,0,0,0,0,0,0,0,0,0,0,0,0.0,0.0058309037900874635,0.0005004143203500723,3
015210,0,0,0,0,0,0,0,0,0,0,0,0,0,0,0,0,0,0,0,0,0,1.2010723860589811,0.0,0.00030989914269393505,0
015211,0,0,0,0,0,0,0,0,0,0,0,0,0,0,0,0,0,0,0,0,0,0.3163538873994638,0.0014577259475218659,0.000698857435016303,1
015212,0,0,0,0,0,0,0,0,0,0,0,0,0,0,0,0,0,0,0,0,0,1.2868632707774799,0.0,4.399515661774142e-05,0
015213,0,0,0,0,0,0,0,0,0,0,0,0,0,0,0,0,0,0,0,0,0,1.7050938337801609,0.0014577259475218659,9.082871043662746e-05,2
015214,0,0,0,0,0,0,0,0,0,0,0,0,0,0,0,0,0,0,0,0,0,0.005361930294906166,0.01020408163265306,0.0006513632197799093,3
015215,0,0,0,0,0,0,0,0,0,0,0,0,0,0,0,0,0,0,0,0,0,0.24664879356568364,0.002915451895043732,0.0004420803640782727,3
015216,0,0,0,0,0,0,0,0,0,0,0,0,0,0,0,0,0,0,0,0,0,0.46648793565683644,0.0,2.307421172999453e-05,1
015218,0,0,0,0,0,0,0,0,0,0,0,0,0,0,0,0,0,0,0,0,0,0.053619302949061656,0.014577259475218658,0.0012559173546823218,3
015219,0,0,0,0,0,0,0,0,0,0,0,0,0,0,0,0,0,0,0,0,0,0.938337801608579,0.0,0.00021723526165311923,0
015220,0,0,0,0,0,0,0,0,0,0,0,0,0,0,0,0,0,0,0,0,0,0.2734584450402145,0.00728862973760933,0.0007322086021297523,1
015221,0,0,0,0,0,0,0,0,0,0,0,0,0,0,0,0,0,0,0,0,0,1.9571045576407506,0.0,0.00015508415052460796,2
015222,0,0,0,0,0,0,0,0,0,0,0,0,0,0,0,0,0,0,0,0,0,1.7050938337801609,0.0,1.6027156609911363e-05,2
015223,0,0,0,0,0,0,0,0,0,0,0,0,0,0,0,0,0,0,0,0,0,1.2064343163538873,0.0014577259475218659,0.00019956868597013298,0
015224,0,0,0,0,0,0,0,0,0,0,0,0,0,0,0,0,0,0,0,0,0,1.9142091152815013,0.0014577259475218659,0.00010966979530629426,2
015225,0,0,0,0,0,0,0,0,0,0,0,0,0,0,0,0,0,0,0,0,0,1.2493297587131367,0.0,0.0001937450779195087,0
015226,0,0,0,0,0,0,0,0,0,0,0,0,0,0,0,0,0,0,0,0,0,1.6621983914209115,0.0,7.480155382671609e-05,2
015227,0,0,0,0,0,0,0,0,0,0,0,0,0,0,0,0,0,0,0,0,0,0.19302949061662197,0.0058309037900874635,0.0006493567665859967,3
015228,0,0,0,0,0,0,0,0,0,0,0,0,0,0,0,0,0,0,0,0,0,0.3485254691689008,0.004373177842565598,0.0009739128051720491,1
015230,0,0,0,0,0,0,0,0,0,0,0,0,0,0,0,0,0,0,0,0,0,1.2761394101876675,0.0014577259475218659,9.985774980923402e-05,0
015232,0,0,0,0,0,0,0,0,0,0,0,0,0,0,0,0,0,0,0,0,0,0.6005361930294906,0.0014577259475218659,7.776229573480659e-05,1
015234,0,0,0,0,0,0,0,0,0,0,0,0,0,0,0,0,0,0,0,0,0,1.479892761394102,0.0,5.7232853909286545e-05,2
015235,0,0,0,0,0,0,0,0,0,0,0,0,0,0,0,0,0,0,0,0,0,1.1635388739946382,0.016034985422740525,0.0010459983065045665,0
015236,0,0,0,0,0,0,0,0,0,0,0,0,0,0,0,0,0,0,0,0,0,1.5978552278820375,0.0,5.9728685930982656e-05,2
015237,0,0,0,0,0,0,0,0,0,0,0,0,0,0,0,0,0,0,0,0,0,0.005361930294906166,0.004373177842565598,0.0006101330535391449,3
015238,0,0,0,0,0,0,0,0,0,0,0,0,0,0,0,0,0,0,0,0,0,0.15013404825737264,0.002915451895043732,0.0005877684411094365,3
015239,0,0,0,0,0,0,0,0,0,0,0,0,0,0,0,0,0,0,0,0,0,0.0482573726541555,0.0014577259475218659,0.00023551356087083493,3
015240,0,0,0,0,0,0,0,0,0,0,0,0,0,0,0,0,0,0,0,0,0,0.2359249329758713,0.0058309037900874635,0.0004935874857024917,3
015241,0,0,0,0,0,0,0,0,0,0,0,0,0,0,0,0,0,0,0,0,0,0.353887399463807,0.01020408163265306,0.0005061400526351399,1
015243,0,0,0,0,0,0,0,0,0,0,0,0,0,0,0,0,0,0,0,0,0,0.3914209115281501,0.0,0.00013147162208405154,1
015244,0,0,0,0,0,0,0,0,0,0,0,0,0,0,0,0,0,0,0,0,0,0.34316353887399464,0.0014577259475218659,0.00019430786357145977,1
015245,0,0,0,0,0,0,0,0,0,0,0,0,0,0,0,0,0,0,0,0,0,0.7131367292225201,0.002915451895043732,0.0004082153491956508,1
015246,0,0,0,0,0,0,0,0,0,0,0,0,0,0,0,0,0,0,0,0,0,1.2707774798927614,0.0014577259475218659,0.00024048075597283801,0
015247,0,0,0,0,0,0,0,0,0,0,0,0,0,0,0,0,0,0,0,0,0,0.6487935656836461,0.0,3.017020473285605e-05,1
015249,0,0,0,0,0,0,0,0,0,0,0,0,0,0,0,0,0,0,0,0,0,0.16621983914209115,0.01749271137026239,0.002400721246516387,3
015251,0,0,0,0,0,0,0,0,0,0,0,0,0,0,0,0,0,0,0,0,0,0.04289544235924933,0.014577259475218658,0.0010495463030059974,3
015252,0,0,0,0,0,0,0,0,0,0,0,0,0,0,0,0,0,0,0,0,0,0.18766756032171583,0.0014577259475218659,0.0002216641400445604,3
015253,0,0,0,0,0,0,0,0,0,0,0,0,0,0,0,0,0,0,0,0,0,0.08042895442359249,0.0058309037900874635,0.00021701504118061662,3
015254,0,0,0,0,0,0,0,0,0,0,0,0,0,0,0,0,0,0,0,0,0,0.675603217158177,0.0,8.899353983243913e-05,1
015255,0,0,0,0,0,0,0,0,0,0,0,0,0,0,0,0,0,0,0,0,0,0.353887399463807,0.0,0.0003159674401584511,1
015256,0,0,0,0,0,0,0,0,0,0,0,0,0,0,0,0,0,0,0,0,0,0.7935656836461126,0.0,2.6255174110587623e-05,0
015257,0,0,0,0,0,0,0,0,0,0,0,0,0,0,0,0,0,0,0,0,0,1.512064343163539,0.0,0.0005298259878998638,2
015258,0,0,0,0,0,0,0,0,0,0,0,0,0,0,0,0,0,0,0,0,0,0.900804289544236,0.0014577259475218659,0.00046860469654414134,0
015260,0,0,0,0,0,0,0,0,0,0,0,0,0,0,0,0,0,0,0,0,0,0.5308310991957105,0.008746355685131194,0.0006530515767357625,1
015261,0,0,0,0,0,0,0,0,0,0,0,0,0,0,0,0,0,0,0,0,0,0.7184986595174263,0.0,5.534874542231986e-05,1
015262,0,0,0,0,0,0,0,0,0,0,0,0,0,0,0,0,0,0,0,0,0,1.7319034852546917,0.0,8.020918987372436e-05,2
015263,0,0,0,0,0,0,0,0,0,0,0,0,0,0,0,0,0,0,0,0,0,0.5683646112600537,0.0,8.642430098657548e-05,1
015264,0,0,0,0,0,0,0,0,0,0,0,0,0,0,0,0,0,0,0,0,0,0.3378016085790885,0.0,0.00012958751359708488,1
015265,0,0,0,0,0,0,0,0,0,0,0,0,0,0,0,0,0,0,0,0,0,0.8042895442359249,0.0014577259475218659,0.000917414019504438,0
015266,0,0,0,0,0,0,0,0,0,0,0,0,0,0,0,0,0,0,0,0,0,1.806970509383378,0.0,9.868324062255349e-05,2
015267,0,0,0,0,0,0,0,0,0,0,0,0,0,0,0,0,0,0,0,0,0,0.11260053619302948,0.0058309037900874635,4.898682066113366e-05,3
015269,0,0,0,0,0,0,0,0,0,0,0,0,0,0,0,0,0,0,0,0,0,0.12332439678284182,0.0,0.0003664958041271029,3
015270,0,0,0,0,0,0,0,0,0,0,0,0,0,0,0,0,0,0,0,0,0,0.08042895442359249,0.008746355685131194,0.0006610773895114127,3
015271,0,0,0,0,0,0,0,0,0,0,0,0,0,0,0,0,0,0,0,0,0,0.03217158176943699,0.02040816326530612,0.0018342897222983138,3
015272,0,0,0,0,0,0,0,0,0,0,0,0,0,0,0,0,0,0,0,0,0,0.3002680965147453,0.0014577259475218659,0.0006345530570455442,1
015274,0,0,0,0,0,0,0,0,0,0,0,0,0,0,0,0,0,0,0,0,0,0.0160857908847185,0.0014577259475218659,0.00023636997381945614,3
015275,0,0,0,0,0,0,0,0,0,0,0,0,0,0,0,0,0,0,0,0,0,0.19839142091152814,0.0,0.00032634227130746236,3
015276,0,0,0,0,0,0,0,0,0,0,0,0,0,0,0,0,0,0,0,0,0,0.3485254691689008,0.0,0.00030556814006805057,1
015277,0,0,0,0,0,0,0,0,0,0,0,0,0,0,0,0,0,0,0,0,0,0.24664879356568364,0.0,5.15805284483865e-05,3
015279,0,0,0,0,0,0,0,0,0,0,0,0,0,0,0,0,0,0,0,0,0,1.8981233243967828,0.0,0.00017908818202739125,2
015280,0,0,0,0,0,0,0,0,0,0,0,0,0,0,0,0,0,0,0,0,0,0.9168900804289545,0.0,3.107555556425562e-05,0
015281,0,0,0,0,0,0,0,0,0,0,0,0,0,0,0,0,0,0,0,0,0,0.3109919571045576,0.011661807580174927,0.0013310859426298753,1
015286,0,0,0,0,0,0,0,0,0,0,0,0,0,0,0,0,0,0,0,0,0,0.26273458445040215,0.0,3.225006475093616e-05,3
015287,0,0,0,0,0,0,0,0,0,0,0,0,0,0,0,0,0,0,0,0,0,0.11260053619302948,0.0014577259475218659,0.00012481607002619522,3
015288,0,0,0,0,0,0,0,0,0,0,0,0,0,0,0,0,0,0,0,0,0,0.225201072386059,0.0058309037900874635,0.0007155941909265006,3
015289,0,0,0,0,0,0,0,0,0,0,0,0,0,0,0,0,0,0,0,0,0,0.15013404825737264,0.002915451895043732,0.00017473271046011764,3
015290,0,0,0,0,0,0,0,0,0,0,0,0,0,0,0,0,0,0,0,0,0,0.021447721179624665,0.02478134110787172,0.0016222174072783111,3
015291,0,0,0,0,0,0,0,0,0,0,0,0,0,0,0,0,0,0,0,0,0,0.13404825737265416,0.02040816326530612,0.0012832981000968115,3
015292,0,0,0,0,0,0,0,0,0,0,0,0,0,0,0,0,0,0,0,0,0,1.0723860589812333,0.0,0.0002829833071658396,0
015296,0,0,0,0,0,0,0,0,0,0,0,0,0,0,0,0,0,0,0,0,0,0.2680965147453083,0.00728862973760933,0.0016504056277586436,3
015297,0,0,0,0,0,0,0,0,0,0,0,0,0,0,0,0,0,0,0,0,0,0.0482573726541555,0.002915451895043732,0.0002605208189705745,3
015298,0,0,0,0,0,0,0,0,0,0,0,0,0,0,0,0,0,0,0,0,0,0.005361930294906166,0.016034985422740525,0.001123320161294368,3
015299,0,0,0,0,0,0,0,0,0,0,0,0,0,0,0,0,0,0,0,0,0,0.353887399463807,0.008746355685131194,0.0015157041054112209,1
015300,0,0,0,0,0,0,0,0,0,0,0,0,0,0,0,0,0,0,0,0,0,0.3378016085790885,0.0,0.0001956781242892537,1
015301,0,0,0,0,0,0,0,0,0,0,0,0,0,0,0,0,0,0,0,0,0,0.2680965147453083,0.016034985422740525,0.001786110376703023,3
015303,0,0,0,0,0,0,0,0,0,0,0,0,0,0,0,0,0,0,0,0,0,1.549597855227882,0.0,0.00029091124417593314,2
015304,0,0,0,0,0,0,0,0,0,0,0,0,0,0,0,0,0,0,0,0,0,0.32171581769436997,0.01020408163265306,0.00041983809635551023,1
015306,0,0,0,0,0,0,0,0,0,0,0,0,0,0,0,0,0,0,0,0,0,0.3378016085790885,0.002915451895043732,0.0003758184707963796,1
015307,0,0,0,0,0,0,0,0,0,0,0,0,0,0,0,0,0,0,0,0,0,0.5093833780160858,0.0,0.0001976601085417771,1
015308,0,0,0,0,0,0,0,0,0,0,0,0,0,0,0,0,0,0,0,0,0,1.4638069705093835,0.0,0.00018711399480304155,2
015311,0,0,0,0,0,0,0,0,0,0,0,0,0,0,0,0,0,0,0,0,0,0.0,0.13119533527696794,0.014587624319044652,3
015312,0,0,0,0,0,0,0,0,0,0,0,0,0,0,0,0,0,0,0,0,0,0.3967828418230563,0.004373177842565598,0.0002723882555443257,1
015313,0,0,0,0,0,0,0,0,0,0,0,0,0,0,0,0,0,0,0,0,0,0.5844504021447722,0.0,4.673567805332933e-06,1
015314,0,0,0,0,0,0,0,0,0,0,0,0,0,0,0,0,0,0,0,0,0,1.061662198391421,0.0,0.00010022478393007168,0
015315,0,0,0,0,0,0,0,0,0,0,0,0,0,0,0,0,0,0,0,0,0,0.3378016085790885,0.0014577259475218659,7.947512163204902e-05,1
015316,0,0,0,0,0,0,0,0,0,0,0,0,0,0,0,0,0,0,0,0,0,1.7479892761394102,0.0,3.621403325598293e-06,2
015318,0,0,0,0,0,0,0,0,0,0,0,0,0,0,0,0,0,0,0,0,0,0.0160857908847185,0.0,4.688249170166439e-05,3
015319,0,0,0,0,0,0,0,0,0,0,0,0,0,0,0,0,0,0,0,0,0,1.5174262734584452,0.0,0.0001264799580406593,2
015320,0,0,0,0,0,0,0,0,0,0,0,0,0,0,0,0,0,0,0,0,0,0.23056300268096513,0.0,0.0002694519825776244,3
015321,0,0,0,0,0,0,0,0,0,0,0,0,0,0,0,0,0,0,0,0,0,0.37533512064343166,0.002915451895043732,0.0007959012565657816,1
015322,0,0,0,0,0,0,0,0,0,0,0,0,0,0,0,0,0,0,0,0,0,0.45576407506702415,0.0,0.00031941756089432513,1
015325,0,0,0,0,0,0,0,0,0,0,0,0,0,0,0,0,0,0,0,0,0,0.5522788203753352,0.0,0.0001302237060732035,1
015326,0,0,0,0,0,0,0,0,0,0,0,0,0,0,0,0,0,0,0,0,0,1.7855227882037534,0.0,0.00010262274018621108,2
015327,0,0,0,0,0,0,0,0,0,0,0,0,0,0,0,0,0,0,0,0,0,0.27882037533512066,0.0,0.00010717396328459812,1
015329,0,0,0,0,0,0,0,0,0,0,0,0,0,0,0,0,0,0,0,0,0,0.2037533512064343,0.002915451895043732,0.0005147775889455196,3
015330,0,0,0,0,0,0,0,0,0,0,0,0,0,0,0,0,0,0,0,0,0,0.16621983914209115,0.0014577259475218659,1.7421886269094488e-05,3
015333,0,0,0,0,0,0,0,0,0,0,0,0,0,0,0,0,0,0,0,0,0,1.1099195710455765,0.0,0.00011561574806386443,0
015334,0,0,0,0,0,0,0,0,0,0,0,0,0,0,0,0,0,0,0,0,0,0.8364611260053619,0.002915451895043732,0.00036206692573566176,0
015335,0,0,0,0,0,0,0,0,0,0,0,0,0,0,0,0,0,0,0,0,0,0.27882037533512066,0.0,0.00024767462474125626,1
015339,0,0,0,0,0,0,0,0,0,0,0,0,0,0,0,0,0,0,0,0,0,0.3485254691689008,0.0014577259475218659,0.0004991419353978351,1
015341,0,0,0,0,0,0,0,0,0,0,0,0,0,0,0,0,0,0,0,0,0,0.4289544235924933,0.0,0.0001232011198945095,1
015342,0,0,0,0,0,0,0,0,0,0,0,0,0,0,0,0,0,0,0,0,0,0.6916890080428955,0.0,0.00013866549085246976,1
015343,0,0,0,0,0,0,0,0,0,0,0,0,0,0,0,0,0,0,0,0,0,0.4611260053619303,0.0,0.0003279572214391481,1
015344,0,0,0,0,0,0,0,0,0,0,0,0,0,0,0,0,0,0,0,0,0,0.0,0.002915451895043732,0.0004804966020592816,3
015345,0,0,0,0,0,0,0,0,0,0,0,0,0,0,0,0,0,0,0,0,0,0.24128686327077747,0.0,0.0003778983308144597,3
015346,0,0,0,0,0,0,0,0,0,0,0,0,0,0,0,0,0,0,0,0,0,1.7801608579088473,0.0,0.00010648883292570116,2
015347,0,0,0,0,0,0,0,0,0,0,0,0,0,0,0,0,0,0,0,0,0,1.9571045576407506,0.0,2.7356276473100622e-05,2
015348,0,0,0,0,0,0,0,0,0,0,0,0,0,0,0,0,0,0,0,0,0,0.38069705093833783,0.0,4.612395451859988e-05,1
015349,0,0,0,0,0,0,0,0,0,0,0,0,0,0,0,0,0,0,0,0,0,0.8418230563002681,0.0014577259475218659,0.000517591517205275,0
015350,0,0,0,0,0,0,0,0,0,0,0,0,0,0,0,0,0,0,0,0,0,1.9946380697050938,0.0,3.225006475093616e-05,2
015351,0,0,0,0,0,0,0,0,0,0,0,0,0,0,0,0,0,0,0,0,0,0.058981233243967826,0.008746355685131194,0.0015571789610658768,3
015353,0,0,0,0,0,0,0,0,0,0,0,0,0,0,0,0,0,0,0,0,0,1.3619302949061662,0.0014577259475218659,0.0005102753037299109,2
015355,0,0,0,0,0,0,0,0,0,0,0,0,0,0,0,0,0,0,0,0,0,0.15013404825737264,0.0014577259475218659,0.00020903816628774474,3
015356,0,0,0,0,0,0,0,0,0,0,0,0,0,0,0,0,0,0,0,0,0,0.16085790884718498,0.013119533527696792,0.002537600504647447,3
015358,0,0,0,0,0,0,0,0,0,0,0,0,0,0,0,0,0,0,0,0,0,0.021447721179624665,0.030612244897959183,0.002682481106612768,3
015360,0,0,0,0,0,0,0,0,0,0,0,0,0,0,0,0,0,0,0,0,0,0.20911528150134048,0.0,7.438558182310007e-05,3
015361,0,0,0,0,0,0,0,0,0,0,0,0,0,0,0,0,0,0,0,0,0,1.935656836461126,0.0,2.2609301843600153e-05,2
015363,0,0,0,0,0,0,0,0,0,0,0,0,0,0,0,0,0,0,0,0,0,1.9946380697050938,0.0,0.00011654556783665319,2
015364,0,0,0,0,0,0,0,0,0,0,0,0,0,0,0,0,0,0,0,0,0,0.5093833780160858,0.0014577259475218659,0.00013993787580470702,1
015365,0,0,0,0,0,0,0,0,0,0,0,0,0,0,0,0,0,0,0,0,0,0.13404825737265416,0.008746355685131194,0.0008610865164265509,3
015366,0,0,0,0,0,0,0,0,0,0,0,0,0,0,0,0,0,0,0,0,0,0.3967828418230563,0.0014577259475218659,0.0002659039860761936,1
015367,0,0,0,0,0,0,0,0,0,0,0,0,0,0,0,0,0,0,0,0,0,0.3002680965147453,0.004373177842565598,0.0006860601786697632,1
015368,0,0,0,0,0,0,0,0,0,0,0,0,0,0,0,0,0,0,0,0,0,0.10723860589812333,0.0,3.4427800534572965e-05,3
015370,0,0,0,0,0,0,0,0,0,0,0,0,0,0,0,0,0,0,0,0,0,0.21447721179624665,0.008746355685131194,0.0008734433318280856,3
015372,0,0,0,0,0,0,0,0,0,0,0,0,0,0,0,0,0,0,0,0,0,0.7292225201072386,0.0,5.407636047008262e-05,1
015373,0,0,0,0,0,0,0,0,0,0,0,0,0,0,0,0,0,0,0,0,0,0.03753351206434316,0.016034985422740525,0.0016795726058945436,3
015374,0,0,0,0,0,0,0,0,0,0,0,0,0,0,0,0,0,0,0,0,0,0.6863270777479893,0.0,2.7600965886992394e-05,1
015376,0,0,0,0,0,0,0,0,0,0,0,0,0,0,0,0,0,0,0,0,0,0.20911528150134048,0.002915451895043732,0.0008284694175547772,3
015379,0,0,0,0,0,0,0,0,0,0,0,0,0,0,0,0,0,0,0,0,0,0.900804289544236,0.008746355685131194,0.0012052911149481131,0
015380,0,0,0,0,0,0,0,0,0,0,0,0,0,0,0,0,0,0,0,0,0,0.04289544235924933,0.0058309037900874635,0.0005404944463455454,3
015381,0,0,0,0,0,0,0,0,0,0,0,0,0,0,0,0,0,0,0,0,0,1.1420911528150135,0.0014577259475218659,0.00012094997728670516,0
015382,0,0,0,0,0,0,0,0,0,0,0,0,0,0,0,0,0,0,0,0,0,0.07506702412868632,0.00728862973760933,0.0018002534248259677,3
015384,0,0,0,0,0,0,0,0,0,0,0,0,0,0,0,0,0,0,0,0,0,0.9061662198391421,0.0014577259475218659,0.00018635545761997701,0
015385,0,0,0,0,0,0,0,0,0,0,0,0,0,0,0,0,0,0,0,0,0,0.20911528150134048,0.0,6.476928785715325e-05,3
015386,0,0,0,0,0,0,0,0,0,0,0,0,0,0,0,0,0,0,0,0,0,0.9919571045576407,0.0,0.00010475153808706953,0
015389,0,0,0,0,0,0,0,0,0,0,0,0,0,0,0,0,0,0,0,0,0,0.9168900804289545,0.0,2.642645670031187e-06,0
015392,0,0,0,0,0,0,0,0,0,0,0,0,0,0,0,0,0,0,0,0,0,0.021447721179624665,0.004373177842565598,0.00044007391088436015,3
015393,0,0,0,0,0,0,0,0,0,0,0,0,0,0,0,0,0,0,0,0,0,0.08042895442359249,0.0014577259475218659,4.5928202987486464e-05,3
015394,0,0,0,0,0,0,0,0,0,0,0,0,0,0,0,0,0,0,0,0,0,0.0482573726541555,0.004373177842565598,0.0006733852670301691,3
015395,0,0,0,0,0,0,0,0,0,0,0,0,0,0,0,0,0,0,0,0,0,1.742627345844504,0.0,0.00011165177955881764,2
015396,0,0,0,0,0,0,0,0,0,0,0,0,0,0,0,0,0,0,0,0,0,0.6005361930294906,0.0,0.00012288302365645018,1
015397,0,0,0,0,0,0,0,0,0,0,0,0,0,0,0,0,0,0,0,0,0,1.549597855227882,0.0,7.201209450834984e-05,2
015398,0,0,0,0,0,0,0,0,0,0,0,0,0,0,0,0,0,0,0,0,0,0.08042895442359249,0.0014577259475218659,0.00048093704300428684,3
015399,0,0,0,0,0,0,0,0,0,0,0,0,0,0,0,0,0,0,0,0,0,0.0,0.002915451895043732,0.00023323794932164141,3
015400,0,0,0,0,0,0,0,0,0,0,0,0,0,0,0,0,0,0,0,0,0,0.4879356568364611,0.0058309037900874635,6.136810500405756e-05,1
015402,0,0,0,0,0,0,0,0,0,0,0,0,0,0,0,0,0,0,0,0,0,0.7935656836461126,0.0014577259475218659,0.0003600604725417492,0
015405,0,0,0,0,0,0,0,0,0,0,0,0,0,0,0,0,0,0,0,0,0,1.0080428954423593,0.0,7.005457919721562e-05,0
015406,0,0,0,0,0,0,0,0,0,0,0,0,0,0,0,0,0,0,0,0,0,0.16085790884718498,0.0014577259475218659,0.0004229456519119358,3
015407,0,0,0,0,0,0,0,0,0,0,0,0,0,0,0,0,0,0,0,0,0,0.1769436997319035,0.004373177842565598,0.0014583978446777665,3
015408,0,0,0,0,0,0,0,0,0,0,0,0,0,0,0,0,0,0,0,0,0,1.4101876675603218,0.0,0.00037197684699827874,2
015410,0,0,0,0,0,0,0,0,0,0,0,0,0,0,0,0,0,0,0,0,0,0.4450402144772118,0.01020408163265306,0.0011595831324331292,1
015411,0,0,0,0,0,0,0,0,0,0,0,0,0,0,0,0,0,0,0,0,0,0.13404825737265416,0.004373177842565598,0.0009962284797189792,3
015412,0,0,0,0,0,0,0,0,0,0,0,0,0,0,0,0,0,0,0,0,0,0.9115281501340483,0.0,8.451572355821962e-05,0
015414,0,0,0,0,0,0,0,0,0,0,0,0,0,0,0,0,0,0,0,0,0,0.0482573726541555,0.002915451895043732,0.0003060575188958341,3
015415,0,0,0,0,0,0,0,0,0,0,0,0,0,0,0,0,0,0,0,0,0,1.6729222520107239,0.0,0.00020460928789630358,2
015416,0,0,0,0,0,0,0,0,0,0,0,0,0,0,0,0,0,0,0,0,0,0.34316353887399464,0.004373177842565598,0.0015342760319256067,1
015417,0,0,0,0,0,0,0,0,0,0,0,0,0,0,0,0,0,0,0,0,0,0.450402144772118,0.0,0.00012794809452400997,1
015419,0,0,0,0,0,0,0,0,0,0,0,0,0,0,0,0,0,0,0,0,0,0.128686327077748,0.0,2.5251947513631336e-05,3
015421,0,0,0,0,0,0,0,0,0,0,0,0,0,0,0,0,0,0,0,0,0,0.3109919571045576,0.004373177842565598,0.00034638233430519887,1
015422,0,0,0,0,0,0,0,0,0,0,0,0,0,0,0,0,0,0,0,0,0,1.7265415549597856,0.0014577259475218659,4.387281191079554e-05,2
015423,0,0,0,0,0,0,0,0,0,0,0,0,0,0,0,0,0,0,0,0,0,0.19839142091152814,0.0,1.8816615928277616e-05,3
015424,0,0,0,0,0,0,0,0,0,0,0,0,0,0,0,0,0,0,0,0,0,1.35656836461126,0.0014577259475218659,7.191421874279313e-05,2
015426,0,0,0,0,0,0,0,0,0,0,0,0,0,0,0,0,0,0,0,0,0,0.09651474530831099,0.0058309037900874635,0.001919979955043214,3
015427,0,0,0,0,0,0,0,0,0,0,0,0,0,0,0,0,0,0,0,0,0,0.17158176943699732,0.002915451895043732,0.0015862235944948306,3
015428,0,0,0,0,0,0,0,0,0,0,0,0,0,0,0,0,0,0,0,0,0,0.07506702412868632,0.0,2.6940304469484597e-05,3
015429,0,0,0,0,0,0,0,0,0,0,0,0,0,0,0,0,0,0,0,0,0,0.13941018766756033,0.0014577259475218659,0.0004145038671326695,3
015432,0,0,0,0,0,0,0,0,0,0,0,0,0,0,0,0,0,0,0,0,0,0.11796246648793565,0.0,7.076417849750177e-05,3
015433,0,0,0,0,0,0,0,0,0,0,0,0,0,0,0,0,0,0,0,0,0,1.1420911528150135,0.0014577259475218659,0.00012572142085759478,0
015434,0,0,0,0,0,0,0,0,0,0,0,0,0,0,0,0,0,0,0,0,0,0.03753351206434316,0.0058309037900874635,0.00043699082426932375,3
015435,0,0,0,0,0,0,0,0,0,0,0,0,0,0,0,0,0,0,0,0,0,0.11260053619302948,0.0,0.00026463160112395637,3
015436,0,0,0,0,0,0,0,0,0,0,0,0,0,0,0,0,0,0,0,0,0,0.058981233243967826,0.002915451895043732,0.001721365557787259,3
015437,0,0,0,0,0,0,0,0,0,0,0,0,0,0,0,0,0,0,0,0,0,1.3994638069705094,0.0,0.0003128843535434147,2
015438,0,0,0,0,0,0,0,0,0,0,0,0,0,0,0,0,0,0,0,0,0,0.6970509383378016,0.0,0.00021598734564227116,1
015440,0,0,0,0,0,0,0,0,0,0,0,0,0,0,0,0,0,0,0,0,0,0.289544235924933,0.002915451895043732,0.00035438367813946,1
015442,0,0,0,0,0,0,0,0,0,0,0,0,0,0,0,0,0,0,0,0,0,1.3297587131367292,0.0,2.380827997166986e-05,0
015443,0,0,0,0,0,0,0,0,0,0,0,0,0,0,0,0,0,0,0,0,0,0.005361930294906166,0.008746355685131194,0.002772551279866331,3
015444,0,0,0,0,0,0,0,0,0,0,0,0,0,0,0,0,0,0,0,0,0,0.04289544235924933,0.0014577259475218659,0.001500459954925763,3
015445,0,0,0,0,0,0,0,0,0,0,0,0,0,0,0,0,0,0,0,0,0,1.4101876675603218,0.0,6.748534035135197e-05,2
015447,0,0,0,0,0,0,0,0,0,0,0,0,0,0,0,0,0,0,0,0,0,1.769436997319035,0.0,6.8317284358584e-05,2
015448,0,0,0,0,0,0,0,0,0,0,0,0,0,0,0,0,0,0,0,0,0,1.6729222520107239,0.0,0.0002447138828331657,2
015449,0,0,0,0,0,0,0,0,0,0,0,0,0,0,0,0,0,0,0,0,0,0.13404825737265416,0.002915451895043732,0.00027870124242273354,3
015450,0,0,0,0,0,0,0,0,0,0,0,0,0,0,0,0,0,0,0,0,0,0.1554959785522788,0.0,0.00015907258797104396,3
015452,0,0,0,0,0,0,0,0,0,0,0,0,0,0,0,0,0,0,0,0,0,0.1554959785522788,0.002915451895043732,0.0003671319966032216,3
015453,0,0,0,0,0,0,0,0,0,0,0,0,0,0,0,0,0,0,0,0,0,0.005361930294906166,0.008746355685131194,0.0017808250853629608,3
015454,0,0,0,0,0,0,0,0,0,0,0,0,0,0,0,0,0,0,0,0,0,1.935656836461126,0.0,0.00016976551535811458,2
015456,0,0,0,0,0,0,0,0,0,0,0,0,0,0,0,0,0,0,0,0,0,1.512064343163539,0.002915451895043732,0.0002352199335741648,2
015457,0,0,0,0,0,0,0,0,0,0,0,0,0,0,0,0,0,0,0,0,0,1.3994638069705094,0.0,0.0002667603990248148,2
015458,0,0,0,0,0,0,0,0,0,0,0,0,0,0,0,0,0,0,0,0,0,0.128686327077748,0.0,2.055391076690923e-05,3
015460,0,0,0,0,0,0,0,0,0,0,0,0,0,0,0,0,0,0,0,0,0,1.8927613941018766,0.0,0.0004009725425444542,2
015462,0,0,0,0,0,0,0,0,0,0,0,0,0,0,0,0,0,0,0,0,0,0.49865951742627346,0.002915451895043732,4.130357306493189e-05,1
015463,0,0,0,0,0,0,0,0,0,0,0,0,0,0,0,0,0,0,0,0,0,0.15013404825737264,0.0,3.136918286092576e-05,3
015464,0,0,0,0,0,0,0,0,0,0,0,0,0,0,0,0,0,0,0,0,0,1.806970509383378,0.0,0.0016172502121763082,2
015465,0,0,0,0,0,0,0,0,0,0,0,0,0,0,0,0,0,0,0,0,0,0.10187667560321716,0.02478134110787172,0.0015895269015823697,3
015466,0,0,0,0,0,0,0,0,0,0,0,0,0,0,0,0,0,0,0,0,0,0.450402144772118,0.0,0.00026580611031063687,1
015467,0,0,0,0,0,0,0,0,0,0,0,0,0,0,0,0,0,0,0,0,0,0.04289544235924933,0.002915451895043732,0.0002869228067294972,3
015468,0,0,0,0,0,0,0,0,0,0,0,0,0,0,0,0,0,0,0,0,0,0.2680965147453083,0.0014577259475218659,0.0002630166509922706,3
015469,0,0,0,0,0,0,0,0,0,0,0,0,0,0,0,0,0,0,0,0,0,0.26273458445040215,0.0014577259475218659,0.000352181473414434,3
015471,0,0,0,0,0,0,0,0,0,0,0,0,0,0,0,0,0,0,0,0,0,0.005361930294906166,0.0,0.00037625891174138484,3
015472,0,0,0,0,0,0,0,0,0,0,0,0,0,0,0,0,0,0,0,0,0,0.6005361930294906,0.0,0.00042529467028529683,1
015473,0,0,0,0,0,0,0,0,0,0,0,0,0,0,0,0,0,0,0,0,0,0.06970509383378015,0.008746355685131194,7.115568155972862e-05,3
015475,0,0,0,0,0,0,0,0,0,0,0,0,0,0,0,0,0,0,0,0,0,0.4075067024128686,0.0,0.00012922047947624718,1
015478,0,0,0,0,0,0,0,0,0,0,0,0,0,0,0,0,0,0,0,0,0,0.20911528150134048,0.0014577259475218659,0.00039615216109078626,3
015482,0,0,0,0,0,0,0,0,0,0,0,0,0,0,0,0,0,0,0,0,0,0.08042895442359249,0.016034985422740525,0.0009181970256288916,3
015483,0,0,0,0,0,0,0,0,0,0,0,0,0,0,0,0,0,0,0,0,0,0.8579088471849866,0.004373177842565598,0.0003512271847002561,0
015484,0,0,0,0,0,0,0,0,0,0,0,0,0,0,0,0,0,0,0,0,0,0.0,0.004373177842565598,0.001000339261872361,3
015485,0,0,0,0,0,0,0,0,0,0,0,0,0,0,0,0,0,0,0,0,0,0.1554959785522788,0.002915451895043732,0.0006691032022870631,3
015488,0,0,0,0,0,0,0,0,0,0,0,0,0,0,0,0,0,0,0,0,0,0.4932975871313673,0.0,3.8881147867403295e-05,1
015489,0,0,0,0,0,0,0,0,0,0,0,0,0,0,0,0,0,0,0,0,0,0.11796246648793565,0.002915451895043732,0.0003639265652812393,3
015491,0,0,0,0,0,0,0,0,0,0,0,0,0,0,0,0,0,0,0,0,0,0.5040214477211796,0.00728862973760933,0.0014674513529917624,1
015492,0,0,0,0,0,0,0,0,0,0,0,0,0,0,0,0,0,0,0,0,0,0.14477211796246647,0.0014577259475218659,0.00021701504118061662,3
015493,0,0,0,0,0,0,0,0,0,0,0,0,0,0,0,0,0,0,0,0,0,0.17158176943699732,0.0058309037900874635,0.0032277469965292026,3
015494,0,0,0,0,0,0,0,0,0,0,0,0,0,0,0,0,0,0,0,0,0,0.10723860589812333,0.0014577259475218659,0.0007306425898808448,3
015497,0,0,0,0,0,0,0,0,0,0,0,0,0,0,0,0,0,0,0,0,0,0.09115281501340483,0.0014577259475218659,0.00013147162208405154,3
015498,0,0,0,0,0,0,0,0,0,0,0,0,0,0,0,0,0,0,0,0,0,0.010723860589812333,0.03790087463556851,0.0039820265837919935,3
015500,0,0,0,0,0,0,0,0,0,0,0,0,0,0,0,0,0,0,0,0,0,0.03753351206434316,0.004373177842565598,0.0007585371830645074,3
015502,0,0,0,0,0,0,0,0,0,0,0,0,0,0,0,0,0,0,0,0,0,0.08042895442359249,0.016034985422740525,0.010261760170851935,3
015503,0,0,0,0,0,0,0,0,0,0,0,0,0,0,0,0,0,0,0,0,0,1.9410187667560321,0.0,0.0003512516536416453,2
015504,0,0,0,0,0,0,0,0,0,0,0,0,0,0,0,0,0,0,0,0,0,0.4289544235924933,0.0,7.056842696638836e-05,1
015505,0,0,0,0,0,0,0,0,0,0,0,0,0,0,0,0,0,0,0,0,0,0.27882037533512066,0.0058309037900874635,0.0005578429257904723,1
015506,0,0,0,0,0,0,0,0,0,0,0,0,0,0,0,0,0,0,0,0,0,0.11796246648793565,0.002915451895043732,0.0007148111848020469,3
015507,0,0,0,0,0,0,0,0,0,0,0,0,0,0,0,0,0,0,0,0,0,0.9168900804289545,0.0,0.0004558074401976014,0
015508,0,0,0,0,0,0,0,0,0,0,0,0,0,0,0,0,0,0,0,0,0,1.0080428954423593,0.00728862973760933,0.0007633086266353971,0
015510,0,0,0,0,0,0,0,0,0,0,0,0,0,0,0,0,0,0,0,0,0,1.769436997319035,0.0,0.00030544579536110467,2
015511,0,0,0,0,0,0,0,0,0,0,0,0,0,0,0,0,0,0,0,0,0,0.058981233243967826,0.0058309037900874635,0.0015630025691165013,3
015512,0,0,0,0,0,0,0,0,0,0,0,0,0,0,0,0,0,0,0,0,0,0.8310991957104558,0.0014577259475218659,3.2984132992611486e-05,0
015513,0,0,0,0,0,0,0,0,0,0,0,0,0,0,0,0,0,0,0,0,0,0.17158176943699732,0.026239067055393583,0.0030950763963170816,3
015514,0,0,0,0,0,0,0,0,0,0,0,0,0,0,0,0,0,0,0,0,0,0.058981233243967826,0.014577259475218658,0.0010271327526935104,3
015516,0,0,0,0,0,0,0,0,0,0,0,0,0,0,0,0,0,0,0,0,0,0.2359249329758713,0.002915451895043732,0.00010157057570647645,3
015517,0,0,0,0,0,0,0,0,0,0,0,0,0,0,0,0,0,0,0,0,0,1.2439678284182305,0.0,0.00011901693091696012,0
015518,0,0,0,0,0,0,0,0,0,0,0,0,0,0,0,0,0,0,0,0,0,0.3378016085790885,0.01020408163265306,0.0012899047142718894,1
015520,0,0,0,0,0,0,0,0,0,0,0,0,0,0,0,0,0,0,0,0,0,0.005361930294906166,0.0,7.553562206839141e-05,3
015521,0,0,0,0,0,0,0,0,0,0,0,0,0,0,0,0,0,0,0,0,0,0.20911528150134048,0.01020408163265306,0.0015470977572135357,3
015522,0,0,0,0,0,0,0,0,0,0,0,0,0,0,0,0,0,0,0,0,0,0.17158176943699732,0.0014577259475218659,0.00013205887667739182,3
015523,0,0,0,0,0,0,0,0,0,0,0,0,0,0,0,0,0,0,0,0,0,0.4450402144772118,0.0,8.843075418048804e-05,1
015524,0,0,0,0,0,0,0,0,0,0,0,0,0,0,0,0,0,0,0,0,0,0.128686327077748,0.0,0.0002687423832773382,3
015525,0,0,0,0,0,0,0,0,0,0,0,0,0,0,0,0,0,0,0,0,0,0.005361930294906166,0.002915451895043732,0.0011769805497608345,3
015526,0,0,0,0,0,0,0,0,0,0,0,0,0,0,0,0,0,0,0,0,0,0.17158176943699732,0.0014577259475218659,5.336676116979646e-05,3
015527,0,0,0,0,0,0,0,0,0,0,0,0,0,0,0,0,0,0,0,0,0,0.09651474530831099,0.01020408163265306,0.0013233782260922845,3
015528,0,0,0,0,0,0,0,0,0,0,0,0,0,0,0,0,0,0,0,0,0,1.35656836461126,0.0,0.00016548345061500848,2
015529,0,0,0,0,0,0,0,0,0,0,0,0,0,0,0,0,0,0,0,0,0,0.11796246648793565,0.014577259475218658,0.0028230307059522045,3
015530,0,0,0,0,0,0,0,0,0,0,0,0,0,0,0,0,0,0,0,0,0,0.11260053619302948,0.004373177842565598,0.00075102521805803,3
015531,0,0,0,0,0,0,0,0,0,0,0,0,0,0,0,0,0,0,0,0,0,0.03753351206434316,0.0014577259475218659,0.0016944497222591635,3
015532,0,0,0,0,0,0,0,0,0,0,0,0,0,0,0,0,0,0,0,0,0,0.128686327077748,0.004373177842565598,0.0024288849980553307,3
015533,0,0,0,0,0,0,0,0,0,0,0,0,0,0,0,0,0,0,0,0,0,0.09651474530831099,0.002915451895043732,0.0008204680737205161,3
015535,0,0,0,0,0,0,0,0,0,0,0,0,0,0,0,0,0,0,0,0,0,0.9222520107238606,0.004373177842565598,0.0008607684201884916,0
015537,0,0,0,0,0,0,0,0,0,0,0,0,0,0,0,0,0,0,0,0,0,0.868632707774799,0.0,0.00022638664573267168,0
015539,0,0,0,0,0,0,0,0,0,0,0,0,0,0,0,0,0,0,0,0,0,0.03217158176943699,0.0,0.00013438342610936369,3
015540,0,0,0,0,0,0,0,0,0,0,0,0,0,0,0,0,0,0,0,0,0,0.053619302949061656,0.0,6.246920736657054e-05,3
015541,0,0,0,0,0,0,0,0,0,0,0,0,0,0,0,0,0,0,0,0,0,0.6058981233243967,0.0,0.0001481839090528599,1
015543,0,0,0,0,0,0,0,0,0,0,0,0,0,0,0,0,0,0,0,0,0,1.5388739946380698,0.0,0.00015026376907093997,2
015544,0,0,0,0,0,0,0,0,0,0,0,0,0,0,0,0,0,0,0,0,0,0.04289544235924933,0.011661807580174927,0.0010121822295047229,3
015545,0,0,0,0,0,0,0,0,0,0,0,0,0,0,0,0,0,0,0,0,0,0.28418230563002683,0.0014577259475218659,0.0005331292949874028,1
015547,0,0,0,0,0,0,0,0,0,0,0,0,0,0,0,0,0,0,0,0,0,0.03217158176943699,0.018950437317784254,0.00447133200475138,3
015549,0,0,0,0,0,0,0,0,0,0,0,0,0,0,0,0,0,0,0,0,0,0.4075067024128686,0.002915451895043732,0.0009237270063828458,1
015550,0,0,0,0,0,0,0,0,0,0,0,0,0,0,0,0,0,0,0,0,0,0.0160857908847185,0.004373177842565598,0.0004181008015168786,3
015551,0,0,0,0,0,0,0,0,0,0,0,0,0,0,0,0,0,0,0,0,0,0.19302949061662197,0.0,0.00027850549089162007,3
015552,0,0,0,0,0,0,0,0,0,0,0,0,0,0,0,0,0,0,0,0,0,1.158176943699732,0.0,7.379832722975981e-05,0
015553,0,0,0,0,0,0,0,0,0,0,0,0,0,0,0,0,0,0,0,0,0,0.3163538873994638,0.0,0.00032986579886750404,1
015554,0,0,0,0,0,0,0,0,0,0,0,0,0,0,0,0,0,0,0,0,0,1.4852546916890081,0.0,0.00016438234825249547,2
015555,0,0,0,0,0,0,0,0,0,0,0,0,0,0,0,0,0,0,0,0,0,0.058981233243967826,0.021865889212827987,0.003731856127029041,3
015556,0,0,0,0,0,0,0,0,0,0,0,0,0,0,0,0,0,0,0,0,0,0.12332439678284182,0.0,0.00013536218376493077,3
015557,0,0,0,0,0,0,0,0,0,0,0,0,0,0,0,0,0,0,0,0,0,0.15013404825737264,0.0,0.00017377842174593971,3
015561,0,0,0,0,0,0,0,0,0,0,0,0,0,0,0,0,0,0,0,0,0,0.058981233243967826,0.004373177842565598,0.0002820045495102725,3
015562,0,0,0,0,0,0,0,0,0,0,0,0,0,0,0,0,0,0,0,0,0,1.8820375335120643,0.0,8.025812775650272e-06,2
015563,0,0,0,0,0,0,0,0,0,0,0,0,0,0,0,0,0,0,0,0,0,0.11260053619302948,0.004373177842565598,0.000520332038640863,3
015565,0,0,0,0,0,0,0,0,0,0,0,0,0,0,0,0,0,0,0,0,0,0.26273458445040215,0.0014577259475218659,8.896907089104996e-05,3
015567,0,0,0,0,0,0,0,0,0,0,0,0,0,0,0,0,0,0,0,0,0,0.09651474530831099,0.0,5.500618024287137e-05,3
015568,0,0,0,0,0,0,0,0,0,0,0,0,0,0,0,0,0,0,0,0,0,0.010723860589812333,0.002915451895043732,0.00033111371487835206,3
015569,0,0,0,0,0,0,0,0,0,0,0,0,0,0,0,0,0,0,0,0,0,0.5522788203753352,0.0058309037900874635,0.0001638195626005444,1
015570,0,0,0,0,0,0,0,0,0,0,0,0,0,0,0,0,0,0,0,0,0,0.03217158176943699,0.016034985422740525,0.0029218118223403146,3
015571,0,0,0,0,0,0,0,0,0,0,0,0,0,0,0,0,0,0,0,0,0,0.058981233243967826,0.004373177842565598,0.00037638125644833074,3
015572,0,0,0,0,0,0,0,0,0,0,0,0,0,0,0,0,0,0,0,0,0,0.021447721179624665,0.008746355685131194,0.0019164319585417832,3
015573,0,0,0,0,0,0,0,0,0,0,0,0,0,0,0,0,0,0,0,0,0,0.16621983914209115,0.0014577259475218659,0.0007263360561963496,3
015574,0,0,0,0,0,0,0,0,0,0,0,0,0,0,0,0,0,0,0,0,0,0.9490616621983914,0.004373177842565598,0.0010340085252238695,0
015576,0,0,0,0,0,0,0,0,0,0,0,0,0,0,0,0,0,0,0,0,0,0.19839142091152814,0.0,0.0003939010184829819,3
015577,0,0,0,0,0,0,0,0,0,0,0,0,0,0,0,0,0,0,0,0,0,0.8042895442359249,0.002915451895043732,0.0002916453124176085,0
015578,0,0,0,0,0,0,0,0,0,0,0,0,0,0,0,0,0,0,0,0,0,0.8632707774798928,0.0,7.55600910097806e-05,0
015579,0,0,0,0,0,0,0,0,0,0,0,0,0,0,0,0,0,0,0,0,0,0.3646112600536193,0.0014577259475218659,0.0005045740403862325,1
015581,0,0,0,0,0,0,0,0,0,0,0,0,0,0,0,0,0,0,0,0,0,0.6434316353887399,0.01749271137026239,0.00822163771358786,1
015582,0,0,0,0,0,0,0,0,0,0,0,0,0,0,0,0,0,0,0,0,0,0.128686327077748,0.002915451895043732,0.0002576579528280407,3
015584,0,0,0,0,0,0,0,0,0,0,0,0,0,0,0,0,0,0,0,0,0,0.12332439678284182,0.004373177842565598,0.000932437949517393,3
015585,0,0,0,0,0,0,0,0,0,0,0,0,0,0,0,0,0,0,0,0,0,0.9436997319034852,0.0,0.00017133152760702195,0
015587,0,0,0,0,0,0,0,0,0,0,0,0,0,0,0,0,0,0,0,0,0,0.26273458445040215,0.004373177842565598,6.381499914297533e-05,3
015589,0,0,0,0,0,0,0,0,0,0,0,0,0,0,0,0,0,0,0,0,0,1.3672922252010724,0.002915451895043732,0.00026137723191919574,2
015592,0,0,0,0,0,0,0,0,0,0,0,0,0,0,0,0,0,0,0,0,0,0.24664879356568364,0.0,9.146490291274608e-05,3
015593,0,0,0,0,0,0,0,0,0,0,0,0,0,0,0,0,0,0,0,0,0,0.37533512064343166,0.0,4.0324815409364774e-05,1
015594,0,0,0,0,0,0,0,0,0,0,0,0,0,0,0,0,0,0,0,0,0,0.08042895442359249,0.0058309037900874635,0.0007957299739760575,3
015596,0,0,0,0,0,0,0,0,0,0,0,0,0,0,0,0,0,0,0,0,0,0.5361930294906166,0.0058309037900874635,0.0007877530990831855,1
015597,0,0,0,0,0,0,0,0,0,0,0,0,0,0,0,0,0,0,0,0,0,0.18230563002680966,0.0,8.620408051407287e-05,3
015598,0,0,0,0,0,0,0,0,0,0,0,0,0,0,0,0,0,0,0,0,0,0.27882037533512066,0.0,8.71583692282508e-05,1
015599,0,0,0,0,0,0,0,0,0,0,0,0,0,0,0,0,0,0,0,0,0,0.13941018766756033,0.0014577259475218659,0.00023994243926227612,3
015601,0,0,0,0,0,0,0,0,0,0,0,0,0,0,0,0,0,0,0,0,0,0.053619302949061656,0.018950437317784254,0.0026941038537726275,3
015602,0,0,0,0,0,0,0,0,0,0,0,0,0,0,0,0,0,0,0,0,0,0.03753351206434316,0.011661807580174927,0.0002708222432954183,3
015603,0,0,0,0,0,0,0,0,0,0,0,0,0,0,0,0,0,0,0,0,0,0.41823056300268097,0.0,2.055391076690923e-06,1
015604,0,0,0,0,0,0,0,0,0,0,0,0,0,0,0,0,0,0,0,0,0,0.2734584450402145,0.0,6.379053020158615e-05,1
015605,0,0,0,0,0,0,0,0,0,0,0,0,0,0,0,0,0,0,0,0,0,0.18766756032171583,0.0058309037900874635,0.0007518082241824836,3
015606,0,0,0,0,0,0,0,0,0,0,0,0,0,0,0,0,0,0,0,0,0,0.32171581769436997,0.011661807580174927,0.0007000808820857619,1
015607,0,0,0,0,0,0,0,0,0,0,0,0,0,0,0,0,0,0,0,0,0,1.801608579088472,0.0,3.6972570439047436e-05,2
015608,0,0,0,0,0,0,0,0,0,0,0,0,0,0,0,0,0,0,0,0,0,0.14477211796246647,0.004373177842565598,0.0004775603290925803,3
015609,0,0,0,0,0,0,0,0,0,0,0,0,0,0,0,0,0,0,0,0,0,0.9812332439678284,0.0,0.00017365607703899382,0
015610,0,0,0,0,0,0,0,0,0,0,0,0,0,0,0,0,0,0,0,0,0,0.2734584450402145,0.0,2.7087118117819663e-05,1
015611,0,0,0,0,0,0,0,0,0,0,0,0,0,0,0,0,0,0,0,0,0,0.0482573726541555,0.01749271137026239,0.0006074904078691137,3
015612,0,0,0,0,0,0,0,0,0,0,0,0,0,0,0,0,0,0,0,0,0,0.18766756032171583,0.0014577259475218659,8.975207701550364e-05,3
015615,0,0,0,0,0,0,0,0,0,0,0,0,0,0,0,0,0,0,0,0,0,0.0482573726541555,0.03206997084548105,0.0026523109018799116,3
015618,0,0,0,0,0,0,0,0,0,0,0,0,0,0,0,0,0,0,0,0,0,0.17158176943699732,0.004373177842565598,0.0002804654530968932,3
015619,0,0,0,0,0,0,0,0,0,0,0,0,0,0,0,0,0,0,0,0,0,0.053619302949061656,0.0,3.200537533704438e-05,3
015620,0,0,0,0,0,0,0,0,0,0,0,0,0,0,0,0,0,0,0,0,0,0.3002680965147453,0.002915451895043732,0.0009122021349885431,1
015621,0,0,0,0,0,0,0,0,0,0,0,0,0,0,0,0,0,0,0,0,0,0.0160857908847185,0.004373177842565598,8.047834822900531e-05,3
015622,0,0,0,0,0,0,0,0,0,0,0,0,0,0,0,0,0,0,0,0,0,0.225201072386059,0.011661807580174927,0.0018481880810073668,3
015623,0,0,0,0,0,0,0,0,0,0,0,0,0,0,0,0,0,0,0,0,0,0.7506702412868633,0.0,0.00019905483820096021,0
015624,0,0,0,0,0,0,0,0,0,0,0,0,0,0,0,0,0,0,0,0,0,0.6219839142091153,0.004373177842565598,0.00030375743840525143,1
015625,0,0,0,0,0,0,0,0,0,0,0,0,0,0,0,0,0,0,0,0,0,0.5522788203753352,0.004373177842565598,0.000253840797971329,1
015626,0,0,0,0,0,0,0,0,0,0,0,0,0,0,0,0,0,0,0,0,0,0.3967828418230563,0.0014577259475218659,0.00019704838500704766,1
015628,0,0,0,0,0,0,0,0,0,0,0,0,0,0,0,0,0,0,0,0,0,0.021447721179624665,0.011661807580174927,0.0008736635523005883,3
015630,0,0,0,0,0,0,0,0,0,0,0,0,0,0,0,0,0,0,0,0,0,0.2359249329758713,0.0014577259475218659,0.00041465068078100456,3
015632,0,0,0,0,0,0,0,0,0,0,0,0,0,0,0,0,0,0,0,0,0,0.08042895442359249,0.01020408163265306,0.0011012247072199406,3
015634,0,0,0,0,0,0,0,0,0,0,0,0,0,0,0,0,0,0,0,0,0,0.08579088471849866,0.0,0.00013636541036188708,3
015636,0,0,0,0,0,0,0,0,0,0,0,0,0,0,0,0,0,0,0,0,0,0.4772117962466488,0.0014577259475218659,0.00019357379532978445,1
015637,0,0,0,0,0,0,0,0,0,0,0,0,0,0,0,0,0,0,0,0,0,0.27882037533512066,0.0,0.00011067302190325055,1
015639,0,0,0,0,0,0,0,0,0,0,0,0,0,0,0,0,0,0,0,0,0,0.7131367292225201,0.0,0.0002631389956992165,1
015640,0,0,0,0,0,0,0,0,0,0,0,0,0,0,0,0,0,0,0,0,0,0.0160857908847185,0.02040816326530612,0.003303135804949259,3
015641,0,0,0,0,0,0,0,0,0,0,0,0,0,0,0,0,0,0,0,0,0,0.5576407506702413,0.004373177842565598,0.0005556162521240571,1
015643,0,0,0,0,0,0,0,0,0,0,0,0,0,0,0,0,0,0,0,0,0,1.0241286863270778,0.002915451895043732,0.0004786614314550933,0
015644,0,0,0,0,0,0,0,0,0,0,0,0,0,0,0,0,0,0,0,0,0,0.8847184986595175,0.004373177842565598,0.0010373118323114086,0
015645,0,0,0,0,0,0,0,0,0,0,0,0,0,0,0,0,0,0,0,0,0,0.09651474530831099,0.0,0.0003752801540858177,3
015646,0,0,0,0,0,0,0,0,0,0,0,0,0,0,0,0,0,0,0,0,0,0.8418230563002681,0.002915451895043732,0.0002491672301659961,0
015648,0,0,0,0,0,0,0,0,0,0,0,0,0,0,0,0,0,0,0,0,0,1.0884718498659518,0.0014577259475218659,0.00027975340690246814,0
015649,0,0,0,0,0,0,0,0,0,0,0,0,0,0,0,0,0,0,0,0,0,1.7962466487935658,0.0014577259475218659,2.0382628177184985e-05,2
015651,0,0,0,0,0,0,0,0,0,0,0,0,0,0,0,0,0,0,0,0,0,0.19302949061662197,0.002915451895043732,0.00016859100617143402,3
015652,0,0,0,0,0,0,0,0,0,0,0,0,0,0,0,0,0,0,0,0,0,0.48257372654155495,0.0,0.00019758670171760959,1
015653,0,0,0,0,0,0,0,0,0,0,0,0,0,0,0,0,0,0,0,0,0,0.4932975871313673,0.0014577259475218659,1.2895132112096624e-05,1
015654,0,0,0,0,0,0,0,0,0,0,0,0,0,0,0,0,0,0,0,0,0,0.04289544235924933,0.0014577259475218659,0.00015738423101519067,3
015655,0,0,0,0,0,0,0,0,0,0,0,0,0,0,0,0,0,0,0,0,0,1.2975871313672922,0.0,0.00025682600882080865,0
015656,0,0,0,0,0,0,0,0,0,0,0,0,0,0,0,0,0,0,0,0,0,0.2359249329758713,0.004373177842565598,0.0005068985898182044,3
015657,0,0,0,0,0,0,0,0,0,0,0,0,0,0,0,0,0,0,0,0,0,0.11796246648793565,0.0,2.642645670031187e-06,3
015658,0,0,0,0,0,0,0,0,0,0,0,0,0,0,0,0,0,0,0,0,0,1.0134048257372654,0.0058309037900874635,0.0007330405461369843,0
015659,0,0,0,0,0,0,0,0,0,0,0,0,0,0,0,0,0,0,0,0,0,0.23056300268096513,0.0,0.0001465200210383958,3
015660,0,0,0,0,0,0,0,0,0,0,0,0,0,0,0,0,0,0,0,0,0,0.128686327077748,0.011661807580174927,0.0005137498934071741,3
015661,0,0,0,0,0,0,0,0,0,0,0,0,0,0,0,0,0,0,0,0,0,1.6943699731903485,0.0014577259475218659,1.0717396328459813e-05,2
015663,0,0,0,0,0,0,0,0,0,0,0,0,0,0,0,0,0,0,0,0,0,0.5630026809651475,0.0,5.485936659453631e-05,1
015664,0,0,0,0,0,0,0,0,0,0,0,0,0,0,0,0,0,0,0,0,0,0.2680965147453083,0.0,0.00017284860197315096,3
015665,0,0,0,0,0,0,0,0,0,0,0,0,0,0,0,0,0,0,0,0,0,0.8954423592493298,0.0014577259475218659,0.0006419671462864649,0
015667,0,0,0,0,0,0,0,0,0,0,0,0,0,0,0,0,0,0,0,0,0,0.20911528150134048,0.0,4.90602274853012e-05,3
015668,0,0,0,0,0,0,0,0,0,0,0,0,0,0,0,0,0,0,0,0,0,1.1635388739946382,0.0,2.1777357836368115e-06,0
015669,0,0,0,0,0,0,0,0,0,0,0,0,0,0,0,0,0,0,0,0,0,0.20911528150134048,0.004373177842565598,0.00025895480672166716,3
015670,0,0,0,0,0,0,0,0,0,0,0,0,0,0,0,0,0,0,0,0,0,1.5871313672922251,0.0,9.207662644747551e-05,2
015671,0,0,0,0,0,0,0,0,0,0,0,0,0,0,0,0,0,0,0,0,0,0.09651474530831099,0.008746355685131194,0.00046075016635821524,3
015673,0,0,0,0,0,0,0,0,0,0,0,0,0,0,0,0,0,0,0,0,0,0.46648793565683644,0.004373177842565598,0.0011181327457198621,1
015674,0,0,0,0,0,0,0,0,0,0,0,0,0,0,0,0,0,0,0,0,0,0.38605898123324395,0.0058309037900874635,0.001611891514012078,1
015675,0,0,0,0,0,0,0,0,0,0,0,0,0,0,0,0,0,0,0,0,0,0.4289544235924933,0.002915451895043732,0.00014752324763535207,1
015676,0,0,0,0,0,0,0,0,0,0,0,0,0,0,0,0,0,0,0,0,0,0.09651474530831099,0.002915451895043732,0.0015792010083161368,3
015677,0,0,0,0,0,0,0,0,0,0,0,0,0,0,0,0,0,0,0,0,0,0.257372654155496,0.0,0.000288831384157853,3
015678,0,0,0,0,0,0,0,0,0,0,0,0,0,0,0,0,0,0,0,0,0,0.27882037533512066,0.0,5.9483996517090884e-05,1
015679,0,0,0,0,0,0,0,0,0,0,0,0,0,0,0,0,0,0,0,0,0,0.12332439678284182,0.004373177842565598,0.00029683272799211415,3
015680,0,0,0,0,0,0,0,0,0,0,0,0,0,0,0,0,0,0,0,0,0,0.04289544235924933,0.002915451895043732,0.0004614597656585014,3
015681,0,0,0,0,0,0,0,0,0,0,0,0,0,0,0,0,0,0,0,0,0,0.128686327077748,0.0058309037900874635,0.000254941900333842,3
015683,0,0,0,0,0,0,0,0,0,0,0,0,0,0,0,0,0,0,0,0,0,0.6219839142091153,0.0,5.251034822117525e-05,1
015687,0,0,0,0,0,0,0,0,0,0,0,0,0,0,0,0,0,0,0,0,0,0.04289544235924933,0.011661807580174927,0.0017251582437025816,3
015689,0,0,0,0,0,0,0,0,0,0,0,0,0,0,0,0,0,0,0,0,0,0.6380697050938338,0.0014577259475218659,7.666119337229359e-05,1
015690,0,0,0,0,0,0,0,0,0,0,0,0,0,0,0,0,0,0,0,0,0,0.0160857908847185,0.0014577259475218659,3.134471391953658e-05,3
015691,0,0,0,0,0,0,0,0,0,0,0,0,0,0,0,0,0,0,0,0,0,1.3458445040214477,0.0,8.88222572427149e-06,2
015692,0,0,0,0,0,0,0,0,0,0,0,0,0,0,0,0,0,0,0,0,0,0.14477211796246647,0.0,5.549555907065493e-05,3
015694,0,0,0,0,0,0,0,0,0,0,0,0,0,0,0,0,0,0,0,0,0,0.0,0.018950437317784254,0.0008986708104003279,3
015695,0,0,0,0,0,0,0,0,0,0,0,0,0,0,0,0,0,0,0,0,0,1.4262734584450403,0.0014577259475218659,0.00015501074370044045,2
015696,0,0,0,0,0,0,0,0,0,0,0,0,0,0,0,0,0,0,0,0,0,0.17158176943699732,0.01020408163265306,0.0017846667091610615,3
015699,0,0,0,0,0,0,0,0,0,0,0,0,0,0,0,0,0,0,0,0,0,0.09115281501340483,0.0,0.0002718254698923746,3
015700,0,0,0,0,0,0,0,0,0,0,0,0,0,0,0,0,0,0,0,0,0,0.9168900804289545,0.0014577259475218659,0.000616886481362558,0
015701,0,0,0,0,0,0,0,0,0,0,0,0,0,0,0,0,0,0,0,0,0,0.005361930294906166,0.004373177842565598,0.0017055096837670718,3
015703,0,0,0,0,0,0,0,0,0,0,0,0,0,0,0,0,0,0,0,0,0,1.415549597855228,0.0,3.543102713152925e-05,2
015704,0,0,0,0,0,0,0,0,0,0,0,0,0,0,0,0,0,0,0,0,0,0.7453083109919572,0.004373177842565598,0.0009234333790861756,0
015705,0,0,0,0,0,0,0,0,0,0,0,0,0,0,0,0,0,0,0,0,0,1.0723860589812333,0.0,8.840628523909885e-05,0
015706,0,0,0,0,0,0,0,0,0,0,0,0,0,0,0,0,0,0,0,0,0,0.3378016085790885,0.004373177842565598,0.0006894613615228589,1
015707,0,0,0,0,0,0,0,0,0,0,0,0,0,0,0,0,0,0,0,0,0,0.18230563002680966,0.004373177842565598,0.001194255622381594,3
015708,0,0,0,0,0,0,0,0,0,0,0,0,0,0,0,0,0,0,0,0,0,0.21447721179624665,0.008746355685131194,0.002883811556362922,3
015709,0,0,0,0,0,0,0,0,0,0,0,0,0,0,0,0,0,0,0,0,0,1.5174262734584452,0.0,3.503952406930241e-05,2
015712,0,0,0,0,0,0,0,0,0,0,0,0,0,0,0,0,0,0,0,0,0,0.04289544235924933,0.0058309037900874635,0.00047511343495366254,3
015713,0,0,0,0,0,0,0,0,0,0,0,0,0,0,0,0,0,0,0,0,0,0.7613941018766757,0.0014577259475218659,0.00024777250050681297,0
015714,0,0,0,0,0,0,0,0,0,0,0,0,0,0,0,0,0,0,0,0,0,0.058981233243967826,0.0014577259475218659,0.0002617687349814225,3
015716,0,0,0,0,0,0,0,0,0,0,0,0,0,0,0,0,0,0,0,0,0,0.7774798927613941,0.004373177842565598,0.000660416728093905,0
015717,0,0,0,0,0,0,0,0,0,0,0,0,0,0,0,0,0,0,0,0,0,1.2493297587131367,0.0,4.191529659966133e-05,0
015719,0,0,0,0,0,0,0,0,0,0,0,0,0,0,0,0,0,0,0,0,0,0.17158176943699732,0.01749271137026239,0.0050448839909137035,3
015720,0,0,0,0,0,0,0,0,0,0,0,0,0,0,0,0,0,0,0,0,0,0.12332439678284182,0.0,0.000771970631887166,3
015721,0,0,0,0,0,0,0,0,0,0,0,0,0,0,0,0,0,0,0,0,0,0.058981233243967826,0.0,0.00045764261080178976,3
015722,0,0,0,0,0,0,0,0,0,0,0,0,0,0,0,0,0,0,0,0,0,0.18766756032171583,0.0058309037900874635,0.0005141169275280118,3
015723,0,0,0,0,0,0,0,0,0,0,0,0,0,0,0,0,0,0,0,0,0,1.9517426273458445,0.0,0.00025895480672166716,2
015724,0,0,0,0,0,0,0,0,0,0,0,0,0,0,0,0,0,0,0,0,0,1.0723860589812333,0.0014577259475218659,9.146490291274607e-05,0
015725,0,0,0,0,0,0,0,0,0,0,0,0,0,0,0,0,0,0,0,0,0,0.07506702412868632,0.0,0.00020717852674216722,3
015727,0,0,0,0,0,0,0,0,0,0,0,0,0,0,0,0,0,0,0,0,0,0.08579088471849866,0.008746355685131194,0.002399840364626377,3
015729,0,0,0,0,0,0,0,0,0,0,0,0,0,0,0,0,0,0,0,0,0,1.1367292225201073,0.0,4.5463293101092084e-05,0
015730,0,0,0,0,0,0,0,0,0,0,0,0,0,0,0,0,0,0,0,0,0,0.3485254691689008,0.002915451895043732,0.0005078773474737714,1
015732,0,0,0,0,0,0,0,0,0,0,0,0,0,0,0,0,0,0,0,0,0,1.1313672922252012,0.0014577259475218659,6.435331585353723e-05,0
015733,0,0,0,0,0,0,0,0,0,0,0,0,0,0,0,0,0,0,0,0,0,1.512064343163539,0.0,0.00010602392303930678,2
015734,0,0,0,0,0,0,0,0,0,0,0,0,0,0,0,0,0,0,0,0,0,0.6112600536193029,0.0014577259475218659,0.00030774587585168735,1
015737,0,0,0,0,0,0,0,0,0,0,0,0,0,0,0,0,0,0,0,0,0,0.07506702412868632,0.01020408163265306,0.0006885070728086809,3
015738,0,0,0,0,0,0,0,0,0,0,0,0,0,0,0,0,0,0,0,0,0,0.09651474530831099,0.021865889212827987,0.0008975207701550366,3
015739,0,0,0,0,0,0,0,0,0,0,0,0,0,0,0,0,0,0,0,0,0,0.3485254691689008,0.0,4.8986820661133676e-05,1
015740,0,0,0,0,0,0,0,0,0,0,0,0,0,0,0,0,0,0,0,0,0,0.257372654155496,0.0,5.4027422587304264e-05,3
015743,0,0,0,0,0,0,0,0,0,0,0,0,0,0,0,0,0,0,0,0,0,0.08042895442359249,0.004373177842565598,0.0010081448541755086,3
015744,0,0,0,0,0,0,0,0,0,0,0,0,0,0,0,0,0,0,0,0,0,0.4128686327077748,0.0,1.7128258972424358e-06,1
015745,0,0,0,0,0,0,0,0,0,0,0,0,0,0,0,0,0,0,0,0,0,0.09651474530831099,0.004373177842565598,0.0006522685706113089,3
015746,0,0,0,0,0,0,0,0,0,0,0,0,0,0,0,0,0,0,0,0,0,0.7131367292225201,0.0,0.00010122801052702795,1
015747,0,0,0,0,0,0,0,0,0,0,0,0,0,0,0,0,0,0,0,0,0,0.064343163538874,0.002915451895043732,0.0005592865933324337,3
015748,0,0,0,0,0,0,0,0,0,0,0,0,0,0,0,0,0,0,0,0,0,0.20911528150134048,0.0,0.0001915673421358719,3
015749,0,0,0,0,0,0,0,0,0,0,0,0,0,0,0,0,0,0,0,0,0,1.2546916890080428,0.002915451895043732,7.406748558504076e-05,0
015750,0,0,0,0,0,0,0,0,0,0,0,0,0,0,0,0,0,0,0,0,0,0.010723860589812333,0.01020408163265306,0.0017448312725794803,3
015752,0,0,0,0,0,0,0,0,0,0,0,0,0,0,0,0,0,0,0,0,0,0.20911528150134048,0.008746355685131194,0.0017622042209657965,3
015753,0,0,0,0,0,0,0,0,0,0,0,0,0,0,0,0,0,0,0,0,0,1.6300268096514745,0.0,9.29819772788751e-07,2
015754,0,0,0,0,0,0,0,0,0,0,0,0,0,0,0,0,0,0,0,0,0,0.2680965147453083,0.002915451895043732,0.00018620864397164195,3
015755,0,0,0,0,0,0,0,0,0,0,0,0,0,0,0,0,0,0,0,0,0,0.0482573726541555,0.00728862973760933,0.0010962085742351592,3
015756,0,0,0,0,0,0,0,0,0,0,0,0,0,0,0,0,0,0,0,0,0,0.32171581769436997,0.004373177842565598,0.001163400287289841,1
015757,0,0,0,0,0,0,0,0,0,0,0,0,0,0,0,0,0,0,0,0,0,0.3485254691689008,0.0014577259475218659,0.0003001360350796531,1
015758,0,0,0,0,0,0,0,0,0,0,0,0,0,0,0,0,0,0,0,0,0,0.128686327077748,0.0,9.709275943225693e-05,3
015759,0,0,0,0,0,0,0,0,0,0,0,0,0,0,0,0,0,0,0,0,0,1.1635388739946382,0.002915451895043732,8.821053370798544e-05,0
015762,0,0,0,0,0,0,0,0,0,0,0,0,0,0,0,0,0,0,0,0,0,0.34316353887399464,0.0014577259475218659,0.00036189564314593754,1
015763,0,0,0,0,0,0,0,0,0,0,0,0,0,0,0,0,0,0,0,0,0,0.16621983914209115,0.0014577259475218659,0.0009935613651075588,3
015764,0,0,0,0,0,0,0,0,0,0,0,0,0,0,0,0,0,0,0,0,0,0.46648793565683644,0.00728862973760933,0.0012489681753277953,1
015766,0,0,0,0,0,0,0,0,0,0,0,0,0,0,0,0,0,0,0,0,0,0.3378016085790885,0.0,8.593492215879192e-05,1
015768,0,0,0,0,0,0,0,0,0,0,0,0,0,0,0,0,0,0,0,0,0,0.6166219839142091,0.002915451895043732,0.0005214576099447651,1
015769,0,0,0,0,0,0,0,0,0,0,0,0,0,0,0,0,0,0,0,0,0,0.03217158176943699,0.03644314868804665,0.0006519260054318604,3
015773,0,0,0,0,0,0,0,0,0,0,0,0,0,0,0,0,0,0,0,0,0,0.02680965147453083,0.0,3.2225595809546974e-05,3
015774,0,0,0,0,0,0,0,0,0,0,0,0,0,0,0,0,0,0,0,0,0,0.3646112600536193,0.0,0.0002933336693734617,1
015775,0,0,0,0,0,0,0,0,0,0,0,0,0,0,0,0,0,0,0,0,0,1.3083109919571045,0.0,4.191529659966133e-05,0
015776,0,0,0,0,0,0,0,0,0,0,0,0,0,0,0,0,0,0,0,0,0,0.707774798927614,0.0,0.00018385962559828092,1
015777,0,0,0,0,0,0,0,0,0,0,0,0,0,0,0,0,0,0,0,0,0,1.2868632707774799,0.004373177842565598,0.00019604515841009136,0
015780,0,0,0,0,0,0,0,0,0,0,0,0,0,0,0,0,0,0,0,0,0,0.9812332439678284,0.002915451895043732,0.000294606054325699,0
015781,0,0,0,0,0,0,0,0,0,0,0,0,0,0,0,0,0,0,0,0,0,0.128686327077748,0.002915451895043732,0.00019374507791950868,3
015782,0,0,0,0,0,0,0,0,0,0,0,0,0,0,0,0,0,0,0,0,0,0.0482573726541555,0.002915451895043732,0.0006428969660592539,3
015783,0,0,0,0,0,0,0,0,0,0,0,0,0,0,0,0,0,0,0,0,0,0.053619302949061656,0.0,0.00011730410501971768,3
015785,0,0,0,0,0,0,0,0,0,0,0,0,0,0,0,0,0,0,0,0,0,0.17158176943699732,0.0058309037900874635,0.0006582879301930465,3
015786,0,0,0,0,0,0,0,0,0,0,0,0,0,0,0,0,0,0,0,0,0,0.24128686327077747,0.002915451895043732,0.0017846667091610615,3
015787,0,0,0,0,0,0,0,0,0,0,0,0,0,0,0,0,0,0,0,0,0,0.13404825737265416,0.002915451895043732,0.0010907275313639833,3
015789,0,0,0,0,0,0,0,0,0,0,0,0,0,0,0,0,0,0,0,0,0,1.9142091152815013,0.0,6.0658505703771415e-05,2
015790,0,0,0,0,0,0,0,0,0,0,0,0,0,0,0,0,0,0,0,0,0,0.0482573726541555,0.0,0.0002928442905456782,3
015791,0,0,0,0,0,0,0,0,0,0,0,0,0,0,0,0,0,0,0,0,0,0.23056300268096513,0.0014577259475218659,0.0005971645146028808,3
015793,0,0,0,0,0,0,0,0,0,0,0,0,0,0,0,0,0,0,0,0,0,0.07506702412868632,0.002915451895043732,9.053508313995733e-05,3
015795,0,0,0,0,0,0,0,0,0,0,0,0,0,0,0,0,0,0,0,0,0,0.7989276139410187,0.0,0.00031386311119898177,0
015796,0,0,0,0,0,0,0,0,0,0,0,0,0,0,0,0,0,0,0,0,0,0.0,0.01020408163265306,0.0012695220860947044,3
015797,0,0,0,0,0,0,0,0,0,0,0,0,0,0,0,0,0,0,0,0,0,0.6005361930294906,0.004373177842565598,8.241139459875034e-05,1
015799,0,0,0,0,0,0,0,0,0,0,0,0,0,0,0,0,0,0,0,0,0,0.40214477211796246,0.002915451895043732,0.0005433083746053007,1
015800,0,0,0,0,0,0,0,0,0,0,0,0,0,0,0,0,0,0,0,0,0,0.5683646112600537,0.0014577259475218659,0.0007894659249804279,1
015801,0,0,0,0,0,0,0,0,0,0,0,0,0,0,0,0,0,0,0,0,0,0.24128686327077747,0.002915451895043732,0.0004637843150904733,3
015802,0,0,0,0,0,0,0,0,0,0,0,0,0,0,0,0,0,0,0,0,0,0.7613941018766757,0.0,0.0011041609801866418,0
015803,0,0,0,0,0,0,0,0,0,0,0,0,0,0,0,0,0,0,0,0,0,0.2680965147453083,0.0,3.381607699984352e-05,3
015804,0,0,0,0,0,0,0,0,0,0,0,0,0,0,0,0,0,0,0,0,0,0.0,0.01749271137026239,0.0023783321651452897,3
015805,0,0,0,0,0,0,0,0,0,0,0,0,0,0,0,0,0,0,0,0,0,0.11796246648793565,0.023323615160349854,0.002019397263907443,3
015806,0,0,0,0,0,0,0,0,0,0,0,0,0,0,0,0,0,0,0,0,0,0.24128686327077747,0.002915451895043732,0.00015160956084734475,3
015807,0,0,0,0,0,0,0,0,0,0,0,0,0,0,0,0,0,0,0,0,0,0.26273458445040215,0.002915451895043732,0.00030275421180829515,3
015808,0,0,0,0,0,0,0,0,0,0,0,0,0,0,0,0,0,0,0,0,0,1.6353887399463807,0.004373177842565598,0.0018210520250067687,2
015809,0,0,0,0,0,0,0,0,0,0,0,0,0,0,0,0,0,0,0,0,0,0.18766756032171583,0.0058309037900874635,0.00035269532118360677,3
015810,0,0,0,0,0,0,0,0,0,0,0,0,0,0,0,0,0,0,0,0,0,0.41823056300268097,0.004373177842565598,0.0005791309047990568,1
015811,0,0,0,0,0,0,0,0,0,0,0,0,0,0,0,0,0,0,0,0,0,0.11260053619302948,0.00728862973760933,0.0011346003432747788,3
015812,0,0,0,0,0,0,0,0,0,0,0,0,0,0,0,0,0,0,0,0,0,0.5683646112600537,0.0058309037900874635,0.0005063847420490316,1
015813,0,0,0,0,0,0,0,0,0,0,0,0,0,0,0,0,0,0,0,0,0,1.1099195710455765,0.0014577259475218659,0.00036906504297296657,0
015814,0,0,0,0,0,0,0,0,0,0,0,0,0,0,0,0,0,0,0,0,0,0.08579088471849866,0.004373177842565598,0.0005782989607918248,3
015815,0,0,0,0,0,0,0,0,0,0,0,0,0,0,0,0,0,0,0,0,0,0.3378016085790885,0.0058309037900874635,0.00025861224154221865,1
015819,0,0,0,0,0,0,0,0,0,0,0,0,0,0,0,0,0,0,0,0,0,0.257372654155496,0.004373177842565598,0.0006020093649979379,3
015820,0,0,0,0,0,0,0,0,0,0,0,0,0,0,0,0,0,0,0,0,0,1.710455764075067,0.0,9.315325986859934e-05,2
015821,0,0,0,0,0,0,0,0,0,0,0,0,0,0,0,0,0,0,0,0,0,0.23056300268096513,0.0014577259475218659,0.0005603632267535576,3
015822,0,0,0,0,0,0,0,0,0,0,0,0,0,0,0,0,0,0,0,0,0,0.010723860589812333,0.0014577259475218659,0.00027165418730265036,3
015823,0,0,0,0,0,0,0,0,0,0,0,0,0,0,0,0,0,0,0,0,0,1.9892761394101877,0.0,3.628744008015047e-05,2
015825,0,0,0,0,0,0,0,0,0,0,0,0,0,0,0,0,0,0,0,0,0,0.9168900804289545,0.0,0.00043217044281565573,0
015826,0,0,0,0,0,0,0,0,0,0,0,0,0,0,0,0,0,0,0,0,0,0.2949061662198391,0.002915451895043732,0.0005335942048737973,1
015827,0,0,0,0,0,0,0,0,0,0,0,0,0,0,0,0,0,0,0,0,0,0.38605898123324395,0.018950437317784254,0.0012245237028800067,1
015829,0,0,0,0,0,0,0,0,0,0,0,0,0,0,0,0,0,0,0,0,0,0.5254691689008043,0.0014577259475218659,0.0001309577743148788,1
015830,0,0,0,0,0,0,0,0,0,0,0,0,0,0,0,0,0,0,0,0,0,0.19839142091152814,0.0,0.0002776490779429989,3
015831,0,0,0,0,0,0,0,0,0,0,0,0,0,0,0,0,0,0,0,0,0,0.30563002680965146,0.002915451895043732,0.0004391196221701822,1
015832,0,0,0,0,0,0,0,0,0,0,0,0,0,0,0,0,0,0,0,0,0,1.35656836461126,0.0,0.0003048340718263752,2
015834,0,0,0,0,0,0,0,0,0,0,0,0,0,0,0,0,0,0,0,0,0,0.3699731903485255,0.004373177842565598,0.002718010009509854,1
015835,0,0,0,0,0,0,0,0,0,0,0,0,0,0,0,0,0,0,0,0,0,0.23056300268096513,0.004373177842565598,0.0003755493124410987,3
015836,0,0,0,0,0,0,0,0,0,0,0,0,0,0,0,0,0,0,0,0,0,0.26273458445040215,0.0,0.00022577492219794223,3
015837,0,0,0,0,0,0,0,0,0,0,0,0,0,0,0,0,0,0,0,0,0,0.34316353887399464,0.0,0.00023984456349671938,1
015838,0,0,0,0,0,0,0,0,0,0,0,0,0,0,0,0,0,0,0,0,0,0.053619302949061656,0.026239067055393583,0.0007931362661888046,3
015839,0,0,0,0,0,0,0,0,0,0,0,0,0,0,0,0,0,0,0,0,0,0.17158176943699732,0.002915451895043732,0.00032247617856797235,3
015840,0,0,0,0,0,0,0,0,0,0,0,0,0,0,0,0,0,0,0,0,0,0.3109919571045576,0.0014577259475218659,0.00012914707265207967,1
015841,0,0,0,0,0,0,0,0,0,0,0,0,0,0,0,0,0,0,0,0,0,0.38605898123324395,0.004373177842565598,0.000162522708706918,1
015843,0,0,0,0,0,0,0,0,0,0,0,0,0,0,0,0,0,0,0,0,0,1.6246648793565683,0.0,0.0001394240280355343,2
015844,0,0,0,0,0,0,0,0,0,0,0,0,0,0,0,0,0,0,0,0,0,0.24128686327077747,0.0,4.78612493572315e-05,3
015845,0,0,0,0,0,0,0,0,0,0,0,0,0,0,0,0,0,0,0,0,0,0.09115281501340483,0.01020408163265306,0.0009214758637750413,3
015847,0,0,0,0,0,0,0,0,0,0,0,0,0,0,0,0,0,0,0,0,0,0.19839142091152814,0.0014577259475218659,0.0001799201260346233,3
015850,0,0,0,0,0,0,0,0,0,0,0,0,0,0,0,0,0,0,0,0,0,0.09651474530831099,0.0014577259475218659,0.00037075339992881986,3
015852,0,0,0,0,0,0,0,0,0,0,0,0,0,0,0,0,0,0,0,0,0,0.9973190348525469,0.0014577259475218659,0.00018018928438990426,0
015853,0,0,0,0,0,0,0,0,0,0,0,0,0,0,0,0,0,0,0,0,0,0.2734584450402145,0.0,0.00010744312163987909,1
015854,0,0,0,0,0,0,0,0,0,0,0,0,0,0,0,0,0,0,0,0,0,0.0160857908847185,0.016034985422740525,0.0010053798637985317,3
015855,0,0,0,0,0,0,0,0,0,0,0,0,0,0,0,0,0,0,0,0,0,0.7292225201072386,0.0058309037900874635,0.00036877141567629644,1
015856,0,0,0,0,0,0,0,0,0,0,0,0,0,0,0,0,0,0,0,0,0,0.0160857908847185,0.03790087463556851,0.0027961393393654984,3
015857,0,0,0,0,0,0,0,0,0,0,0,0,0,0,0,0,0,0,0,0,0,0.09651474530831099,0.0,3.188303063009849e-05,3
015858,0,0,0,0,0,0,0,0,0,0,0,0,0,0,0,0,0,0,0,0,0,0.08042895442359249,0.0058309037900874635,0.001077905806076054,3
015860,0,0,0,0,0,0,0,0,0,0,0,0,0,0,0,0,0,0,0,0,0,0.21447721179624665,0.01020408163265306,0.00119467159438521,3
015861,0,0,0,0,0,0,0,0,0,0,0,0,0,0,0,0,0,0,0,0,0,0.058981233243967826,0.01020408163265306,0.0024995023629044975,3
015862,0,0,0,0,0,0,0,0,0,0,0,0,0,0,0,0,0,0,0,0,0,0.03753351206434316,0.004373177842565598,0.0009843855120866172,3
015863,0,0,0,0,0,0,0,0,0,0,0,0,0,0,0,0,0,0,0,0,0,0.13404825737265416,0.0014577259475218659,0.00016293868071053403,3
015864,0,0,0,0,0,0,0,0,0,0,0,0,0,0,0,0,0,0,0,0,0,0.11260053619302948,0.00728862973760933,0.00013301316539156974,3
015865,0,0,0,0,0,0,0,0,0,0,0,0,0,0,0,0,0,0,0,0,0,0.21447721179624665,0.002915451895043732,0.0005487649485350874,3
015866,0,0,0,0,0,0,0,0,0,0,0,0,0,0,0,0,0,0,0,0,0,0.5361930294906166,0.0,0.00042595533170280465,1
015867,0,0,0,0,0,0,0,0,0,0,0,0,0,0,0,0,0,0,0,0,0,0.021447721179624665,0.02040816326530612,0.0038524880080776872,3
015869,0,0,0,0,0,0,0,0,0,0,0,0,0,0,0,0,0,0,0,0,0,1.479892761394102,0.0014577259475218659,7.820273667981179e-05,2
015870,0,0,0,0,0,0,0,0,0,0,0,0,0,0,0,0,0,0,0,0,0,0.17158176943699732,0.0,0.0003346617113797828,3
015872,0,0,0,0,0,0,0,0,0,0,0,0,0,0,0,0,0,0,0,0,0,0.07506702412868632,0.0014577259475218659,0.0006488429188168239,3
015874,0,0,0,0,0,0,0,0,0,0,0,0,0,0,0,0,0,0,0,0,0,0.3378016085790885,0.008746355685131194,0.0017312265411670975,1
015877,0,0,0,0,0,0,0,0,0,0,0,0,0,0,0,0,0,0,0,0,0,0.005361930294906166,0.0014577259475218659,0.0005904110867794677,3
015880,0,0,0,0,0,0,0,0,0,0,0,0,0,0,0,0,0,0,0,0,0,1.9731903485254692,0.0,0.0005571577954315753,2
015881,0,0,0,0,0,0,0,0,0,0,0,0,0,0,0,0,0,0,0,0,0,1.6675603217158177,0.0058309037900874635,0.00023495077521888384,2
015882,0,0,0,0,0,0,0,0,0,0,0,0,0,0,0,0,0,0,0,0,0,1.061662198391421,0.004373177842565598,0.00010695374281209554,0
015883,0,0,0,0,0,0,0,0,0,0,0,0,0,0,0,0,0,0,0,0,0,0.005361930294906166,0.0014577259475218659,0.0003538453614288981,3
015885,0,0,0,0,0,0,0,0,0,0,0,0,0,0,0,0,0,0,0,0,0,0.4932975871313673,0.002915451895043732,0.00025002364311461727,1
015886,0,0,0,0,0,0,0,0,0,0,0,0,0,0,0,0,0,0,0,0,0,0.3163538873994638,0.0,8.759881017325601e-05,1
015888,0,0,0,0,0,0,0,0,0,0,0,0,0,0,0,0,0,0,0,0,0,0.4289544235924933,0.0,7.19386876841823e-05,1
015889,0,0,0,0,0,0,0,0,0,0,0,0,0,0,0,0,0,0,0,0,0,0.8364611260053619,0.0014577259475218659,0.0006572357657133118,0
015891,0,0,0,0,0,0,0,0,0,0,0,0,0,0,0,0,0,0,0,0,0,1.2117962466487935,0.0,0.0004018778933758538,0
015894,0,0,0,0,0,0,0,0,0,0,0,0,0,0,0,0,0,0,0,0,0,1.351206434316354,0.0014577259475218659,0.0002014283255157105,2
015895,0,0,0,0,0,0,0,0,0,0,0,0,0,0,0,0,0,0,0,0,0,0.7989276139410187,0.0,5.29997270489588e-05,0
015897,0,0,0,0,0,0,0,0,0,0,0,0,0,0,0,0,0,0,0,0,0,1.03485254691689,0.0014577259475218659,0.000122442582711445,0
015898,0,0,0,0,0,0,0,0,0,0,0,0,0,0,0,0,0,0,0,0,0,0.0,0.0058309037900874635,0.0006987840281921355,3
015899,0,0,0,0,0,0,0,0,0,0,0,0,0,0,0,0,0,0,0,0,0,1.9731903485254692,0.0,3.995778128852712e-05,2
015900,0,0,0,0,0,0,0,0,0,0,0,0,0,0,0,0,0,0,0,0,0,0.12332439678284182,0.0,0.00025310672972965367,3
015901,0,0,0,0,0,0,0,0,0,0,0,0,0,0,0,0,0,0,0,0,0,0.08579088471849866,0.002915451895043732,0.0005955250955298059,3
015903,0,0,0,0,0,0,0,0,0,0,0,0,0,0,0,0,0,0,0,0,0,0.0482573726541555,0.008746355685131194,0.0004061110202361815,3
015904,0,0,0,0,0,0,0,0,0,0,0,0,0,0,0,0,0,0,0,0,0,0.03753351206434316,0.0,0.000216378848704498,3
015906,0,0,0,0,0,0,0,0,0,0,0,0,0,0,0,0,0,0,0,0,0,0.10187667560321716,0.008746355685131194,0.0012412849277315934,3
015907,0,0,0,0,0,0,0,0,0,0,0,0,0,0,0,0,0,0,0,0,0,0.0160857908847185,0.002915451895043732,0.0015777573407741753,3
015909,0,0,0,0,0,0,0,0,0,0,0,0,0,0,0,0,0,0,0,0,0,0.9276139410187668,0.0,3.144258968509329e-05,0
015910,0,0,0,0,0,0,0,0,0,0,0,0,0,0,0,0,0,0,0,0,0,0.0,0.01020408163265306,0.0011838807912325825,3
015912,0,0,0,0,0,0,0,0,0,0,0,0,0,0,0,0,0,0,0,0,0,0.9490616621983914,0.0014577259475218659,9.70193526080894e-05,0
015916,0,0,0,0,0,0,0,0,0,0,0,0,0,0,0,0,0,0,0,0,0,0.08042895442359249,0.01020408163265306,0.001411319601444989,3
015917,0,0,0,0,0,0,0,0,0,0,0,0,0,0,0,0,0,0,0,0,0,1.324396782841823,0.0,0.0001508020857815019,0
015918,0,0,0,0,0,0,0,0,0,0,0,0,0,0,0,0,0,0,0,0,0,1.0187667560321716,0.0014577259475218659,0.00024566817154734365,0
015919,0,0,0,0,0,0,0,0,0,0,0,0,0,0,0,0,0,0,0,0,0,0.10187667560321716,0.0014577259475218659,0.0008619673983165613,3
015920,0,0,0,0,0,0,0,0,0,0,0,0,0,0,0,0,0,0,0,0,0,0.8203753351206434,0.004373177842565598,0.0003166036326345697,0
015921,0,0,0,0,0,0,0,0,0,0,0,0,0,0,0,0,0,0,0,0,0,0.9222520107238606,0.0,0.00023125596506911805,0
015922,0,0,0,0,0,0,0,0,0,0,0,0,0,0,0,0,0,0,0,0,0,1.9946380697050938,0.0,0.0001182583937338956,2
015923,0,0,0,0,0,0,0,0,0,0,0,0,0,0,0,0,0,0,0,0,0,1.9946380697050938,0.0,0.0001442199405478131,2
015925,0,0,0,0,0,0,0,0,0,0,0,0,0,0,0,0,0,0,0,0,0,1.03485254691689,0.0,8.461359932377633e-05,0
015930,0,0,0,0,0,0,0,0,0,0,0,0,0,0,0,0,0,0,0,0,0,0.353887399463807,0.0,0.00020629764485215681,1
015932,0,0,0,0,0,0,0,0,0,0,0,0,0,0,0,0,0,0,0,0,0,0.0160857908847185,0.01020408163265306,0.00041964234482439676,3
015933,0,0,0,0,0,0,0,0,0,0,0,0,0,0,0,0,0,0,0,0,0,0.10723860589812333,0.002915451895043732,0.00038629117771094766,3
015935,0,0,0,0,0,0,0,0,0,0,0,0,0,0,0,0,0,0,0,0,0,1.2761394101876675,0.0014577259475218659,0.000801039734257509,0
015937,0,0,0,0,0,0,0,0,0,0,0,0,0,0,0,0,0,0,0,0,0,0.3378016085790885,0.0,4.0202470702418895e-05,1
015938,0,0,0,0,0,0,0,0,0,0,0,0,0,0,0,0,0,0,0,0,0,0.5951742627345844,0.0058309037900874635,0.00010179079617897905,1
015939,0,0,0,0,0,0,0,0,0,0,0,0,0,0,0,0,0,0,0,0,0,0.4772117962466488,0.02040816326530612,0.00033329145066198884,1
015940,0,0,0,0,0,0,0,0,0,0,0,0,0,0,0,0,0,0,0,0,0,1.6621983914209115,0.0,2.148373053969798e-05,2
015942,0,0,0,0,0,0,0,0,0,0,0,0,0,0,0,0,0,0,0,0,0,0.7131367292225201,0.0,9.063295890551404e-05,1
015944,0,0,0,0,0,0,0,0,0,0,0,0,0,0,0,0,0,0,0,0,0,1.479892761394102,0.0,7.421429923337582e-05,2
015945,0,0,0,0,0,0,0,0,0,0,0,0,0,0,0,0,0,0,0,0,0,1.9517426273458445,0.0,1.3041945760431692e-05,2
015947,0,0,0,0,0,0,0,0,0,0,0,0,0,0,0,0,0,0,0,0,0,0.43967828418230565,0.0,0.00028498976035975214,1
015948,0,0,0,0,0,0,0,0,0,0,0,0,0,0,0,0,0,0,0,0,0,0.03753351206434316,0.0014577259475218659,0.0003697746422732527,3
015949,0,0,0,0,0,0,0,0,0,0,0,0,0,0,0,0,0,0,0,0,0,0.08579088471849866,0.0014577259475218659,8.441784779266291e-05,3
015950,0,0,0,0,0,0,0,0,0,0,0,0,0,0,0,0,0,0,0,0,0,0.16621983914209115,0.004373177842565598,0.0007993024394188774,3
015951,0,0,0,0,0,0,0,0,0,0,0,0,0,0,0,0,0,0,0,0,0,0.04289544235924933,0.0014577259475218659,0.0003708512756943765,3
015952,0,0,0,0,0,0,0,0,0,0,0,0,0,0,0,0,0,0,0,0,0,0.1769436997319035,0.004373177842565598,0.0007289542329249916,3
015953,0,0,0,0,0,0,0,0,0,0,0,0,0,0,0,0,0,0,0,0,0,0.07506702412868632,0.01020408163265306,0.0006517791917835254,3
015955,0,0,0,0,0,0,0,0,0,0,0,0,0,0,0,0,0,0,0,0,0,0.12332439678284182,0.018950437317784254,0.001268225232201078,3
015957,0,0,0,0,0,0,0,0,0,0,0,0,0,0,0,0,0,0,0,0,0,0.16621983914209115,0.0,0.0002860908627222652,3
015958,0,0,0,0,0,0,0,0,0,0,0,0,0,0,0,0,0,0,0,0,0,0.3914209115281501,0.0,6.782790553080046e-05,1
015963,0,0,0,0,0,0,0,0,0,0,0,0,0,0,0,0,0,0,0,0,0,0.10187667560321716,0.0014577259475218659,0.00016470044449055481,3
015965,0,0,0,0,0,0,0,0,0,0,0,0,0,0,0,0,0,0,0,0,0,0.08579088471849866,0.004373177842565598,0.0006825121821683325,3
015967,0,0,0,0,0,0,0,0,0,0,0,0,0,0,0,0,0,0,0,0,0,0.11796246648793565,0.0014577259475218659,0.0005889918881788954,3
015969,0,0,0,0,0,0,0,0,0,0,0,0,0,0,0,0,0,0,0,0,0,0.010723860589812333,0.002915451895043732,0.0003461865827740855,3
015970,0,0,0,0,0,0,0,0,0,0,0,0,0,0,0,0,0,0,0,0,0,1.6246648793565683,0.0,6.956520036943208e-05,2
015971,0,0,0,0,0,0,0,0,0,0,0,0,0,0,0,0,0,0,0,0,0,0.08579088471849866,0.016034985422740525,0.00019873674196290092,3
015973,0,0,0,0,0,0,0,0,0,0,0,0,0,0,0,0,0,0,0,0,0,1.9624664879356568,0.0,4.291852319661761e-05,2
015974,0,0,0,0,0,0,0,0,0,0,0,0,0,0,0,0,0,0,0,0,0,0.2037533512064343,0.008746355685131194,0.001213830775492936,3
015975,0,0,0,0,0,0,0,0,0,0,0,0,0,0,0,0,0,0,0,0,0,0.4450402144772118,0.0,0.00012545226250231385,1
015976,0,0,0,0,0,0,0,0,0,0,0,0,0,0,0,0,0,0,0,0,0,0.8793565683646113,0.0014577259475218659,0.0005769287000740309,0
015977,0,0,0,0,0,0,0,0,0,0,0,0,0,0,0,0,0,0,0,0,0,0.08579088471849866,0.0014577259475218659,0.0004766305093197916,3
015978,0,0,0,0,0,0,0,0,0,0,0,0,0,0,0,0,0,0,0,0,0,0.4075067024128686,0.0,0.00023492630627749465,1
015980,0,0,0,0,0,0,0,0,0,0,0,0,0,0,0,0,0,0,0,0,0,0.4718498659517426,0.002915451895043732,0.00021765123365673526,1
015981,0,0,0,0,0,0,0,0,0,0,0,0,0,0,0,0,0,0,0,0,0,0.128686327077748,0.01020408163265306,0.0005235864078456235,3
015983,0,0,0,0,0,0,0,0,0,0,0,0,0,0,0,0,0,0,0,0,0,0.11260053619302948,0.004373177842565598,0.0005804766965754616,3
015984,0,0,0,0,0,0,0,0,0,0,0,0,0,0,0,0,0,0,0,0,0,0.010723860589812333,0.013119533527696792,0.0018038258902687877,3
015985,0,0,0,0,0,0,0,0,0,0,0,0,0,0,0,0,0,0,0,0,0,0.6541554959785523,0.0014577259475218659,0.00016438234825249547,1
015986,0,0,0,0,0,0,0,0,0,0,0,0,0,0,0,0,0,0,0,0,0,0.1554959785522788,0.0,3.0317018381191112e-05,3
015987,0,0,0,0,0,0,0,0,0,0,0,0,0,0,0,0,0,0,0,0,0,0.058981233243967826,0.008746355685131194,0.000737689645000928,3
015988,0,0,0,0,0,0,0,0,0,0,0,0,0,0,0,0,0,0,0,0,0,0.09651474530831099,0.0,0.00022763456174351975,3
015990,0,0,0,0,0,0,0,0,0,0,0,0,0,0,0,0,0,0,0,0,0,0.23056300268096513,0.0014577259475218659,0.000388273161963471,3
015992,0,0,0,0,0,0,0,0,0,0,0,0,0,0,0,0,0,0,0,0,0,0.0160857908847185,0.0,4.4435597562746624e-05,3
015993,0,0,0,0,0,0,0,0,0,0,0,0,0,0,0,0,0,0,0,0,0,0.04289544235924933,0.008746355685131194,0.003016628970223378,3
015994,0,0,0,0,0,0,0,0,0,0,0,0,0,0,0,0,0,0,0,0,0,0.289544235924933,0.0,0.00028973673498925264,1
015996,0,0,0,0,0,0,0,0,0,0,0,0,0,0,0,0,0,0,0,0,0,0.46648793565683644,0.00728862973760933,0.0012669773161902301,1
015998,0,0,0,0,0,0,0,0,0,0,0,0,0,0,0,0,0,0,0,0,0,0.19302949061662197,0.0058309037900874635,0.003160457407708964,3
016000,0,0,0,0,0,0,0,0,0,0,0,0,0,0,0,0,0,0,0,0,0,0.010723860589812333,0.002915451895043732,7.32600105191979e-05,3
016003,0,0,0,0,0,0,0,0,0,0,0,0,0,0,0,0,0,0,0,0,0,0.1554959785522788,0.0058309037900874635,0.001264383608402977,3
016005,0,0,0,0,0,0,0,0,0,0,0,0,0,0,0,0,0,0,0,0,0,0.058981233243967826,0.004373177842565598,0.0012657049312379928,3
016006,0,0,0,0,0,0,0,0,0,0,0,0,0,0,0,0,0,0,0,0,0,1.126005361930295,0.0,3.046383202952618e-05,0
016007,0,0,0,0,0,0,0,0,0,0,0,0,0,0,0,0,0,0,0,0,0,0.2520107238605898,0.004373177842565598,0.0016822152515645747,3
016008,0,0,0,0,0,0,0,0,0,0,0,0,0,0,0,0,0,0,0,0,0,0.12332439678284182,0.002915451895043732,0.0001700836115961739,3
016009,0,0,0,0,0,0,0,0,0,0,0,0,0,0,0,0,0,0,0,0,0,0.11260053619302948,0.004373177842565598,0.0007293702049286076,3
016010,0,0,0,0,0,0,0,0,0,0,0,0,0,0,0,0,0,0,0,0,0,1.3136729222520107,0.002915451895043732,0.0004675525320644067,0
016011,0,0,0,0,0,0,0,0,0,0,0,0,0,0,0,0,0,0,0,0,0,0.03753351206434316,0.021865889212827987,0.0010973830834218395,3
016012,0,0,0,0,0,0,0,0,0,0,0,0,0,0,0,0,0,0,0,0,0,0.18230563002680966,0.002915451895043732,0.0005947420894053521,3
016013,0,0,0,0,0,0,0,0,0,0,0,0,0,0,0,0,0,0,0,0,0,0.0160857908847185,0.06705539358600583,0.0009531631428740264,3
016014,0,0,0,0,0,0,0,0,0,0,0,0,0,0,0,0,0,0,0,0,0,0.19839142091152814,0.002915451895043732,0.0009938794613456182,3
016015,0,0,0,0,0,0,0,0,0,0,0,0,0,0,0,0,0,0,0,0,0,0.0160857908847185,0.002915451895043732,0.0005545885565857116,3
016016,0,0,0,0,0,0,0,0,0,0,0,0,0,0,0,0,0,0,0,0,0,0.010723860589812333,0.01020408163265306,0.0017208761789594756,3
016017,0,0,0,0,0,0,0,0,0,0,0,0,0,0,0,0,0,0,0,0,0,0.24664879356568364,0.0,0.0002090871041705231,3
016018,0,0,0,0,0,0,0,0,0,0,0,0,0,0,0,0,0,0,0,0,0,0.2037533512064343,0.0014577259475218659,0.0002259462047876665,3
016019,0,0,0,0,0,0,0,0,0,0,0,0,0,0,0,0,0,0,0,0,0,0.24664879356568364,0.011661807580174927,0.001303484976742883,3
016020,0,0,0,0,0,0,0,0,0,0,0,0,0,0,0,0,0,0,0,0,0,0.08579088471849866,0.002915451895043732,0.0002747372739176867,3
016022,0,0,0,0,0,0,0,0,0,0,0,0,0,0,0,0,0,0,0,0,0,1.388739946380697,0.0,0.0006149289660514237,2
016023,0,0,0,0,0,0,0,0,0,0,0,0,0,0,0,0,0,0,0,0,0,0.24128686327077747,0.002915451895043732,0.000772949389542733,3
016024,0,0,0,0,0,0,0,0,0,0,0,0,0,0,0,0,0,0,0,0,0,0.058981233243967826,0.0,0.00017416992480816655,3
016025,0,0,0,0,0,0,0,0,0,0,0,0,0,0,0,0,0,0,0,0,0,0.1554959785522788,0.0,0.00013499514964409313,3
016026,0,0,0,0,0,0,0,0,0,0,0,0,0,0,0,0,0,0,0,0,0,0.225201072386059,0.0,0.00010024925287146085,3
016027,0,0,0,0,0,0,0,0,0,0,0,0,0,0,0,0,0,0,0,0,0,0.4879356568364611,0.00728862973760933,0.0005285046650648483,1
016029,0,0,0,0,0,0,0,0,0,0,0,0,0,0,0,0,0,0,0,0,0,0.2037533512064343,0.0903790087463557,0.02134234899635131,3
016030,0,0,0,0,0,0,0,0,0,0,0,0,0,0,0,0,0,0,0,0,0,1.6568364611260054,0.0,0.00016377062471776603,2
016031,0,0,0,0,0,0,0,0,0,0,0,0,0,0,0,0,0,0,0,0,0,0.4879356568364611,0.0014577259475218659,0.0006821940859302732,1
016033,0,0,0,0,0,0,0,0,0,0,0,0,0,0,0,0,0,0,0,0,0,0.02680965147453083,0.02769679300291545,0.009306688450549553,3
016034,0,0,0,0,0,0,0,0,0,0,0,0,0,0,0,0,0,0,0,0,0,1.0455764075067024,0.002915451895043732,0.00013709947860356242,0
016036,0,0,0,0,0,0,0,0,0,0,0,0,0,0,0,0,0,0,0,0,0,0.4611260053619303,0.0014577259475218659,0.0002867270551983838,1
016037,0,0,0,0,0,0,0,0,0,0,0,0,0,0,0,0,0,0,0,0,0,1.4423592493297588,0.002915451895043732,0.0002975667962337895,2
016038,0,0,0,0,0,0,0,0,0,0,0,0,0,0,0,0,0,0,0,0,0,0.03753351206434316,0.002915451895043732,0.00020252942787822345,3
016040,0,0,0,0,0,0,0,0,0,0,0,0,0,0,0,0,0,0,0,0,0,0.34316353887399464,0.002915451895043732,0.0006216823938748367,1
016041,0,0,0,0,0,0,0,0,0,0,0,0,0,0,0,0,0,0,0,0,0,0.16085790884718498,0.002915451895043732,7.871658444898451e-05,3
016042,0,0,0,0,0,0,0,0,0,0,0,0,0,0,0,0,0,0,0,0,0,0.11260053619302948,0.0058309037900874635,0.0005160499738977568,3
016043,0,0,0,0,0,0,0,0,0,0,0,0,0,0,0,0,0,0,0,0,0,0.19302949061662197,0.004373177842565598,0.0004296746107939597,3
016045,0,0,0,0,0,0,0,0,0,0,0,0,0,0,0,0,0,0,0,0,0,0.6380697050938338,0.004373177842565598,0.0005802075382201806,1
016048,0,0,0,0,0,0,0,0,0,0,0,0,0,0,0,0,0,0,0,0,0,1.9946380697050938,0.0014577259475218659,3.1320244978147406e-05,2
016049,0,0,0,0,0,0,0,0,0,0,0,0,0,0,0,0,0,0,0,0,0,0.20911528150134048,0.002915451895043732,0.0015416901211665274,3
016050,0,0,0,0,0,0,0,0,0,0,0,0,0,0,0,0,0,0,0,0,0,0.9276139410187668,0.0,6.283624148740821e-05,0
016052,0,0,0,0,0,0,0,0,0,0,0,0,0,0,0,0,0,0,0,0,0,0.28418230563002683,0.0,0.00020661574109021613,1
016053,0,0,0,0,0,0,0,0,0,0,0,0,0,0,0,0,0,0,0,0,0,0.17158176943699732,0.0014577259475218659,0.0005923196642078236,3
016054,0,0,0,0,0,0,0,0,0,0,0,0,0,0,0,0,0,0,0,0,0,0.7721179624664879,0.0,0.0006843962906552991,0
016055,0,0,0,0,0,0,0,0,0,0,0,0,0,0,0,0,0,0,0,0,0,1.1796246648793567,0.0,0.00017551571658457133,0
016056,0,0,0,0,0,0,0,0,0,0,0,0,0,0,0,0,0,0,0,0,0,0.2359249329758713,0.0,0.0006261846790904455,3
016057,0,0,0,0,0,0,0,0,0,0,0,0,0,0,0,0,0,0,0,0,0,0.08042895442359249,0.008746355685131194,0.0011922247002462923,3
016059,0,0,0,0,0,0,0,0,0,0,0,0,0,0,0,0,0,0,0,0,0,0.3485254691689008,0.00728862973760933,0.001369061739665879,1
016062,0,0,0,0,0,0,0,0,0,0,0,0,0,0,0,0,0,0,0,0,0,0.0482573726541555,0.004373177842565598,0.00042593086276141546,3
016063,0,0,0,0,0,0,0,0,0,0,0,0,0,0,0,0,0,0,0,0,0,1.388739946380697,0.0,0.00012579482768176233,2
016065,0,0,0,0,0,0,0,0,0,0,0,0,0,0,0,0,0,0,0,0,0,1.9517426273458445,0.0,0.0003387724935331647,2
016066,0,0,0,0,0,0,0,0,0,0,0,0,0,0,0,0,0,0,0,0,0,0.08579088471849866,0.0058309037900874635,0.0007733898304877382,3
016070,0,0,0,0,0,0,0,0,0,0,0,0,0,0,0,0,0,0,0,0,0,0.11260053619302948,0.0014577259475218659,0.0001695208259442228,3
016071,0,0,0,0,0,0,0,0,0,0,0,0,0,0,0,0,0,0,0,0,0,0.2359249329758713,0.0,0.00014023150310137715,3
016072,0,0,0,0,0,0,0,0,0,0,0,0,0,0,0,0,0,0,0,0,0,1.5388739946380698,0.0,0.0004722995066939071,2
016073,0,0,0,0,0,0,0,0,0,0,0,0,0,0,0,0,0,0,0,0,0,1.5871313672922251,0.0,5.823608050624282e-06,2
016076,0,0,0,0,0,0,0,0,0,0,0,0,0,0,0,0,0,0,0,0,0,0.010723860589812333,0.013119533527696792,0.0008016514577922385,3
016078,0,0,0,0,0,0,0,0,0,0,0,0,0,0,0,0,0,0,0,0,0,1.5174262734584452,0.0,1.1696153984026921e-05,2
016079,0,0,0,0,0,0,0,0,0,0,0,0,0,0,0,0,0,0,0,0,0,0.08579088471849866,0.002915451895043732,0.00015227022226485255,3
016080,0,0,0,0,0,0,0,0,0,0,0,0,0,0,0,0,0,0,0,0,0,0.4343163538873995,0.0014577259475218659,4.343237096579034e-05,1
016081,0,0,0,0,0,0,0,0,0,0,0,0,0,0,0,0,0,0,0,0,0,0.2949061662198391,0.0058309037900874635,0.0015535086198575,1
016083,0,0,0,0,0,0,0,0,0,0,0,0,0,0,0,0,0,0,0,0,0,0.5361930294906166,0.0014577259475218659,0.0001190413998583493,1
016084,0,0,0,0,0,0,0,0,0,0,0,0,0,0,0,0,0,0,0,0,0,1.5978552278820375,0.0,0.00024559476472317613,2
016085,0,0,0,0,0,0,0,0,0,0,0,0,0,0,0,0,0,0,0,0,0,0.11796246648793565,0.0058309037900874635,0.0009750383764759512,3
016086,0,0,0,0,0,0,0,0,0,0,0,0,0,0,0,0,0,0,0,0,0,0.3109919571045576,0.0058309037900874635,0.00030688946290306616,1
016091,0,0,0,0,0,0,0,0,0,0,0,0,0,0,0,0,0,0,0,0,0,0.8257372654155496,0.0014577259475218659,0.00012474266320202767,0
016092,0,0,0,0,0,0,0,0,0,0,0,0,0,0,0,0,0,0,0,0,0,0.6112600536193029,0.002915451895043732,0.00027123821529903433,1
016093,0,0,0,0,0,0,0,0,0,0,0,0,0,0,0,0,0,0,0,0,0,0.5683646112600537,0.0,1.6638880144640807e-06,1
016094,0,0,0,0,0,0,0,0,0,0,0,0,0,0,0,0,0,0,0,0,0,0.058981233243967826,0.004373177842565598,0.0005557630657723922,3
016096,0,0,0,0,0,0,0,0,0,0,0,0,0,0,0,0,0,0,0,0,0,1.4101876675603218,0.0,0.00038920298173625984,2
016097,0,0,0,0,0,0,0,0,0,0,0,0,0,0,0,0,0,0,0,0,0,1.2815013404825737,0.0,0.0001307375538423762,0
016098,0,0,0,0,0,0,0,0,0,0,0,0,0,0,0,0,0,0,0,0,0,0.46648793565683644,0.008746355685131194,0.0007249657954785556,1
016099,0,0,0,0,0,0,0,0,0,0,0,0,0,0,0,0,0,0,0,0,0,0.26273458445040215,0.002915451895043732,0.00017788920389932156,3
016101,0,0,0,0,0,0,0,0,0,0,0,0,0,0,0,0,0,0,0,0,0,0.37533512064343166,0.0,0.00046150870354127977,1
016102,0,0,0,0,0,0,0,0,0,0,0,0,0,0,0,0,0,0,0,0,0,0.21983914209115282,0.002915451895043732,0.0003620424567942726,3
016103,0,0,0,0,0,0,0,0,0,0,0,0,0,0,0,0,0,0,0,0,0,0.03217158176943699,0.00728862973760933,0.0005407146668180479,3
016104,0,0,0,0,0,0,0,0,0,0,0,0,0,0,0,0,0,0,0,0,0,0.32707774798927614,0.0,0.0002381072686580878,1
016105,0,0,0,0,0,0,0,0,0,0,0,0,0,0,0,0,0,0,0,0,0,1.3297587131367292,0.0,3.7119384087382506e-05,0
016106,0,0,0,0,0,0,0,0,0,0,0,0,0,0,0,0,0,0,0,0,0,0.3485254691689008,0.0,2.180182677775729e-05,1
016107,0,0,0,0,0,0,0,0,0,0,0,0,0,0,0,0,0,0,0,0,0,0.09115281501340483,0.008746355685131194,0.00033067327393334684,3
016108,0,0,0,0,0,0,0,0,0,0,0,0,0,0,0,0,0,0,0,0,0,0.450402144772118,0.0,0.00022991017329271324,1
016109,0,0,0,0,0,0,0,0,0,0,0,0,0,0,0,0,0,0,0,0,0,1.1689008042895443,0.0014577259475218659,6.912475942442687e-05,0
016110,0,0,0,0,0,0,0,0,0,0,0,0,0,0,0,0,0,0,0,0,0,0.2359249329758713,0.002915451895043732,0.0019627761335328855,3
016112,0,0,0,0,0,0,0,0,0,0,0,0,0,0,0,0,0,0,0,0,0,0.7613941018766757,0.004373177842565598,2.141032371553045e-05,0
016113,0,0,0,0,0,0,0,0,0,0,0,0,0,0,0,0,0,0,0,0,0,0.9758713136729222,0.0,0.00019418551886451387,0
016114,0,0,0,0,0,0,0,0,0,0,0,0,0,0,0,0,0,0,0,0,0,0.9115281501340483,0.0,6.50384462124342e-05,0
016115,0,0,0,0,0,0,0,0,0,0,0,0,0,0,0,0,0,0,0,0,0,0.0482573726541555,0.01020408163265306,0.0016374370888223796,3
016116,0,0,0,0,0,0,0,0,0,0,0,0,0,0,0,0,0,0,0,0,0,1.1313672922252012,0.0,0.000362923338684283,0
016117,0,0,0,0,0,0,0,0,0,0,0,0,0,0,0,0,0,0,0,0,0,1.0134048257372654,0.0,0.00017935734038267221,0
016119,0,0,0,0,0,0,0,0,0,0,0,0,0,0,0,0,0,0,0,0,0,0.03753351206434316,0.0014577259475218659,8.304758707486896e-05,3
016120,0,0,0,0,0,0,0,0,0,0,0,0,0,0,0,0,0,0,0,0,0,0.3109919571045576,0.004373177842565598,0.00013223015926711604,1
016121,0,0,0,0,0,0,0,0,0,0,0,0,0,0,0,0,0,0,0,0,0,0.3002680965147453,0.0014577259475218659,0.0010190090641523037,1
016122,0,0,0,0,0,0,0,0,0,0,0,0,0,0,0,0,0,0,0,0,0,0.38605898123324395,0.004373177842565598,0.00014678917939367676,1
016123,0,0,0,0,0,0,0,0,0,0,0,0,0,0,0,0,0,0,0,0,0,0.2734584450402145,0.0,0.00012124360458337528,1
016124,0,0,0,0,0,0,0,0,0,0,0,0,0,0,0,0,0,0,0,0,0,1.6943699731903485,0.0,0.00022971442176159982,2
016125,0,0,0,0,0,0,0,0,0,0,0,0,0,0,0,0,0,0,0,0,0,1.9624664879356568,0.0,0.00010166845147203316,2
016126,0,0,0,0,0,0,0,0,0,0,0,0,0,0,0,0,0,0,0,0,0,0.15013404825737264,0.004373177842565598,0.0010454844587353938,3
016127,0,0,0,0,0,0,0,0,0,0,0,0,0,0,0,0,0,0,0,0,0,0.2037533512064343,0.0,0.00030361062475691634,3
016128,0,0,0,0,0,0,0,0,0,0,0,0,0,0,0,0,0,0,0,0,0,0.09115281501340483,0.0058309037900874635,0.0005276971899990054,3
016131,0,0,0,0,0,0,0,0,0,0,0,0,0,0,0,0,0,0,0,0,0,0.2734584450402145,0.00728862973760933,0.0006186727140839679,1
016133,0,0,0,0,0,0,0,0,0,0,0,0,0,0,0,0,0,0,0,0,0,0.0160857908847185,0.04664723032069971,0.002656739780271353,3
016134,0,0,0,0,0,0,0,0,0,0,0,0,0,0,0,0,0,0,0,0,0,0.11260053619302948,0.0014577259475218659,0.00017492846199123105,3
016135,0,0,0,0,0,0,0,0,0,0,0,0,0,0,0,0,0,0,0,0,0,1.4048257372654156,0.0,0.00017649447424013842,2
016136,0,0,0,0,0,0,0,0,0,0,0,0,0,0,0,0,0,0,0,0,0,0.3163538873994638,0.002915451895043732,0.00024001584608644363,1
016139,0,0,0,0,0,0,0,0,0,0,0,0,0,0,0,0,0,0,0,0,0,0.09651474530831099,0.002915451895043732,0.00020994351711914428,3
016140,0,0,0,0,0,0,0,0,0,0,0,0,0,0,0,0,0,0,0,0,0,0.3485254691689008,0.0014577259475218659,0.00015302875944791706,1
016141,0,0,0,0,0,0,0,0,0,0,0,0,0,0,0,0,0,0,0,0,0,0.46648793565683644,0.0,0.00034373968863516774,1
016142,0,0,0,0,0,0,0,0,0,0,0,0,0,0,0,0,0,0,0,0,0,1.3351206434316354,0.0,0.00026003144014279095,0
016143,0,0,0,0,0,0,0,0,0,0,0,0,0,0,0,0,0,0,0,0,0,0.010723860589812333,0.00728862973760933,0.0011842722942948095,3
016144,0,0,0,0,0,0,0,0,0,0,0,0,0,0,0,0,0,0,0,0,0,1.3190348525469169,0.0,2.637751881753351e-05,0
016145,0,0,0,0,0,0,0,0,0,0,0,0,0,0,0,0,0,0,0,0,0,0.04289544235924933,0.014577259475218658,0.0012292706775095072,3
016146,0,0,0,0,0,0,0,0,0,0,0,0,0,0,0,0,0,0,0,0,0,0.8364611260053619,0.002915451895043732,0.00014820837799424906,0
016147,0,0,0,0,0,0,0,0,0,0,0,0,0,0,0,0,0,0,0,0,0,0.7131367292225201,0.0,0.00021009033076747937,1
016148,0,0,0,0,0,0,0,0,0,0,0,0,0,0,0,0,0,0,0,0,0,1.581769436997319,0.0,2.1777357836368115e-06,2
016149,0,0,0,0,0,0,0,0,0,0,0,0,0,0,0,0,0,0,0,0,0,0.021447721179624665,0.0014577259475218659,5.481042871175795e-05,3
016150,0,0,0,0,0,0,0,0,0,0,0,0,0,0,0,0,0,0,0,0,0,0.225201072386059,0.0058309037900874635,0.000866738841887451,3
016152,0,0,0,0,0,0,0,0,0,0,0,0,0,0,0,0,0,0,0,0,0,1.4369973190348526,0.0,0.0004236552512122219,2
016153,0,0,0,0,0,0,0,0,0,0,0,0,0,0,0,0,0,0,0,0,0,0.26273458445040215,0.0058309037900874635,0.0006509227788349041,3
016156,0,0,0,0,0,0,0,0,0,0,0,0,0,0,0,0,0,0,0,0,0,0.04289544235924933,0.011661807580174927,0.0009783661525048794,3
016157,0,0,0,0,0,0,0,0,0,0,0,0,0,0,0,0,0,0,0,0,0,0.08042895442359249,0.002915451895043732,0.00015134040249206382,3
016159,0,0,0,0,0,0,0,0,0,0,0,0,0,0,0,0,0,0,0,0,0,1.5067024128686328,0.0,6.369265443602943e-05,2
016160,0,0,0,0,0,0,0,0,0,0,0,0,0,0,0,0,0,0,0,0,0,0.34316353887399464,0.0014577259475218659,8.478488191350058e-05,1
016161,0,0,0,0,0,0,0,0,0,0,0,0,0,0,0,0,0,0,0,0,0,0.005361930294906166,0.026239067055393583,0.0036902099887846603,3
016162,0,0,0,0,0,0,0,0,0,0,0,0,0,0,0,0,0,0,0,0,0,1.3458445040214477,0.0,4.53409483941462e-05,2
016163,0,0,0,0,0,0,0,0,0,0,0,0,0,0,0,0,0,0,0,0,0,1.2386058981233243,0.0014577259475218659,6.993223449026974e-05,0
016164,0,0,0,0,0,0,0,0,0,0,0,0,0,0,0,0,0,0,0,0,0,0.08579088471849866,0.002915451895043732,0.00020204004905043988,3
016168,0,0,0,0,0,0,0,0,0,0,0,0,0,0,0,0,0,0,0,0,0,0.053619302949061656,0.03790087463556851,0.0007946288716135445,3
016169,0,0,0,0,0,0,0,0,0,0,0,0,0,0,0,0,0,0,0,0,0,0.03753351206434316,0.004373177842565598,0.00043009058279757566,3
016170,0,0,0,0,0,0,0,0,0,0,0,0,0,0,0,0,0,0,0,0,0,0.2680965147453083,0.00728862973760933,0.0006358743798805599,3
016171,0,0,0,0,0,0,0,0,0,0,0,0,0,0,0,0,0,0,0,0,0,0.3109919571045576,0.0,2.4664692920291074e-05,1
016172,0,0,0,0,0,0,0,0,0,0,0,0,0,0,0,0,0,0,0,0,0,0.5040214477211796,0.0058309037900874635,0.00032595076824523553,1
016173,0,0,0,0,0,0,0,0,0,0,0,0,0,0,0,0,0,0,0,0,0,0.08042895442359249,0.00728862973760933,0.0008287385759100581,3
016174,0,0,0,0,0,0,0,0,0,0,0,0,0,0,0,0,0,0,0,0,0,0.6702412868632708,0.002915451895043732,0.00020923391781885813,1
016175,0,0,0,0,0,0,0,0,0,0,0,0,0,0,0,0,0,0,0,0,0,0.49865951742627346,0.004373177842565598,0.0005094433597226789,1
016177,0,0,0,0,0,0,0,0,0,0,0,0,0,0,0,0,0,0,0,0,0,0.26273458445040215,0.0,0.00019814948736956067,3
016178,0,0,0,0,0,0,0,0,0,0,0,0,0,0,0,0,0,0,0,0,0,0.7345844504021448,0.0,6.210217324573289e-05,1
016179,0,0,0,0,0,0,0,0,0,0,0,0,0,0,0,0,0,0,0,0,0,0.32171581769436997,0.0,0.00010005350134034744,1
016180,0,0,0,0,0,0,0,0,0,0,0,0,0,0,0,0,0,0,0,0,0,0.5308310991957105,0.01020408163265306,0.0009635379740230378,1
016181,0,0,0,0,0,0,0,0,0,0,0,0,0,0,0,0,0,0,0,0,0,0.38605898123324395,0.0,6.45001295018723e-05,1
016182,0,0,0,0,0,0,0,0,0,0,0,0,0,0,0,0,0,0,0,0,0,0.38069705093833783,0.004373177842565598,0.00014483166408254253,1
016183,0,0,0,0,0,0,0,0,0,0,0,0,0,0,0,0,0,0,0,0,0,0.353887399463807,0.0,0.00012860875594151777,1
016184,0,0,0,0,0,0,0,0,0,0,0,0,0,0,0,0,0,0,0,0,0,0.3378016085790885,0.00728862973760933,0.0004409058548915922,1
016185,0,0,0,0,0,0,0,0,0,0,0,0,0,0,0,0,0,0,0,0,0,0.08579088471849866,0.0014577259475218659,0.00025007258099739565,3
016186,0,0,0,0,0,0,0,0,0,0,0,0,0,0,0,0,0,0,0,0,0,0.11796246648793565,0.016034985422740525,0.0009805683572299056,3
016187,0,0,0,0,0,0,0,0,0,0,0,0,0,0,0,0,0,0,0,0,0,0.16621983914209115,0.02040816326530612,0.0015634185411201173,3
016188,0,0,0,0,0,0,0,0,0,0,0,0,0,0,0,0,0,0,0,0,0,0.2359249329758713,0.004373177842565598,0.00036382868951568263,3
016189,0,0,0,0,0,0,0,0,0,0,0,0,0,0,0,0,0,0,0,0,0,0.08042895442359249,0.0014577259475218659,0.00010573029574263663,3
016190,0,0,0,0,0,0,0,0,0,0,0,0,0,0,0,0,0,0,0,0,0,0.20911528150134048,0.0,0.00010509410326651802,3
016191,0,0,0,0,0,0,0,0,0,0,0,0,0,0,0,0,0,0,0,0,0,0.010723860589812333,0.01749271137026239,0.0007382524306528791,3
016193,0,0,0,0,0,0,0,0,0,0,0,0,0,0,0,0,0,0,0,0,0,1.2654155495978552,0.0,0.00010871550659211632,0
016198,0,0,0,0,0,0,0,0,0,0,0,0,0,0,0,0,0,0,0,0,0,0.3967828418230563,0.0,0.00015298226845927761,1
016200,0,0,0,0,0,0,0,0,0,0,0,0,0,0,0,0,0,0,0,0,0,0.0160857908847185,0.0014577259475218659,0.001136288700230632,3
016201,0,0,0,0,0,0,0,0,0,0,0,0,0,0,0,0,0,0,0,0,0,0.010723860589812333,0.004373177842565598,0.0005489117621834224,3
016202,0,0,0,0,0,0,0,0,0,0,0,0,0,0,0,0,0,0,0,0,0,1.9302949061662198,0.0,0.0001530776973306954,2
016203,0,0,0,0,0,0,0,0,0,0,0,0,0,0,0,0,0,0,0,0,0,0.3109919571045576,0.004373177842565598,0.0002458639230784571,1
016204,0,0,0,0,0,0,0,0,0,0,0,0,0,0,0,0,0,0,0,0,0,0.11796246648793565,0.0,0.0002863600210775461,3
016205,0,0,0,0,0,0,0,0,0,0,0,0,0,0,0,0,0,0,0,0,0,0.16085790884718498,0.004373177842565598,0.0005330558881632353,3
016206,0,0,0,0,0,0,0,0,0,0,0,0,0,0,0,0,0,0,0,0,0,0.289544235924933,0.004373177842565598,0.00036123498172842977,1
016207,0,0,0,0,0,0,0,0,0,0,0,0,0,0,0,0,0,0,0,0,0,0.128686327077748,0.0,0.00019748882595205285,3
016208,0,0,0,0,0,0,0,0,0,0,0,0,0,0,0,0,0,0,0,0,0,0.2359249329758713,0.0014577259475218659,0.0005097859249021273,3
016209,0,0,0,0,0,0,0,0,0,0,0,0,0,0,0,0,0,0,0,0,0,0.4718498659517426,0.0058309037900874635,0.0002791661523091279,1
016210,0,0,0,0,0,0,0,0,0,0,0,0,0,0,0,0,0,0,0,0,0,0.005361930294906166,0.02478134110787172,0.001130514030062786,3
016211,0,0,0,0,0,0,0,0,0,0,0,0,0,0,0,0,0,0,0,0,0,0.4718498659517426,0.0,0.00021390748562419108,1
016212,0,0,0,0,0,0,0,0,0,0,0,0,0,0,0,0,0,0,0,0,0,0.09651474530831099,0.0014577259475218659,0.00044783056530472943,3
016213,0,0,0,0,0,0,0,0,0,0,0,0,0,0,0,0,0,0,0,0,0,0.41823056300268097,0.0,5.561790377760081e-05,1
016214,0,0,0,0,0,0,0,0,0,0,0,0,0,0,0,0,0,0,0,0,0,0.9115281501340483,0.002915451895043732,0.00048680958893768946,0
016215,0,0,0,0,0,0,0,0,0,0,0,0,0,0,0,0,0,0,0,0,0,0.4289544235924933,0.0,0.00014639767633144993,1
016216,0,0,0,0,0,0,0,0,0,0,0,0,0,0,0,0,0,0,0,0,0,1.4262734584450403,0.0,0.0008136412390729354,2
016217,0,0,0,0,0,0,0,0,0,0,0,0,0,0,0,0,0,0,0,0,0,1.2546916890080428,0.0014577259475218659,0.00015410539286904088,0
016218,0,0,0,0,0,0,0,0,0,0,0,0,0,0,0,0,0,0,0,0,0,0.1554959785522788,0.008746355685131194,0.00034310349615904905,3
016221,0,0,0,0,0,0,0,0,0,0,0,0,0,0,0,0,0,0,0,0,0,0.19302949061662197,0.002915451895043732,0.0005337410185221323,3
016222,0,0,0,0,0,0,0,0,0,0,0,0,0,0,0,0,0,0,0,0,0,1.6997319034852547,0.0,0.0010806707964530313,2
016224,0,0,0,0,0,0,0,0,0,0,0,0,0,0,0,0,0,0,0,0,0,0.3002680965147453,0.004373177842565598,0.000575852066652907,1
016225,0,0,0,0,0,0,0,0,0,0,0,0,0,0,0,0,0,0,0,0,0,0.2359249329758713,0.0058309037900874635,0.0007843274472887006,3
016226,0,0,0,0,0,0,0,0,0,0,0,0,0,0,0,0,0,0,0,0,0,1.0831099195710456,0.002915451895043732,3.418311112068119e-05,0
016227,0,0,0,0,0,0,0,0,0,0,0,0,0,0,0,0,0,0,0,0,0,1.2010723860589811,0.0,4.822828347806917e-05,0
016229,0,0,0,0,0,0,0,0,0,0,0,0,0,0,0,0,0,0,0,0,0,0.4611260053619303,0.0014577259475218659,0.00038656033606622865,1
016230,0,0,0,0,0,0,0,0,0,0,0,0,0,0,0,0,0,0,0,0,0,1.0134048257372654,0.0014577259475218659,0.00016663349086029982,0
016232,0,0,0,0,0,0,0,0,0,0,0,0,0,0,0,0,0,0,0,0,0,0.23056300268096513,0.004373177842565598,0.00022102794756844176,3
016233,0,0,0,0,0,0,0,0,0,0,0,0,0,0,0,0,0,0,0,0,0,0.37533512064343166,0.002915451895043732,0.0001949195871061892,1
016235,0,0,0,0,0,0,0,0,0,0,0,0,0,0,0,0,0,0,0,0,0,0.21447721179624665,0.0058309037900874635,0.0005426232442464038,3
016236,0,0,0,0,0,0,0,0,0,0,0,0,0,0,0,0,0,0,0,0,0,0.4128686327077748,0.0,0.0001404027856911014,1
016239,0,0,0,0,0,0,0,0,0,0,0,0,0,0,0,0,0,0,0,0,0,0.3002680965147453,0.0014577259475218659,0.00010798143835044098,1
016240,0,0,0,0,0,0,0,0,0,0,0,0,0,0,0,0,0,0,0,0,0,0.12332439678284182,0.0014577259475218659,0.0013500249032650988,3
016241,0,0,0,0,0,0,0,0,0,0,0,0,0,0,0,0,0,0,0,0,0,0.0482573726541555,0.01749271137026239,0.003595637530315489,3
016242,0,0,0,0,0,0,0,0,0,0,0,0,0,0,0,0,0,0,0,0,0,0.03753351206434316,0.008746355685131194,0.0017376863416938405,3
016243,0,0,0,0,0,0,0,0,0,0,0,0,0,0,0,0,0,0,0,0,0,0.1769436997319035,0.0014577259475218659,0.0007285382609213757,3
016244,0,0,0,0,0,0,0,0,0,0,0,0,0,0,0,0,0,0,0,0,0,1.1313672922252012,0.0014577259475218659,0.0005712274367303524,0
016245,0,0,0,0,0,0,0,0,0,0,0,0,0,0,0,0,0,0,0,0,0,0.12332439678284182,0.002915451895043732,0.0006436065653595399,3
016247,0,0,0,0,0,0,0,0,0,0,0,0,0,0,0,0,0,0,0,0,0,0.9061662198391421,0.0,0.00010573029574263663,0
016248,0,0,0,0,0,0,0,0,0,0,0,0,0,0,0,0,0,0,0,0,0,0.32707774798927614,0.0,3.437886265179461e-05,1
016249,0,0,0,0,0,0,0,0,0,0,0,0,0,0,0,0,0,0,0,0,0,0.27882037533512066,0.0058309037900874635,0.0005876705653438799,1
016250,0,0,0,0,0,0,0,0,0,0,0,0,0,0,0,0,0,0,0,0,0,1.3941018766756033,0.0014577259475218659,0.00018094782157296877,2
016253,0,0,0,0,0,0,0,0,0,0,0,0,0,0,0,0,0,0,0,0,0,0.353887399463807,0.0014577259475218659,0.0005169553247291564,1
016255,0,0,0,0,0,0,0,0,0,0,0,0,0,0,0,0,0,0,0,0,0,0.08579088471849866,0.01020408163265306,0.0018831297293111125,3
016256,0,0,0,0,0,0,0,0,0,0,0,0,0,0,0,0,0,0,0,0,0,1.4262734584450403,0.0,7.404301664365158e-05,2
016257,0,0,0,0,0,0,0,0,0,0,0,0,0,0,0,0,0,0,0,0,0,0.9436997319034852,0.0,0.00011446570781857308,0
016258,0,0,0,0,0,0,0,0,0,0,0,0,0,0,0,0,0,0,0,0,0,0.2359249329758713,0.0058309037900874635,0.0010018563362384901,3
016260,0,0,0,0,0,0,0,0,0,0,0,0,0,0,0,0,0,0,0,0,0,0.2680965147453083,0.0,0.00023595400181584012,3
016261,0,0,0,0,0,0,0,0,0,0,0,0,0,0,0,0,0,0,0,0,0,0.08579088471849866,0.004373177842565598,0.0010158770396544888,3
016265,0,0,0,0,0,0,0,0,0,0,0,0,0,0,0,0,0,0,0,0,0,0.04289544235924933,0.011661807580174927,0.002363088014659832,3
016266,0,0,0,0,0,0,0,0,0,0,0,0,0,0,0,0,0,0,0,0,0,0.3914209115281501,0.008746355685131194,0.0005869120281608153,1
016268,0,0,0,0,0,0,0,0,0,0,0,0,0,0,0,0,0,0,0,0,0,0.37533512064343166,0.0014577259475218659,0.00046855575866136296,1
016270,0,0,0,0,0,0,0,0,0,0,0,0,0,0,0,0,0,0,0,0,0,1.8873994638069704,0.0,0.00042541701499224273,2
016271,0,0,0,0,0,0,0,0,0,0,0,0,0,0,0,0,0,0,0,0,0,0.010723860589812333,0.0058309037900874635,0.000539344406100254,3
016272,0,0,0,0,0,0,0,0,0,0,0,0,0,0,0,0,0,0,0,0,0,0.6219839142091153,0.0,0.00010585264044958253,1
016274,0,0,0,0,0,0,0,0,0,0,0,0,0,0,0,0,0,0,0,0,0,1.9946380697050938,0.0,0.0007008638882102157,2
016275,0,0,0,0,0,0,0,0,0,0,0,0,0,0,0,0,0,0,0,0,0,1.0509383378016086,0.0,0.00035382089248750894,0
016276,0,0,0,0,0,0,0,0,0,0,0,0,0,0,0,0,0,0,0,0,0,0.9436997319034852,0.0,2.8824412956451275e-05,0
016278,0,0,0,0,0,0,0,0,0,0,0,0,0,0,0,0,0,0,0,0,0,0.5308310991957105,0.0,0.0005530959511609718,1
016279,0,0,0,0,0,0,0,0,0,0,0,0,0,0,0,0,0,0,0,0,0,0.10723860589812333,0.002915451895043732,0.0005725976974481464,3
016281,0,0,0,0,0,0,0,0,0,0,0,0,0,0,0,0,0,0,0,0,0,0.38069705093833783,0.0,9.831620650171582e-05,1
016282,0,0,0,0,0,0,0,0,0,0,0,0,0,0,0,0,0,0,0,0,0,1.8176943699731904,0.0,7.311319687086284e-05,2
016283,0,0,0,0,0,0,0,0,0,0,0,0,0,0,0,0,0,0,0,0,0,0.02680965147453083,0.0058309037900874635,0.0009814003012371376,3
016284,0,0,0,0,0,0,0,0,0,0,0,0,0,0,0,0,0,0,0,0,0,0.16085790884718498,0.0014577259475218659,0.0005645963536138852,3
016287,0,0,0,0,0,0,0,0,0,0,0,0,0,0,0,0,0,0,0,0,0,0.9061662198391421,0.0,4.338343308301199e-05,0
016292,0,0,0,0,0,0,0,0,0,0,0,0,0,0,0,0,0,0,0,0,0,0.6487935656836461,0.0,9.777788979115392e-05,1
016293,0,0,0,0,0,0,0,0,0,0,0,0,0,0,0,0,0,0,0,0,0,0.11260053619302948,0.013119533527696792,0.0012009601123222286,3
016295,0,0,0,0,0,0,0,0,0,0,0,0,0,0,0,0,0,0,0,0,0,0.0482573726541555,0.004373177842565598,0.0007277307858555327,3
016297,0,0,0,0,0,0,0,0,0,0,0,0,0,0,0,0,0,0,0,0,0,1.4369973190348526,0.0,0.00013619412777216282,2
016298,0,0,0,0,0,0,0,0,0,0,0,0,0,0,0,0,0,0,0,0,0,0.11796246648793565,0.002915451895043732,0.00026854663174622476,3
016302,0,0,0,0,0,0,0,0,0,0,0,0,0,0,0,0,0,0,0,0,0,0.675603217158177,0.0,4.700483640861028e-05,1
016303,0,0,0,0,0,0,0,0,0,0,0,0,0,0,0,0,0,0,0,0,0,0.13404825737265416,0.002915451895043732,0.0011327651726705905,3
016305,0,0,0,0,0,0,0,0,0,0,0,0,0,0,0,0,0,0,0,0,0,0.739946380697051,0.0,9.019251796050884e-05,0
016306,0,0,0,0,0,0,0,0,0,0,0,0,0,0,0,0,0,0,0,0,0,1.1420911528150135,0.00728862973760933,0.0001628163360035881,0
016308,0,0,0,0,0,0,0,0,0,0,0,0,0,0,0,0,0,0,0,0,0,0.19839142091152814,0.004373177842565598,2.71605249419872e-06,3
016309,0,0,0,0,0,0,0,0,0,0,0,0,0,0,0,0,0,0,0,0,0,0.5630026809651475,0.0014577259475218659,0.0002480905967448723,1
016311,0,0,0,0,0,0,0,0,0,0,0,0,0,0,0,0,0,0,0,0,0,0.09115281501340483,0.0014577259475218659,0.00022352377959013788,3
016313,0,0,0,0,0,0,0,0,0,0,0,0,0,0,0,0,0,0,0,0,0,0.010723860589812333,0.0014577259475218659,0.00012087657046253761,3
016315,0,0,0,0,0,0,0,0,0,0,0,0,0,0,0,0,0,0,0,0,0,1.769436997319035,0.0,0.00018290533688410297,2
016316,0,0,0,0,0,0,0,0,0,0,0,0,0,0,0,0,0,0,0,0,0,0.3378016085790885,0.01020408163265306,0.0018508551956187872,1
016317,0,0,0,0,0,0,0,0,0,0,0,0,0,0,0,0,0,0,0,0,0,0.6380697050938338,0.002915451895043732,0.0005026165250750982,1
016318,0,0,0,0,0,0,0,0,0,0,0,0,0,0,0,0,0,0,0,0,0,0.18230563002680966,0.0,0.00011458805252551896,3
016319,0,0,0,0,0,0,0,0,0,0,0,0,0,0,0,0,0,0,0,0,0,1.1635388739946382,0.0,4.081419423714834e-05,0
016322,0,0,0,0,0,0,0,0,0,0,0,0,0,0,0,0,0,0,0,0,0,0.0,0.0014577259475218659,0.00022029387932676644,3
016323,0,0,0,0,0,0,0,0,0,0,0,0,0,0,0,0,0,0,0,0,0,1.0455764075067024,0.0,9.738638672892708e-06,0
016324,0,0,0,0,0,0,0,0,0,0,0,0,0,0,0,0,0,0,0,0,0,0.6809651474530831,0.002915451895043732,0.0006147576834616995,1
016325,0,0,0,0,0,0,0,0,0,0,0,0,0,0,0,0,0,0,0,0,0,0.24664879356568364,0.002915451895043732,0.00016213120564469117,3
016326,0,0,0,0,0,0,0,0,0,0,0,0,0,0,0,0,0,0,0,0,0,0.02680965147453083,0.018950437317784254,0.0038672427797353612,3
016327,0,0,0,0,0,0,0,0,0,0,0,0,0,0,0,0,0,0,0,0,0,0.06970509383378015,0.00728862973760933,0.0016310017572370259,3
016330,0,0,0,0,0,0,0,0,0,0,0,0,0,0,0,0,0,0,0,0,0,0.09115281501340483,0.002915451895043732,0.00025469721091995025,3
016332,0,0,0,0,0,0,0,0,0,0,0,0,0,0,0,0,0,0,0,0,0,0.14477211796246647,0.008746355685131194,0.001042890750948141,3
016333,0,0,0,0,0,0,0,0,0,0,0,0,0,0,0,0,0,0,0,0,0,0.03753351206434316,0.030612244897959183,0.00011698600878165838,3
016337,0,0,0,0,0,0,0,0,0,0,0,0,0,0,0,0,0,0,0,0,0,0.19302949061662197,0.0,7.396960981948405e-05,3
016338,0,0,0,0,0,0,0,0,0,0,0,0,0,0,0,0,0,0,0,0,0,0.8364611260053619,0.0,0.00010010243922312578,0
016339,0,0,0,0,0,0,0,0,0,0,0,0,0,0,0,0,0,0,0,0,0,1.5174262734584452,0.0,0.00025687494670358703,2
016340,0,0,0,0,0,0,0,0,0,0,0,0,0,0,0,0,0,0,0,0,0,0.5683646112600537,0.0,0.0005682177569394835,1
016341,0,0,0,0,0,0,0,0,0,0,0,0,0,0,0,0,0,0,0,0,0,0.128686327077748,0.004373177842565598,0.00034310349615904905,3
016342,0,0,0,0,0,0,0,0,0,0,0,0,0,0,0,0,0,0,0,0,0,0.3967828418230563,0.004373177842565598,0.00020524548037242218,1
016343,0,0,0,0,0,0,0,0,0,0,0,0,0,0,0,0,0,0,0,0,0,0.08042895442359249,0.0014577259475218659,0.0003141322695542627,3
016344,0,0,0,0,0,0,0,0,0,0,0,0,0,0,0,0,0,0,0,0,0,0.8418230563002681,0.0,2.7478621180046508e-05,0
016345,0,0,0,0,0,0,0,0,0,0,0,0,0,0,0,0,0,0,0,0,0,0.23056300268096513,0.0,0.00039899055829193086,3
016347,0,0,0,0,0,0,0,0,0,0,0,0,0,0,0,0,0,0,0,0,0,0.053619302949061656,0.0014577259475218659,0.0008465274962999903,3
016348,0,0,0,0,0,0,0,0,0,0,0,0,0,0,0,0,0,0,0,0,0,0.16621983914209115,0.008746355685131194,0.001648227891975007,3
016349,0,0,0,0,0,0,0,0,0,0,0,0,0,0,0,0,0,0,0,0,0,1.5549597855227881,0.0,0.00013049286442848442,2
016350,0,0,0,0,0,0,0,0,0,0,0,0,0,0,0,0,0,0,0,0,0,0.10723860589812333,0.004373177842565598,0.0004791997481656552,3
016351,0,0,0,0,0,0,0,0,0,0,0,0,0,0,0,0,0,0,0,0,0,1.7801608579088473,0.0,3.8489644805176454e-05,2
016352,0,0,0,0,0,0,0,0,0,0,0,0,0,0,0,0,0,0,0,0,0,0.09115281501340483,0.0014577259475218659,0.00013399192304713685,3
016353,0,0,0,0,0,0,0,0,0,0,0,0,0,0,0,0,0,0,0,0,0,0.0160857908847185,0.03206997084548105,0.00069210400719289,3
016354,0,0,0,0,0,0,0,0,0,0,0,0,0,0,0,0,0,0,0,0,0,0.3324396782841823,0.0014577259475218659,0.0002990594016585293,1
016356,0,0,0,0,0,0,0,0,0,0,0,0,0,0,0,0,0,0,0,0,0,1.0563002680965148,0.002915451895043732,0.00016656008403613228,0
016357,0,0,0,0,0,0,0,0,0,0,0,0,0,0,0,0,0,0,0,0,0,0.17158176943699732,0.002915451895043732,0.00038058991436726926,3
016358,0,0,0,0,0,0,0,0,0,0,0,0,0,0,0,0,0,0,0,0,0,0.0,0.004373177842565598,0.0005032282486098278,3
016359,0,0,0,0,0,0,0,0,0,0,0,0,0,0,0,0,0,0,0,0,0,0.03217158176943699,0.011661807580174927,0.0013146672829577374,3
016360,0,0,0,0,0,0,0,0,0,0,0,0,0,0,0,0,0,0,0,0,0,0.021447721179624665,0.00728862973760933,0.00369082171231939,3
016361,0,0,0,0,0,0,0,0,0,0,0,0,0,0,0,0,0,0,0,0,0,0.0482573726541555,0.004373177842565598,0.0008004524796641687,3
016362,0,0,0,0,0,0,0,0,0,0,0,0,0,0,0,0,0,0,0,0,0,0.16621983914209115,0.0058309037900874635,0.000569783769188391,3
016363,0,0,0,0,0,0,0,0,0,0,0,0,0,0,0,0,0,0,0,0,0,0.27882037533512066,0.0,3.574912336958856e-05,1
016364,0,0,0,0,0,0,0,0,0,0,0,0,0,0,0,0,0,0,0,0,0,0.058981233243967826,0.0014577259475218659,0.0004474635311838918,3
016365,0,0,0,0,0,0,0,0,0,0,0,0,0,0,0,0,0,0,0,0,0,0.09115281501340483,0.011661807580174927,0.0006414043606345139,3
016366,0,0,0,0,0,0,0,0,0,0,0,0,0,0,0,0,0,0,0,0,0,0.09651474530831099,0.0,0.0001241798775500766,3
016367,0,0,0,0,0,0,0,0,0,0,0,0,0,0,0,0,0,0,0,0,0,0.19302949061662197,0.0014577259475218659,0.0007431706878721038,3
016368,0,0,0,0,0,0,0,0,0,0,0,0,0,0,0,0,0,0,0,0,0,0.005361930294906166,0.0014577259475218659,0.0004477326895391728,3
016369,0,0,0,0,0,0,0,0,0,0,0,0,0,0,0,0,0,0,0,0,0,0.09115281501340483,0.002915451895043732,0.0006714766896018132,3
016370,0,0,0,0,0,0,0,0,0,0,0,0,0,0,0,0,0,0,0,0,0,0.4343163538873995,0.004373177842565598,0.0016089552410453768,1
016372,0,0,0,0,0,0,0,0,0,0,0,0,0,0,0,0,0,0,0,0,0,0.17158176943699732,0.0014577259475218659,0.0006303933370093841,3
016374,0,0,0,0,0,0,0,0,0,0,0,0,0,0,0,0,0,0,0,0,0,0.3485254691689008,0.0014577259475218659,0.0006958477552254343,1
016376,0,0,0,0,0,0,0,0,0,0,0,0,0,0,0,0,0,0,0,0,0,0.04289544235924933,0.0014577259475218659,0.0007797517552489243,3
016377,0,0,0,0,0,0,0,0,0,0,0,0,0,0,0,0,0,0,0,0,0,1.4262734584450403,0.0,6.117235347294414e-06,2
016378,0,0,0,0,0,0,0,0,0,0,0,0,0,0,0,0,0,0,0,0,0,1.3190348525469169,0.002915451895043732,0.00010100779005452537,0
016379,0,0,0,0,0,0,0,0,0,0,0,0,0,0,0,0,0,0,0,0,0,0.0160857908847185,0.004373177842565598,0.0005237087525525694,3
016380,0,0,0,0,0,0,0,0,0,0,0,0,0,0,0,0,0,0,0,0,0,0.32171581769436997,0.0,0.00014052513039804727,1
016383,0,0,0,0,0,0,0,0,0,0,0,0,0,0,0,0,0,0,0,0,0,0.3967828418230563,0.0014577259475218659,0.0005694901418917208,1
016384,0,0,0,0,0,0,0,0,0,0,0,0,0,0,0,0,0,0,0,0,0,0.4772117962466488,0.0014577259475218659,0.00028244499045527766,1
016385,0,0,0,0,0,0,0,0,0,0,0,0,0,0,0,0,0,0,0,0,0,0.3163538873994638,0.002915451895043732,0.0003671075276618324,1
016386,0,0,0,0,0,0,0,0,0,0,0,0,0,0,0,0,0,0,0,0,0,0.15013404825737264,0.0014577259475218659,0.0003568061033369886,3
016387,0,0,0,0,0,0,0,0,0,0,0,0,0,0,0,0,0,0,0,0,0,1.7265415549597856,0.0,3.0512769912304536e-05,2
016389,0,0,0,0,0,0,0,0,0,0,0,0,0,0,0,0,0,0,0,0,0,0.27882037533512066,0.004373177842565598,0.0002307421172999453,1
016392,0,0,0,0,0,0,0,0,0,0,0,0,0,0,0,0,0,0,0,0,0,1.4423592493297588,0.0,0.0002188991496675833,2
016393,0,0,0,0,0,0,0,0,0,0,0,0,0,0,0,0,0,0,0,0,0,0.005361930294906166,0.01749271137026239,0.0015959377642263343,3
016394,0,0,0,0,0,0,0,0,0,0,0,0,0,0,0,0,0,0,0,0,0,0.3002680965147453,0.0058309037900874635,0.00024970554687655795,1
016395,0,0,0,0,0,0,0,0,0,0,0,0,0,0,0,0,0,0,0,0,0,0.3163538873994638,0.0058309037900874635,0.0010187399057970225,1
016398,0,0,0,0,0,0,0,0,0,0,0,0,0,0,0,0,0,0,0,0,0,0.8203753351206434,0.0014577259475218659,0.0011120889171967355,0
016399,0,0,0,0,0,0,0,0,0,0,0,0,0,0,0,0,0,0,0,0,0,0.09651474530831099,0.0014577259475218659,0.0004936853614680484,3
016400,0,0,0,0,0,0,0,0,0,0,0,0,0,0,0,0,0,0,0,0,0,0.5040214477211796,0.0,0.00021346704467918587,1
016401,0,0,0,0,0,0,0,0,0,0,0,0,0,0,0,0,0,0,0,0,0,0.0,0.016034985422740525,0.0006561591322921881,3
016402,0,0,0,0,0,0,0,0,0,0,0,0,0,0,0,0,0,0,0,0,0,1.415549597855228,0.0014577259475218659,0.00039133177963711824,2
016403,0,0,0,0,0,0,0,0,0,0,0,0,0,0,0,0,0,0,0,0,0,1.6675603217158177,0.0,3.8979023632960003e-05,2
016404,0,0,0,0,0,0,0,0,0,0,0,0,0,0,0,0,0,0,0,0,0,0.3699731903485255,0.0,0.0002902750516998145,1
016405,0,0,0,0,0,0,0,0,0,0,0,0,0,0,0,0,0,0,0,0,0,1.613941018766756,0.0014577259475218659,2.809034471477595e-05,2
016406,0,0,0,0,0,0,0,0,0,0,0,0,0,0,0,0,0,0,0,0,0,0.09651474530831099,0.0,0.0002712626842404235,3
016407,0,0,0,0,0,0,0,0,0,0,0,0,0,0,0,0,0,0,0,0,0,0.064343163538874,0.013119533527696792,0.0012456648682402562,3
016409,0,0,0,0,0,0,0,0,0,0,0,0,0,0,0,0,0,0,0,0,0,0.18766756032171583,0.0058309037900874635,0.0015367718639473027,3
016411,0,0,0,0,0,0,0,0,0,0,0,0,0,0,0,0,0,0,0,0,0,0.09651474530831099,0.0014577259475218659,0.00022369506217986214,3
016412,0,0,0,0,0,0,0,0,0,0,0,0,0,0,0,0,0,0,0,0,0,0.28418230563002683,0.0,0.00017710619777486786,1
016413,0,0,0,0,0,0,0,0,0,0,0,0,0,0,0,0,0,0,0,0,0,0.3002680965147453,0.0,0.0001912003080150342,1
016414,0,0,0,0,0,0,0,0,0,0,0,0,0,0,0,0,0,0,0,0,0,0.11260053619302948,0.0014577259475218659,0.00012058294316586747,3
016415,0,0,0,0,0,0,0,0,0,0,0,0,0,0,0,0,0,0,0,0,0,0.23056300268096513,0.0,0.0002397466877311627,3
016416,0,0,0,0,0,0,0,0,0,0,0,0,0,0,0,0,0,0,0,0,0,0.13404825737265416,0.002915451895043732,0.000528064224119843,3
016418,0,0,0,0,0,0,0,0,0,0,0,0,0,0,0,0,0,0,0,0,0,0.2359249329758713,0.002915451895043732,0.0009385796538060766,3
016419,0,0,0,0,0,0,0,0,0,0,0,0,0,0,0,0,0,0,0,0,0,0.6005361930294906,0.00728862973760933,0.0005381698969135734,1
016422,0,0,0,0,0,0,0,0,0,0,0,0,0,0,0,0,0,0,0,0,0,0.08579088471849866,0.0728862973760933,0.0016373881509396014,3
016423,0,0,0,0,0,0,0,0,0,0,0,0,0,0,0,0,0,0,0,0,0,0.128686327077748,0.0,8.395293790626854e-05,3
016424,0,0,0,0,0,0,0,0,0,0,0,0,0,0,0,0,0,0,0,0,0,1.0187667560321716,0.0,4.849744183335011e-05,0
016425,0,0,0,0,0,0,0,0,0,0,0,0,0,0,0,0,0,0,0,0,0,1.613941018766756,0.0,0.0002139564235069694,2
016426,0,0,0,0,0,0,0,0,0,0,0,0,0,0,0,0,0,0,0,0,0,0.005361930294906166,0.013119533527696792,0.0018989611343899104,3
016427,0,0,0,0,0,0,0,0,0,0,0,0,0,0,0,0,0,0,0,0,0,1.4048257372654156,0.0014577259475218659,3.2372409457882044e-05,2
016429,0,0,0,0,0,0,0,0,0,0,0,0,0,0,0,0,0,0,0,0,0,0.5630026809651475,0.0,9.721510413920283e-05,1
016430,0,0,0,0,0,0,0,0,0,0,0,0,0,0,0,0,0,0,0,0,0,0.3002680965147453,0.0,6.357030972908354e-05,1
016431,0,0,0,0,0,0,0,0,0,0,0,0,0,0,0,0,0,0,0,0,0,1.1367292225201073,0.002915451895043732,0.00037197684699827874,0
016432,0,0,0,0,0,0,0,0,0,0,0,0,0,0,0,0,0,0,0,0,0,0.3378016085790885,0.0,6.158832547656015e-05,1
016433,0,0,0,0,0,0,0,0,0,0,0,0,0,0,0,0,0,0,0,0,0,0.14477211796246647,0.0,7.888786703870875e-05,3
016434,0,0,0,0,0,0,0,0,0,0,0,0,0,0,0,0,0,0,0,0,0,0.15013404825737264,0.008746355685131194,0.0008684271988433042,3
016438,0,0,0,0,0,0,0,0,0,0,0,0,0,0,0,0,0,0,0,0,0,0.02680965147453083,0.0058309037900874635,0.0007082290395683581,3
016440,0,0,0,0,0,0,0,0,0,0,0,0,0,0,0,0,0,0,0,0,0,0.03753351206434316,0.0058309037900874635,0.001530776973306954,3
016441,0,0,0,0,0,0,0,0,0,0,0,0,0,0,0,0,0,0,0,0,0,0.353887399463807,0.0014577259475218659,0.00019288866497088746,1
016442,0,0,0,0,0,0,0,0,0,0,0,0,0,0,0,0,0,0,0,0,0,0.005361930294906166,0.002915451895043732,0.0009522333231012376,3
016444,0,0,0,0,0,0,0,0,0,0,0,0,0,0,0,0,0,0,0,0,0,0.24128686327077747,0.004373177842565598,0.0004878617534174241,3
016445,0,0,0,0,0,0,0,0,0,0,0,0,0,0,0,0,0,0,0,0,0,0.1769436997319035,0.0,0.00040532801411172784,3
016446,0,0,0,0,0,0,0,0,0,0,0,0,0,0,0,0,0,0,0,0,0,0.0,0.0014577259475218659,1.1769560808194454e-05,3
016447,0,0,0,0,0,0,0,0,0,0,0,0,0,0,0,0,0,0,0,0,0,0.7238605898123325,0.0,0.00025983568861167753,1
016448,0,0,0,0,0,0,0,0,0,0,0,0,0,0,0,0,0,0,0,0,0,1.0563002680965148,0.0,0.0001424581767677923,0
016449,0,0,0,0,0,0,0,0,0,0,0,0,0,0,0,0,0,0,0,0,0,1.0563002680965148,0.0014577259475218659,0.0003223783028024156,0
016450,0,0,0,0,0,0,0,0,0,0,0,0,0,0,0,0,0,0,0,0,0,0.7989276139410187,0.0,3.954180928491109e-05,0
016451,0,0,0,0,0,0,0,0,0,0,0,0,0,0,0,0,0,0,0,0,0,0.46648793565683644,0.0,8.916482242216337e-05,1
016454,0,0,0,0,0,0,0,0,0,0,0,0,0,0,0,0,0,0,0,0,0,0.2359249329758713,0.0014577259475218659,9.249259845109155e-06,3
016455,0,0,0,0,0,0,0,0,0,0,0,0,0,0,0,0,0,0,0,0,0,0.3378016085790885,0.008746355685131194,0.0005086603535982252,1
016456,0,0,0,0,0,0,0,0,0,0,0,0,0,0,0,0,0,0,0,0,0,0.5254691689008043,0.0058309037900874635,0.000577638299374317,1
016457,0,0,0,0,0,0,0,0,0,0,0,0,0,0,0,0,0,0,0,0,0,1.1635388739946382,0.0,5.838289415457789e-05,0
016458,0,0,0,0,0,0,0,0,0,0,0,0,0,0,0,0,0,0,0,0,0,0.010723860589812333,0.02478134110787172,0.0008711677202788921,3
016460,0,0,0,0,0,0,0,0,0,0,0,0,0,0,0,0,0,0,0,0,0,0.14477211796246647,0.002915451895043732,0.0005529491375126368,3
016461,0,0,0,0,0,0,0,0,0,0,0,0,0,0,0,0,0,0,0,0,0,0.9490616621983914,0.0,0.0003285444760324884,0
016462,0,0,0,0,0,0,0,0,0,0,0,0,0,0,0,0,0,0,0,0,0,0.3914209115281501,0.002915451895043732,6.1979828538787e-05,1
016463,0,0,0,0,0,0,0,0,0,0,0,0,0,0,0,0,0,0,0,0,0,0.10723860589812333,0.004373177842565598,0.0003995044060611036,3
016464,0,0,0,0,0,0,0,0,0,0,0,0,0,0,0,0,0,0,0,0,0,0.10187667560321716,0.002915451895043732,0.0014483166408254255,3
016466,0,0,0,0,0,0,0,0,0,0,0,0,0,0,0,0,0,0,0,0,0,0.1769436997319035,0.008746355685131194,0.0010461451201529016,3
016468,0,0,0,0,0,0,0,0,0,0,0,0,0,0,0,0,0,0,0,0,0,0.3914209115281501,0.0,3.5259744541805e-05,1
016469,0,0,0,0,0,0,0,0,0,0,0,0,0,0,0,0,0,0,0,0,0,0.12332439678284182,0.004373177842565598,0.0012932080213594284,3
016470,0,0,0,0,0,0,0,0,0,0,0,0,0,0,0,0,0,0,0,0,0,0.2734584450402145,0.004373177842565598,0.0007922553842987941,1
016471,0,0,0,0,0,0,0,0,0,0,0,0,0,0,0,0,0,0,0,0,0,1.4691689008042896,0.0,7.262381804307928e-05,2
016473,0,0,0,0,0,0,0,0,0,0,0,0,0,0,0,0,0,0,0,0,0,0.8793565683646113,0.002915451895043732,0.00011632534736415058,0
016474,0,0,0,0,0,0,0,0,0,0,0,0,0,0,0,0,0,0,0,0,0,0.03217158176943699,0.008746355685131194,0.0019373284344881409,3
016475,0,0,0,0,0,0,0,0,0,0,0,0,0,0,0,0,0,0,0,0,0,0.46648793565683644,0.004373177842565598,0.0003497345792755162,1
016477,0,0,0,0,0,0,0,0,0,0,0,0,0,0,0,0,0,0,0,0,0,0.3378016085790885,0.008746355685131194,0.000830231181334798,1
016478,0,0,0,0,0,0,0,0,0,0,0,0,0,0,0,0,0,0,0,0,0,0.128686327077748,0.002915451895043732,0.0001220021417664398,3
016479,0,0,0,0,0,0,0,0,0,0,0,0,0,0,0,0,0,0,0,0,0,0.0482573726541555,0.0014577259475218659,0.00027167865624403955,3
016480,0,0,0,0,0,0,0,0,0,0,0,0,0,0,0,0,0,0,0,0,0,0.40214477211796246,0.0,0.000431509781398148,1
016482,0,0,0,0,0,0,0,0,0,0,0,0,0,0,0,0,0,0,0,0,0,0.08042895442359249,0.0,5.955740334125842e-05,3
016483,0,0,0,0,0,0,0,0,0,0,0,0,0,0,0,0,0,0,0,0,0,1.0241286863270778,0.0,0.00020463375683769274,0
016484,0,0,0,0,0,0,0,0,0,0,0,0,0,0,0,0,0,0,0,0,0,0.9276139410187668,0.0014577259475218659,0.00020066978833264596,0
016485,0,0,0,0,0,0,0,0,0,0,0,0,0,0,0,0,0,0,0,0,0,0.4075067024128686,0.0,0.000316236598513732,1
016488,0,0,0,0,0,0,0,0,0,0,0,0,0,0,0,0,0,0,0,0,0,0.17158176943699732,0.002915451895043732,0.00031471952414760307,3
016491,0,0,0,0,0,0,0,0,0,0,0,0,0,0,0,0,0,0,0,0,0,0.24664879356568364,0.0,0.0002429031811703666,3
016493,0,0,0,0,0,0,0,0,0,0,0,0,0,0,0,0,0,0,0,0,0,0.42359249329758714,0.004373177842565598,0.00024730759062041856,1
016494,0,0,0,0,0,0,0,0,0,0,0,0,0,0,0,0,0,0,0,0,0,1.5871313672922251,0.0,0.00018300321264965968,2
016495,0,0,0,0,0,0,0,0,0,0,0,0,0,0,0,0,0,0,0,0,0,0.010723860589812333,0.002915451895043732,0.0007634065024009536,3
016496,0,0,0,0,0,0,0,0,0,0,0,0,0,0,0,0,0,0,0,0,0,0.04289544235924933,0.002915451895043732,0.0006609305758630778,3
016497,0,0,0,0,0,0,0,0,0,0,0,0,0,0,0,0,0,0,0,0,0,0.26273458445040215,0.00728862973760933,0.0012170851446976967,3
016498,0,0,0,0,0,0,0,0,0,0,0,0,0,0,0,0,0,0,0,0,0,0.8579088471849866,0.0014577259475218659,8.649770781074302e-05,0
016499,0,0,0,0,0,0,0,0,0,0,0,0,0,0,0,0,0,0,0,0,0,1.9249329758713136,0.0014577259475218659,0.00019961762385291133,2
016500,0,0,0,0,0,0,0,0,0,0,0,0,0,0,0,0,0,0,0,0,0,0.021447721179624665,0.00728862973760933,0.0004603831322373776,3
016503,0,0,0,0,0,0,0,0,0,0,0,0,0,0,0,0,0,0,0,0,0,0.5683646112600537,0.004373177842565598,0.0008574161752181742,1
016504,0,0,0,0,0,0,0,0,0,0,0,0,0,0,0,0,0,0,0,0,0,0.128686327077748,0.0,0.0002592239650769481,3
016505,0,0,0,0,0,0,0,0,0,0,0,0,0,0,0,0,0,0,0,0,0,0.16621983914209115,0.0,1.2797256346539915e-05,3
016506,0,0,0,0,0,0,0,0,0,0,0,0,0,0,0,0,0,0,0,0,0,0.10187667560321716,0.0014577259475218659,1.5611184606295342e-05,3
016509,0,0,0,0,0,0,0,0,0,0,0,0,0,0,0,0,0,0,0,0,0,1.5871313672922251,0.0,0.00024207123716313454,2
016510,0,0,0,0,0,0,0,0,0,0,0,0,0,0,0,0,0,0,0,0,0,1.9892761394101877,0.0,0.00016964317065116868,2
016511,0,0,0,0,0,0,0,0,0,0,0,0,0,0,0,0,0,0,0,0,0,0.11260053619302948,0.002915451895043732,0.0012536906810159064,3
016513,0,0,0,0,0,0,0,0,0,0,0,0,0,0,0,0,0,0,0,0,0,0.021447721179624665,0.004373177842565598,0.00022144391957205778,3
016515,0,0,0,0,0,0,0,0,0,0,0,0,0,0,0,0,0,0,0,0,0,0.2734584450402145,0.0058309037900874635,0.0007169155137615162,1
016516,0,0,0,0,0,0,0,0,0,0,0,0,0,0,0,0,0,0,0,0,0,0.1554959785522788,0.0,3.06595835606396e-05,3
016517,0,0,0,0,0,0,0,0,0,0,0,0,0,0,0,0,0,0,0,0,0,1.479892761394102,0.0,0.00011960418551030039,2
016518,0,0,0,0,0,0,0,0,0,0,0,0,0,0,0,0,0,0,0,0,0,0.32171581769436997,0.0014577259475218659,0.00023003251799965917,1
016519,0,0,0,0,0,0,0,0,0,0,0,0,0,0,0,0,0,0,0,0,0,0.128686327077748,0.0014577259475218659,0.00021009033076747937,3
016520,0,0,0,0,0,0,0,0,0,0,0,0,0,0,0,0,0,0,0,0,0,0.9919571045576407,0.002915451895043732,0.0010369203292491815,0
016523,0,0,0,0,0,0,0,0,0,0,0,0,0,0,0,0,0,0,0,0,0,0.005361930294906166,0.029154518950437316,0.002563513113578586,3
016525,0,0,0,0,0,0,0,0,0,0,0,0,0,0,0,0,0,0,0,0,0,0.005361930294906166,0.03644314868804665,0.0016373881509396014,3
016526,0,0,0,0,0,0,0,0,0,0,0,0,0,0,0,0,0,0,0,0,0,0.9168900804289545,0.0,0.00020568592131742737,0
016527,0,0,0,0,0,0,0,0,0,0,0,0,0,0,0,0,0,0,0,0,0,0.4289544235924933,0.0,9.971093616089894e-05,1
016528,0,0,0,0,0,0,0,0,0,0,0,0,0,0,0,0,0,0,0,0,0,0.0160857908847185,0.0,0.00013367382680907753,3
016529,0,0,0,0,0,0,0,0,0,0,0,0,0,0,0,0,0,0,0,0,0,1.0134048257372654,0.0,0.00022861331939908687,0
016531,0,0,0,0,0,0,0,0,0,0,0,0,0,0,0,0,0,0,0,0,0,0.11260053619302948,0.008746355685131194,0.0005262290535156547,3
016532,0,0,0,0,0,0,0,0,0,0,0,0,0,0,0,0,0,0,0,0,0,0.09115281501340483,0.002915451895043732,3.366926335150846e-05,3
016533,0,0,0,0,0,0,0,0,0,0,0,0,0,0,0,0,0,0,0,0,0,0.09651474530831099,0.002915451895043732,0.0011475933511524321,3
016535,0,0,0,0,0,0,0,0,0,0,0,0,0,0,0,0,0,0,0,0,0,0.021447721179624665,0.0,0.0002290048224613137,3
016536,0,0,0,0,0,0,0,0,0,0,0,0,0,0,0,0,0,0,0,0,0,0.5844504021447722,0.0,0.0004894767035491099,1
016539,0,0,0,0,0,0,0,0,0,0,0,0,0,0,0,0,0,0,0,0,0,0.010723860589812333,0.004373177842565598,0.00042827988113477647,3
016542,0,0,0,0,0,0,0,0,0,0,0,0,0,0,0,0,0,0,0,0,0,0.28418230563002683,0.0,3.72417287943284e-05,1
016545,0,0,0,0,0,0,0,0,0,0,0,0,0,0,0,0,0,0,0,0,0,0.8793565683646113,0.0,2.7233931766154733e-05,0
016546,0,0,0,0,0,0,0,0,0,0,0,0,0,0,0,0,0,0,0,0,0,1.5549597855227881,0.0014577259475218659,0.00011507743135330252,2
016549,0,0,0,0,0,0,0,0,0,0,0,0,0,0,0,0,0,0,0,0,0,0.0482573726541555,0.013119533527696792,0.004887719980371016,3
016550,0,0,0,0,0,0,0,0,0,0,0,0,0,0,0,0,0,0,0,0,0,0.579088471849866,0.0058309037900874635,0.0015804978622097634,1
016551,0,0,0,0,0,0,0,0,0,0,0,0,0,0,0,0,0,0,0,0,0,0.5093833780160858,0.002915451895043732,0.00015236809803040926,1
016552,0,0,0,0,0,0,0,0,0,0,0,0,0,0,0,0,0,0,0,0,0,1.2975871313672922,0.0014577259475218659,0.00017054852148256828,0
016553,0,0,0,0,0,0,0,0,0,0,0,0,0,0,0,0,0,0,0,0,0,0.868632707774799,0.016034985422740525,0.0004396824078221333,0
016554,0,0,0,0,0,0,0,0,0,0,0,0,0,0,0,0,0,0,0,0,0,0.21983914209115282,0.002915451895043732,0.00043469074377874107,3
016555,0,0,0,0,0,0,0,0,0,0,0,0,0,0,0,0,0,0,0,0,0,0.18230563002680966,0.0014577259475218659,0.0001171817603127718,3
016556,0,0,0,0,0,0,0,0,0,0,0,0,0,0,0,0,0,0,0,0,0,0.353887399463807,0.008746355685131194,0.0019662996610929273,1
016557,0,0,0,0,0,0,0,0,0,0,0,0,0,0,0,0,0,0,0,0,0,0.12332439678284182,0.0014577259475218659,0.00018310108841521639,3
016558,0,0,0,0,0,0,0,0,0,0,0,0,0,0,0,0,0,0,0,0,0,0.0,0.02769679300291545,0.003422666583635392,3
016560,0,0,0,0,0,0,0,0,0,0,0,0,0,0,0,0,0,0,0,0,0,0.13941018766756033,0.0014577259475218659,0.0005381698969135734,3
016561,0,0,0,0,0,0,0,0,0,0,0,0,0,0,0,0,0,0,0,0,0,0.02680965147453083,0.0014577259475218659,0.00021640331764588718,3
016563,0,0,0,0,0,0,0,0,0,0,0,0,0,0,0,0,0,0,0,0,0,0.28418230563002683,0.0,0.00015836298867075778,1
016565,0,0,0,0,0,0,0,0,0,0,0,0,0,0,0,0,0,0,0,0,0,1.9463806970509383,0.0,3.714385302877169e-05,2
016566,0,0,0,0,0,0,0,0,0,0,0,0,0,0,0,0,0,0,0,0,0,0.07506702412868632,0.0058309037900874635,0.00011830733161667396,3
016567,0,0,0,0,0,0,0,0,0,0,0,0,0,0,0,0,0,0,0,0,0,1.03485254691689,0.0014577259475218659,0.00018503413478496145,0
016569,0,0,0,0,0,0,0,0,0,0,0,0,0,0,0,0,0,0,0,0,0,0.010723860589812333,0.0,3.129577603675823e-05,3
016570,0,0,0,0,0,0,0,0,0,0,0,0,0,0,0,0,0,0,0,0,0,0.07506702412868632,0.013119533527696792,0.0009785129661532145,3
016571,0,0,0,0,0,0,0,0,0,0,0,0,0,0,0,0,0,0,0,0,0,0.13941018766756033,0.002915451895043732,0.000431509781398148,3
016572,0,0,0,0,0,0,0,0,0,0,0,0,0,0,0,0,0,0,0,0,0,0.675603217158177,0.002915451895043732,0.0005267184323434383,1
016573,0,0,0,0,0,0,0,0,0,0,0,0,0,0,0,0,0,0,0,0,0,0.450402144772118,0.0014577259475218659,0.0003861688330040018,1
016574,0,0,0,0,0,0,0,0,0,0,0,0,0,0,0,0,0,0,0,0,0,0.37533512064343166,0.0,9.726404202198119e-05,1
016581,0,0,0,0,0,0,0,0,0,0,0,0,0,0,0,0,0,0,0,0,0,0.9758713136729222,0.0,2.569238845863654e-05,0
016582,0,0,0,0,0,0,0,0,0,0,0,0,0,0,0,0,0,0,0,0,0,0.6005361930294906,0.0,2.339230796805384e-05,1
016583,0,0,0,0,0,0,0,0,0,0,0,0,0,0,0,0,0,0,0,0,0,2.0,0.0,8.742752758353175e-05,2
016584,0,0,0,0,0,0,0,0,0,0,0,0,0,0,0,0,0,0,0,0,0,0.42359249329758714,0.0014577259475218659,0.00018520541737468568,1
016586,0,0,0,0,0,0,0,0,0,0,0,0,0,0,0,0,0,0,0,0,0,1.3297587131367292,0.0,9.122021349885431e-05,0
016587,0,0,0,0,0,0,0,0,0,0,0,0,0,0,0,0,0,0,0,0,0,1.2386058981233243,0.0,0.00021295319691001314,0
016589,0,0,0,0,0,0,0,0,0,0,0,0,0,0,0,0,0,0,0,0,0,0.37533512064343166,0.002915451895043732,0.00014979885918454562,1
016591,0,0,0,0,0,0,0,0,0,0,0,0,0,0,0,0,0,0,0,0,0,0.3646112600536193,0.0,0.0001082995345885003,1
016592,0,0,0,0,0,0,0,0,0,0,0,0,0,0,0,0,0,0,0,0,0,0.0160857908847185,0.021865889212827987,0.0011523158568405435,3
016593,0,0,0,0,0,0,0,0,0,0,0,0,0,0,0,0,0,0,0,0,0,0.2680965147453083,0.002915451895043732,0.0003190015888907091,3
016594,0,0,0,0,0,0,0,0,0,0,0,0,0,0,0,0,0,0,0,0,0,0.3967828418230563,0.0,0.00039096474551628054,1
016595,0,0,0,0,0,0,0,0,0,0,0,0,0,0,0,0,0,0,0,0,0,0.32171581769436997,0.0,0.0003632414349223423,1
016596,0,0,0,0,0,0,0,0,0,0,0,0,0,0,0,0,0,0,0,0,0,0.08042895442359249,0.0014577259475218659,0.00012009356433808393,3
016597,0,0,0,0,0,0,0,0,0,0,0,0,0,0,0,0,0,0,0,0,0,0.0160857908847185,0.0,2.735627647310062e-05,3
016598,0,0,0,0,0,0,0,0,0,0,0,0,0,0,0,0,0,0,0,0,0,1.5281501340482575,0.0,6.222451795267877e-05,2
016600,0,0,0,0,0,0,0,0,0,0,0,0,0,0,0,0,0,0,0,0,0,0.0160857908847185,0.00728862973760933,0.00021703951012200581,3
016601,0,0,0,0,0,0,0,0,0,0,0,0,0,0,0,0,0,0,0,0,0,0.21447721179624665,0.0,0.00023265069472830116,3
016602,0,0,0,0,0,0,0,0,0,0,0,0,0,0,0,0,0,0,0,0,0,0.18766756032171583,0.0,0.00017779132813376485,3
016603,0,0,0,0,0,0,0,0,0,0,0,0,0,0,0,0,0,0,0,0,0,0.3967828418230563,0.0014577259475218659,0.00017899030626183457,1
016607,0,0,0,0,0,0,0,0,0,0,0,0,0,0,0,0,0,0,0,0,0,0.09115281501340483,0.018950437317784254,0.0018294448719032568,3
016609,0,0,0,0,0,0,0,0,0,0,0,0,0,0,0,0,0,0,0,0,0,0.07506702412868632,0.008746355685131194,0.002406789543980903,3
016610,0,0,0,0,0,0,0,0,0,0,0,0,0,0,0,0,0,0,0,0,0,1.1689008042895443,0.0,1.8620864397164196e-05,0
016611,0,0,0,0,0,0,0,0,0,0,0,0,0,0,0,0,0,0,0,0,0,0.9919571045576407,0.0,9.224790903719978e-05,0
016612,0,0,0,0,0,0,0,0,0,0,0,0,0,0,0,0,0,0,0,0,0,0.17158176943699732,0.004373177842565598,0.0005219714577139378,3
016613,0,0,0,0,0,0,0,0,0,0,0,0,0,0,0,0,0,0,0,0,0,0.3699731903485255,0.0,0.00021224359760972698,1
016614,0,0,0,0,0,0,0,0,0,0,0,0,0,0,0,0,0,0,0,0,0,0.9758713136729222,0.0,0.00030219142615634404,0
016616,0,0,0,0,0,0,0,0,0,0,0,0,0,0,0,0,0,0,0,0,0,0.07506702412868632,0.0014577259475218659,0.0002288824777543678,3
016617,0,0,0,0,0,0,0,0,0,0,0,0,0,0,0,0,0,0,0,0,0,1.260053619302949,0.0,4.7420808412226304e-05,0
016618,0,0,0,0,0,0,0,0,0,0,0,0,0,0,0,0,0,0,0,0,0,0.16085790884718498,0.0058309037900874635,0.0008513478777536583,3
016619,0,0,0,0,0,0,0,0,0,0,0,0,0,0,0,0,0,0,0,0,0,1.4101876675603218,0.0,9.124468244024347e-05,2
016620,0,0,0,0,0,0,0,0,0,0,0,0,0,0,0,0,0,0,0,0,0,0.0160857908847185,0.0014577259475218659,6.383946808436449e-05,3
016621,0,0,0,0,0,0,0,0,0,0,0,0,0,0,0,0,0,0,0,0,0,0.2734584450402145,0.004373177842565598,0.0003253635136518953,1
016623,0,0,0,0,0,0,0,0,0,0,0,0,0,0,0,0,0,0,0,0,0,1.3136729222520107,0.0,3.8611989512122346e-05,0
016624,0,0,0,0,0,0,0,0,0,0,0,0,0,0,0,0,0,0,0,0,0,0.4289544235924933,0.0014577259475218659,0.0003605987892523111,1
016625,0,0,0,0,0,0,0,0,0,0,0,0,0,0,0,0,0,0,0,0,0,1.4638069705093835,0.0,0.0001536404829826465,2
016626,0,0,0,0,0,0,0,0,0,0,0,0,0,0,0,0,0,0,0,0,0,0.0,0.023323615160349854,0.0018114112620994328,3
016627,0,0,0,0,0,0,0,0,0,0,0,0,0,0,0,0,0,0,0,0,0,0.41823056300268097,0.0,0.0002475767489756995,1
016628,0,0,0,0,0,0,0,0,0,0,0,0,0,0,0,0,0,0,0,0,0,0.1554959785522788,0.0058309037900874635,0.0006982701804229629,3
016629,0,0,0,0,0,0,0,0,0,0,0,0,0,0,0,0,0,0,0,0,0,0.3914209115281501,0.0014577259475218659,0.00038372193886508405,1
016633,0,0,0,0,0,0,0,0,0,0,0,0,0,0,0,0,0,0,0,0,0,0.08579088471849866,0.00728862973760933,0.0017325478640021132,3
016634,0,0,0,0,0,0,0,0,0,0,0,0,0,0,0,0,0,0,0,0,0,1.190348525469169,0.0014577259475218659,9.880558532949936e-05,0
016637,0,0,0,0,0,0,0,0,0,0,0,0,0,0,0,0,0,0,0,0,0,0.16621983914209115,0.004373177842565598,0.00047114946644861576,3
016638,0,0,0,0,0,0,0,0,0,0,0,0,0,0,0,0,0,0,0,0,0,0.11796246648793565,0.013119533527696792,0.0008734188628866965,3
016639,0,0,0,0,0,0,0,0,0,0,0,0,0,0,0,0,0,0,0,0,0,0.16085790884718498,0.002915451895043732,0.00041002605085845,3
016641,0,0,0,0,0,0,0,0,0,0,0,0,0,0,0,0,0,0,0,0,0,0.5630026809651475,0.0,6.237133160101384e-05,1
016642,0,0,0,0,0,0,0,0,0,0,0,0,0,0,0,0,0,0,0,0,0,0.021447721179624665,0.0014577259475218659,0.0002742968329726815,3
016643,0,0,0,0,0,0,0,0,0,0,0,0,0,0,0,0,0,0,0,0,0,1.3136729222520107,0.0,0.00023979562561394103,0
016644,0,0,0,0,0,0,0,0,0,0,0,0,0,0,0,0,0,0,0,0,0,0.9490616621983914,0.0014577259475218659,0.0002328953841421929,0
016647,0,0,0,0,0,0,0,0,0,0,0,0,0,0,0,0,0,0,0,0,0,0.9061662198391421,0.0014577259475218659,0.00011094218025853149,0
016648,0,0,0,0,0,0,0,0,0,0,0,0,0,0,0,0,0,0,0,0,0,0.225201072386059,0.0,5.7893515326794335e-05,3
016650,0,0,0,0,0,0,0,0,0,0,0,0,0,0,0,0,0,0,0,0,0,0.38069705093833783,0.0,0.00013188759408766756,1
016652,0,0,0,0,0,0,0,0,0,0,0,0,0,0,0,0,0,0,0,0,0,0.3109919571045576,0.008746355685131194,0.0011446815471271201,1
016653,0,0,0,0,0,0,0,0,0,0,0,0,0,0,0,0,0,0,0,0,0,0.08042895442359249,0.0014577259475218659,0.0005610728260538437,3
016654,0,0,0,0,0,0,0,0,0,0,0,0,0,0,0,0,0,0,0,0,0,0.7506702412868633,0.004373177842565598,0.0003016041715630038,0
016655,0,0,0,0,0,0,0,0,0,0,0,0,0,0,0,0,0,0,0,0,0,0.09115281501340483,0.00728862973760933,0.0016444107371182955,3
016656,0,0,0,0,0,0,0,0,0,0,0,0,0,0,0,0,0,0,0,0,0,0.11260053619302948,0.02040816326530612,0.00039284885400324725,3
016657,0,0,0,0,0,0,0,0,0,0,0,0,0,0,0,0,0,0,0,0,0,0.0482573726541555,0.004373177842565598,0.0008012844236714007,3
016658,0,0,0,0,0,0,0,0,0,0,0,0,0,0,0,0,0,0,0,0,0,1.967828418230563,0.0,5.872545933402638e-05,2
016659,0,0,0,0,0,0,0,0,0,0,0,0,0,0,0,0,0,0,0,0,0,1.0080428954423593,0.0,2.6181767286420095e-06,0
016660,0,0,0,0,0,0,0,0,0,0,0,0,0,0,0,0,0,0,0,0,0,0.08042895442359249,0.004373177842565598,9.743532461170543e-05,3
016665,0,0,0,0,0,0,0,0,0,0,0,0,0,0,0,0,0,0,0,0,0,1.935656836461126,0.0,0.0001182583937338956,2
016666,0,0,0,0,0,0,0,0,0,0,0,0,0,0,0,0,0,0,0,0,0,0.09651474530831099,0.0,5.877439721680473e-05,3
016667,0,0,0,0,0,0,0,0,0,0,0,0,0,0,0,0,0,0,0,0,0,0.35924932975871315,0.0014577259475218659,0.00046405347344575425,1
016668,0,0,0,0,0,0,0,0,0,0,0,0,0,0,0,0,0,0,0,0,0,0.07506702412868632,0.00728862973760933,6.237133160101384e-05,3
016669,0,0,0,0,0,0,0,0,0,0,0,0,0,0,0,0,0,0,0,0,0,0.12332439678284182,0.002915451895043732,0.001076095104413255,3
016670,0,0,0,0,0,0,0,0,0,0,0,0,0,0,0,0,0,0,0,0,0,0.08579088471849866,0.014577259475218658,0.0018200732673512017,3
016671,0,0,0,0,0,0,0,0,0,0,0,0,0,0,0,0,0,0,0,0,0,0.14477211796246647,0.002915451895043732,4.07407874129808e-05,3
016672,0,0,0,0,0,0,0,0,0,0,0,0,0,0,0,0,0,0,0,0,0,0.005361930294906166,0.02769679300291545,0.0010135280212811278,3
016674,0,0,0,0,0,0,0,0,0,0,0,0,0,0,0,0,0,0,0,0,0,0.289544235924933,0.0014577259475218659,0.0004826498689015293,1
016676,0,0,0,0,0,0,0,0,0,0,0,0,0,0,0,0,0,0,0,0,0,0.1769436997319035,0.004373177842565598,0.0010855645847308668,3
016678,0,0,0,0,0,0,0,0,0,0,0,0,0,0,0,0,0,0,0,0,0,0.010723860589812333,0.016034985422740525,0.000736857700993696,3
016679,0,0,0,0,0,0,0,0,0,0,0,0,0,0,0,0,0,0,0,0,0,1.9571045576407506,0.0,5.0357081378927616e-05,2
016680,0,0,0,0,0,0,0,0,0,0,0,0,0,0,0,0,0,0,0,0,0,0.225201072386059,0.0,7.372492040559226e-05,3
016681,0,0,0,0,0,0,0,0,0,0,0,0,0,0,0,0,0,0,0,0,0,0.38605898123324395,0.00728862973760933,0.00020852431851857198,1
016682,0,0,0,0,0,0,0,0,0,0,0,0,0,0,0,0,0,0,0,0,0,0.021447721179624665,0.0058309037900874635,0.00012948963783152815,3
016684,0,0,0,0,0,0,0,0,0,0,0,0,0,0,0,0,0,0,0,0,0,0.0160857908847185,0.039358600583090375,0.0016612698377354387,3
016685,0,0,0,0,0,0,0,0,0,0,0,0,0,0,0,0,0,0,0,0,0,0.32171581769436997,0.0014577259475218659,0.0003416598286170876,1
016686,0,0,0,0,0,0,0,0,0,0,0,0,0,0,0,0,0,0,0,0,0,0.24664879356568364,0.008746355685131194,0.003910552805994206,3
016688,0,0,0,0,0,0,0,0,0,0,0,0,0,0,0,0,0,0,0,0,0,0.0,0.004373177842565598,0.00042057216459718557,3
016689,0,0,0,0,0,0,0,0,0,0,0,0,0,0,0,0,0,0,0,0,0,0.40214477211796246,0.0014577259475218659,0.00011219009626937953,1
016690,0,0,0,0,0,0,0,0,0,0,0,0,0,0,0,0,0,0,0,0,0,0.38069705093833783,0.0014577259475218659,0.0001019620787687033,1
016692,0,0,0,0,0,0,0,0,0,0,0,0,0,0,0,0,0,0,0,0,0,1.3672922252010724,0.0014577259475218659,0.00040564611034978715,2
016693,0,0,0,0,0,0,0,0,0,0,0,0,0,0,0,0,0,0,0,0,0,0.3646112600536193,0.0014577259475218659,0.0006381989293125317,1
016696,0,0,0,0,0,0,0,0,0,0,0,0,0,0,0,0,0,0,0,0,0,0.7184986595174263,0.004373177842565598,9.574696765585218e-05,1
016697,0,0,0,0,0,0,0,0,0,0,0,0,0,0,0,0,0,0,0,0,0,1.2868632707774799,0.0,0.00023803386183392024,0
016698,0,0,0,0,0,0,0,0,0,0,0,0,0,0,0,0,0,0,0,0,0,1.2117962466487935,0.0014577259475218659,2.85797235425595e-05,0
016700,0,0,0,0,0,0,0,0,0,0,0,0,0,0,0,0,0,0,0,0,0,0.04289544235924933,0.01749271137026239,0.0015348143486361683,3
016701,0,0,0,0,0,0,0,0,0,0,0,0,0,0,0,0,0,0,0,0,0,0.04289544235924933,0.01749271137026239,0.0007685939179754594,3
016705,0,0,0,0,0,0,0,0,0,0,0,0,0,0,0,0,0,0,0,0,0,0.0,0.02769679300291545,0.0029759860585759543,3
016706,0,0,0,0,0,0,0,0,0,0,0,0,0,0,0,0,0,0,0,0,0,0.19302949061662197,0.002915451895043732,0.00084386038168857,3
016708,0,0,0,0,0,0,0,0,0,0,0,0,0,0,0,0,0,0,0,0,0,0.24128686327077747,0.0,0.0002218598915756738,3
016709,0,0,0,0,0,0,0,0,0,0,0,0,0,0,0,0,0,0,0,0,0,0.450402144772118,0.0058309037900874635,0.001051014439489348,1
016710,0,0,0,0,0,0,0,0,0,0,0,0,0,0,0,0,0,0,0,0,0,0.09651474530831099,0.013119533527696792,0.0023179183488554102,3
016711,0,0,0,0,0,0,0,0,0,0,0,0,0,0,0,0,0,0,0,0,0,0.010723860589812333,0.0058309037900874635,0.00018762784257221425,3
016712,0,0,0,0,0,0,0,0,0,0,0,0,0,0,0,0,0,0,0,0,0,0.04289544235924933,0.014577259475218658,0.0032481296247063875,3
016713,0,0,0,0,0,0,0,0,0,0,0,0,0,0,0,0,0,0,0,0,0,0.09651474530831099,0.02040816326530612,0.004698868690729342,3
016714,0,0,0,0,0,0,0,0,0,0,0,0,0,0,0,0,0,0,0,0,0,1.1689008042895443,0.002915451895043732,0.0008044653860519938,0
016715,0,0,0,0,0,0,0,0,0,0,0,0,0,0,0,0,0,0,0,0,0,0.4128686327077748,0.0,2.065178653246594e-05,1
016716,0,0,0,0,0,0,0,0,0,0,0,0,0,0,0,0,0,0,0,0,0,1.4262734584450403,0.0014577259475218659,3.530868242458336e-05,2
016717,0,0,0,0,0,0,0,0,0,0,0,0,0,0,0,0,0,0,0,0,0,0.12332439678284182,0.00728862973760933,0.0017089108666201677,3
016718,0,0,0,0,0,0,0,0,0,0,0,0,0,0,0,0,0,0,0,0,0,1.9731903485254692,0.0,0.0002568994156449762,2
016719,0,0,0,0,0,0,0,0,0,0,0,0,0,0,0,0,0,0,0,0,0,0.07506702412868632,0.008746355685131194,0.0019009431186424338,3
016720,0,0,0,0,0,0,0,0,0,0,0,0,0,0,0,0,0,0,0,0,0,0.13404825737265416,0.0,0.00015131593355067463,3
016721,0,0,0,0,0,0,0,0,0,0,0,0,0,0,0,0,0,0,0,0,0,1.3994638069705094,0.0,0.0002135404515033534,2
016722,0,0,0,0,0,0,0,0,0,0,0,0,0,0,0,0,0,0,0,0,0,0.08579088471849866,0.01749271137026239,0.0006713543448948674,3
016723,0,0,0,0,0,0,0,0,0,0,0,0,0,0,0,0,0,0,0,0,0,0.48257372654155495,0.0014577259475218659,0.0007228369975776973,1
016725,0,0,0,0,0,0,0,0,0,0,0,0,0,0,0,0,0,0,0,0,0,1.613941018766756,0.008746355685131194,0.0013456939006392145,2
016726,0,0,0,0,0,0,0,0,0,0,0,0,0,0,0,0,0,0,0,0,0,0.13404825737265416,0.0058309037900874635,0.0009838961332588336,3
016727,0,0,0,0,0,0,0,0,0,0,0,0,0,0,0,0,0,0,0,0,0,1.9463806970509383,0.0,0.00018684483644776058,2
016728,0,0,0,0,0,0,0,0,0,0,0,0,0,0,0,0,0,0,0,0,0,0.24128686327077747,0.004373177842565598,0.001516536049418453,3
016729,0,0,0,0,0,0,0,0,0,0,0,0,0,0,0,0,0,0,0,0,0,0.19839142091152814,0.029154518950437316,0.003446597208314008,3
016730,0,0,0,0,0,0,0,0,0,0,0,0,0,0,0,0,0,0,0,0,0,0.2734584450402145,0.002915451895043732,0.0002807076956166461,1
016732,0,0,0,0,0,0,0,0,0,0,0,0,0,0,0,0,0,0,0,0,0,0.16621983914209115,0.0,0.00023123149612772886,3
016734,0,0,0,0,0,0,0,0,0,0,0,0,0,0,0,0,0,0,0,0,0,0.2734584450402145,0.002915451895043732,0.00045810752068818405,1
016735,0,0,0,0,0,0,0,0,0,0,0,0,0,0,0,0,0,0,0,0,0,0.41823056300268097,0.0058309037900874635,0.0007726312933046737,1
016737,0,0,0,0,0,0,0,0,0,0,0,0,0,0,0,0,0,0,0,0,0,0.27882037533512066,0.0,3.13202449781474e-06,1
016738,0,0,0,0,0,0,0,0,0,0,0,0,0,0,0,0,0,0,0,0,0,1.5924932975871313,0.0,2.642645670031187e-06,2
016739,0,0,0,0,0,0,0,0,0,0,0,0,0,0,0,0,0,0,0,0,0,0.9436997319034852,0.0,9.195428174052962e-05,0
016742,0,0,0,0,0,0,0,0,0,0,0,0,0,0,0,0,0,0,0,0,0,0.24664879356568364,0.0,0.0011371451131792533,3
016743,0,0,0,0,0,0,0,0,0,0,0,0,0,0,0,0,0,0,0,0,0,0.15013404825737264,0.008746355685131194,0.0006868921226769952,3
016744,0,0,0,0,0,0,0,0,0,0,0,0,0,0,0,0,0,0,0,0,0,0.053619302949061656,0.008746355685131194,0.0014791230380344002,3
016745,0,0,0,0,0,0,0,0,0,0,0,0,0,0,0,0,0,0,0,0,0,0.4611260053619303,0.023323615160349854,0.0016788874755356465,1
016746,0,0,0,0,0,0,0,0,0,0,0,0,0,0,0,0,0,0,0,0,0,0.021447721179624665,0.02478134110787172,0.0030560729037427325,3
016747,0,0,0,0,0,0,0,0,0,0,0,0,0,0,0,0,0,0,0,0,0,0.19839142091152814,0.0014577259475218659,0.0002902261138170362,3
016748,0,0,0,0,0,0,0,0,0,0,0,0,0,0,0,0,0,0,0,0,0,0.09115281501340483,0.0058309037900874635,0.00029015270699286866,3
016750,0,0,0,0,0,0,0,0,0,0,0,0,0,0,0,0,0,0,0,0,0,0.2359249329758713,0.0058309037900874635,0.0008861916502918472,3
016751,0,0,0,0,0,0,0,0,0,0,0,0,0,0,0,0,0,0,0,0,0,0.16085790884718498,0.0,8.522532285850577e-05,3
016752,0,0,0,0,0,0,0,0,0,0,0,0,0,0,0,0,0,0,0,0,0,1.9946380697050938,0.0,0.0002989615258929726,2
016753,0,0,0,0,0,0,0,0,0,0,0,0,0,0,0,0,0,0,0,0,0,0.30563002680965146,0.0,0.00017615190906068994,1
016754,0,0,0,0,0,0,0,0,0,0,0,0,0,0,0,0,0,0,0,0,0,1.9892761394101877,0.0,2.6181767286420095e-06,2
016755,0,0,0,0,0,0,0,0,0,0,0,0,0,0,0,0,0,0,0,0,0,0.6058981233243967,0.002915451895043732,0.0011436538515887744,1
016756,0,0,0,0,0,0,0,0,0,0,0,0,0,0,0,0,0,0,0,0,0,1.1474530831099197,0.0,0.00011595831324331291,0
016757,0,0,0,0,0,0,0,0,0,0,0,0,0,0,0,0,0,0,0,0,0,1.7050938337801609,0.0,2.292739808165946e-05,2
016758,0,0,0,0,0,0,0,0,0,0,0,0,0,0,0,0,0,0,0,0,0,0.34316353887399464,0.0,0.00021713738588756252,1
016759,0,0,0,0,0,0,0,0,0,0,0,0,0,0,0,0,0,0,0,0,0,0.03753351206434316,0.002915451895043732,0.000301775454152728,3
016761,0,0,0,0,0,0,0,0,0,0,0,0,0,0,0,0,0,0,0,0,0,0.514745308310992,0.0,3.765770079794442e-05,1
016762,0,0,0,0,0,0,0,0,0,0,0,0,0,0,0,0,0,0,0,0,0,0.10187667560321716,0.002915451895043732,0.0007103088995864382,3
016763,0,0,0,0,0,0,0,0,0,0,0,0,0,0,0,0,0,0,0,0,0,1.061662198391421,0.0,0.0002622581138092061,0
016764,0,0,0,0,0,0,0,0,0,0,0,0,0,0,0,0,0,0,0,0,0,0.0160857908847185,0.01749271137026239,0.004080073631938429,3
016765,0,0,0,0,0,0,0,0,0,0,0,0,0,0,0,0,0,0,0,0,0,1.5710455764075066,0.0,2.0382628177184985e-05,2
016766,0,0,0,0,0,0,0,0,0,0,0,0,0,0,0,0,0,0,0,0,0,1.4584450402144773,0.0014577259475218659,0.0002354646229880566,2
016767,0,0,0,0,0,0,0,0,0,0,0,0,0,0,0,0,0,0,0,0,0,0.16085790884718498,0.014577259475218658,0.0008754008471392199,3
016768,0,0,0,0,0,0,0,0,0,0,0,0,0,0,0,0,0,0,0,0,0,0.2520107238605898,0.002915451895043732,0.0005318079721523873,3
016769,0,0,0,0,0,0,0,0,0,0,0,0,0,0,0,0,0,0,0,0,0,1.388739946380697,0.0,0.0004589884025781945,2
016770,0,0,0,0,0,0,0,0,0,0,0,0,0,0,0,0,0,0,0,0,0,0.30563002680965146,0.0058309037900874635,0.0008112677517581853,1
016771,0,0,0,0,0,0,0,0,0,0,0,0,0,0,0,0,0,0,0,0,0,0.17158176943699732,0.0058309037900874635,0.0017816325604288034,3
016773,0,0,0,0,0,0,0,0,0,0,0,0,0,0,0,0,0,0,0,0,0,0.3002680965147453,0.0,0.00017580934388124146,1
016774,0,0,0,0,0,0,0,0,0,0,0,0,0,0,0,0,0,0,0,0,0,0.35924932975871315,0.004373177842565598,0.00028995695546175525,1
016775,0,0,0,0,0,0,0,0,0,0,0,0,0,0,0,0,0,0,0,0,0,0.0482573726541555,0.014577259475218658,0.001795335167606743,3
016776,0,0,0,0,0,0,0,0,0,0,0,0,0,0,0,0,0,0,0,0,0,0.3163538873994638,0.0,0.00035976684524507903,1
016777,0,0,0,0,0,0,0,0,0,0,0,0,0,0,0,0,0,0,0,0,0,0.42359249329758714,0.0014577259475218659,0.0004404898828879762,1
016778,0,0,0,0,0,0,0,0,0,0,0,0,0,0,0,0,0,0,0,0,0,0.3914209115281501,0.0014577259475218659,9.217450221303223e-05,1
016779,0,0,0,0,0,0,0,0,0,0,0,0,0,0,0,0,0,0,0,0,0,0.005361930294906166,0.030612244897959183,0.0019334868106900402,3
016780,0,0,0,0,0,0,0,0,0,0,0,0,0,0,0,0,0,0,0,0,0,0.5308310991957105,0.0014577259475218659,0.00038027181812921,1
016781,0,0,0,0,0,0,0,0,0,0,0,0,0,0,0,0,0,0,0,0,0,1.9892761394101877,0.0,0.00020793706392523172,2
016782,0,0,0,0,0,0,0,0,0,0,0,0,0,0,0,0,0,0,0,0,0,0.0482573726541555,0.01749271137026239,0.0016930794615413697,3
016784,0,0,0,0,0,0,0,0,0,0,0,0,0,0,0,0,0,0,0,0,0,0.10187667560321716,0.0,3.249475416482793e-05,3
016788,0,0,0,0,0,0,0,0,0,0,0,0,0,0,0,0,0,0,0,0,0,0.6541554959785523,0.0014577259475218659,0.0008771626109192407,1
016789,0,0,0,0,0,0,0,0,0,0,0,0,0,0,0,0,0,0,0,0,0,0.03753351206434316,0.0,3.494164830374569e-05,3
016790,0,0,0,0,0,0,0,0,0,0,0,0,0,0,0,0,0,0,0,0,0,0.0160857908847185,0.00728862973760933,0.0005373868907891197,3
016791,0,0,0,0,0,0,0,0,0,0,0,0,0,0,0,0,0,0,0,0,0,0.15013404825737264,0.008746355685131194,0.0022877481441225538,3
016792,0,0,0,0,0,0,0,0,0,0,0,0,0,0,0,0,0,0,0,0,0,1.5067024128686328,0.0014577259475218659,0.00011708388454721507,2
016793,0,0,0,0,0,0,0,0,0,0,0,0,0,0,0,0,0,0,0,0,0,0.3002680965147453,0.0,9.459692741056081e-05,1
016794,0,0,0,0,0,0,0,0,0,0,0,0,0,0,0,0,0,0,0,0,0,0.0,0.013119533527696792,0.0012351187545015206,3
016795,0,0,0,0,0,0,0,0,0,0,0,0,0,0,0,0,0,0,0,0,0,1.9517426273458445,0.0,0.0003557294699158648,2
016796,0,0,0,0,0,0,0,0,0,0,0,0,0,0,0,0,0,0,0,0,0,0.4718498659517426,0.0,7.646544184118017e-05,1
016800,0,0,0,0,0,0,0,0,0,0,0,0,0,0,0,0,0,0,0,0,0,0.053619302949061656,0.0,0.0014816922768802639,3
016801,0,0,0,0,0,0,0,0,0,0,0,0,0,0,0,0,0,0,0,0,0,0.868632707774799,0.004373177842565598,0.001111501662603395,0
016803,0,0,0,0,0,0,0,0,0,0,0,0,0,0,0,0,0,0,0,0,0,0.34316353887399464,0.0,0.0001231032441289528,1
016804,0,0,0,0,0,0,0,0,0,0,0,0,0,0,0,0,0,0,0,0,0,0.11796246648793565,0.002915451895043732,0.0004714675626866751,3
016805,0,0,0,0,0,0,0,0,0,0,0,0,0,0,0,0,0,0,0,0,0,0.9276139410187668,0.0014577259475218659,0.0004274479371275445,0
016806,0,0,0,0,0,0,0,0,0,0,0,0,0,0,0,0,0,0,0,0,0,0.546916890080429,0.004373177842565598,0.0007201454140248877,1
016807,0,0,0,0,0,0,0,0,0,0,0,0,0,0,0,0,0,0,0,0,0,0.7613941018766757,0.002915451895043732,0.0004209391987180232,0
016808,0,0,0,0,0,0,0,0,0,0,0,0,0,0,0,0,0,0,0,0,0,0.5254691689008043,0.0014577259475218659,0.00013083542960793293,1
016809,0,0,0,0,0,0,0,0,0,0,0,0,0,0,0,0,0,0,0,0,0,0.11796246648793565,0.0058309037900874635,0.0005617090185299623,3
016810,0,0,0,0,0,0,0,0,0,0,0,0,0,0,0,0,0,0,0,0,0,1.0241286863270778,0.0,0.00012934282418319308,0
016811,0,0,0,0,0,0,0,0,0,0,0,0,0,0,0,0,0,0,0,0,0,0.021447721179624665,0.0014577259475218659,0.00016186204728941018,3
016812,0,0,0,0,0,0,0,0,0,0,0,0,0,0,0,0,0,0,0,0,0,1.9302949061662198,0.0,0.00020267624152655851,2
016813,0,0,0,0,0,0,0,0,0,0,0,0,0,0,0,0,0,0,0,0,0,0.03753351206434316,0.013119533527696792,0.001922720476478802,3
016814,0,0,0,0,0,0,0,0,0,0,0,0,0,0,0,0,0,0,0,0,0,0.06970509383378015,0.029154518950437316,0.002594295041846172,3
016816,0,0,0,0,0,0,0,0,0,0,0,0,0,0,0,0,0,0,0,0,0,0.546916890080429,0.004373177842565598,0.00015393411027931662,1
016817,0,0,0,0,0,0,0,0,0,0,0,0,0,0,0,0,0,0,0,0,0,0.010723860589812333,0.011661807580174927,0.0007496549573402359,3
016818,0,0,0,0,0,0,0,0,0,0,0,0,0,0,0,0,0,0,0,0,0,0.053619302949061656,0.014577259475218658,0.0011615161788028742,3
016820,0,0,0,0,0,0,0,0,0,0,0,0,0,0,0,0,0,0,0,0,0,0.5093833780160858,0.0,0.00023744660724057997,1
016823,0,0,0,0,0,0,0,0,0,0,0,0,0,0,0,0,0,0,0,0,0,1.2117962466487935,0.0,0.00030392872099497566,0
016824,0,0,0,0,0,0,0,0,0,0,0,0,0,0,0,0,0,0,0,0,0,0.08042895442359249,0.0014577259475218659,0.00021481283645559063,3
016825,0,0,0,0,0,0,0,0,0,0,0,0,0,0,0,0,0,0,0,0,0,0.2037533512064343,0.0014577259475218659,0.00022623983208433659,3
016826,0,0,0,0,0,0,0,0,0,0,0,0,0,0,0,0,0,0,0,0,0,0.2680965147453083,0.0,0.0002141032371553045,3
016828,0,0,0,0,0,0,0,0,0,0,0,0,0,0,0,0,0,0,0,0,0,0.4932975871313673,0.0014577259475218659,7.299085216391695e-05,1
016829,0,0,0,0,0,0,0,0,0,0,0,0,0,0,0,0,0,0,0,0,0,0.8364611260053619,0.0,8.084538234984298e-05,0
016830,0,0,0,0,0,0,0,0,0,0,0,0,0,0,0,0,0,0,0,0,0,0.2037533512064343,0.0,0.00011945737186196532,3
016832,0,0,0,0,0,0,0,0,0,0,0,0,0,0,0,0,0,0,0,0,0,0.9812332439678284,0.002915451895043732,0.00023693275947140723,0
016833,0,0,0,0,0,0,0,0,0,0,0,0,0,0,0,0,0,0,0,0,0,0.0,0.004373177842565598,0.00036740115495850247,3
016834,0,0,0,0,0,0,0,0,0,0,0,0,0,0,0,0,0,0,0,0,0,1.2171581769436997,0.0,8.80392511182612e-05,0
016835,0,0,0,0,0,0,0,0,0,0,0,0,0,0,0,0,0,0,0,0,0,0.6809651474530831,0.0014577259475218659,0.00010472706914568037,1
016836,0,0,0,0,0,0,0,0,0,0,0,0,0,0,0,0,0,0,0,0,0,0.20911528150134048,0.0014577259475218659,5.811373579929694e-05,3
016837,0,0,0,0,0,0,0,0,0,0,0,0,0,0,0,0,0,0,0,0,0,0.16085790884718498,0.014577259475218658,0.0016965295822772436,3
016838,0,0,0,0,0,0,0,0,0,0,0,0,0,0,0,0,0,0,0,0,0,1.0509383378016086,0.0014577259475218659,0.0006881889765706215,0
016839,0,0,0,0,0,0,0,0,0,0,0,0,0,0,0,0,0,0,0,0,0,0.04289544235924933,0.048104956268221574,0.001941341340875966,3
016841,0,0,0,0,0,0,0,0,0,0,0,0,0,0,0,0,0,0,0,0,0,0.19302949061662197,0.00728862973760933,0.000361137105962873,3
016842,0,0,0,0,0,0,0,0,0,0,0,0,0,0,0,0,0,0,0,0,0,0.5361930294906166,0.002915451895043732,0.00048688299576185704,1
016843,0,0,0,0,0,0,0,0,0,0,0,0,0,0,0,0,0,0,0,0,0,0.225201072386059,0.021865889212827987,0.0017335266216576802,3
016846,0,0,0,0,0,0,0,0,0,0,0,0,0,0,0,0,0,0,0,0,0,0.26273458445040215,0.0,7.122908838389615e-05,3
016847,0,0,0,0,0,0,0,0,0,0,0,0,0,0,0,0,0,0,0,0,0,0.225201072386059,0.0,9.670125637003009e-05,3
016848,0,0,0,0,0,0,0,0,0,0,0,0,0,0,0,0,0,0,0,0,0,0.27882037533512066,0.0,5.81626736820753e-05,1
016849,0,0,0,0,0,0,0,0,0,0,0,0,0,0,0,0,0,0,0,0,0,0.9973190348525469,0.0,9.951518462978551e-05,0
016850,0,0,0,0,0,0,0,0,0,0,0,0,0,0,0,0,0,0,0,0,0,1.7855227882037534,0.0,9.819386179476995e-05,2
016851,0,0,0,0,0,0,0,0,0,0,0,0,0,0,0,0,0,0,0,0,0,0.0160857908847185,0.002915451895043732,9.567356083168462e-05,3
016852,0,0,0,0,0,0,0,0,0,0,0,0,0,0,0,0,0,0,0,0,0,0.0482573726541555,0.0014577259475218659,0.00018270958535298955,3
016855,0,0,0,0,0,0,0,0,0,0,0,0,0,0,0,0,0,0,0,0,0,0.12332439678284182,0.0014577259475218659,0.0001734358565664912,3
016856,0,0,0,0,0,0,0,0,0,0,0,0,0,0,0,0,0,0,0,0,0,0.07506702412868632,0.0,1.4020703415998798e-05,3
016858,0,0,0,0,0,0,0,0,0,0,0,0,0,0,0,0,0,0,0,0,0,1.9731903485254692,0.0,0.00013046839548709526,2
016859,0,0,0,0,0,0,0,0,0,0,0,0,0,0,0,0,0,0,0,0,0,0.7721179624664879,0.0014577259475218659,0.00035846999135145263,0
016861,0,0,0,0,0,0,0,0,0,0,0,0,0,0,0,0,0,0,0,0,0,0.3163538873994638,0.0014577259475218659,2.7405214355878977e-05,1
016863,0,0,0,0,0,0,0,0,0,0,0,0,0,0,0,0,0,0,0,0,0,0.16085790884718498,0.0014577259475218659,0.00010646436398431197,3
016866,0,0,0,0,0,0,0,0,0,0,0,0,0,0,0,0,0,0,0,0,0,0.7506702412868633,0.002915451895043732,0.00010208442347564918,0
016869,0,0,0,0,0,0,0,0,0,0,0,0,0,0,0,0,0,0,0,0,0,0.11796246648793565,0.004373177842565598,0.0007195581594315474,3
016871,0,0,0,0,0,0,0,0,0,0,0,0,0,0,0,0,0,0,0,0,0,0.11260053619302948,0.00728862973760933,0.0011585554368947837,3
016872,0,0,0,0,0,0,0,0,0,0,0,0,0,0,0,0,0,0,0,0,0,0.4075067024128686,0.002915451895043732,0.00016541004379084094,1
016873,0,0,0,0,0,0,0,0,0,0,0,0,0,0,0,0,0,0,0,0,0,0.021447721179624665,0.00728862973760933,0.0023915209245540564,3
016875,0,0,0,0,0,0,0,0,0,0,0,0,0,0,0,0,0,0,0,0,0,0.353887399463807,0.0058309037900874635,0.000982134369478813,1
016877,0,0,0,0,0,0,0,0,0,0,0,0,0,0,0,0,0,0,0,0,0,0.058981233243967826,0.00728862973760933,0.0009822567141857589,3
016878,0,0,0,0,0,0,0,0,0,0,0,0,0,0,0,0,0,0,0,0,0,0.4450402144772118,0.0,1.1206775156243366e-05,1
016880,0,0,0,0,0,0,0,0,0,0,0,0,0,0,0,0,0,0,0,0,0,0.16085790884718498,0.008746355685131194,0.0016287995525120001,3
016881,0,0,0,0,0,0,0,0,0,0,0,0,0,0,0,0,0,0,0,0,0,0.353887399463807,0.0,1.345791776404771e-06,1
016882,0,0,0,0,0,0,0,0,0,0,0,0,0,0,0,0,0,0,0,0,0,0.353887399463807,0.002915451895043732,0.0002636528434683892,1
016883,0,0,0,0,0,0,0,0,0,0,0,0,0,0,0,0,0,0,0,0,0,0.9973190348525469,0.0014577259475218659,0.000342124738503482,0
016884,0,0,0,0,0,0,0,0,0,0,0,0,0,0,0,0,0,0,0,0,0,0.19839142091152814,0.0014577259475218659,0.0001266023027476052,3
016885,0,0,0,0,0,0,0,0,0,0,0,0,0,0,0,0,0,0,0,0,0,0.07506702412868632,0.002915451895043732,0.0008528649521197874,3
016887,0,0,0,0,0,0,0,0,0,0,0,0,0,0,0,0,0,0,0,0,0,0.18230563002680966,0.0,0.00017779132813376485,3
016889,0,0,0,0,0,0,0,0,0,0,0,0,0,0,0,0,0,0,0,0,0,1.0402144772117963,0.002915451895043732,0.0010232911288954097,0
016891,0,0,0,0,0,0,0,0,0,0,0,0,0,0,0,0,0,0,0,0,0,0.005361930294906166,0.0058309037900874635,0.0015519915454913714,3
016892,0,0,0,0,0,0,0,0,0,0,0,0,0,0,0,0,0,0,0,0,0,0.0,0.0058309037900874635,0.0007853796117684353,3
016893,0,0,0,0,0,0,0,0,0,0,0,0,0,0,0,0,0,0,0,0,0,1.9624664879356568,0.0,0.00028555254601170325,2
016895,0,0,0,0,0,0,0,0,0,0,0,0,0,0,0,0,0,0,0,0,0,0.34316353887399464,0.0,0.00041000158191706077,1
016897,0,0,0,0,0,0,0,0,0,0,0,0,0,0,0,0,0,0,0,0,0,1.5978552278820375,0.0014577259475218659,0.00046128848306877716,2
016898,0,0,0,0,0,0,0,0,0,0,0,0,0,0,0,0,0,0,0,0,0,0.13404825737265416,0.002915451895043732,0.0008144731830801676,3
016899,0,0,0,0,0,0,0,0,0,0,0,0,0,0,0,0,0,0,0,0,0,0.03753351206434316,0.00728862973760933,0.001036014978417782,3
016900,0,0,0,0,0,0,0,0,0,0,0,0,0,0,0,0,0,0,0,0,0,0.08579088471849866,0.002915451895043732,0.00041036861603789847,3
016902,0,0,0,0,0,0,0,0,0,0,0,0,0,0,0,0,0,0,0,0,0,0.6166219839142091,0.0,0.00041572731420212836,1
016903,0,0,0,0,0,0,0,0,0,0,0,0,0,0,0,0,0,0,0,0,0,0.15013404825737264,0.0,0.0003437886265179461,3
016904,0,0,0,0,0,0,0,0,0,0,0,0,0,0,0,0,0,0,0,0,0,0.0160857908847185,0.021865889212827987,0.004771663791362146,3
016905,0,0,0,0,0,0,0,0,0,0,0,0,0,0,0,0,0,0,0,0,0,0.021447721179624665,0.008746355685131194,0.0018191679165198021,3
016906,0,0,0,0,0,0,0,0,0,0,0,0,0,0,0,0,0,0,0,0,0,0.4343163538873995,0.004373177842565598,0.0007435866598757199,1
016907,0,0,0,0,0,0,0,0,0,0,0,0,0,0,0,0,0,0,0,0,0,0.15013404825737264,0.0058309037900874635,0.001398669158746784,3
016909,0,0,0,0,0,0,0,0,0,0,0,0,0,0,0,0,0,0,0,0,0,0.38069705093833783,0.0,0.0001422379562952897,1
016910,0,0,0,0,0,0,0,0,0,0,0,0,0,0,0,0,0,0,0,0,0,0.0160857908847185,0.01020408163265306,0.0029085741250487692,3
016912,0,0,0,0,0,0,0,0,0,0,0,0,0,0,0,0,0,0,0,0,0,0.15013404825737264,0.014577259475218658,0.0010036670379012893,3
016913,0,0,0,0,0,0,0,0,0,0,0,0,0,0,0,0,0,0,0,0,0,1.549597855227882,0.0,4.012906387825136e-05,2
016914,0,0,0,0,0,0,0,0,0,0,0,0,0,0,0,0,0,0,0,0,0,0.18766756032171583,0.0,0.0002459617988440138,3
016915,0,0,0,0,0,0,0,0,0,0,0,0,0,0,0,0,0,0,0,0,0,0.04289544235924933,0.00728862973760933,0.0007388152163048303,3
016916,0,0,0,0,0,0,0,0,0,0,0,0,0,0,0,0,0,0,0,0,0,0.12332439678284182,0.0014577259475218659,0.0007765218549855529,3
016917,0,0,0,0,0,0,0,0,0,0,0,0,0,0,0,0,0,0,0,0,0,1.479892761394102,0.0,8.488275767905729e-05,2
016918,0,0,0,0,0,0,0,0,0,0,0,0,0,0,0,0,0,0,0,0,0,0.257372654155496,0.00728862973760933,0.0006512408750729634,3
016919,0,0,0,0,0,0,0,0,0,0,0,0,0,0,0,0,0,0,0,0,0,0.8310991957104558,0.014577259475218658,0.002235922926260276,0
016921,0,0,0,0,0,0,0,0,0,0,0,0,0,0,0,0,0,0,0,0,0,0.32171581769436997,0.0,0.00022971442176159982,1
016923,0,0,0,0,0,0,0,0,0,0,0,0,0,0,0,0,0,0,0,0,0,0.058981233243967826,0.026239067055393583,0.005110950132664483,3
016924,0,0,0,0,0,0,0,0,0,0,0,0,0,0,0,0,0,0,0,0,0,0.10723860589812333,0.002915451895043732,0.0005437977534330843,3
016926,0,0,0,0,0,0,0,0,0,0,0,0,0,0,0,0,0,0,0,0,0,1.9839142091152815,0.0,0.0002386455853686497,2
016927,0,0,0,0,0,0,0,0,0,0,0,0,0,0,0,0,0,0,0,0,0,0.6166219839142091,0.002915451895043732,4.2257861779109816e-05,1
016928,0,0,0,0,0,0,0,0,0,0,0,0,0,0,0,0,0,0,0,0,0,0.42359249329758714,0.023323615160349854,0.0009688722032458785,1
016929,0,0,0,0,0,0,0,0,0,0,0,0,0,0,0,0,0,0,0,0,0,0.0160857908847185,0.008746355685131194,0.00039140518646128575,3
016930,0,0,0,0,0,0,0,0,0,0,0,0,0,0,0,0,0,0,0,0,0,0.13404825737265416,0.002915451895043732,0.00021427451974502873,3
016931,0,0,0,0,0,0,0,0,0,0,0,0,0,0,0,0,0,0,0,0,0,0.021447721179624665,0.029154518950437316,0.004535636382722138,3
016932,0,0,0,0,0,0,0,0,0,0,0,0,0,0,0,0,0,0,0,0,0,0.27882037533512066,0.0,0.00028283649351750455,1
016933,0,0,0,0,0,0,0,0,0,0,0,0,0,0,0,0,0,0,0,0,0,0.0,0.0014577259475218659,0.00031038852152171853,3
016934,0,0,0,0,0,0,0,0,0,0,0,0,0,0,0,0,0,0,0,0,0,0.289544235924933,0.0014577259475218659,0.0006103043361288692,1
016936,0,0,0,0,0,0,0,0,0,0,0,0,0,0,0,0,0,0,0,0,0,0.13404825737265416,0.0,0.0002603984742636286,3
016938,0,0,0,0,0,0,0,0,0,0,0,0,0,0,0,0,0,0,0,0,0,0.04289544235924933,0.004373177842565598,0.0016789119444770358,3
016940,0,0,0,0,0,0,0,0,0,0,0,0,0,0,0,0,0,0,0,0,0,0.2734584450402145,0.002915451895043732,0.0015509883188944149,1
016942,0,0,0,0,0,0,0,0,0,0,0,0,0,0,0,0,0,0,0,0,0,0.064343163538874,0.011661807580174927,0.002046313099435538,3
016943,0,0,0,0,0,0,0,0,0,0,0,0,0,0,0,0,0,0,0,0,0,1.1313672922252012,0.002915451895043732,0.0005504777744323297,0
016945,0,0,0,0,0,0,0,0,0,0,0,0,0,0,0,0,0,0,0,0,0,0.11260053619302948,0.026239067055393583,0.0013578549645096357,3
016947,0,0,0,0,0,0,0,0,0,0,0,0,0,0,0,0,0,0,0,0,0,1.260053619302949,0.0,0.00013374723363324505,0
016948,0,0,0,0,0,0,0,0,0,0,0,0,0,0,0,0,0,0,0,0,0,0.739946380697051,0.002915451895043732,5.133583903449473e-05,0
016949,0,0,0,0,0,0,0,0,0,0,0,0,0,0,0,0,0,0,0,0,0,0.0160857908847185,0.00728862973760933,0.0009387019985130225,3
016950,0,0,0,0,0,0,0,0,0,0,0,0,0,0,0,0,0,0,0,0,0,0.3002680965147453,0.004373177842565598,0.00031697066675540737,1
016951,0,0,0,0,0,0,0,0,0,0,0,0,0,0,0,0,0,0,0,0,0,0.7184986595174263,0.002915451895043732,0.000305078761240267,1
016952,0,0,0,0,0,0,0,0,0,0,0,0,0,0,0,0,0,0,0,0,0,0.579088471849866,0.0014577259475218659,0.00020460928789630358,1
016953,0,0,0,0,0,0,0,0,0,0,0,0,0,0,0,0,0,0,0,0,0,0.1554959785522788,0.0,4.673567805332933e-06,3
016954,0,0,0,0,0,0,0,0,0,0,0,0,0,0,0,0,0,0,0,0,0,0.0,0.011661807580174927,0.0004415665163091,3
016955,0,0,0,0,0,0,0,0,0,0,0,0,0,0,0,0,0,0,0,0,0,0.9865951742627346,0.004373177842565598,0.0002564100368171926,0
016956,0,0,0,0,0,0,0,0,0,0,0,0,0,0,0,0,0,0,0,0,0,0.09115281501340483,0.0,0.00016516535437694917,3
016957,0,0,0,0,0,0,0,0,0,0,0,0,0,0,0,0,0,0,0,0,0,1.2761394101876675,0.0014577259475218659,0.00012993007877653336,0
016959,0,0,0,0,0,0,0,0,0,0,0,0,0,0,0,0,0,0,0,0,0,0.4611260053619303,0.0,5.109114962060295e-05,1
016960,0,0,0,0,0,0,0,0,0,0,0,0,0,0,0,0,0,0,0,0,0,0.2037533512064343,0.002915451895043732,0.000498163177742268,3
016961,0,0,0,0,0,0,0,0,0,0,0,0,0,0,0,0,0,0,0,0,0,0.6166219839142091,0.0,9.119574455746512e-05,1
016963,0,0,0,0,0,0,0,0,0,0,0,0,0,0,0,0,0,0,0,0,0,0.9973190348525469,0.0,5.6841350847059704e-05,0
016965,0,0,0,0,0,0,0,0,0,0,0,0,0,0,0,0,0,0,0,0,0,1.2117962466487935,0.0,0.0001481839090528599,0
016966,0,0,0,0,0,0,0,0,0,0,0,0,0,0,0,0,0,0,0,0,0,0.03753351206434316,0.008746355685131194,8.821053370798544e-05,3
016967,0,0,0,0,0,0,0,0,0,0,0,0,0,0,0,0,0,0,0,0,0,1.0080428954423593,0.0,5.818714262346447e-05,0
016968,0,0,0,0,0,0,0,0,0,0,0,0,0,0,0,0,0,0,0,0,0,0.0160857908847185,0.0014577259475218659,0.00021224359760972698,3
016969,0,0,0,0,0,0,0,0,0,0,0,0,0,0,0,0,0,0,0,0,0,0.2037533512064343,0.002915451895043732,0.00024439578659510644,3
016971,0,0,0,0,0,0,0,0,0,0,0,0,0,0,0,0,0,0,0,0,0,0.19839142091152814,0.0,0.0007781612740586279,3
016976,0,0,0,0,0,0,0,0,0,0,0,0,0,0,0,0,0,0,0,0,0,1.4262734584450403,0.0,2.897122660478634e-05,2
016978,0,0,0,0,0,0,0,0,0,0,0,0,0,0,0,0,0,0,0,0,0,0.4075067024128686,0.0,0.0002806098198510894,1
016979,0,0,0,0,0,0,0,0,0,0,0,0,0,0,0,0,0,0,0,0,0,0.0160857908847185,0.00728862973760933,0.0007554785653908602,3
016980,0,0,0,0,0,0,0,0,0,0,0,0,0,0,0,0,0,0,0,0,0,1.3619302949061662,0.0014577259475218659,0.0004934162031127675,2
016982,0,0,0,0,0,0,0,0,0,0,0,0,0,0,0,0,0,0,0,0,0,0.32171581769436997,0.0,0.0001316429046737758,1
016983,0,0,0,0,0,0,0,0,0,0,0,0,0,0,0,0,0,0,0,0,0,0.064343163538874,0.008746355685131194,0.0008574161752181742,3
016984,0,0,0,0,0,0,0,0,0,0,0,0,0,0,0,0,0,0,0,0,0,0.46648793565683644,0.0014577259475218659,0.0034877050298478263,1
016985,0,0,0,0,0,0,0,0,0,0,0,0,0,0,0,0,0,0,0,0,0,0.08579088471849866,0.013119533527696792,0.0012351676923842989,3
016986,0,0,0,0,0,0,0,0,0,0,0,0,0,0,0,0,0,0,0,0,0,0.1554959785522788,0.0014577259475218659,1.4143048122944685e-05,3
016987,0,0,0,0,0,0,0,0,0,0,0,0,0,0,0,0,0,0,0,0,0,0.010723860589812333,0.008746355685131194,0.0014973523993693375,3
016988,0,0,0,0,0,0,0,0,0,0,0,0,0,0,0,0,0,0,0,0,0,0.021447721179624665,0.0,0.0001019620787687033,3
016989,0,0,0,0,0,0,0,0,0,0,0,0,0,0,0,0,0,0,0,0,0,0.03217158176943699,0.00728862973760933,4.3628122496903764e-05,3
016990,0,0,0,0,0,0,0,0,0,0,0,0,0,0,0,0,0,0,0,0,0,1.1689008042895443,0.0,3.963968505046781e-06,0
016992,0,0,0,0,0,0,0,0,0,0,0,0,0,0,0,0,0,0,0,0,0,0.053619302949061656,0.0058309037900874635,0.0008680356957810775,3
016996,0,0,0,0,0,0,0,0,0,0,0,0,0,0,0,0,0,0,0,0,0,0.1554959785522788,0.00728862973760933,0.00026974560987429446,3
016997,0,0,0,0,0,0,0,0,0,0,0,0,0,0,0,0,0,0,0,0,0,1.5388739946380698,0.002915451895043732,5.68413508470597e-05,2
016998,0,0,0,0,0,0,0,0,0,0,0,0,0,0,0,0,0,0,0,0,0,0.7989276139410187,0.004373177842565598,3.7266197735717576e-05,0
016999,0,0,0,0,0,0,0,0,0,0,0,0,0,0,0,0,0,0,0,0,0,0.11796246648793565,0.0014577259475218659,0.00013619412777216282,3
017001,0,0,0,0,0,0,0,0,0,0,0,0,0,0,0,0,0,0,0,0,0,0.0,0.014577259475218658,0.0012637229469854693,3
017002,0,0,0,0,0,0,0,0,0,0,0,0,0,0,0,0,0,0,0,0,0,0.45576407506702415,0.002915451895043732,0.0004118856904040275,1
017004,0,0,0,0,0,0,0,0,0,0,0,0,0,0,0,0,0,0,0,0,0,0.24128686327077747,0.0014577259475218659,0.00028518551189086555,3
017006,0,0,0,0,0,0,0,0,0,0,0,0,0,0,0,0,0,0,0,0,0,0.021447721179624665,0.004373177842565598,0.00040329709197642615,3
017007,0,0,0,0,0,0,0,0,0,0,0,0,0,0,0,0,0,0,0,0,0,0.2680965147453083,0.00728862973760933,0.000422554148849709,3
017010,0,0,0,0,0,0,0,0,0,0,0,0,0,0,0,0,0,0,0,0,0,0.09115281501340483,0.0,6.82194085930273e-05,3
017011,0,0,0,0,0,0,0,0,0,0,0,0,0,0,0,0,0,0,0,0,0,0.1554959785522788,0.0,6.528313562632598e-05,3
017014,0,0,0,0,0,0,0,0,0,0,0,0,0,0,0,0,0,0,0,0,0,0.03753351206434316,0.002915451895043732,0.0005307558076726527,3
017015,0,0,0,0,0,0,0,0,0,0,0,0,0,0,0,0,0,0,0,0,0,0.15013404825737264,0.002915451895043732,0.0007520529135963753,3
017017,0,0,0,0,0,0,0,0,0,0,0,0,0,0,0,0,0,0,0,0,0,0.010723860589812333,0.02769679300291545,0.0010392448786811534,3
017018,0,0,0,0,0,0,0,0,0,0,0,0,0,0,0,0,0,0,0,0,0,0.21447721179624665,0.0014577259475218659,0.00024322127740842588,3
017019,0,0,0,0,0,0,0,0,0,0,0,0,0,0,0,0,0,0,0,0,0,0.053619302949061656,0.004373177842565598,0.001214956346796838,3
017022,0,0,0,0,0,0,0,0,0,0,0,0,0,0,0,0,0,0,0,0,0,0.16085790884718498,0.0,1.6002687668522186e-05,3
017024,0,0,0,0,0,0,0,0,0,0,0,0,0,0,0,0,0,0,0,0,0,0.2359249329758713,0.002915451895043732,9.738638672892708e-06,3
017025,0,0,0,0,0,0,0,0,0,0,0,0,0,0,0,0,0,0,0,0,0,0.32171581769436997,0.002915451895043732,4.3774936145238834e-05,1
017026,0,0,0,0,0,0,0,0,0,0,0,0,0,0,0,0,0,0,0,0,0,0.9865951742627346,0.0014577259475218659,3.907689939851672e-05,0
017027,0,0,0,0,0,0,0,0,0,0,0,0,0,0,0,0,0,0,0,0,0,0.41823056300268097,0.00728862973760933,0.0009887409836538909,1
017029,0,0,0,0,0,0,0,0,0,0,0,0,0,0,0,0,0,0,0,0,0,0.5898123324396783,0.0014577259475218659,8.343909013709582e-06,1
017030,0,0,0,0,0,0,0,0,0,0,0,0,0,0,0,0,0,0,0,0,0,0.3378016085790885,0.0,7.122908838389615e-05,1
017031,0,0,0,0,0,0,0,0,0,0,0,0,0,0,0,0,0,0,0,0,0,0.058981233243967826,0.0014577259475218659,8.6081735807127e-05,3
017033,0,0,0,0,0,0,0,0,0,0,0,0,0,0,0,0,0,0,0,0,0,0.45576407506702415,0.002915451895043732,0.00015420326863459759,1
017034,0,0,0,0,0,0,0,0,0,0,0,0,0,0,0,0,0,0,0,0,0,0.08042895442359249,0.002915451895043732,0.0002462798950820731,3
017035,0,0,0,0,0,0,0,0,0,0,0,0,0,0,0,0,0,0,0,0,0,1.3136729222520107,0.0014577259475218659,0.00022606854949461236,0
017037,0,0,0,0,0,0,0,0,0,0,0,0,0,0,0,0,0,0,0,0,0,0.46648793565683644,0.0,0.0005067273072284801,1
017038,0,0,0,0,0,0,0,0,0,0,0,0,0,0,0,0,0,0,0,0,0,0.1554959785522788,0.0,0.0002386455853686497,3
017040,0,0,0,0,0,0,0,0,0,0,0,0,0,0,0,0,0,0,0,0,0,0.7345844504021448,0.0,0.00012072975681420255,1
017041,0,0,0,0,0,0,0,0,0,0,0,0,0,0,0,0,0,0,0,0,0,0.13941018766756033,0.002915451895043732,0.000330012612515839,3
017042,0,0,0,0,0,0,0,0,0,0,0,0,0,0,0,0,0,0,0,0,0,0.010723860589812333,0.0058309037900874635,0.00043667272803126443,3
017043,0,0,0,0,0,0,0,0,0,0,0,0,0,0,0,0,0,0,0,0,0,0.16621983914209115,0.004373177842565598,0.0007841806336403655,3
017044,0,0,0,0,0,0,0,0,0,0,0,0,0,0,0,0,0,0,0,0,0,0.128686327077748,0.0,3.24213473406604e-05,3
017045,0,0,0,0,0,0,0,0,0,0,0,0,0,0,0,0,0,0,0,0,0,0.6005361930294906,0.002915451895043732,0.0002670295573800958,1
017046,0,0,0,0,0,0,0,0,0,0,0,0,0,0,0,0,0,0,0,0,0,0.8364611260053619,0.0,0.00011634981630553975,0
017047,0,0,0,0,0,0,0,0,0,0,0,0,0,0,0,0,0,0,0,0,0,0.450402144772118,0.002915451895043732,0.0005621249905335783,1
017048,0,0,0,0,0,0,0,0,0,0,0,0,0,0,0,0,0,0,0,0,0,0.6273458445040214,0.002915451895043732,0.0003895700158570974,1
017049,0,0,0,0,0,0,0,0,0,0,0,0,0,0,0,0,0,0,0,0,0,0.010723860589812333,0.011661807580174927,0.0030553143665596675,3
017050,0,0,0,0,0,0,0,0,0,0,0,0,0,0,0,0,0,0,0,0,0,0.5093833780160858,0.00728862973760933,0.0021482996471456307,1
017051,0,0,0,0,0,0,0,0,0,0,0,0,0,0,0,0,0,0,0,0,0,1.03485254691689,0.0,0.00019122477695642336,0
017052,0,0,0,0,0,0,0,0,0,0,0,0,0,0,0,0,0,0,0,0,0,0.14477211796246647,0.0,0.00041915296599661327,3
017053,0,0,0,0,0,0,0,0,0,0,0,0,0,0,0,0,0,0,0,0,0,0.6970509383378016,0.0,0.00014270286618168408,1
017054,0,0,0,0,0,0,0,0,0,0,0,0,0,0,0,0,0,0,0,0,0,0.14477211796246647,0.0058309037900874635,0.0009686275138319868,3
017058,0,0,0,0,0,0,0,0,0,0,0,0,0,0,0,0,0,0,0,0,0,0.4343163538873995,0.002915451895043732,0.0005708114647267364,1
017059,0,0,0,0,0,0,0,0,0,0,0,0,0,0,0,0,0,0,0,0,0,0.1554959785522788,0.0058309037900874635,0.003355230181166819,3
017060,0,0,0,0,0,0,0,0,0,0,0,0,0,0,0,0,0,0,0,0,0,1.420911528150134,0.0,2.126351006719538e-05,2
017061,0,0,0,0,0,0,0,0,0,0,0,0,0,0,0,0,0,0,0,0,0,0.3914209115281501,0.014577259475218658,0.0012318888542381492,1
017062,0,0,0,0,0,0,0,0,0,0,0,0,0,0,0,0,0,0,0,0,0,1.67828418230563,0.004373177842565598,0.0003698969869801986,2
017063,0,0,0,0,0,0,0,0,0,0,0,0,0,0,0,0,0,0,0,0,0,0.10723860589812333,0.008746355685131194,0.0005065070867559776,3
017064,0,0,0,0,0,0,0,0,0,0,0,0,0,0,0,0,0,0,0,0,0,0.3109919571045576,0.002915451895043732,0.000559041903918542,1
017068,0,0,0,0,0,0,0,0,0,0,0,0,0,0,0,0,0,0,0,0,0,0.058981233243967826,0.029154518950437316,0.0018114846689236002,3
017069,0,0,0,0,0,0,0,0,0,0,0,0,0,0,0,0,0,0,0,0,0,0.14477211796246647,0.011661807580174927,0.0009986509049165078,3
017070,0,0,0,0,0,0,0,0,0,0,0,0,0,0,0,0,0,0,0,0,0,0.6058981233243967,0.0,0.0004044471322217175,1
017071,0,0,0,0,0,0,0,0,0,0,0,0,0,0,0,0,0,0,0,0,0,0.14477211796246647,0.011661807580174927,0.0011563287632283686,3
017073,0,0,0,0,0,0,0,0,0,0,0,0,0,0,0,0,0,0,0,0,0,0.09115281501340483,0.004373177842565598,0.0013294709924981897,3
017075,0,0,0,0,0,0,0,0,0,0,0,0,0,0,0,0,0,0,0,0,0,0.09115281501340483,0.004373177842565598,0.0007243051340610479,3
017076,0,0,0,0,0,0,0,0,0,0,0,0,0,0,0,0,0,0,0,0,0,0.18766756032171583,0.002915451895043732,0.0003586412739411769,3
017078,0,0,0,0,0,0,0,0,0,0,0,0,0,0,0,0,0,0,0,0,0,0.18766756032171583,0.0014577259475218659,4.086313211992669e-05,3
017079,0,0,0,0,0,0,0,0,0,0,0,0,0,0,0,0,0,0,0,0,0,0.4128686327077748,0.0,2.380827997166986e-05,1
017080,0,0,0,0,0,0,0,0,0,0,0,0,0,0,0,0,0,0,0,0,0,0.11260053619302948,0.0014577259475218659,7.32600105191979e-05,3
017081,0,0,0,0,0,0,0,0,0,0,0,0,0,0,0,0,0,0,0,0,0,0.128686327077748,0.0014577259475218659,0.0005939346143395093,3
017082,0,0,0,0,0,0,0,0,0,0,0,0,0,0,0,0,0,0,0,0,0,0.17158176943699732,0.0014577259475218659,0.0008368867333926542,3
017083,0,0,0,0,0,0,0,0,0,0,0,0,0,0,0,0,0,0,0,0,0,0.579088471849866,0.002915451895043732,0.00026318793358199487,1
017084,0,0,0,0,0,0,0,0,0,0,0,0,0,0,0,0,0,0,0,0,0,0.18230563002680966,0.0014577259475218659,0.001146076276786303,3
017085,0,0,0,0,0,0,0,0,0,0,0,0,0,0,0,0,0,0,0,0,0,0.6541554959785523,0.0058309037900874635,0.001249751181452249,1
017086,0,0,0,0,0,0,0,0,0,0,0,0,0,0,0,0,0,0,0,0,0,0.03217158176943699,0.00728862973760933,0.0005071922171148745,3
017088,0,0,0,0,0,0,0,0,0,0,0,0,0,0,0,0,0,0,0,0,0,0.14477211796246647,0.004373177842565598,0.001071421536607922,3
017090,0,0,0,0,0,0,0,0,0,0,0,0,0,0,0,0,0,0,0,0,0,0.0160857908847185,0.008746355685131194,0.000422284990494428,3
017091,0,0,0,0,0,0,0,0,0,0,0,0,0,0,0,0,0,0,0,0,0,0.010723860589812333,0.011661807580174927,0.0014977439024315643,3
017092,0,0,0,0,0,0,0,0,0,0,0,0,0,0,0,0,0,0,0,0,0,0.26273458445040215,0.004373177842565598,0.0006904645881198152,3
017094,0,0,0,0,0,0,0,0,0,0,0,0,0,0,0,0,0,0,0,0,0,1.7211796246648794,0.0,7.311319687086284e-05,2
017095,0,0,0,0,0,0,0,0,0,0,0,0,0,0,0,0,0,0,0,0,0,0.11796246648793565,0.002915451895043732,0.0006795269713188528,3
017096,0,0,0,0,0,0,0,0,0,0,0,0,0,0,0,0,0,0,0,0,0,0.07506702412868632,0.004373177842565598,0.0005346219004121426,3
017100,0,0,0,0,0,0,0,0,0,0,0,0,0,0,0,0,0,0,0,0,0,0.09115281501340483,0.0014577259475218659,0.0003086756956244761,3
017101,0,0,0,0,0,0,0,0,0,0,0,0,0,0,0,0,0,0,0,0,0,0.0482573726541555,0.004373177842565598,0.0002956826877468228,3
017102,0,0,0,0,0,0,0,0,0,0,0,0,0,0,0,0,0,0,0,0,0,1.3994638069705094,0.0,3.0781928267585495e-05,2
017105,0,0,0,0,0,0,0,0,0,0,0,0,0,0,0,0,0,0,0,0,0,0.8471849865951743,0.0014577259475218659,0.0004278149712483821,0
017107,0,0,0,0,0,0,0,0,0,0,0,0,0,0,0,0,0,0,0,0,0,0.17158176943699732,0.00728862973760933,0.003419436683372021,3
017109,0,0,0,0,0,0,0,0,0,0,0,0,0,0,0,0,0,0,0,0,0,0.15013404825737264,0.00728862973760933,0.0006667541839137021,3
017110,0,0,0,0,0,0,0,0,0,0,0,0,0,0,0,0,0,0,0,0,0,0.8793565683646113,0.0,0.00015129146460928544,0
017111,0,0,0,0,0,0,0,0,0,0,0,0,0,0,0,0,0,0,0,0,0,0.24664879356568364,0.0,0.0001347993981129797,3
017114,0,0,0,0,0,0,0,0,0,0,0,0,0,0,0,0,0,0,0,0,0,0.02680965147453083,0.01020408163265306,0.0015606535507431403,3
017115,0,0,0,0,0,0,0,0,0,0,0,0,0,0,0,0,0,0,0,0,0,0.03753351206434316,0.002915451895043732,0.0004177827052788193,3
017117,0,0,0,0,0,0,0,0,0,0,0,0,0,0,0,0,0,0,0,0,0,1.5388739946380698,0.0,8.693814875574821e-05,2
017118,0,0,0,0,0,0,0,0,0,0,0,0,0,0,0,0,0,0,0,0,0,1.6997319034852547,0.0,3.281285040288723e-05,2
017119,0,0,0,0,0,0,0,0,0,0,0,0,0,0,0,0,0,0,0,0,0,0.010723860589812333,0.0014577259475218659,0.0003060819878372233,3
017120,0,0,0,0,0,0,0,0,0,0,0,0,0,0,0,0,0,0,0,0,0,1.2439678284182305,0.0,0.00019320676120894675,0
017122,0,0,0,0,0,0,0,0,0,0,0,0,0,0,0,0,0,0,0,0,0,0.6327077747989276,0.0,3.3326698172059966e-05,1
017123,0,0,0,0,0,0,0,0,0,0,0,0,0,0,0,0,0,0,0,0,0,0.8632707774798928,0.0,3.861198951212234e-05,0
017124,0,0,0,0,0,0,0,0,0,0,0,0,0,0,0,0,0,0,0,0,0,0.9865951742627346,0.0,0.00026859556962900315,0
017125,0,0,0,0,0,0,0,0,0,0,0,0,0,0,0,0,0,0,0,0,0,0.26273458445040215,0.0,0.0003390661208298348,3
017126,0,0,0,0,0,0,0,0,0,0,0,0,0,0,0,0,0,0,0,0,0,0.8096514745308311,0.0058309037900874635,0.001180063636375871,0
017128,0,0,0,0,0,0,0,0,0,0,0,0,0,0,0,0,0,0,0,0,0,1.7908847184986596,0.0,0.00013609625200660611,2
017131,0,0,0,0,0,0,0,0,0,0,0,0,0,0,0,0,0,0,0,0,0,0.021447721179624665,0.0058309037900874635,0.0011535393039100023,3
017133,0,0,0,0,0,0,0,0,0,0,0,0,0,0,0,0,0,0,0,0,0,0.08042895442359249,0.008746355685131194,0.00013971765533220441,3
017134,0,0,0,0,0,0,0,0,0,0,0,0,0,0,0,0,0,0,0,0,0,0.5683646112600537,0.0014577259475218659,0.00031963778136682774,1
017135,0,0,0,0,0,0,0,0,0,0,0,0,0,0,0,0,0,0,0,0,0,0.08042895442359249,0.008746355685131194,0.000640988388630898,3
017138,0,0,0,0,0,0,0,0,0,0,0,0,0,0,0,0,0,0,0,0,0,1.4745308310991958,0.0,0.0002877058128539509,2
017139,0,0,0,0,0,0,0,0,0,0,0,0,0,0,0,0,0,0,0,0,0,0.08042895442359249,0.016034985422740525,0.004402549810506401,3
017140,0,0,0,0,0,0,0,0,0,0,0,0,0,0,0,0,0,0,0,0,0,1.3190348525469169,0.0,0.00012205107964921813,0
017142,0,0,0,0,0,0,0,0,0,0,0,0,0,0,0,0,0,0,0,0,0,1.2761394101876675,0.0,0.0007038001611769171,0
017144,0,0,0,0,0,0,0,0,0,0,0,0,0,0,0,0,0,0,0,0,0,0.0,0.0014577259475218659,0.000619235499735919,3
017146,0,0,0,0,0,0,0,0,0,0,0,0,0,0,0,0,0,0,0,0,0,0.5630026809651475,0.002915451895043732,0.000601740206642657,1
017147,0,0,0,0,0,0,0,0,0,0,0,0,0,0,0,0,0,0,0,0,0,0.11796246648793565,0.004373177842565598,0.0006320327560824589,3
017148,0,0,0,0,0,0,0,0,0,0,0,0,0,0,0,0,0,0,0,0,0,0.2734584450402145,0.0,3.5259744541805e-05,1
017152,0,0,0,0,0,0,0,0,0,0,0,0,0,0,0,0,0,0,0,0,0,1.0402144772117963,0.002915451895043732,0.00011889458621001424,0
017153,0,0,0,0,0,0,0,0,0,0,0,0,0,0,0,0,0,0,0,0,0,0.12332439678284182,0.0,9.513524412112272e-05,3
017154,0,0,0,0,0,0,0,0,0,0,0,0,0,0,0,0,0,0,0,0,0,0.3967828418230563,0.0,6.188195277323029e-05,1
017155,0,0,0,0,0,0,0,0,0,0,0,0,0,0,0,0,0,0,0,0,0,0.09115281501340483,0.0014577259475218659,0.0001252565109712004,3
017157,0,0,0,0,0,0,0,0,0,0,0,0,0,0,0,0,0,0,0,0,0,0.03753351206434316,0.0014577259475218659,8.057622399456202e-05,3
017158,0,0,0,0,0,0,0,0,0,0,0,0,0,0,0,0,0,0,0,0,0,0.16621983914209115,0.002915451895043732,0.0005316611585040521,3
017159,0,0,0,0,0,0,0,0,0,0,0,0,0,0,0,0,0,0,0,0,0,0.11260053619302948,0.002915451895043732,0.0005900195837172409,3
017160,0,0,0,0,0,0,0,0,0,0,0,0,0,0,0,0,0,0,0,0,0,0.16085790884718498,0.00728862973760933,0.0009230418760239487,3
017162,0,0,0,0,0,0,0,0,0,0,0,0,0,0,0,0,0,0,0,0,0,0.15013404825737264,0.013119533527696792,0.0009742309014101084,3
017163,0,0,0,0,0,0,0,0,0,0,0,0,0,0,0,0,0,0,0,0,0,0.11260053619302948,0.0014577259475218659,5.500618024287137e-05,3
017164,0,0,0,0,0,0,0,0,0,0,0,0,0,0,0,0,0,0,0,0,0,0.17158176943699732,0.008746355685131194,0.0008763551358533978,3
017165,0,0,0,0,0,0,0,0,0,0,0,0,0,0,0,0,0,0,0,0,0,1.5174262734584452,0.0,7.463027123699185e-05,2
017166,0,0,0,0,0,0,0,0,0,0,0,0,0,0,0,0,0,0,0,0,0,0.2037533512064343,0.0014577259475218659,9.104893090913005e-05,3
017169,0,0,0,0,0,0,0,0,0,0,0,0,0,0,0,0,0,0,0,0,0,0.30563002680965146,0.0014577259475218659,0.00037361626607135365,1
017171,0,0,0,0,0,0,0,0,0,0,0,0,0,0,0,0,0,0,0,0,0,1.5442359249329758,0.0,9.276175680637248e-05,2
017172,0,0,0,0,0,0,0,0,0,0,0,0,0,0,0,0,0,0,0,0,0,0.41823056300268097,0.0,3.058617673647207e-05,1
017173,0,0,0,0,0,0,0,0,0,0,0,0,0,0,0,0,0,0,0,0,0,0.021447721179624665,0.01020408163265306,0.0007813667053806102,3
017174,0,0,0,0,0,0,0,0,0,0,0,0,0,0,0,0,0,0,0,0,0,1.1635388739946382,0.0,1.585587402018712e-05,0
017175,0,0,0,0,0,0,0,0,0,0,0,0,0,0,0,0,0,0,0,0,0,0.23056300268096513,0.004373177842565598,0.0006308093090130001,3
017176,0,0,0,0,0,0,0,0,0,0,0,0,0,0,0,0,0,0,0,0,0,1.0777479892761395,0.0,0.00010135035523397385,0
017179,0,0,0,0,0,0,0,0,0,0,0,0,0,0,0,0,0,0,0,0,0,0.9490616621983914,0.002915451895043732,0.0004526264778170083,0
017180,0,0,0,0,0,0,0,0,0,0,0,0,0,0,0,0,0,0,0,0,0,0.2949061662198391,0.004373177842565598,0.0005922217884422669,1
017181,0,0,0,0,0,0,0,0,0,0,0,0,0,0,0,0,0,0,0,0,0,0.3002680965147453,0.0014577259475218659,0.00017064639724812496,1
017183,0,0,0,0,0,0,0,0,0,0,0,0,0,0,0,0,0,0,0,0,0,0.03753351206434316,0.00728862973760933,0.0007198762556696067,3
017186,0,0,0,0,0,0,0,0,0,0,0,0,0,0,0,0,0,0,0,0,0,0.24664879356568364,0.0014577259475218659,3.1075555564255623e-06,3
017187,0,0,0,0,0,0,0,0,0,0,0,0,0,0,0,0,0,0,0,0,0,1.2117962466487935,0.0,9.170959232663785e-05,0
017188,0,0,0,0,0,0,0,0,0,0,0,0,0,0,0,0,0,0,0,0,0,0.053619302949061656,0.008746355685131194,0.0005461467718064453,3
017189,0,0,0,0,0,0,0,0,0,0,0,0,0,0,0,0,0,0,0,0,0,0.5630026809651475,0.0014577259475218659,0.00034508548041157247,1
017190,0,0,0,0,0,0,0,0,0,0,0,0,0,0,0,0,0,0,0,0,0,0.3109919571045576,0.0014577259475218659,0.0005720593807375845,1
017191,0,0,0,0,0,0,0,0,0,0,0,0,0,0,0,0,0,0,0,0,0,0.14477211796246647,0.008746355685131194,0.001487099912927272,3
017193,0,0,0,0,0,0,0,0,0,0,0,0,0,0,0,0,0,0,0,0,0,0.18766756032171583,0.008746355685131194,0.000189927923062797,3
017194,0,0,0,0,0,0,0,0,0,0,0,0,0,0,0,0,0,0,0,0,0,1.4638069705093835,0.0014577259475218659,0.0002771596991152153,2
017197,0,0,0,0,0,0,0,0,0,0,0,0,0,0,0,0,0,0,0,0,0,0.1554959785522788,0.0,0.0003904998356298862,3
017198,0,0,0,0,0,0,0,0,0,0,0,0,0,0,0,0,0,0,0,0,0,0.12332439678284182,0.002915451895043732,0.0006801631637949713,3
017201,0,0,0,0,0,0,0,0,0,0,0,0,0,0,0,0,0,0,0,0,0,0.28418230563002683,0.0,0.000190343895066413,1
017203,0,0,0,0,0,0,0,0,0,0,0,0,0,0,0,0,0,0,0,0,0,0.18766756032171583,0.00728862973760933,0.0006442182888942694,3
017204,0,0,0,0,0,0,0,0,0,0,0,0,0,0,0,0,0,0,0,0,0,0.932975871313673,0.004373177842565598,0.0006468854035056898,0
017205,0,0,0,0,0,0,0,0,0,0,0,0,0,0,0,0,0,0,0,0,0,0.28418230563002683,0.0,1.629631496519232e-05,1
017206,0,0,0,0,0,0,0,0,0,0,0,0,0,0,0,0,0,0,0,0,0,0.27882037533512066,0.0,4.7347401588058766e-05,1
017211,0,0,0,0,0,0,0,0,0,0,0,0,0,0,0,0,0,0,0,0,0,0.13941018766756033,0.01020408163265306,0.0016813588386159534,3
017212,0,0,0,0,0,0,0,0,0,0,0,0,0,0,0,0,0,0,0,0,0,1.351206434316354,0.0,1.3139821525988402e-05,2
017213,0,0,0,0,0,0,0,0,0,0,0,0,0,0,0,0,0,0,0,0,0,0.20911528150134048,0.008746355685131194,0.0015959377642263343,3
017214,0,0,0,0,0,0,0,0,0,0,0,0,0,0,0,0,0,0,0,0,0,0.3163538873994638,0.00728862973760933,0.0013286635174323466,1
017217,0,0,0,0,0,0,0,0,0,0,0,0,0,0,0,0,0,0,0,0,0,1.2493297587131367,0.0,8.143263694318324e-05,0
017218,0,0,0,0,0,0,0,0,0,0,0,0,0,0,0,0,0,0,0,0,0,0.0160857908847185,0.013119533527696792,0.0019505416628382971,3
017219,0,0,0,0,0,0,0,0,0,0,0,0,0,0,0,0,0,0,0,0,0,0.16621983914209115,0.0,0.00011490614876357828,3
017220,0,0,0,0,0,0,0,0,0,0,0,0,0,0,0,0,0,0,0,0,0,0.12332439678284182,0.018950437317784254,0.0028414558188182555,3
017221,0,0,0,0,0,0,0,0,0,0,0,0,0,0,0,0,0,0,0,0,0,0.03217158176943699,0.0014577259475218659,0.00029932856001381025,3
017222,0,0,0,0,0,0,0,0,0,0,0,0,0,0,0,0,0,0,0,0,0,0.34316353887399464,0.0,0.00020451141213074684,1
017223,0,0,0,0,0,0,0,0,0,0,0,0,0,0,0,0,0,0,0,0,0,1.6568364611260054,0.0014577259475218659,0.0005228523396039482,2
017226,0,0,0,0,0,0,0,0,0,0,0,0,0,0,0,0,0,0,0,0,0,1.6514745308310992,0.0,0.00013191206302905673,2
017227,0,0,0,0,0,0,0,0,0,0,0,0,0,0,0,0,0,0,0,0,0,0.09651474530831099,0.00728862973760933,0.0001573842310151907,3
017228,0,0,0,0,0,0,0,0,0,0,0,0,0,0,0,0,0,0,0,0,0,0.08042895442359249,0.01020408163265306,0.0008783615890473103,3
017229,0,0,0,0,0,0,0,0,0,0,0,0,0,0,0,0,0,0,0,0,0,0.5093833780160858,0.0014577259475218659,0.00023061977259299942,1
017230,0,0,0,0,0,0,0,0,0,0,0,0,0,0,0,0,0,0,0,0,0,1.4101876675603218,0.01020408163265306,0.0006304422748921624,2
017231,0,0,0,0,0,0,0,0,0,0,0,0,0,0,0,0,0,0,0,0,0,0.058981233243967826,0.013119533527696792,0.0036299674550845052,3
017232,0,0,0,0,0,0,0,0,0,0,0,0,0,0,0,0,0,0,0,0,0,0.010723860589812333,0.0014577259475218659,0.0002335805145010899,3
017233,0,0,0,0,0,0,0,0,0,0,0,0,0,0,0,0,0,0,0,0,0,0.18230563002680966,0.0,0.00015097336837122612,3
017234,0,0,0,0,0,0,0,0,0,0,0,0,0,0,0,0,0,0,0,0,0,0.9758713136729222,0.0,0.0001262597375681567,0
017235,0,0,0,0,0,0,0,0,0,0,0,0,0,0,0,0,0,0,0,0,0,0.128686327077748,0.0014577259475218659,0.00022518766760460198,3
017236,0,0,0,0,0,0,0,0,0,0,0,0,0,0,0,0,0,0,0,0,0,0.064343163538874,0.00728862973760933,0.0006916635662478848,3
017237,0,0,0,0,0,0,0,0,0,0,0,0,0,0,0,0,0,0,0,0,0,0.053619302949061656,0.0014577259475218659,0.00014955416977065382,3
017238,0,0,0,0,0,0,0,0,0,0,0,0,0,0,0,0,0,0,0,0,0,0.010723860589812333,0.023323615160349854,0.003722680274008099,3
017239,0,0,0,0,0,0,0,0,0,0,0,0,0,0,0,0,0,0,0,0,0,1.6729222520107239,0.0,0.00014884457047036767,2
017242,0,0,0,0,0,0,0,0,0,0,0,0,0,0,0,0,0,0,0,0,0,0.5737265415549598,0.0014577259475218659,0.00020979670347080921,1
017243,0,0,0,0,0,0,0,0,0,0,0,0,0,0,0,0,0,0,0,0,0,0.0,0.03644314868804665,0.004108433135008485,3
017244,0,0,0,0,0,0,0,0,0,0,0,0,0,0,0,0,0,0,0,0,0,0.27882037533512066,0.0,0.00012904919688652296,1
017245,0,0,0,0,0,0,0,0,0,0,0,0,0,0,0,0,0,0,0,0,0,1.093833780160858,0.0,6.357030972908354e-05,0
017247,0,0,0,0,0,0,0,0,0,0,0,0,0,0,0,0,0,0,0,0,0,0.07506702412868632,0.0,0.00044127288901242985,3
017248,0,0,0,0,0,0,0,0,0,0,0,0,0,0,0,0,0,0,0,0,0,0.6380697050938338,0.0,0.00032125273149851346,1
017250,0,0,0,0,0,0,0,0,0,0,0,0,0,0,0,0,0,0,0,0,0,0.0160857908847185,0.0014577259475218659,0.00041996044106245613,3
017251,0,0,0,0,0,0,0,0,0,0,0,0,0,0,0,0,0,0,0,0,0,1.9410187667560321,0.0,0.0003339276431381075,2
017252,0,0,0,0,0,0,0,0,0,0,0,0,0,0,0,0,0,0,0,0,0,0.6219839142091153,0.0014577259475218659,0.0005898727700689059,1
017253,0,0,0,0,0,0,0,0,0,0,0,0,0,0,0,0,0,0,0,0,0,0.09115281501340483,0.0,0.0002468671496754134,3
017254,0,0,0,0,0,0,0,0,0,0,0,0,0,0,0,0,0,0,0,0,0,0.021447721179624665,0.0014577259475218659,0.0004121793177006976,3
017255,0,0,0,0,0,0,0,0,0,0,0,0,0,0,0,0,0,0,0,0,0,0.21447721179624665,0.0014577259475218659,0.0003668383693065514,3
017256,0,0,0,0,0,0,0,0,0,0,0,0,0,0,0,0,0,0,0,0,0,0.5683646112600537,0.0014577259475218659,9.542887141779286e-05,1
017259,0,0,0,0,0,0,0,0,0,0,0,0,0,0,0,0,0,0,0,0,0,0.7882037533512064,0.0014577259475218659,0.0007079354122716881,0
017262,0,0,0,0,0,0,0,0,0,0,0,0,0,0,0,0,0,0,0,0,0,0.2734584450402145,0.0058309037900874635,0.00011784242173027958,1
017263,0,0,0,0,0,0,0,0,0,0,0,0,0,0,0,0,0,0,0,0,0,1.1099195710455765,0.0,0.00011277735086271981,0
017265,0,0,0,0,0,0,0,0,0,0,0,0,0,0,0,0,0,0,0,0,0,0.739946380697051,0.0014577259475218659,0.000723081686991589,0
017266,0,0,0,0,0,0,0,0,0,0,0,0,0,0,0,0,0,0,0,0,0,0.005361930294906166,0.002915451895043732,0.0005075837201771014,3
017267,0,0,0,0,0,0,0,0,0,0,0,0,0,0,0,0,0,0,0,0,0,0.675603217158177,0.0014577259475218659,0.0003158450954515052,1
017268,0,0,0,0,0,0,0,0,0,0,0,0,0,0,0,0,0,0,0,0,0,0.5737265415549598,0.004373177842565598,1.4363268595447285e-05,1
017272,0,0,0,0,0,0,0,0,0,0,0,0,0,0,0,0,0,0,0,0,0,0.21983914209115282,0.004373177842565598,0.0005179585513261127,3
017274,0,0,0,0,0,0,0,0,0,0,0,0,0,0,0,0,0,0,0,0,0,0.18230563002680966,0.0,0.00011480827299802157,3
017277,0,0,0,0,0,0,0,0,0,0,0,0,0,0,0,0,0,0,0,0,0,1.2171581769436997,0.0014577259475218659,0.0005654527665625065,0
017278,0,0,0,0,0,0,0,0,0,0,0,0,0,0,0,0,0,0,0,0,0,1.2868632707774799,0.0,0.0001740475801012207,0
017279,0,0,0,0,0,0,0,0,0,0,0,0,0,0,0,0,0,0,0,0,0,0.30563002680965146,0.0,0.0001479392196389681,1
017282,0,0,0,0,0,0,0,0,0,0,0,0,0,0,0,0,0,0,0,0,0,0.6916890080428955,0.002915451895043732,0.0005489851690075899,1
017284,0,0,0,0,0,0,0,0,0,0,0,0,0,0,0,0,0,0,0,0,0,0.3163538873994638,0.00728862973760933,0.0011559372601661418,1
017286,0,0,0,0,0,0,0,0,0,0,0,0,0,0,0,0,0,0,0,0,0,0.11260053619302948,0.0,0.00020573485920020573,3
017287,0,0,0,0,0,0,0,0,0,0,0,0,0,0,0,0,0,0,0,0,0,0.13404825737265416,0.008746355685131194,0.000962192182246633,3
017288,0,0,0,0,0,0,0,0,0,0,0,0,0,0,0,0,0,0,0,0,0,0.04289544235924933,0.008746355685131194,0.0009289144219573514,3
017289,0,0,0,0,0,0,0,0,0,0,0,0,0,0,0,0,0,0,0,0,0,0.16621983914209115,0.002915451895043732,0.0005939835522222877,3
017290,0,0,0,0,0,0,0,0,0,0,0,0,0,0,0,0,0,0,0,0,0,0.0160857908847185,0.0014577259475218659,0.0006417469258139624,3
017291,0,0,0,0,0,0,0,0,0,0,0,0,0,0,0,0,0,0,0,0,0,1.646112600536193,0.0,1.8302768159104886e-05,2
017293,0,0,0,0,0,0,0,0,0,0,0,0,0,0,0,0,0,0,0,0,0,0.03753351206434316,0.011661807580174927,0.0009133032373510561,3
017295,0,0,0,0,0,0,0,0,0,0,0,0,0,0,0,0,0,0,0,0,0,0.15013404825737264,0.002915451895043732,0.0004976003920903169,3
017297,0,0,0,0,0,0,0,0,0,0,0,0,0,0,0,0,0,0,0,0,0,0.08579088471849866,0.0,0.0002748106807418543,3
017298,0,0,0,0,0,0,0,0,0,0,0,0,0,0,0,0,0,0,0,0,0,0.5361930294906166,0.0014577259475218659,0.00015229469120624174,1
017299,0,0,0,0,0,0,0,0,0,0,0,0,0,0,0,0,0,0,0,0,0,0.058981233243967826,0.004373177842565598,0.0002264600525568392,3
017301,0,0,0,0,0,0,0,0,0,0,0,0,0,0,0,0,0,0,0,0,0,0.10723860589812333,0.0,0.00030818631679669256,3
017302,0,0,0,0,0,0,0,0,0,0,0,0,0,0,0,0,0,0,0,0,0,0.07506702412868632,0.0058309037900874635,0.00048411800538487995,3
017303,0,0,0,0,0,0,0,0,0,0,0,0,0,0,0,0,0,0,0,0,0,1.9302949061662198,0.0,0.0003809814174294961,2
017306,0,0,0,0,0,0,0,0,0,0,0,0,0,0,0,0,0,0,0,0,0,0.053619302949061656,0.026239067055393583,0.0002511981523012978,3
017309,0,0,0,0,0,0,0,0,0,0,0,0,0,0,0,0,0,0,0,0,0,0.5040214477211796,0.0,8.583704639323521e-05,1
017311,0,0,0,0,0,0,0,0,0,0,0,0,0,0,0,0,0,0,0,0,0,0.4128686327077748,0.0014577259475218659,0.0004117633456970816,1
017312,0,0,0,0,0,0,0,0,0,0,0,0,0,0,0,0,0,0,0,0,0,0.739946380697051,0.002915451895043732,7.854530185926029e-05,0
017313,0,0,0,0,0,0,0,0,0,0,0,0,0,0,0,0,0,0,0,0,0,0.16085790884718498,0.0,0.0001254033246195355,3
017314,0,0,0,0,0,0,0,0,0,0,0,0,0,0,0,0,0,0,0,0,0,0.128686327077748,0.01020408163265306,0.0007875084096692937,3
017315,0,0,0,0,0,0,0,0,0,0,0,0,0,0,0,0,0,0,0,0,0,0.005361930294906166,0.05393586005830903,0.0031830911784939534,3
017317,0,0,0,0,0,0,0,0,0,0,0,0,0,0,0,0,0,0,0,0,0,0.24128686327077747,0.002915451895043732,7.059289590777753e-05,3
017320,0,0,0,0,0,0,0,0,0,0,0,0,0,0,0,0,0,0,0,0,0,0.5308310991957105,0.002915451895043732,0.0006680265688659392,1
017321,0,0,0,0,0,0,0,0,0,0,0,0,0,0,0,0,0,0,0,0,0,0.03753351206434316,0.0014577259475218659,0.0007239625688815995,3
017323,0,0,0,0,0,0,0,0,0,0,0,0,0,0,0,0,0,0,0,0,0,0.07506702412868632,0.008746355685131194,0.0006987350903093572,3
017324,0,0,0,0,0,0,0,0,0,0,0,0,0,0,0,0,0,0,0,0,0,0.09115281501340483,0.004373177842565598,0.00033794054952593263,3
017325,0,0,0,0,0,0,0,0,0,0,0,0,0,0,0,0,0,0,0,0,0,1.4959785522788205,0.0,2.356359055777808e-05,2
017329,0,0,0,0,0,0,0,0,0,0,0,0,0,0,0,0,0,0,0,0,0,0.06970509383378015,0.0014577259475218659,0.0003330222923067079,3
017330,0,0,0,0,0,0,0,0,0,0,0,0,0,0,0,0,0,0,0,0,0,0.11796246648793565,0.0014577259475218659,6.54788871574394e-05,3
017331,0,0,0,0,0,0,0,0,0,0,0,0,0,0,0,0,0,0,0,0,0,0.6595174262734584,0.0,2.637751881753351e-05,1
017333,0,0,0,0,0,0,0,0,0,0,0,0,0,0,0,0,0,0,0,0,0,0.45576407506702415,0.0,0.0001209989151694835,1
017334,0,0,0,0,0,0,0,0,0,0,0,0,0,0,0,0,0,0,0,0,0,1.613941018766756,0.0014577259475218659,3.599381278348034e-05,2
017337,0,0,0,0,0,0,0,0,0,0,0,0,0,0,0,0,0,0,0,0,0,0.8042895442359249,0.004373177842565598,0.003051839776882405,0
017338,0,0,0,0,0,0,0,0,0,0,0,0,0,0,0,0,0,0,0,0,0,0.08579088471849866,0.01020408163265306,0.005120737709220154,3
017339,0,0,0,0,0,0,0,0,0,0,0,0,0,0,0,0,0,0,0,0,0,0.49865951742627346,0.0014577259475218659,6.459800526742901e-05,1
017340,0,0,0,0,0,0,0,0,0,0,0,0,0,0,0,0,0,0,0,0,0,0.1554959785522788,0.014577259475218658,0.0031354990874920027,3
017341,0,0,0,0,0,0,0,0,0,0,0,0,0,0,0,0,0,0,0,0,0,0.8364611260053619,0.002915451895043732,0.000949223643310369,0
017343,0,0,0,0,0,0,0,0,0,0,0,0,0,0,0,0,0,0,0,0,0,1.8981233243967828,0.0,0.00019518874546147014,2
017344,0,0,0,0,0,0,0,0,0,0,0,0,0,0,0,0,0,0,0,0,0,0.24128686327077747,0.0,0.00022144391957205778,3
017345,0,0,0,0,0,0,0,0,0,0,0,0,0,0,0,0,0,0,0,0,0,0.07506702412868632,0.004373177842565598,0.0005844161961391192,3
017346,0,0,0,0,0,0,0,0,0,0,0,0,0,0,0,0,0,0,0,0,0,0.0160857908847185,0.02040816326530612,0.002935441022694086,3
017347,0,0,0,0,0,0,0,0,0,0,0,0,0,0,0,0,0,0,0,0,0,0.45576407506702415,0.0,2.1777357836368115e-06,1
017348,0,0,0,0,0,0,0,0,0,0,0,0,0,0,0,0,0,0,0,0,0,0.07506702412868632,0.0058309037900874635,0.0008913790658663528,3
017349,0,0,0,0,0,0,0,0,0,0,0,0,0,0,0,0,0,0,0,0,0,0.9544235924932976,0.0,6.758321611690868e-05,0
017350,0,0,0,0,0,0,0,0,0,0,0,0,0,0,0,0,0,0,0,0,0,0.03753351206434316,0.004373177842565598,0.00042360631332944354,3
017351,0,0,0,0,0,0,0,0,0,0,0,0,0,0,0,0,0,0,0,0,0,0.18766756032171583,0.002915451895043732,0.00037784939293168137,3
017353,0,0,0,0,0,0,0,0,0,0,0,0,0,0,0,0,0,0,0,0,0,0.6863270777479893,0.0014577259475218659,2.7968000007830058e-05,1
017354,0,0,0,0,0,0,0,0,0,0,0,0,0,0,0,0,0,0,0,0,0,0.2680965147453083,0.0,5.4663615063422883e-05,3
017356,0,0,0,0,0,0,0,0,0,0,0,0,0,0,0,0,0,0,0,0,0,1.6675603217158177,0.0,5.1727342096721564e-05,2
017357,0,0,0,0,0,0,0,0,0,0,0,0,0,0,0,0,0,0,0,0,0,0.12332439678284182,0.0014577259475218659,0.000380002659773929,3
017358,0,0,0,0,0,0,0,0,0,0,0,0,0,0,0,0,0,0,0,0,0,1.6193029490616622,0.0014577259475218659,0.000388273161963471,2
017359,0,0,0,0,0,0,0,0,0,0,0,0,0,0,0,0,0,0,0,0,0,0.053619302949061656,0.0,7.680800702062865e-05,3
017360,0,0,0,0,0,0,0,0,0,0,0,0,0,0,0,0,0,0,0,0,0,0.08579088471849866,0.002915451895043732,0.0009136213335891154,3
017361,0,0,0,0,0,0,0,0,0,0,0,0,0,0,0,0,0,0,0,0,0,0.257372654155496,0.002915451895043732,0.00034258964838987637,3
017362,0,0,0,0,0,0,0,0,0,0,0,0,0,0,0,0,0,0,0,0,0,1.2761394101876675,0.0014577259475218659,0.00025574937539968486,0
017364,0,0,0,0,0,0,0,0,0,0,0,0,0,0,0,0,0,0,0,0,0,0.0,0.014577259475218658,0.002717985540568465,3
017365,0,0,0,0,0,0,0,0,0,0,0,0,0,0,0,0,0,0,0,0,0,0.064343163538874,0.01020408163265306,0.0022147328230172477,3
017367,0,0,0,0,0,0,0,0,0,0,0,0,0,0,0,0,0,0,0,0,0,1.2707774798927614,0.0,0.00015733529313241232,0
017368,0,0,0,0,0,0,0,0,0,0,0,0,0,0,0,0,0,0,0,0,0,0.11796246648793565,0.01020408163265306,0.0006754651270482492,3
017370,0,0,0,0,0,0,0,0,0,0,0,0,0,0,0,0,0,0,0,0,0,0.38605898123324395,0.004373177842565598,0.00011238584780049298,1
017371,0,0,0,0,0,0,0,0,0,0,0,0,0,0,0,0,0,0,0,0,0,0.08579088471849866,0.002915451895043732,0.0006766396362349298,3
017372,0,0,0,0,0,0,0,0,0,0,0,0,0,0,0,0,0,0,0,0,0,0.21447721179624665,0.01020408163265306,0.0014398993249875485,3
017373,0,0,0,0,0,0,0,0,0,0,0,0,0,0,0,0,0,0,0,0,0,0.20911528150134048,0.004373177842565598,0.00026164639027447667,3
017374,0,0,0,0,0,0,0,0,0,0,0,0,0,0,0,0,0,0,0,0,0,1.1689008042895443,0.0014577259475218659,0.0004860021138718466,0
017375,0,0,0,0,0,0,0,0,0,0,0,0,0,0,0,0,0,0,0,0,0,1.061662198391421,0.002915451895043732,0.0004571777009153953,0
017376,0,0,0,0,0,0,0,0,0,0,0,0,0,0,0,0,0,0,0,0,0,0.37533512064343166,0.0014577259475218659,0.00020243155211266677,1
017377,0,0,0,0,0,0,0,0,0,0,0,0,0,0,0,0,0,0,0,0,0,0.12332439678284182,0.02769679300291545,0.0026631506429153173,3
017379,0,0,0,0,0,0,0,0,0,0,0,0,0,0,0,0,0,0,0,0,0,0.053619302949061656,0.0,0.00027818739465356075,3
017381,0,0,0,0,0,0,0,0,0,0,0,0,0,0,0,0,0,0,0,0,0,0.04289544235924933,0.04081632653061224,0.0003557294699158648,3
017382,0,0,0,0,0,0,0,0,0,0,0,0,0,0,0,0,0,0,0,0,0,0.34316353887399464,0.0,4.142591777187778e-05,1
017383,0,0,0,0,0,0,0,0,0,0,0,0,0,0,0,0,0,0,0,0,0,0.0160857908847185,0.0,0.00023125596506911805,3
017384,0,0,0,0,0,0,0,0,0,0,0,0,0,0,0,0,0,0,0,0,0,0.09651474530831099,0.0014577259475218659,0.00011884564832723588,3
017385,0,0,0,0,0,0,0,0,0,0,0,0,0,0,0,0,0,0,0,0,0,0.07506702412868632,0.0,0.00022039175509232313,3
017386,0,0,0,0,0,0,0,0,0,0,0,0,0,0,0,0,0,0,0,0,0,0.03753351206434316,0.00728862973760933,0.00011209222050382285,3
017387,0,0,0,0,0,0,0,0,0,0,0,0,0,0,0,0,0,0,0,0,0,0.10187667560321716,0.0014577259475218659,0.00046101932471349623,3
017388,0,0,0,0,0,0,0,0,0,0,0,0,0,0,0,0,0,0,0,0,0,0.4128686327077748,0.004373177842565598,0.0001720166579659189,1
017389,0,0,0,0,0,0,0,0,0,0,0,0,0,0,0,0,0,0,0,0,0,0.0,0.048104956268221574,0.002964534594005819,3
017391,0,0,0,0,0,0,0,0,0,0,0,0,0,0,0,0,0,0,0,0,0,0.8739946380697051,0.0014577259475218659,7.365151358142475e-06,0
017392,0,0,0,0,0,0,0,0,0,0,0,0,0,0,0,0,0,0,0,0,0,1.6407506702412868,0.0014577259475218659,0.0005181053649744477,2
017394,0,0,0,0,0,0,0,0,0,0,0,0,0,0,0,0,0,0,0,0,0,1.1689008042895443,0.0,3.327776028928161e-05,0
017396,0,0,0,0,0,0,0,0,0,0,0,0,0,0,0,0,0,0,0,0,0,0.2037533512064343,0.01020408163265306,0.00029135168512093836,3
017397,0,0,0,0,0,0,0,0,0,0,0,0,0,0,0,0,0,0,0,0,0,0.11260053619302948,0.0014577259475218659,0.0006917614420134415,3
017398,0,0,0,0,0,0,0,0,0,0,0,0,0,0,0,0,0,0,0,0,0,0.6112600536193029,0.002915451895043732,0.00044976361167447447,1
017400,0,0,0,0,0,0,0,0,0,0,0,0,0,0,0,0,0,0,0,0,0,0.6702412868632708,0.0058309037900874635,0.0017485260827292462,1
017402,0,0,0,0,0,0,0,0,0,0,0,0,0,0,0,0,0,0,0,0,0,0.021447721179624665,0.01749271137026239,0.0008455976765272015,3
017403,0,0,0,0,0,0,0,0,0,0,0,0,0,0,0,0,0,0,0,0,0,0.18766756032171583,0.0,0.00025281310243298354,3
017405,0,0,0,0,0,0,0,0,0,0,0,0,0,0,0,0,0,0,0,0,0,0.0,0.002915451895043732,0.0006323019144377399,3
017406,0,0,0,0,0,0,0,0,0,0,0,0,0,0,0,0,0,0,0,0,0,1.7801608579088473,0.002915451895043732,0.0018700877835506806,2
017408,0,0,0,0,0,0,0,0,0,0,0,0,0,0,0,0,0,0,0,0,0,0.868632707774799,0.0,5.512852494981726e-05,0
017409,0,0,0,0,0,0,0,0,0,0,0,0,0,0,0,0,0,0,0,0,0,0.9865951742627346,0.0014577259475218659,0.00024214464398730206,0
017410,0,0,0,0,0,0,0,0,0,0,0,0,0,0,0,0,0,0,0,0,0,0.08042895442359249,0.0058309037900874635,0.0005460488960408887,3
017411,0,0,0,0,0,0,0,0,0,0,0,0,0,0,0,0,0,0,0,0,0,0.058981233243967826,0.002915451895043732,0.0004153358111399015,3
017412,0,0,0,0,0,0,0,0,0,0,0,0,0,0,0,0,0,0,0,0,0,0.010723860589812333,0.008746355685131194,0.0004390217464046255,3
017414,0,0,0,0,0,0,0,0,0,0,0,0,0,0,0,0,0,0,0,0,0,0.23056300268096513,0.0014577259475218659,5.823608050624282e-06,3
017415,0,0,0,0,0,0,0,0,0,0,0,0,0,0,0,0,0,0,0,0,0,0.41823056300268097,0.0,0.0004780252389789747,1
017416,0,0,0,0,0,0,0,0,0,0,0,0,0,0,0,0,0,0,0,0,0,0.1554959785522788,0.008746355685131194,0.0015453849313162933,3
017418,0,0,0,0,0,0,0,0,0,0,0,0,0,0,0,0,0,0,0,0,0,0.21983914209115282,0.0014577259475218659,0.0002155224357558768,3
017419,0,0,0,0,0,0,0,0,0,0,0,0,0,0,0,0,0,0,0,0,0,0.053619302949061656,0.016034985422740525,0.0020769237451133994,3
017420,0,0,0,0,0,0,0,0,0,0,0,0,0,0,0,0,0,0,0,0,0,0.26273458445040215,0.002915451895043732,0.0002845003815319686,3
017422,0,0,0,0,0,0,0,0,0,0,0,0,0,0,0,0,0,0,0,0,0,0.08042895442359249,0.00728862973760933,0.00042456060204362154,3
017423,0,0,0,0,0,0,0,0,0,0,0,0,0,0,0,0,0,0,0,0,0,0.24128686327077747,0.0014577259475218659,0.00014495400878948843,3
017425,0,0,0,0,0,0,0,0,0,0,0,0,0,0,0,0,0,0,0,0,0,0.09651474530831099,0.0014577259475218659,0.00028060981985108933,3
017426,0,0,0,0,0,0,0,0,0,0,0,0,0,0,0,0,0,0,0,0,0,0.03753351206434316,0.00728862973760933,0.00199864760160942,3
017427,0,0,0,0,0,0,0,0,0,0,0,0,0,0,0,0,0,0,0,0,0,0.38069705093833783,0.0,1.9966656173568966e-05,1
017428,0,0,0,0,0,0,0,0,0,0,0,0,0,0,0,0,0,0,0,0,0,0.0,0.039358600583090375,0.002867025862569946,3
017429,0,0,0,0,0,0,0,0,0,0,0,0,0,0,0,0,0,0,0,0,0,0.6809651474530831,0.002915451895043732,0.00019866333513873338,1
017430,0,0,0,0,0,0,0,0,0,0,0,0,0,0,0,0,0,0,0,0,0,0.17158176943699732,0.0014577259475218659,6.802365706191388e-05,3
017431,0,0,0,0,0,0,0,0,0,0,0,0,0,0,0,0,0,0,0,0,0,1.6729222520107239,0.0,0.00020593061073131914,2
017432,0,0,0,0,0,0,0,0,0,0,0,0,0,0,0,0,0,0,0,0,0,0.09115281501340483,0.0014577259475218659,0.0002964167559884981,3
017433,0,0,0,0,0,0,0,0,0,0,0,0,0,0,0,0,0,0,0,0,0,0.46648793565683644,0.0,0.00031748451452458004,1
017434,0,0,0,0,0,0,0,0,0,0,0,0,0,0,0,0,0,0,0,0,0,0.005361930294906166,0.008746355685131194,0.0008983282452208794,3
017436,0,0,0,0,0,0,0,0,0,0,0,0,0,0,0,0,0,0,0,0,0,0.005361930294906166,0.0014577259475218659,5.304866493173716e-05,3
017438,0,0,0,0,0,0,0,0,0,0,0,0,0,0,0,0,0,0,0,0,0,1.35656836461126,0.0,0.000217479951067011,2
017440,0,0,0,0,0,0,0,0,0,0,0,0,0,0,0,0,0,0,0,0,0,0.8364611260053619,0.002915451895043732,7.878999127315206e-06,0
017442,0,0,0,0,0,0,0,0,0,0,0,0,0,0,0,0,0,0,0,0,0,0.19302949061662197,0.00728862973760933,0.0008344398392537365,3
017446,0,0,0,0,0,0,0,0,0,0,0,0,0,0,0,0,0,0,0,0,0,0.9436997319034852,0.0014577259475218659,1.658994226186245e-05,0
017447,0,0,0,0,0,0,0,0,0,0,0,0,0,0,0,0,0,0,0,0,0,0.20911528150134048,0.0014577259475218659,0.00014864881893925425,3
017449,0,0,0,0,0,0,0,0,0,0,0,0,0,0,0,0,0,0,0,0,0,0.005361930294906166,0.008746355685131194,0.002365853005036809,3
017450,0,0,0,0,0,0,0,0,0,0,0,0,0,0,0,0,0,0,0,0,0,0.03753351206434316,0.06559766763848397,0.0027971670349038434,3
017451,0,0,0,0,0,0,0,0,0,0,0,0,0,0,0,0,0,0,0,0,0,0.0,0.008746355685131194,0.0005561056309518407,3
017453,0,0,0,0,0,0,0,0,0,0,0,0,0,0,0,0,0,0,0,0,0,0.09115281501340483,0.0014577259475218659,0.00015873002279159543,3
017454,0,0,0,0,0,0,0,0,0,0,0,0,0,0,0,0,0,0,0,0,0,1.0241286863270778,0.004373177842565598,0.0003941457078968737,0
017455,0,0,0,0,0,0,0,0,0,0,0,0,0,0,0,0,0,0,0,0,0,1.0884718498659518,0.0,5.488383553592549e-05,0
017456,0,0,0,0,0,0,0,0,0,0,0,0,0,0,0,0,0,0,0,0,0,1.9517426273458445,0.0,6.22979247768463e-05,2
017457,0,0,0,0,0,0,0,0,0,0,0,0,0,0,0,0,0,0,0,0,0,0.675603217158177,0.0058309037900874635,0.0001493339492981512,1
017458,0,0,0,0,0,0,0,0,0,0,0,0,0,0,0,0,0,0,0,0,0,0.07506702412868632,0.0,0.00032108144890878924,3
017459,0,0,0,0,0,0,0,0,0,0,0,0,0,0,0,0,0,0,0,0,0,0.225201072386059,0.0014577259475218659,0.0005203075696994737,3
017460,0,0,0,0,0,0,0,0,0,0,0,0,0,0,0,0,0,0,0,0,0,0.49865951742627346,0.00728862973760933,0.00030547026430249386,1
017461,0,0,0,0,0,0,0,0,0,0,0,0,0,0,0,0,0,0,0,0,0,0.11796246648793565,0.002915451895043732,0.0006514855644868552,3
017462,0,0,0,0,0,0,0,0,0,0,0,0,0,0,0,0,0,0,0,0,0,0.3163538873994638,0.0014577259475218659,0.00025633662999302516,1
017463,0,0,0,0,0,0,0,0,0,0,0,0,0,0,0,0,0,0,0,0,0,0.08042895442359249,0.0058309037900874635,0.0014697759024237345,3
017464,0,0,0,0,0,0,0,0,0,0,0,0,0,0,0,0,0,0,0,0,0,0.8418230563002681,0.0,5.950846545848007e-05,0
017466,0,0,0,0,0,0,0,0,0,0,0,0,0,0,0,0,0,0,0,0,0,0.0482573726541555,0.0014577259475218659,0.00047019517773443786,3
017468,0,0,0,0,0,0,0,0,0,0,0,0,0,0,0,0,0,0,0,0,0,0.0482573726541555,0.0014577259475218659,1.3898358709052909e-05,3
017469,0,0,0,0,0,0,0,0,0,0,0,0,0,0,0,0,0,0,0,0,0,0.08042895442359249,0.0058309037900874635,0.0006669009975620371,3
017470,0,0,0,0,0,0,0,0,0,0,0,0,0,0,0,0,0,0,0,0,0,0.2359249329758713,0.0058309037900874635,0.00022912716716825957,3
017472,0,0,0,0,0,0,0,0,0,0,0,0,0,0,0,0,0,0,0,0,0,1.0187667560321716,0.002915451895043732,0.000909853116615182,0
017475,0,0,0,0,0,0,0,0,0,0,0,0,0,0,0,0,0,0,0,0,0,0.41823056300268097,0.0,6.043828523126881e-05,1
017480,0,0,0,0,0,0,0,0,0,0,0,0,0,0,0,0,0,0,0,0,0,0.4128686327077748,0.0,0.00012731190204789134,1
017481,0,0,0,0,0,0,0,0,0,0,0,0,0,0,0,0,0,0,0,0,0,0.0160857908847185,0.004373177842565598,0.000511107247737143,3
017483,0,0,0,0,0,0,0,0,0,0,0,0,0,0,0,0,0,0,0,0,0,0.34316353887399464,0.002915451895043732,0.000167343090160586,1
017486,0,0,0,0,0,0,0,0,0,0,0,0,0,0,0,0,0,0,0,0,0,1.3941018766756033,0.0,0.00016966763959255787,2
017489,0,0,0,0,0,0,0,0,0,0,0,0,0,0,0,0,0,0,0,0,0,0.3109919571045576,0.0014577259475218659,7.60005319547858e-05,1
017490,0,0,0,0,0,0,0,0,0,0,0,0,0,0,0,0,0,0,0,0,0,0.0,0.008746355685131194,0.000558625931914926,3
017491,0,0,0,0,0,0,0,0,0,0,0,0,0,0,0,0,0,0,0,0,0,0.0,0.013119533527696792,0.0008831819705009784,3
017492,0,0,0,0,0,0,0,0,0,0,0,0,0,0,0,0,0,0,0,0,0,1.324396782841823,0.0,0.0001030387121898271,0
017495,0,0,0,0,0,0,0,0,0,0,0,0,0,0,0,0,0,0,0,0,0,0.03753351206434316,0.0014577259475218659,0.00024270742963925318,3
017496,0,0,0,0,0,0,0,0,0,0,0,0,0,0,0,0,0,0,0,0,0,1.9195710455764075,0.0,0.00012596611027148656,2
017498,0,0,0,0,0,0,0,0,0,0,0,0,0,0,0,0,0,0,0,0,0,0.40214477211796246,0.0,8.358590378543086e-05,1
017499,0,0,0,0,0,0,0,0,0,0,0,0,0,0,0,0,0,0,0,0,0,1.549597855227882,0.0,0.00016971657747533623,2
017500,0,0,0,0,0,0,0,0,0,0,0,0,0,0,0,0,0,0,0,0,0,0.08579088471849866,0.002915451895043732,0.0006639157867125574,3
017501,0,0,0,0,0,0,0,0,0,0,0,0,0,0,0,0,0,0,0,0,0,1.1796246648793567,0.0014577259475218659,0.00015349366933431143,0
017502,0,0,0,0,0,0,0,0,0,0,0,0,0,0,0,0,0,0,0,0,0,0.04289544235924933,0.004373177842565598,0.0001920811899050446,3
017503,0,0,0,0,0,0,0,0,0,0,0,0,0,0,0,0,0,0,0,0,0,0.010723860589812333,0.0014577259475218659,0.00021601181458366035,3
017504,0,0,0,0,0,0,0,0,0,0,0,0,0,0,0,0,0,0,0,0,0,1.0991957104557641,0.011661807580174927,0.0010591136590891656,0
017505,0,0,0,0,0,0,0,0,0,0,0,0,0,0,0,0,0,0,0,0,0,0.8579088471849866,0.0014577259475218659,0.0003753535609099852,0
017506,0,0,0,0,0,0,0,0,0,0,0,0,0,0,0,0,0,0,0,0,0,0.40214477211796246,0.0,0.0001240820017845199,1
017507,0,0,0,0,0,0,0,0,0,0,0,0,0,0,0,0,0,0,0,0,0,1.3994638069705094,0.0014577259475218659,0.0005727200421550922,2
017509,0,0,0,0,0,0,0,0,0,0,0,0,0,0,0,0,0,0,0,0,0,0.30563002680965146,0.01020408163265306,0.0020228473846433167,1
017510,0,0,0,0,0,0,0,0,0,0,0,0,0,0,0,0,0,0,0,0,0,0.128686327077748,0.0,0.00010778568681932757,3
017511,0,0,0,0,0,0,0,0,0,0,0,0,0,0,0,0,0,0,0,0,0,0.010723860589812333,0.043731778425655975,0.005434821040891639,3
017512,0,0,0,0,0,0,0,0,0,0,0,0,0,0,0,0,0,0,0,0,0,0.15013404825737264,0.013119533527696792,0.0005017111742436987,3
017513,0,0,0,0,0,0,0,0,0,0,0,0,0,0,0,0,0,0,0,0,0,0.38069705093833783,0.0,4.025140858519725e-05,1
017514,0,0,0,0,0,0,0,0,0,0,0,0,0,0,0,0,0,0,0,0,0,0.6809651474530831,0.0,0.00021765123365673526,1
017515,0,0,0,0,0,0,0,0,0,0,0,0,0,0,0,0,0,0,0,0,0,0.16085790884718498,0.004373177842565598,0.0007959257255071708,3
017516,0,0,0,0,0,0,0,0,0,0,0,0,0,0,0,0,0,0,0,0,0,0.07506702412868632,0.0058309037900874635,0.0009245100125072995,3
017517,0,0,0,0,0,0,0,0,0,0,0,0,0,0,0,0,0,0,0,0,0,1.6514745308310992,0.0,6.7901312354968e-05,2
017519,0,0,0,0,0,0,0,0,0,0,0,0,0,0,0,0,0,0,0,0,0,0.08579088471849866,0.00728862973760933,0.0006254506108487702,3
017520,0,0,0,0,0,0,0,0,0,0,0,0,0,0,0,0,0,0,0,0,0,0.28418230563002683,0.0,0.00024165526515951852,1
017521,0,0,0,0,0,0,0,0,0,0,0,0,0,0,0,0,0,0,0,0,0,0.1554959785522788,0.002915451895043732,0.00021327129314807245,3
017522,0,0,0,0,0,0,0,0,0,0,0,0,0,0,0,0,0,0,0,0,0,0.005361930294906166,0.0058309037900874635,0.0003469206510157608,3
017523,0,0,0,0,0,0,0,0,0,0,0,0,0,0,0,0,0,0,0,0,0,0.053619302949061656,0.004373177842565598,0.0002521769099568649,3
017524,0,0,0,0,0,0,0,0,0,0,0,0,0,0,0,0,0,0,0,0,0,1.9302949061662198,0.0,2.2951867023048643e-05,2
017525,0,0,0,0,0,0,0,0,0,0,0,0,0,0,0,0,0,0,0,0,0,1.9249329758713136,0.0,0.0001318386562048892,2
017526,0,0,0,0,0,0,0,0,0,0,0,0,0,0,0,0,0,0,0,0,0,0.021447721179624665,0.004373177842565598,0.0002425361470495289,3
017527,0,0,0,0,0,0,0,0,0,0,0,0,0,0,0,0,0,0,0,0,0,0.28418230563002683,0.004373177842565598,0.00039162540693378836,1
017528,0,0,0,0,0,0,0,0,0,0,0,0,0,0,0,0,0,0,0,0,0,0.0,0.01020408163265306,0.0019569525254822615,3
017530,0,0,0,0,0,0,0,0,0,0,0,0,0,0,0,0,0,0,0,0,0,0.0,0.013119533527696792,0.002242284851021462,3
017531,0,0,0,0,0,0,0,0,0,0,0,0,0,0,0,0,0,0,0,0,0,1.0134048257372654,0.0,0.00014086769557749578,0
017534,0,0,0,0,0,0,0,0,0,0,0,0,0,0,0,0,0,0,0,0,0,0.28418230563002683,0.0,5.855417674430214e-05,1
017535,0,0,0,0,0,0,0,0,0,0,0,0,0,0,0,0,0,0,0,0,0,1.4959785522788205,0.0,4.644205075665919e-05,2
017536,0,0,0,0,0,0,0,0,0,0,0,0,0,0,0,0,0,0,0,0,0,0.9436997319034852,0.0,9.317772880998851e-05,0
017537,0,0,0,0,0,0,0,0,0,0,0,0,0,0,0,0,0,0,0,0,0,0.1554959785522788,0.0014577259475218659,0.00048781281553464574,3
017538,0,0,0,0,0,0,0,0,0,0,0,0,0,0,0,0,0,0,0,0,0,0.13404825737265416,0.0,2.5863671048360782e-05,3
017540,0,0,0,0,0,0,0,0,0,0,0,0,0,0,0,0,0,0,0,0,0,0.128686327077748,0.0014577259475218659,0.00021576712516976855,3
017542,0,0,0,0,0,0,0,0,0,0,0,0,0,0,0,0,0,0,0,0,0,1.4423592493297588,0.0,0.00015765338937047163,2
017545,0,0,0,0,0,0,0,0,0,0,0,0,0,0,0,0,0,0,0,0,0,0.225201072386059,0.002915451895043732,0.0008816404271934602,3
017548,0,0,0,0,0,0,0,0,0,0,0,0,0,0,0,0,0,0,0,0,0,1.2493297587131367,0.0,2.9313791784234832e-05,0
017549,0,0,0,0,0,0,0,0,0,0,0,0,0,0,0,0,0,0,0,0,0,0.12332439678284182,0.0014577259475218659,2.5521105868912292e-05,3
017550,0,0,0,0,0,0,0,0,0,0,0,0,0,0,0,0,0,0,0,0,0,1.0509383378016086,0.002915451895043732,0.0003056415468922181,0
017551,0,0,0,0,0,0,0,0,0,0,0,0,0,0,0,0,0,0,0,0,0,1.9195710455764075,0.0,0.00026695615055592824,2
017552,0,0,0,0,0,0,0,0,0,0,0,0,0,0,0,0,0,0,0,0,0,0.3163538873994638,0.004373177842565598,0.0002703573334090239,1
017553,0,0,0,0,0,0,0,0,0,0,0,0,0,0,0,0,0,0,0,0,0,0.6916890080428955,0.0,1.4754771657674128e-05,1
017554,0,0,0,0,0,0,0,0,0,0,0,0,0,0,0,0,0,0,0,0,0,0.0,0.0058309037900874635,0.0006583613370172142,3
017555,0,0,0,0,0,0,0,0,0,0,0,0,0,0,0,0,0,0,0,0,0,0.10187667560321716,0.0014577259475218659,0.000566211303745571,3
017556,0,0,0,0,0,0,0,0,0,0,0,0,0,0,0,0,0,0,0,0,0,1.0991957104557641,0.0,6.973648295915632e-05,0
017557,0,0,0,0,0,0,0,0,0,0,0,0,0,0,0,0,0,0,0,0,0,0.06970509383378015,0.002915451895043732,0.00022438019253875912,3
017560,0,0,0,0,0,0,0,0,0,0,0,0,0,0,0,0,0,0,0,0,0,0.5040214477211796,0.004373177842565598,0.00021806720566035128,1
017561,0,0,0,0,0,0,0,0,0,0,0,0,0,0,0,0,0,0,0,0,0,0.09651474530831099,0.0,0.0002353178093397215,3
017562,0,0,0,0,0,0,0,0,0,0,0,0,0,0,0,0,0,0,0,0,0,0.06970509383378015,0.008746355685131194,0.000291987877597057,3
017564,0,0,0,0,0,0,0,0,0,0,0,0,0,0,0,0,0,0,0,0,0,0.12332439678284182,0.002915451895043732,0.00044589751893498445,3
017566,0,0,0,0,0,0,0,0,0,0,0,0,0,0,0,0,0,0,0,0,0,0.03753351206434316,0.0014577259475218659,0.0009866611236358106,3
017567,0,0,0,0,0,0,0,0,0,0,0,0,0,0,0,0,0,0,0,0,0,0.03217158176943699,0.01020408163265306,0.0009481470098892451,3
017569,0,0,0,0,0,0,0,0,0,0,0,0,0,0,0,0,0,0,0,0,0,1.774798927613941,0.0,0.00023752001406474748,2
017571,0,0,0,0,0,0,0,0,0,0,0,0,0,0,0,0,0,0,0,0,0,0.26273458445040215,0.004373177842565598,0.0020175620933032545,3
017572,0,0,0,0,0,0,0,0,0,0,0,0,0,0,0,0,0,0,0,0,0,0.37533512064343166,0.004373177842565598,9.23213158613673e-05,1
017573,0,0,0,0,0,0,0,0,0,0,0,0,0,0,0,0,0,0,0,0,0,0.15013404825737264,0.002915451895043732,0.00013433448822658533,3
017574,0,0,0,0,0,0,0,0,0,0,0,0,0,0,0,0,0,0,0,0,0,1.2975871313672922,0.0,6.450012950187229e-05,0
017576,0,0,0,0,0,0,0,0,0,0,0,0,0,0,0,0,0,0,0,0,0,0.03753351206434316,0.026239067055393583,0.0030322401548296737,3
017578,0,0,0,0,0,0,0,0,0,0,0,0,0,0,0,0,0,0,0,0,0,1.1635388739946382,0.0,1.531755730962521e-05,0
017579,0,0,0,0,0,0,0,0,0,0,0,0,0,0,0,0,0,0,0,0,0,0.021447721179624665,0.002915451895043732,0.00030250952239440336,3
017580,0,0,0,0,0,0,0,0,0,0,0,0,0,0,0,0,0,0,0,0,0,1.351206434316354,0.002915451895043732,0.00023715297994390984,2
017581,0,0,0,0,0,0,0,0,0,0,0,0,0,0,0,0,0,0,0,0,0,0.0,0.03498542274052478,0.0033564291592948882,3
017582,0,0,0,0,0,0,0,0,0,0,0,0,0,0,0,0,0,0,0,0,0,1.260053619302949,0.0,0.0001510223062540045,0
017584,0,0,0,0,0,0,0,0,0,0,0,0,0,0,0,0,0,0,0,0,0,0.03217158176943699,0.0014577259475218659,0.00034068107096152053,3
017585,0,0,0,0,0,0,0,0,0,0,0,0,0,0,0,0,0,0,0,0,0,0.579088471849866,0.004373177842565598,0.0007227146528707513,1
017588,0,0,0,0,0,0,0,0,0,0,0,0,0,0,0,0,0,0,0,0,0,0.5308310991957105,0.002915451895043732,0.000292403849600673,1
017589,0,0,0,0,0,0,0,0,0,0,0,0,0,0,0,0,0,0,0,0,0,0.3163538873994638,0.004373177842565598,0.0013459385900531063,1
017590,0,0,0,0,0,0,0,0,0,0,0,0,0,0,0,0,0,0,0,0,0,0.005361930294906166,0.002915451895043732,0.0013119756994049276,3
017591,0,0,0,0,0,0,0,0,0,0,0,0,0,0,0,0,0,0,0,0,0,0.38605898123324395,0.008746355685131194,0.001434320406350816,1
017593,0,0,0,0,0,0,0,0,0,0,0,0,0,0,0,0,0,0,0,0,0,0.0160857908847185,0.0058309037900874635,0.0013010625515453543,3
017594,0,0,0,0,0,0,0,0,0,0,0,0,0,0,0,0,0,0,0,0,0,0.450402144772118,0.0014577259475218659,0.00023705510417835313,1
017595,0,0,0,0,0,0,0,0,0,0,0,0,0,0,0,0,0,0,0,0,0,0.058981233243967826,0.0014577259475218659,0.0005068496519354261,3
017596,0,0,0,0,0,0,0,0,0,0,0,0,0,0,0,0,0,0,0,0,0,0.11796246648793565,0.008746355685131194,0.0012650687387618742,3
017597,0,0,0,0,0,0,0,0,0,0,0,0,0,0,0,0,0,0,0,0,0,1.1420911528150135,0.0,0.00045705535620844945,0
017600,0,0,0,0,0,0,0,0,0,0,0,0,0,0,0,0,0,0,0,0,0,0.09115281501340483,0.0,0.00011189646897270941,3
017601,0,0,0,0,0,0,0,0,0,0,0,0,0,0,0,0,0,0,0,0,0,1.2761394101876675,0.0,3.508846195208076e-05,0
017602,0,0,0,0,0,0,0,0,0,0,0,0,0,0,0,0,0,0,0,0,0,0.005361930294906166,0.00728862973760933,0.0026941283227140166,3
017603,0,0,0,0,0,0,0,0,0,0,0,0,0,0,0,0,0,0,0,0,0,0.4128686327077748,0.0,0.0003600604725417492,1
017604,0,0,0,0,0,0,0,0,0,0,0,0,0,0,0,0,0,0,0,0,0,1.158176943699732,0.0014577259475218659,0.00039025514621599444,0
017608,0,0,0,0,0,0,0,0,0,0,0,0,0,0,0,0,0,0,0,0,0,0.17158176943699732,0.0014577259475218659,0.00016604623626695957,3
017609,0,0,0,0,0,0,0,0,0,0,0,0,0,0,0,0,0,0,0,0,0,0.21447721179624665,0.0058309037900874635,0.0013377414946877317,3
017611,0,0,0,0,0,0,0,0,0,0,0,0,0,0,0,0,0,0,0,0,0,0.03217158176943699,0.02040816326530612,0.0035643906921615093,3
017612,0,0,0,0,0,0,0,0,0,0,0,0,0,0,0,0,0,0,0,0,0,0.27882037533512066,0.00728862973760933,0.0008506138095119829,1
017613,0,0,0,0,0,0,0,0,0,0,0,0,0,0,0,0,0,0,0,0,0,0.11796246648793565,0.018950437317784254,0.0020189812919038266,3
017614,0,0,0,0,0,0,0,0,0,0,0,0,0,0,0,0,0,0,0,0,0,0.3002680965147453,0.0,0.000540739135759437,1
017615,0,0,0,0,0,0,0,0,0,0,0,0,0,0,0,0,0,0,0,0,0,0.6916890080428955,0.002915451895043732,0.00013355148210213164,1
017616,0,0,0,0,0,0,0,0,0,0,0,0,0,0,0,0,0,0,0,0,0,0.9276139410187668,0.002915451895043732,1.8302768159104883e-05,0
017618,0,0,0,0,0,0,0,0,0,0,0,0,0,0,0,0,0,0,0,0,0,0.02680965147453083,0.002915451895043732,0.0008169934840432529,3
017619,0,0,0,0,0,0,0,0,0,0,0,0,0,0,0,0,0,0,0,0,0,1.6675603217158177,0.0,0.00033940868600928326,2
017620,0,0,0,0,0,0,0,0,0,0,0,0,0,0,0,0,0,0,0,0,0,0.3163538873994638,0.0,2.6573270348646933e-05,1
017621,0,0,0,0,0,0,0,0,0,0,0,0,0,0,0,0,0,0,0,0,0,0.10723860589812333,0.002915451895043732,0.00019912824502512776,3
017623,0,0,0,0,0,0,0,0,0,0,0,0,0,0,0,0,0,0,0,0,0,0.17158176943699732,0.0,0.0002314027787174531,3
017624,0,0,0,0,0,0,0,0,0,0,0,0,0,0,0,0,0,0,0,0,0,0.07506702412868632,0.0014577259475218659,0.0003614796711423215,3
017625,0,0,0,0,0,0,0,0,0,0,0,0,0,0,0,0,0,0,0,0,0,0.09115281501340483,0.004373177842565598,0.001957025932306429,3
017628,0,0,0,0,0,0,0,0,0,0,0,0,0,0,0,0,0,0,0,0,0,0.4289544235924933,0.0,2.9069102370343057e-05,1
017629,0,0,0,0,0,0,0,0,0,0,0,0,0,0,0,0,0,0,0,0,0,0.02680965147453083,0.01020408163265306,0.0006273347193357368,3
017630,0,0,0,0,0,0,0,0,0,0,0,0,0,0,0,0,0,0,0,0,0,0.9061662198391421,0.0014577259475218659,0.0004974046405592035,0
017631,0,0,0,0,0,0,0,0,0,0,0,0,0,0,0,0,0,0,0,0,0,0.005361930294906166,0.002915451895043732,0.00035389429931167646,3
017633,0,0,0,0,0,0,0,0,0,0,0,0,0,0,0,0,0,0,0,0,0,0.16085790884718498,0.004373177842565598,0.0004787348382792608,3
017634,0,0,0,0,0,0,0,0,0,0,0,0,0,0,0,0,0,0,0,0,0,0.18766756032171583,0.011661807580174927,0.0027078798677747343,3
017636,0,0,0,0,0,0,0,0,0,0,0,0,0,0,0,0,0,0,0,0,0,0.09651474530831099,0.0,0.00011657003677804235,3
017637,0,0,0,0,0,0,0,0,0,0,0,0,0,0,0,0,0,0,0,0,0,0.16085790884718498,0.0014577259475218659,0.0002935783587873535,3
017639,0,0,0,0,0,0,0,0,0,0,0,0,0,0,0,0,0,0,0,0,0,1.4745308310991958,0.0,9.403414175860973e-05,2
017640,0,0,0,0,0,0,0,0,0,0,0,0,0,0,0,0,0,0,0,0,0,0.4611260053619303,0.0,3.097767979869891e-05,1
017642,0,0,0,0,0,0,0,0,0,0,0,0,0,0,0,0,0,0,0,0,0,0.6380697050938338,0.0014577259475218659,0.00022893141563714615,1
017643,0,0,0,0,0,0,0,0,0,0,0,0,0,0,0,0,0,0,0,0,0,1.9946380697050938,0.0,7.825167456259013e-05,2
017644,0,0,0,0,0,0,0,0,0,0,0,0,0,0,0,0,0,0,0,0,0,0.0,0.014577259475218658,0.0010643989504292282,3
017646,0,0,0,0,0,0,0,0,0,0,0,0,0,0,0,0,0,0,0,0,0,1.1689008042895443,0.002915451895043732,0.0005931760771564448,0
017647,0,0,0,0,0,0,0,0,0,0,0,0,0,0,0,0,0,0,0,0,0,0.34316353887399464,0.0,0.00012114572881781858,1
017648,0,0,0,0,0,0,0,0,0,0,0,0,0,0,0,0,0,0,0,0,0,0.32171581769436997,0.004373177842565598,0.0012323782330659328,1
017649,0,0,0,0,0,0,0,0,0,0,0,0,0,0,0,0,0,0,0,0,0,0.7345844504021448,0.0,0.0004552446545456503,1
017650,0,0,0,0,0,0,0,0,0,0,0,0,0,0,0,0,0,0,0,0,0,0.10723860589812333,0.0,3.670341208376649e-05,3
017651,0,0,0,0,0,0,0,0,0,0,0,0,0,0,0,0,0,0,0,0,0,0.058981233243967826,0.013119533527696792,0.0011366067964686914,3
017652,0,0,0,0,0,0,0,0,0,0,0,0,0,0,0,0,0,0,0,0,0,0.128686327077748,0.016034985422740525,0.002119303951599455,3
017653,0,0,0,0,0,0,0,0,0,0,0,0,0,0,0,0,0,0,0,0,0,0.19302949061662197,0.004373177842565598,0.0004376759546282207,3
017654,0,0,0,0,0,0,0,0,0,0,0,0,0,0,0,0,0,0,0,0,0,1.479892761394102,0.0,0.0001695208259442228,2
017655,0,0,0,0,0,0,0,0,0,0,0,0,0,0,0,0,0,0,0,0,0,0.053619302949061656,0.008746355685131194,0.0010742109959262884,3
017656,0,0,0,0,0,0,0,0,0,0,0,0,0,0,0,0,0,0,0,0,0,0.38605898123324395,0.0058309037900874635,0.000555885410479338,1
017658,0,0,0,0,0,0,0,0,0,0,0,0,0,0,0,0,0,0,0,0,0,0.13404825737265416,0.0014577259475218659,0.00011864989679612244,3
017659,0,0,0,0,0,0,0,0,0,0,0,0,0,0,0,0,0,0,0,0,0,0.08579088471849866,0.016034985422740525,0.0015619504046367665,3
017660,0,0,0,0,0,0,0,0,0,0,0,0,0,0,0,0,0,0,0,0,0,0.7506702412868633,0.0,0.0002202204725025989,0
017663,0,0,0,0,0,0,0,0,0,0,0,0,0,0,0,0,0,0,0,0,0,0.13404825737265416,0.008746355685131194,0.0008409241087218687,3
017664,0,0,0,0,0,0,0,0,0,0,0,0,0,0,0,0,0,0,0,0,0,0.09651474530831099,0.0014577259475218659,0.0002012570429259862,3
017666,0,0,0,0,0,0,0,0,0,0,0,0,0,0,0,0,0,0,0,0,0,0.0160857908847185,0.0014577259475218659,8.32188696645932e-05,3
017667,0,0,0,0,0,0,0,0,0,0,0,0,0,0,0,0,0,0,0,0,0,0.3485254691689008,0.0058309037900874635,0.001039881071157272,1
017668,0,0,0,0,0,0,0,0,0,0,0,0,0,0,0,0,0,0,0,0,0,0.0,0.0014577259475218659,0.0002688647279842841,3
017669,0,0,0,0,0,0,0,0,0,0,0,0,0,0,0,0,0,0,0,0,0,0.225201072386059,0.008746355685131194,0.00030867569562447616,3
017670,0,0,0,0,0,0,0,0,0,0,0,0,0,0,0,0,0,0,0,0,0,1.2171581769436997,0.0,6.93205109555403e-05,0
017671,0,0,0,0,0,0,0,0,0,0,0,0,0,0,0,0,0,0,0,0,0,0.08042895442359249,0.004373177842565598,0.00041423470877738854,3
017672,0,0,0,0,0,0,0,0,0,0,0,0,0,0,0,0,0,0,0,0,0,0.26273458445040215,0.0014577259475218659,0.0008963707299097451,3
017673,0,0,0,0,0,0,0,0,0,0,0,0,0,0,0,0,0,0,0,0,0,0.0,0.00728862973760933,0.0008901800877382833,3
017674,0,0,0,0,0,0,0,0,0,0,0,0,0,0,0,0,0,0,0,0,0,0.3914209115281501,0.0014577259475218659,4.9720888902809e-05,1
017675,0,0,0,0,0,0,0,0,0,0,0,0,0,0,0,0,0,0,0,0,0,0.0,0.043731778425655975,0.006104022118944259,3
017676,0,0,0,0,0,0,0,0,0,0,0,0,0,0,0,0,0,0,0,0,0,0.0160857908847185,0.00728862973760933,0.00036233608409094275,3
017677,0,0,0,0,0,0,0,0,0,0,0,0,0,0,0,0,0,0,0,0,0,0.005361930294906166,0.04227405247813411,0.0020325370854334312,3
017678,0,0,0,0,0,0,0,0,0,0,0,0,0,0,0,0,0,0,0,0,0,1.4101876675603218,0.0,8.710943134547247e-05,2
017679,0,0,0,0,0,0,0,0,0,0,0,0,0,0,0,0,0,0,0,0,0,0.27882037533512066,0.0014577259475218659,0.00038930085750181655,1
017680,0,0,0,0,0,0,0,0,0,0,0,0,0,0,0,0,0,0,0,0,0,0.12332439678284182,0.0,7.494836747505116e-05,3
017682,0,0,0,0,0,0,0,0,0,0,0,0,0,0,0,0,0,0,0,0,0,0.0482573726541555,0.00728862973760933,0.000692764668610398,3
017684,0,0,0,0,0,0,0,0,0,0,0,0,0,0,0,0,0,0,0,0,0,0.23056300268096513,0.0,0.00010661117763264705,3
017685,0,0,0,0,0,0,0,0,0,0,0,0,0,0,0,0,0,0,0,0,0,0.08579088471849866,0.008746355685131194,0.0006360701314116733,3
017686,0,0,0,0,0,0,0,0,0,0,0,0,0,0,0,0,0,0,0,0,0,0.03217158176943699,0.008746355685131194,0.0027000742754715867,3
017690,0,0,0,0,0,0,0,0,0,0,0,0,0,0,0,0,0,0,0,0,0,0.1554959785522788,0.02040816326530612,0.003574961274841634,3
017691,0,0,0,0,0,0,0,0,0,0,0,0,0,0,0,0,0,0,0,0,0,1.9142091152815013,0.0014577259475218659,0.00015777573407741753,2
017692,0,0,0,0,0,0,0,0,0,0,0,0,0,0,0,0,0,0,0,0,0,0.675603217158177,0.004373177842565598,0.000185107541609129,1
017693,0,0,0,0,0,0,0,0,0,0,0,0,0,0,0,0,0,0,0,0,0,0.7292225201072386,0.0,8.111454070512393e-05,1
017694,0,0,0,0,0,0,0,0,0,0,0,0,0,0,0,0,0,0,0,0,0,0.7560321715817695,0.0,9.533099565223615e-05,0
017695,0,0,0,0,0,0,0,0,0,0,0,0,0,0,0,0,0,0,0,0,0,0.7024128686327078,0.0014577259475218659,0.00010678246022237129,1
017696,0,0,0,0,0,0,0,0,0,0,0,0,0,0,0,0,0,0,0,0,0,0.19839142091152814,0.01020408163265306,0.0006710851865395865,3
017697,0,0,0,0,0,0,0,0,0,0,0,0,0,0,0,0,0,0,0,0,0,1.260053619302949,0.0,0.00023595400181584012,0
017698,0,0,0,0,0,0,0,0,0,0,0,0,0,0,0,0,0,0,0,0,0,1.3941018766756033,0.0,4.142591777187778e-05,2
017700,0,0,0,0,0,0,0,0,0,0,0,0,0,0,0,0,0,0,0,0,0,0.08579088471849866,0.004373177842565598,0.0011002948874471517,3
017701,0,0,0,0,0,0,0,0,0,0,0,0,0,0,0,0,0,0,0,0,0,1.351206434316354,0.0,0.0003375001085809274,2
017702,0,0,0,0,0,0,0,0,0,0,0,0,0,0,0,0,0,0,0,0,0,0.1554959785522788,0.004373177842565598,0.00031557593709622425,3
017703,0,0,0,0,0,0,0,0,0,0,0,0,0,0,0,0,0,0,0,0,0,0.18230563002680966,0.002915451895043732,0.0002206609134476041,3
017704,0,0,0,0,0,0,0,0,0,0,0,0,0,0,0,0,0,0,0,0,0,0.900804289544236,0.0014577259475218659,0.00029683272799211415,0
017705,0,0,0,0,0,0,0,0,0,0,0,0,0,0,0,0,0,0,0,0,0,0.010723860589812333,0.011661807580174927,0.0007524933545413805,3
017706,0,0,0,0,0,0,0,0,0,0,0,0,0,0,0,0,0,0,0,0,0,0.0160857908847185,0.023323615160349854,0.003930494993226385,3
017707,0,0,0,0,0,0,0,0,0,0,0,0,0,0,0,0,0,0,0,0,0,0.9865951742627346,0.0014577259475218659,2.123904112580621e-05,0
017708,0,0,0,0,0,0,0,0,0,0,0,0,0,0,0,0,0,0,0,0,0,1.002680965147453,0.0014577259475218659,0.00026884025904289494,0
017709,0,0,0,0,0,0,0,0,0,0,0,0,0,0,0,0,0,0,0,0,0,0.9061662198391421,0.0,0.00022237373934484657,0
017711,0,0,0,0,0,0,0,0,0,0,0,0,0,0,0,0,0,0,0,0,0,0.053619302949061656,0.0014577259475218659,0.00013763779531412431,3
017712,0,0,0,0,0,0,0,0,0,0,0,0,0,0,0,0,0,0,0,0,0,0.2359249329758713,0.0,0.00033062433605056846,3
017714,0,0,0,0,0,0,0,0,0,0,0,0,0,0,0,0,0,0,0,0,0,1.7158176943699732,0.0,4.9745357844198174e-05,2
017715,0,0,0,0,0,0,0,0,0,0,0,0,0,0,0,0,0,0,0,0,0,1.0723860589812333,0.0,1.6638880144640807e-06,0
017716,0,0,0,0,0,0,0,0,0,0,0,0,0,0,0,0,0,0,0,0,0,0.11796246648793565,0.014577259475218658,0.0015163158289459504,3
017718,0,0,0,0,0,0,0,0,0,0,0,0,0,0,0,0,0,0,0,0,0,1.2386058981233243,0.0,6.112341559016577e-05,0
017719,0,0,0,0,0,0,0,0,0,0,0,0,0,0,0,0,0,0,0,0,0,0.19839142091152814,0.02040816326530612,0.003000626282554856,3
017720,0,0,0,0,0,0,0,0,0,0,0,0,0,0,0,0,0,0,0,0,0,0.13404825737265416,0.004373177842565598,0.0006644296344817301,3
017722,0,0,0,0,0,0,0,0,0,0,0,0,0,0,0,0,0,0,0,0,0,0.5093833780160858,0.004373177842565598,0.0009409776100622161,1
017723,0,0,0,0,0,0,0,0,0,0,0,0,0,0,0,0,0,0,0,0,0,0.675603217158177,0.00728862973760933,9.917261945033705e-05,1
017724,0,0,0,0,0,0,0,0,0,0,0,0,0,0,0,0,0,0,0,0,0,0.37533512064343166,0.002915451895043732,0.0004274234681861553,1
017725,0,0,0,0,0,0,0,0,0,0,0,0,0,0,0,0,0,0,0,0,0,0.08042895442359249,0.014577259475218658,0.0012117264465334667,3
017727,0,0,0,0,0,0,0,0,0,0,0,0,0,0,0,0,0,0,0,0,0,0.07506702412868632,0.0,0.0005052591707451295,3
017728,0,0,0,0,0,0,0,0,0,0,0,0,0,0,0,0,0,0,0,0,0,0.0160857908847185,0.002915451895043732,0.0013427086897897346,3
017730,0,0,0,0,0,0,0,0,0,0,0,0,0,0,0,0,0,0,0,0,0,0.010723860589812333,0.01749271137026239,0.0010609977675761324,3
017731,0,0,0,0,0,0,0,0,0,0,0,0,0,0,0,0,0,0,0,0,0,0.41823056300268097,0.004373177842565598,0.0008401900404801932,1
017732,0,0,0,0,0,0,0,0,0,0,0,0,0,0,0,0,0,0,0,0,0,1.9946380697050938,0.0,0.0002175778268325677,2
017733,0,0,0,0,0,0,0,0,0,0,0,0,0,0,0,0,0,0,0,0,0,0.2037533512064343,0.0014577259475218659,0.00025300885396409696,3
017734,0,0,0,0,0,0,0,0,0,0,0,0,0,0,0,0,0,0,0,0,0,0.28418230563002683,0.002915451895043732,0.00030439363088137,1
017735,0,0,0,0,0,0,0,0,0,0,0,0,0,0,0,0,0,0,0,0,0,0.005361930294906166,0.026239067055393583,0.0037012454813511795,3
017736,0,0,0,0,0,0,0,0,0,0,0,0,0,0,0,0,0,0,0,0,0,0.04289544235924933,0.002915451895043732,0.0003189771199493199,3
017737,0,0,0,0,0,0,0,0,0,0,0,0,0,0,0,0,0,0,0,0,0,0.04289544235924933,0.0014577259475218659,5.865205250985885e-05,3
017738,0,0,0,0,0,0,0,0,0,0,0,0,0,0,0,0,0,0,0,0,0,0.09651474530831099,0.004373177842565598,0.000844839139344137,3
017739,0,0,0,0,0,0,0,0,0,0,0,0,0,0,0,0,0,0,0,0,0,0.058981233243967826,0.008746355685131194,0.0005254705163325903,3
017742,0,0,0,0,0,0,0,0,0,0,0,0,0,0,0,0,0,0,0,0,0,0.6005361930294906,0.0014577259475218659,0.0003260731129521815,1
017744,0,0,0,0,0,0,0,0,0,0,0,0,0,0,0,0,0,0,0,0,0,0.0160857908847185,0.00728862973760933,0.0002971018863473951,3
017746,0,0,0,0,0,0,0,0,0,0,0,0,0,0,0,0,0,0,0,0,0,1.2815013404825737,0.0,8.387953108210101e-05,0
017747,0,0,0,0,0,0,0,0,0,0,0,0,0,0,0,0,0,0,0,0,0,0.6005361930294906,0.0,1.4143048122944685e-05,1
017749,0,0,0,0,0,0,0,0,0,0,0,0,0,0,0,0,0,0,0,0,0,0.9490616621983914,0.0014577259475218659,0.0003928243850618581,0
017750,0,0,0,0,0,0,0,0,0,0,0,0,0,0,0,0,0,0,0,0,0,0.021447721179624665,0.011661807580174927,0.00031237050577424195,3
017752,0,0,0,0,0,0,0,0,0,0,0,0,0,0,0,0,0,0,0,0,0,1.9195710455764075,0.0,6.117235347294414e-07,2
017754,0,0,0,0,0,0,0,0,0,0,0,0,0,0,0,0,0,0,0,0,0,0.0,0.0058309037900874635,0.00022234927040345738,3
017757,0,0,0,0,0,0,0,0,0,0,0,0,0,0,0,0,0,0,0,0,0,0.0,0.04227405247813411,0.004983491416968256,3
017758,0,0,0,0,0,0,0,0,0,0,0,0,0,0,0,0,0,0,0,0,0,0.09651474530831099,0.01020408163265306,0.002394359321755201,3
017759,0,0,0,0,0,0,0,0,0,0,0,0,0,0,0,0,0,0,0,0,0,0.08579088471849866,0.002915451895043732,0.000526547149753714,3
017760,0,0,0,0,0,0,0,0,0,0,0,0,0,0,0,0,0,0,0,0,0,0.11260053619302948,0.0014577259475218659,0.00013854314614552388,3
017761,0,0,0,0,0,0,0,0,0,0,0,0,0,0,0,0,0,0,0,0,0,0.17158176943699732,0.0,0.00014566360808977458,3
017763,0,0,0,0,0,0,0,0,0,0,0,0,0,0,0,0,0,0,0,0,0,1.4048257372654156,0.0,2.642645670031187e-06,2
017764,0,0,0,0,0,0,0,0,0,0,0,0,0,0,0,0,0,0,0,0,0,0.2680965147453083,0.0014577259475218659,0.0005784947123229382,3
017765,0,0,0,0,0,0,0,0,0,0,0,0,0,0,0,0,0,0,0,0,0,0.8471849865951743,0.002915451895043732,0.0005403721016385993,0
017767,0,0,0,0,0,0,0,0,0,0,0,0,0,0,0,0,0,0,0,0,0,0.07506702412868632,0.0,0.0001433390586578027,3
017768,0,0,0,0,0,0,0,0,0,0,0,0,0,0,0,0,0,0,0,0,0,0.03753351206434316,0.002915451895043732,0.000987933508588048,3
017769,0,0,0,0,0,0,0,0,0,0,0,0,0,0,0,0,0,0,0,0,0,0.064343163538874,0.013119533527696792,0.002321368469591284,3
017770,0,0,0,0,0,0,0,0,0,0,0,0,0,0,0,0,0,0,0,0,0,1.061662198391421,0.0058309037900874635,0.00044841781989806974,0
017771,0,0,0,0,0,0,0,0,0,0,0,0,0,0,0,0,0,0,0,0,0,0.3002680965147453,0.0014577259475218659,0.0002965635696368332,1
017772,0,0,0,0,0,0,0,0,0,0,0,0,0,0,0,0,0,0,0,0,0,0.053619302949061656,0.0014577259475218659,0.0004302618653872999,3
017774,0,0,0,0,0,0,0,0,0,0,0,0,0,0,0,0,0,0,0,0,0,0.514745308310992,0.004373177842565598,0.0012759818866214473,1
017775,0,0,0,0,0,0,0,0,0,0,0,0,0,0,0,0,0,0,0,0,0,1.3619302949061662,0.0,5.334229222840729e-06,2
017777,0,0,0,0,0,0,0,0,0,0,0,0,0,0,0,0,0,0,0,0,0,0.128686327077748,0.002915451895043732,0.0007814156432633884,3
017779,0,0,0,0,0,0,0,0,0,0,0,0,0,0,0,0,0,0,0,0,0,0.10723860589812333,0.002915451895043732,0.0005620271147680217,3
017781,0,0,0,0,0,0,0,0,0,0,0,0,0,0,0,0,0,0,0,0,0,0.8471849865951743,0.0014577259475218659,0.00016274292917942062,0
017783,0,0,0,0,0,0,0,0,0,0,0,0,0,0,0,0,0,0,0,0,0,0.38069705093833783,0.0014577259475218659,0.00031479293097177053,1
017785,0,0,0,0,0,0,0,0,0,0,0,0,0,0,0,0,0,0,0,0,0,0.27882037533512066,0.0,8.111454070512393e-05,1
017786,0,0,0,0,0,0,0,0,0,0,0,0,0,0,0,0,0,0,0,0,0,0.450402144772118,0.0014577259475218659,0.00037381201760246707,1
017787,0,0,0,0,0,0,0,0,0,0,0,0,0,0,0,0,0,0,0,0,0,0.8150134048257373,0.004373177842565598,0.0009330986109349008,0
017788,0,0,0,0,0,0,0,0,0,0,0,0,0,0,0,0,0,0,0,0,0,0.3914209115281501,0.0014577259475218659,6.589485916105543e-05,1
017789,0,0,0,0,0,0,0,0,0,0,0,0,0,0,0,0,0,0,0,0,0,1.5013404825737267,0.0,0.00013563134212021176,2
017790,0,0,0,0,0,0,0,0,0,0,0,0,0,0,0,0,0,0,0,0,0,0.13941018766756033,0.018950437317784254,0.0014533083048688179,3
017791,0,0,0,0,0,0,0,0,0,0,0,0,0,0,0,0,0,0,0,0,0,0.1554959785522788,0.0,6.736299564440608e-05,3
017793,0,0,0,0,0,0,0,0,0,0,0,0,0,0,0,0,0,0,0,0,0,0.128686327077748,0.0,0.0005343772109982509,3
017795,0,0,0,0,0,0,0,0,0,0,0,0,0,0,0,0,0,0,0,0,0,0.9597855227882037,0.0014577259475218659,0.000216378848704498,0
017796,0,0,0,0,0,0,0,0,0,0,0,0,0,0,0,0,0,0,0,0,0,0.20911528150134048,0.004373177842565598,0.000805590957355896,3
017797,0,0,0,0,0,0,0,0,0,0,0,0,0,0,0,0,0,0,0,0,0,0.11260053619302948,0.002915451895043732,0.0006929359512001221,3
017799,0,0,0,0,0,0,0,0,0,0,0,0,0,0,0,0,0,0,0,0,0,0.11260053619302948,0.013119533527696792,0.002528131024329835,3
017800,0,0,0,0,0,0,0,0,0,0,0,0,0,0,0,0,0,0,0,0,0,0.19302949061662197,0.011661807580174927,0.0005595557516877147,3
017802,0,0,0,0,0,0,0,0,0,0,0,0,0,0,0,0,0,0,0,0,0,0.4343163538873995,0.002915451895043732,0.0007648501699429153,1
017805,0,0,0,0,0,0,0,0,0,0,0,0,0,0,0,0,0,0,0,0,0,0.3914209115281501,0.0,5.481042871175795e-05,1
017806,0,0,0,0,0,0,0,0,0,0,0,0,0,0,0,0,0,0,0,0,0,0.053619302949061656,0.0,0.00010702714963626306,3
017809,0,0,0,0,0,0,0,0,0,0,0,0,0,0,0,0,0,0,0,0,0,0.08042895442359249,0.016034985422740525,0.00043329601411955796,3
017811,0,0,0,0,0,0,0,0,0,0,0,0,0,0,0,0,0,0,0,0,0,0.0160857908847185,0.0553935860058309,0.005675277327923088,3
017812,0,0,0,0,0,0,0,0,0,0,0,0,0,0,0,0,0,0,0,0,0,0.064343163538874,0.004373177842565598,0.0010448482662592752,3
017813,0,0,0,0,0,0,0,0,0,0,0,0,0,0,0,0,0,0,0,0,0,0.06970509383378015,0.0058309037900874635,0.0030574676334019155,3
017816,0,0,0,0,0,0,0,0,0,0,0,0,0,0,0,0,0,0,0,0,0,0.19302949061662197,0.004373177842565598,5.8260549447632006e-05,3
017817,0,0,0,0,0,0,0,0,0,0,0,0,0,0,0,0,0,0,0,0,0,0.0160857908847185,0.002915451895043732,0.0007383013685356574,3
017819,0,0,0,0,0,0,0,0,0,0,0,0,0,0,0,0,0,0,0,0,0,0.38069705093833783,0.008746355685131194,0.0005220938024208837,1
017824,0,0,0,0,0,0,0,0,0,0,0,0,0,0,0,0,0,0,0,0,0,0.2680965147453083,0.0,3.359585652734093e-05,3
017827,0,0,0,0,0,0,0,0,0,0,0,0,0,0,0,0,0,0,0,0,0,0.021447721179624665,0.0058309037900874635,0.0012798969172437156,3
017830,0,0,0,0,0,0,0,0,0,0,0,0,0,0,0,0,0,0,0,0,0,0.005361930294906166,0.002915451895043732,0.000337989487408711,3
017831,0,0,0,0,0,0,0,0,0,0,0,0,0,0,0,0,0,0,0,0,0,0.17158176943699732,0.0,1.4020703415998798e-05,3
017832,0,0,0,0,0,0,0,0,0,0,0,0,0,0,0,0,0,0,0,0,0,0.26273458445040215,0.0,0.00016550791955639767,3
017835,0,0,0,0,0,0,0,0,0,0,0,0,0,0,0,0,0,0,0,0,0,0.010723860589812333,0.002915451895043732,0.00025310672972965367,3
017836,0,0,0,0,0,0,0,0,0,0,0,0,0,0,0,0,0,0,0,0,0,0.24664879356568364,0.0,7.979321787010833e-05,3
017837,0,0,0,0,0,0,0,0,0,0,0,0,0,0,0,0,0,0,0,0,0,0.21983914209115282,0.01020408163265306,0.0015980420931858035,3
017838,0,0,0,0,0,0,0,0,0,0,0,0,0,0,0,0,0,0,0,0,0,0.13941018766756033,0.0058309037900874635,0.0011239808227118757,3
017839,0,0,0,0,0,0,0,0,0,0,0,0,0,0,0,0,0,0,0,0,0,0.21983914209115282,0.0,0.00023945306043449255,3
017841,0,0,0,0,0,0,0,0,0,0,0,0,0,0,0,0,0,0,0,0,0,0.005361930294906166,0.1793002915451895,0.04856673787536427,3
017843,0,0,0,0,0,0,0,0,0,0,0,0,0,0,0,0,0,0,0,0,0,1.6193029490616622,0.0,0.00028976120393064183,2
017846,0,0,0,0,0,0,0,0,0,0,0,0,0,0,0,0,0,0,0,0,0,0.450402144772118,0.0,0.004974364501830093,1
017848,0,0,0,0,0,0,0,0,0,0,0,0,0,0,0,0,0,0,0,0,0,0.4289544235924933,0.011661807580174927,0.0005276237831748379,1
017849,0,0,0,0,0,0,0,0,0,0,0,0,0,0,0,0,0,0,0,0,0,1.1635388739946382,0.004373177842565598,0.0006563304148819125,0
017850,0,0,0,0,0,0,0,0,0,0,0,0,0,0,0,0,0,0,0,0,0,1.9892761394101877,0.048104956268221574,0.0028776943210156274,2
017852,0,0,0,0,0,0,0,0,0,0,0,0,0,0,0,0,0,0,0,0,0,0.058981233243967826,0.0014577259475218659,0.0001386410219110806,3
017854,0,0,0,0,0,0,0,0,0,0,0,0,0,0,0,0,0,0,0,0,0,0.9865951742627346,0.0014577259475218659,0.00013120246372877057,0
017855,0,0,0,0,0,0,0,0,0,0,0,0,0,0,0,0,0,0,0,0,0,1.9946380697050938,0.0,7.30397900466953e-05,2
017856,0,0,0,0,0,0,0,0,0,0,0,0,0,0,0,0,0,0,0,0,0,0.005361930294906166,0.004373177842565598,0.0001302237060732035,3
017857,0,0,0,0,0,0,0,0,0,0,0,0,0,0,0,0,0,0,0,0,0,0.0160857908847185,0.03206997084548105,0.001364828612805551,3
017858,0,0,0,0,0,0,0,0,0,0,0,0,0,0,0,0,0,0,0,0,0,0.02680965147453083,0.016034985422740525,0.002865215160907147,3
017859,0,0,0,0,0,0,0,0,0,0,0,0,0,0,0,0,0,0,0,0,0,1.6300268096514745,0.0,0.00011035492566519123,2
017860,0,0,0,0,0,0,0,0,0,0,0,0,0,0,0,0,0,0,0,0,0,1.9731903485254692,0.0,0.00036238502197372114,2
017861,0,0,0,0,0,0,0,0,0,0,0,0,0,0,0,0,0,0,0,0,0,0.010723860589812333,0.01020408163265306,0.0013151321928441316,3
017862,0,0,0,0,0,0,0,0,0,0,0,0,0,0,0,0,0,0,0,0,0,1.7319034852546917,0.0,0.0001380782362591295,2
017863,0,0,0,0,0,0,0,0,0,0,0,0,0,0,0,0,0,0,0,0,0,0.3109919571045576,0.00728862973760933,0.0005598249100429957,1
017864,0,0,0,0,0,0,0,0,0,0,0,0,0,0,0,0,0,0,0,0,0,0.064343163538874,0.002915451895043732,0.0004500083010883663,3
017865,0,0,0,0,0,0,0,0,0,0,0,0,0,0,0,0,0,0,0,0,0,0.16085790884718498,0.02769679300291545,0.002501680098688134,3
017866,0,0,0,0,0,0,0,0,0,0,0,0,0,0,0,0,0,0,0,0,0,0.7613941018766757,0.0,7.44589886472676e-05,0
017867,0,0,0,0,0,0,0,0,0,0,0,0,0,0,0,0,0,0,0,0,0,0.1554959785522788,0.00728862973760933,0.00045979587764403734,3
017869,0,0,0,0,0,0,0,0,0,0,0,0,0,0,0,0,0,0,0,0,0,0.5683646112600537,0.0058309037900874635,0.0006023519301773864,1
017870,0,0,0,0,0,0,0,0,0,0,0,0,0,0,0,0,0,0,0,0,0,0.005361930294906166,0.016034985422740525,0.0015113975717267257,3
017871,0,0,0,0,0,0,0,0,0,0,0,0,0,0,0,0,0,0,0,0,0,1.093833780160858,0.0,5.175181103811075e-05,0
017873,0,0,0,0,0,0,0,0,0,0,0,0,0,0,0,0,0,0,0,0,0,0.42359249329758714,0.0058309037900874635,0.0005045495714448433,1
017874,0,0,0,0,0,0,0,0,0,0,0,0,0,0,0,0,0,0,0,0,0,0.9865951742627346,0.00728862973760933,0.00045933096775764294,0
017877,0,0,0,0,0,0,0,0,0,0,0,0,0,0,0,0,0,0,0,0,0,0.9061662198391421,0.0,0.00010355255995899984,0
017878,0,0,0,0,0,0,0,0,0,0,0,0,0,0,0,0,0,0,0,0,0,0.23056300268096513,0.0,0.00014248264570918147,3
017879,0,0,0,0,0,0,0,0,0,0,0,0,0,0,0,0,0,0,0,0,0,0.9276139410187668,0.0,5.29997270489588e-05,0
017880,0,0,0,0,0,0,0,0,0,0,0,0,0,0,0,0,0,0,0,0,0,1.9517426273458445,0.0,0.00015618525288712098,2
017881,0,0,0,0,0,0,0,0,0,0,0,0,0,0,0,0,0,0,0,0,0,1.6246648793565683,0.0,8.828394053215298e-05,2
017883,0,0,0,0,0,0,0,0,0,0,0,0,0,0,0,0,0,0,0,0,0,0.010723860589812333,0.004373177842565598,0.0008154519407357347,3
017884,0,0,0,0,0,0,0,0,0,0,0,0,0,0,0,0,0,0,0,0,0,0.0160857908847185,0.004373177842565598,0.0005481042871175795,3
017885,0,0,0,0,0,0,0,0,0,0,0,0,0,0,0,0,0,0,0,0,0,0.058981233243967826,0.0,0.0003464557411293664,3
017886,0,0,0,0,0,0,0,0,0,0,0,0,0,0,0,0,0,0,0,0,0,0.16621983914209115,0.002915451895043732,0.0007966108558660679,3
017887,0,0,0,0,0,0,0,0,0,0,0,0,0,0,0,0,0,0,0,0,0,0.6863270777479893,0.0,0.000127678936168729,1
017888,0,0,0,0,0,0,0,0,0,0,0,0,0,0,0,0,0,0,0,0,0,0.10723860589812333,0.01020408163265306,0.000487298967765473,3
017889,0,0,0,0,0,0,0,0,0,0,0,0,0,0,0,0,0,0,0,0,0,1.1313672922252012,0.0014577259475218659,0.00017727748036459212,0
017890,0,0,0,0,0,0,0,0,0,0,0,0,0,0,0,0,0,0,0,0,0,1.7265415549597856,0.0014577259475218659,0.0005674836886978082,2
017891,0,0,0,0,0,0,0,0,0,0,0,0,0,0,0,0,0,0,0,0,0,0.8632707774798928,0.0,5.879886615819391e-05,0
017892,0,0,0,0,0,0,0,0,0,0,0,0,0,0,0,0,0,0,0,0,0,0.2949061662198391,0.002915451895043732,0.0002239642205351431,1
017893,0,0,0,0,0,0,0,0,0,0,0,0,0,0,0,0,0,0,0,0,0,1.2010723860589811,0.0,8.160391953290747e-05,0
017894,0,0,0,0,0,0,0,0,0,0,0,0,0,0,0,0,0,0,0,0,0,0.38069705093833783,0.01020408163265306,0.0013191695681733459,1
017895,0,0,0,0,0,0,0,0,0,0,0,0,0,0,0,0,0,0,0,0,0,0.23056300268096513,0.0,7.242806651196586e-05,3
017896,0,0,0,0,0,0,0,0,0,0,0,0,0,0,0,0,0,0,0,0,0,0.11796246648793565,0.0,3.939499563657603e-06,3
017897,0,0,0,0,0,0,0,0,0,0,0,0,0,0,0,0,0,0,0,0,0,0.9222520107238606,0.002915451895043732,0.0008587130291118007,0
017898,0,0,0,0,0,0,0,0,0,0,0,0,0,0,0,0,0,0,0,0,0,0.450402144772118,0.0014577259475218659,0.00010108119687869289,1
017899,0,0,0,0,0,0,0,0,0,0,0,0,0,0,0,0,0,0,0,0,0,0.8471849865951743,0.0,0.0001862820507958095,0
017900,0,0,0,0,0,0,0,0,0,0,0,0,0,0,0,0,0,0,0,0,0,1.0134048257372654,0.0014577259475218659,5.255928610395361e-05,0
017901,0,0,0,0,0,0,0,0,0,0,0,0,0,0,0,0,0,0,0,0,0,0.15013404825737264,0.0,0.00024733205956180775,3
017904,0,0,0,0,0,0,0,0,0,0,0,0,0,0,0,0,0,0,0,0,0,0.10723860589812333,0.0,0.00033598303421479835,3
017905,0,0,0,0,0,0,0,0,0,0,0,0,0,0,0,0,0,0,0,0,0,0.37533512064343166,0.004373177842565598,0.0003152089029753866,1
017906,0,0,0,0,0,0,0,0,0,0,0,0,0,0,0,0,0,0,0,0,0,1.3190348525469169,0.0,0.00011189646897270941,0
017908,0,0,0,0,0,0,0,0,0,0,0,0,0,0,0,0,0,0,0,0,0,2.0,0.0,0.0003788770884700268,2
017911,0,0,0,0,0,0,0,0,0,0,0,0,0,0,0,0,0,0,0,0,0,0.04289544235924933,0.0,0.00020771684345272912,3
017912,0,0,0,0,0,0,0,0,0,0,0,0,0,0,0,0,0,0,0,0,0,1.6568364611260054,0.0058309037900874635,0.00036979911121464196,2
017913,0,0,0,0,0,0,0,0,0,0,0,0,0,0,0,0,0,0,0,0,0,0.3109919571045576,0.0014577259475218659,0.0003510069642277535,1
017914,0,0,0,0,0,0,0,0,0,0,0,0,0,0,0,0,0,0,0,0,0,0.0160857908847185,0.0,0.0003842357866342567,3
017917,0,0,0,0,0,0,0,0,0,0,0,0,0,0,0,0,0,0,0,0,0,0.2359249329758713,0.002915451895043732,0.0005120615364513208,3
017919,0,0,0,0,0,0,0,0,0,0,0,0,0,0,0,0,0,0,0,0,0,0.46648793565683644,0.0,0.00012131701140754282,1
017920,0,0,0,0,0,0,0,0,0,0,0,0,0,0,0,0,0,0,0,0,0,0.0160857908847185,0.023323615160349854,0.003972728386064106,3
017921,0,0,0,0,0,0,0,0,0,0,0,0,0,0,0,0,0,0,0,0,0,0.3378016085790885,0.004373177842565598,0.0008328982959462183,1
017923,0,0,0,0,0,0,0,0,0,0,0,0,0,0,0,0,0,0,0,0,0,1.5067024128686328,0.0,9.738638672892708e-06,2
017924,0,0,0,0,0,0,0,0,0,0,0,0,0,0,0,0,0,0,0,0,0,0.058981233243967826,0.008746355685131194,0.00024583945413706793,3
017925,0,0,0,0,0,0,0,0,0,0,0,0,0,0,0,0,0,0,0,0,0,1.9946380697050938,0.0,7.878999127315206e-06,2
017926,0,0,0,0,0,0,0,0,0,0,0,0,0,0,0,0,0,0,0,0,0,0.707774798927614,0.0014577259475218659,0.00016171523364107515,1
017928,0,0,0,0,0,0,0,0,0,0,0,0,0,0,0,0,0,0,0,0,0,0.2359249329758713,0.0014577259475218659,0.00016778353110559116,3
017929,0,0,0,0,0,0,0,0,0,0,0,0,0,0,0,0,0,0,0,0,0,0.053619302949061656,0.004373177842565598,9.219897115442141e-05,3
017930,0,0,0,0,0,0,0,0,0,0,0,0,0,0,0,0,0,0,0,0,0,0.18766756032171583,0.0058309037900874635,0.0001410634471086092,3
017931,0,0,0,0,0,0,0,0,0,0,0,0,0,0,0,0,0,0,0,0,0,0.7131367292225201,0.0014577259475218659,0.00048776387765186736,1
017932,0,0,0,0,0,0,0,0,0,0,0,0,0,0,0,0,0,0,0,0,0,0.15013404825737264,0.002915451895043732,0.0006028902468879484,3
017934,0,0,0,0,0,0,0,0,0,0,0,0,0,0,0,0,0,0,0,0,0,0.2734584450402145,0.0014577259475218659,0.00017700832200931118,1
017935,0,0,0,0,0,0,0,0,0,0,0,0,0,0,0,0,0,0,0,0,0,0.7345844504021448,0.0014577259475218659,0.00013208334561878098,1
017936,0,0,0,0,0,0,0,0,0,0,0,0,0,0,0,0,0,0,0,0,0,0.021447721179624665,0.0,0.0004487603850775182,3
017937,0,0,0,0,0,0,0,0,0,0,0,0,0,0,0,0,0,0,0,0,0,0.04289544235924933,0.008746355685131194,0.00036502766764375227,3
017939,0,0,0,0,0,0,0,0,0,0,0,0,0,0,0,0,0,0,0,0,0,0.8525469168900804,0.0,7.169399827029052e-05,0
017940,0,0,0,0,0,0,0,0,0,0,0,0,0,0,0,0,0,0,0,0,0,0.257372654155496,0.013119533527696792,0.004580292200757387,3
017941,0,0,0,0,0,0,0,0,0,0,0,0,0,0,0,0,0,0,0,0,0,0.6970509383378016,0.0,5.725732285067571e-06,1
017942,0,0,0,0,0,0,0,0,0,0,0,0,0,0,0,0,0,0,0,0,0,0.03753351206434316,0.0,7.047055120083165e-06,3
017946,0,0,0,0,0,0,0,0,0,0,0,0,0,0,0,0,0,0,0,0,0,1.2439678284182305,0.0014577259475218659,0.00015346920039292224,0
017947,0,0,0,0,0,0,0,0,0,0,0,0,0,0,0,0,0,0,0,0,0,0.19302949061662197,0.0,2.033369029440663e-05,3
017948,0,0,0,0,0,0,0,0,0,0,0,0,0,0,0,0,0,0,0,0,0,0.7828418230563002,0.0,5.676794402289217e-06,0
017949,0,0,0,0,0,0,0,0,0,0,0,0,0,0,0,0,0,0,0,0,0,0.0,0.0641399416909621,0.0005804766965754616,3
017950,0,0,0,0,0,0,0,0,0,0,0,0,0,0,0,0,0,0,0,0,0,0.38069705093833783,0.002915451895043732,0.00040280771314864255,1
017951,0,0,0,0,0,0,0,0,0,0,0,0,0,0,0,0,0,0,0,0,0,0.20911528150134048,0.002915451895043732,0.0001076633421123817,3
017954,0,0,0,0,0,0,0,0,0,0,0,0,0,0,0,0,0,0,0,0,0,0.021447721179624665,0.016034985422740525,0.0023043625553258056,3
017955,0,0,0,0,0,0,0,0,0,0,0,0,0,0,0,0,0,0,0,0,0,1.061662198391421,0.004373177842565598,0.0002613772319191957,0
017956,0,0,0,0,0,0,0,0,0,0,0,0,0,0,0,0,0,0,0,0,0,1.3297587131367292,0.0,3.0781928267585495e-05,0
017957,0,0,0,0,0,0,0,0,0,0,0,0,0,0,0,0,0,0,0,0,0,0.3485254691689008,0.0,0.00010191314088592494,1
017958,0,0,0,0,0,0,0,0,0,0,0,0,0,0,0,0,0,0,0,0,0,0.6219839142091153,0.0,6.878219424497838e-05,1
017960,0,0,0,0,0,0,0,0,0,0,0,0,0,0,0,0,0,0,0,0,0,0.9115281501340483,0.0,0.00010898466494739727,0
017961,0,0,0,0,0,0,0,0,0,0,0,0,0,0,0,0,0,0,0,0,0,0.10723860589812333,0.0553935860058309,0.00199328890344519,3
017962,0,0,0,0,0,0,0,0,0,0,0,0,0,0,0,0,0,0,0,0,0,0.7560321715817695,0.0,0.00014103897816722,0
017964,0,0,0,0,0,0,0,0,0,0,0,0,0,0,0,0,0,0,0,0,0,0.16621983914209115,0.0014577259475218659,0.0006816313002783221,3
017965,0,0,0,0,0,0,0,0,0,0,0,0,0,0,0,0,0,0,0,0,0,0.19839142091152814,0.018950437317784254,0.0028077131486425795,3
017966,0,0,0,0,0,0,0,0,0,0,0,0,0,0,0,0,0,0,0,0,0,0.19839142091152814,0.0058309037900874635,0.00024740546638597527,3
017967,0,0,0,0,0,0,0,0,0,0,0,0,0,0,0,0,0,0,0,0,0,1.9892761394101877,0.0,0.000220367286150934,2
017968,0,0,0,0,0,0,0,0,0,0,0,0,0,0,0,0,0,0,0,0,0,2.0,0.0,0.00040082572889611913,2
017969,0,0,0,0,0,0,0,0,0,0,0,0,0,0,0,0,0,0,0,0,0,0.8847184986595175,0.0014577259475218659,0.0001606386002199513,0
017970,0,0,0,0,0,0,0,0,0,0,0,0,0,0,0,0,0,0,0,0,0,1.126005361930295,0.0,0.00022455147512848335,0
017972,0,0,0,0,0,0,0,0,0,0,0,0,0,0,0,0,0,0,0,0,0,1.292225201072386,0.0,0.0003204697253740598,0
017973,0,0,0,0,0,0,0,0,0,0,0,0,0,0,0,0,0,0,0,0,0,0.2734584450402145,0.0,0.00011864989679612247,1
017974,0,0,0,0,0,0,0,0,0,0,0,0,0,0,0,0,0,0,0,0,0,0.128686327077748,0.002915451895043732,0.0008861916502918473,3
017975,0,0,0,0,0,0,0,0,0,0,0,0,0,0,0,0,0,0,0,0,0,0.07506702412868632,0.01749271137026239,0.0022945994477115237,3
017976,0,0,0,0,0,0,0,0,0,0,0,0,0,0,0,0,0,0,0,0,0,1.9892761394101877,0.0,0.0005613419844091247,2
017977,0,0,0,0,0,0,0,0,0,0,0,0,0,0,0,0,0,0,0,0,0,0.15013404825737264,0.0,0.0001664622082705756,3
017978,0,0,0,0,0,0,0,0,0,0,0,0,0,0,0,0,0,0,0,0,0,1.9517426273458445,0.0,6.89779457760918e-05,2
017979,0,0,0,0,0,0,0,0,0,0,0,0,0,0,0,0,0,0,0,0,0,0.18766756032171583,0.004373177842565598,0.0008348558112573525,3
017980,0,0,0,0,0,0,0,0,0,0,0,0,0,0,0,0,0,0,0,0,0,0.8847184986595175,0.002915451895043732,0.00016134819952023745,0
017984,0,0,0,0,0,0,0,0,0,0,0,0,0,0,0,0,0,0,0,0,0,0.7721179624664879,0.0,0.00024231592657702634,0
017985,0,0,0,0,0,0,0,0,0,0,0,0,0,0,0,0,0,0,0,0,0,0.11260053619302948,0.0,0.00025112474547713025,3
017986,0,0,0,0,0,0,0,0,0,0,0,0,0,0,0,0,0,0,0,0,0,0.2949061662198391,0.0,4.673567805332933e-06,1
017987,0,0,0,0,0,0,0,0,0,0,0,0,0,0,0,0,0,0,0,0,0,0.9865951742627346,0.0,2.850631671839197e-05,0
017988,0,0,0,0,0,0,0,0,0,0,0,0,0,0,0,0,0,0,0,0,0,0.058981233243967826,0.008746355685131194,0.0004733027332908634,3
017990,0,0,0,0,0,0,0,0,0,0,0,0,0,0,0,0,0,0,0,0,0,1.2654155495978552,0.002915451895043732,0.0001643823482524955,0
017991,0,0,0,0,0,0,0,0,0,0,0,0,0,0,0,0,0,0,0,0,0,1.2010723860589811,0.0014577259475218659,5.965527910681513e-05,0
017994,0,0,0,0,0,0,0,0,0,0,0,0,0,0,0,0,0,0,0,0,0,0.6487935656836461,0.004373177842565598,0.00046571736146021835,1
017995,0,0,0,0,0,0,0,0,0,0,0,0,0,0,0,0,0,0,0,0,0,1.5067024128686328,0.0,7.83006124453685e-06,2
017997,0,0,0,0,0,0,0,0,0,0,0,0,0,0,0,0,0,0,0,0,0,0.3914209115281501,0.01020408163265306,0.0006151981244067047,1
017999,0,0,0,0,0,0,0,0,0,0,0,0,0,0,0,0,0,0,0,0,0,0.19302949061662197,0.0014577259475218659,0.0006419671462864652,3
018001,0,0,0,0,0,0,0,0,0,0,0,0,0,0,0,0,0,0,0,0,0,0.058981233243967826,0.0014577259475218659,0.000402318334320859,3
018004,0,0,0,0,0,0,0,0,0,0,0,0,0,0,0,0,0,0,0,0,0,1.935656836461126,0.0,0.00027023498870207806,2
018005,0,0,0,0,0,0,0,0,0,0,0,0,0,0,0,0,0,0,0,0,0,0.0160857908847185,0.0014577259475218659,0.00046738124947468245,3
018006,0,0,0,0,0,0,0,0,0,0,0,0,0,0,0,0,0,0,0,0,0,0.11796246648793565,0.0,0.00017341138762510207,3
018008,0,0,0,0,0,0,0,0,0,0,0,0,0,0,0,0,0,0,0,0,0,0.3699731903485255,0.011661807580174927,0.00027852995983300926,1
018009,0,0,0,0,0,0,0,0,0,0,0,0,0,0,0,0,0,0,0,0,0,1.2546916890080428,0.0,0.00032357728093048533,0
018010,0,0,0,0,0,0,0,0,0,0,0,0,0,0,0,0,0,0,0,0,0,1.3726541554959786,0.0,0.00017135599654841114,2
018011,0,0,0,0,0,0,0,0,0,0,0,0,0,0,0,0,0,0,0,0,0,1.9946380697050938,0.0,0.00016134819952023745,2
018013,0,0,0,0,0,0,0,0,0,0,0,0,0,0,0,0,0,0,0,0,0,0.8257372654155496,0.0014577259475218659,8.835734735632051e-05,0
018014,0,0,0,0,0,0,0,0,0,0,0,0,0,0,0,0,0,0,0,0,0,0.14477211796246647,0.0,0.00022905376034409203,3
018015,0,0,0,0,0,0,0,0,0,0,0,0,0,0,0,0,0,0,0,0,0,0.0160857908847185,0.0,0.00014319224500946762,3
018016,0,0,0,0,0,0,0,0,0,0,0,0,0,0,0,0,0,0,0,0,0,0.16621983914209115,0.0058309037900874635,0.0010089767981827406,3
018017,0,0,0,0,0,0,0,0,0,0,0,0,0,0,0,0,0,0,0,0,0,0.4289544235924933,0.002915451895043732,1.2381284342923895e-05,1
018018,0,0,0,0,0,0,0,0,0,0,0,0,0,0,0,0,0,0,0,0,0,0.5737265415549598,0.0014577259475218659,0.00027003923717096464,1
018019,0,0,0,0,0,0,0,0,0,0,0,0,0,0,0,0,0,0,0,0,0,0.2734584450402145,0.0,6.944285566248618e-05,1
018022,0,0,0,0,0,0,0,0,0,0,0,0,0,0,0,0,0,0,0,0,0,0.18766756032171583,0.0,0.0008194403781821706,3
018024,0,0,0,0,0,0,0,0,0,0,0,0,0,0,0,0,0,0,0,0,0,0.8150134048257373,0.0014577259475218659,0.0001323035660912836,0
018027,0,0,0,0,0,0,0,0,0,0,0,0,0,0,0,0,0,0,0,0,0,0.5254691689008043,0.0,0.00014306990030252175,1
018030,0,0,0,0,0,0,0,0,0,0,0,0,0,0,0,0,0,0,0,0,0,0.0160857908847185,0.0014577259475218659,0.0001472540892800711,3
018032,0,0,0,0,0,0,0,0,0,0,0,0,0,0,0,0,0,0,0,0,0,1.7855227882037534,0.0,2.2462488195265087e-05,2
018033,0,0,0,0,0,0,0,0,0,0,0,0,0,0,0,0,0,0,0,0,0,0.34316353887399464,0.0,0.00015481499216932703,1
018034,0,0,0,0,0,0,0,0,0,0,0,0,0,0,0,0,0,0,0,0,0,0.11260053619302948,0.0014577259475218659,0.00036529682599903326,3
018035,0,0,0,0,0,0,0,0,0,0,0,0,0,0,0,0,0,0,0,0,0,0.18766756032171583,0.002915451895043732,0.0003195643745426602,3
018036,0,0,0,0,0,0,0,0,0,0,0,0,0,0,0,0,0,0,0,0,0,0.16621983914209115,0.002915451895043732,0.000444037879389407,3
018037,0,0,0,0,0,0,0,0,0,0,0,0,0,0,0,0,0,0,0,0,0,0.8203753351206434,0.00728862973760933,0.00016687818027419162,0
018040,0,0,0,0,0,0,0,0,0,0,0,0,0,0,0,0,0,0,0,0,0,0.09651474530831099,0.0014577259475218659,0.0001423603010022356,3
018041,0,0,0,0,0,0,0,0,0,0,0,0,0,0,0,0,0,0,0,0,0,0.058981233243967826,0.029154518950437316,0.0022726752762268205,3
018042,0,0,0,0,0,0,0,0,0,0,0,0,0,0,0,0,0,0,0,0,0,0.28418230563002683,0.0,9.293303939609674e-05,1
018043,0,0,0,0,0,0,0,0,0,0,0,0,0,0,0,0,0,0,0,0,0,0.128686327077748,0.002915451895043732,0.0008617961157268371,3
018044,0,0,0,0,0,0,0,0,0,0,0,0,0,0,0,0,0,0,0,0,0,0.0160857908847185,0.013119533527696792,0.0013207845183050317,3
018045,0,0,0,0,0,0,0,0,0,0,0,0,0,0,0,0,0,0,0,0,0,0.2359249329758713,0.0,0.0002993774978965886,3
018048,0,0,0,0,0,0,0,0,0,0,0,0,0,0,0,0,0,0,0,0,0,1.0831099195710456,0.0014577259475218659,2.5276416455020517e-05,0
018050,0,0,0,0,0,0,0,0,0,0,0,0,0,0,0,0,0,0,0,0,0,1.9195710455764075,0.0,2.7845655300884172e-05,2
018053,0,0,0,0,0,0,0,0,0,0,0,0,0,0,0,0,0,0,0,0,0,0.37533512064343166,0.0,7.717504114146632e-05,1
018055,0,0,0,0,0,0,0,0,0,0,0,0,0,0,0,0,0,0,0,0,0,0.03217158176943699,0.013119533527696792,0.003542099486555968,3
018056,0,0,0,0,0,0,0,0,0,0,0,0,0,0,0,0,0,0,0,0,0,1.5388739946380698,0.0,0.00017429226951511245,2
018058,0,0,0,0,0,0,0,0,0,0,0,0,0,0,0,0,0,0,0,0,0,0.0482573726541555,0.0,1.2772787405150736e-05,3
018059,0,0,0,0,0,0,0,0,0,0,0,0,0,0,0,0,0,0,0,0,0,0.11796246648793565,0.002915451895043732,8.385506214071182e-05,3
018061,0,0,0,0,0,0,0,0,0,0,0,0,0,0,0,0,0,0,0,0,0,0.11260053619302948,0.013119533527696792,0.0005635441891341507,3
018062,0,0,0,0,0,0,0,0,0,0,0,0,0,0,0,0,0,0,0,0,0,0.9222520107238606,0.002915451895043732,0.0002961720665746063,0
018064,0,0,0,0,0,0,0,0,0,0,0,0,0,0,0,0,0,0,0,0,0,0.707774798927614,0.0014577259475218659,3.8073672801560435e-05,1
018065,0,0,0,0,0,0,0,0,0,0,0,0,0,0,0,0,0,0,0,0,0,0.02680965147453083,0.018950437317784254,0.0013922093582200412,3
018066,0,0,0,0,0,0,0,0,0,0,0,0,0,0,0,0,0,0,0,0,0,0.3967828418230563,0.0,8.351249696126333e-05,1
018067,0,0,0,0,0,0,0,0,0,0,0,0,0,0,0,0,0,0,0,0,0,0.20911528150134048,0.0,0.00025606747163774417,3
018068,0,0,0,0,0,0,0,0,0,0,0,0,0,0,0,0,0,0,0,0,0,1.5442359249329758,0.0,4.105888365104011e-05,2
018069,0,0,0,0,0,0,0,0,0,0,0,0,0,0,0,0,0,0,0,0,0,0.13404825737265416,0.0058309037900874635,0.002531727958714044,3
018071,0,0,0,0,0,0,0,0,0,0,0,0,0,0,0,0,0,0,0,0,0,1.3780160857908847,0.0014577259475218659,0.0001829787437082705,2
018072,0,0,0,0,0,0,0,0,0,0,0,0,0,0,0,0,0,0,0,0,0,0.9919571045576407,0.0,3.8563051629343985e-05,0
018073,0,0,0,0,0,0,0,0,0,0,0,0,0,0,0,0,0,0,0,0,0,0.6058981233243967,0.016034985422740525,0.0006845920421864125,1
018074,0,0,0,0,0,0,0,0,0,0,0,0,0,0,0,0,0,0,0,0,0,2.0,0.0,0.00015165849873012314,2
018075,0,0,0,0,0,0,0,0,0,0,0,0,0,0,0,0,0,0,0,0,0,0.11796246648793565,0.013119533527696792,0.0012041900125856,3
018077,0,0,0,0,0,0,0,0,0,0,0,0,0,0,0,0,0,0,0,0,0,0.03753351206434316,0.014577259475218658,0.0010132588629258468,3
018078,0,0,0,0,0,0,0,0,0,0,0,0,0,0,0,0,0,0,0,0,0,1.158176943699732,0.0014577259475218659,0.00021143612254388412,0
018079,0,0,0,0,0,0,0,0,0,0,0,0,0,0,0,0,0,0,0,0,0,0.2359249329758713,0.004373177842565598,0.00027796717418105814,3
018080,0,0,0,0,0,0,0,0,0,0,0,0,0,0,0,0,0,0,0,0,0,0.09651474530831099,0.0014577259475218659,8.88222572427149e-06,3
018081,0,0,0,0,0,0,0,0,0,0,0,0,0,0,0,0,0,0,0,0,0,0.18766756032171583,0.002915451895043732,0.0001593172773849357,3
018082,0,0,0,0,0,0,0,0,0,0,0,0,0,0,0,0,0,0,0,0,0,0.13404825737265416,0.0,0.0003843336623998135,3
018084,0,0,0,0,0,0,0,0,0,0,0,0,0,0,0,0,0,0,0,0,0,0.08042895442359249,0.0,2.9362729667013186e-07,3
018085,0,0,0,0,0,0,0,0,0,0,0,0,0,0,0,0,0,0,0,0,0,1.7640750670241288,0.0014577259475218659,0.00020145279445709963,2
018086,0,0,0,0,0,0,0,0,0,0,0,0,0,0,0,0,0,0,0,0,0,1.4638069705093835,0.0,2.493385127557203e-05,2
018087,0,0,0,0,0,0,0,0,0,0,0,0,0,0,0,0,0,0,0,0,0,0.5201072386058981,0.0014577259475218659,0.002088301802859367,1
018088,0,0,0,0,0,0,0,0,0,0,0,0,0,0,0,0,0,0,0,0,0,0.32171581769436997,0.0,0.00019937293443901956,1
018092,0,0,0,0,0,0,0,0,0,0,0,0,0,0,0,0,0,0,0,0,0,0.005361930294906166,0.014577259475218658,0.0008095304569195537,3
018093,0,0,0,0,0,0,0,0,0,0,0,0,0,0,0,0,0,0,0,0,0,0.4932975871313673,0.004373177842565598,0.00014363268595447284,1
018094,0,0,0,0,0,0,0,0,0,0,0,0,0,0,0,0,0,0,0,0,0,0.4343163538873995,0.008746355685131194,0.0003687469467349073,1
018095,0,0,0,0,0,0,0,0,0,0,0,0,0,0,0,0,0,0,0,0,0,1.6675603217158177,0.0014577259475218659,0.00013416320563686108,2
018096,0,0,0,0,0,0,0,0,0,0,0,0,0,0,0,0,0,0,0,0,0,0.058981233243967826,0.002915451895043732,0.0011918821350668436,3
018097,0,0,0,0,0,0,0,0,0,0,0,0,0,0,0,0,0,0,0,0,0,0.03753351206434316,0.00728862973760933,0.0007843029783473114,3
018099,0,0,0,0,0,0,0,0,0,0,0,0,0,0,0,0,0,0,0,0,0,0.675603217158177,0.0,9.902580580200197e-05,1
018101,0,0,0,0,0,0,0,0,0,0,0,0,0,0,0,0,0,0,0,0,0,0.053619302949061656,0.0014577259475218659,0.00025846542789388356,3
018102,0,0,0,0,0,0,0,0,0,0,0,0,0,0,0,0,0,0,0,0,0,0.0,0.08600583090379009,0.004748809800104654,3
018104,0,0,0,0,0,0,0,0,0,0,0,0,0,0,0,0,0,0,0,0,0,0.19302949061662197,0.0,0.00034909838679939763,3
018105,0,0,0,0,0,0,0,0,0,0,0,0,0,0,0,0,0,0,0,0,0,0.19839142091152814,0.0,9.790023449809979e-05,3
018106,0,0,0,0,0,0,0,0,0,0,0,0,0,0,0,0,0,0,0,0,0,1.7640750670241288,0.0,0.000375182278320261,2
018108,0,0,0,0,0,0,0,0,0,0,0,0,0,0,0,0,0,0,0,0,0,1.35656836461126,0.0,0.00019558024852369698,2
018109,0,0,0,0,0,0,0,0,0,0,0,0,0,0,0,0,0,0,0,0,0,0.005361930294906166,0.03644314868804665,0.005355908704911541,3
018110,0,0,0,0,0,0,0,0,0,0,0,0,0,0,0,0,0,0,0,0,0,0.10187667560321716,0.0,0.00031215028530173934,3
018112,0,0,0,0,0,0,0,0,0,0,0,0,0,0,0,0,0,0,0,0,0,0.058981233243967826,0.0014577259475218659,0.00027246166236849316,3
018113,0,0,0,0,0,0,0,0,0,0,0,0,0,0,0,0,0,0,0,0,0,1.9731903485254692,0.0,2.1777357836368115e-06,2
018114,0,0,0,0,0,0,0,0,0,0,0,0,0,0,0,0,0,0,0,0,0,1.549597855227882,0.0,0.00037873027482169174,2
018116,0,0,0,0,0,0,0,0,0,0,0,0,0,0,0,0,0,0,0,0,0,0.35924932975871315,0.01020408163265306,0.002191732018111421,1
018117,0,0,0,0,0,0,0,0,0,0,0,0,0,0,0,0,0,0,0,0,0,0.13404825737265416,0.0,0.0002194374663781452,3
018118,0,0,0,0,0,0,0,0,0,0,0,0,0,0,0,0,0,0,0,0,0,0.053619302949061656,0.03644314868804665,0.007913647148322281,3
018119,0,0,0,0,0,0,0,0,0,0,0,0,0,0,0,0,0,0,0,0,0,1.967828418230563,0.0,0.00020382628177184988,2
018120,0,0,0,0,0,0,0,0,0,0,0,0,0,0,0,0,0,0,0,0,0,1.1420911528150135,0.0,0.0001673186212191968,0
018121,0,0,0,0,0,0,0,0,0,0,0,0,0,0,0,0,0,0,0,0,0,0.7935656836461126,0.0014577259475218659,0.00014561467020699623,0
018122,0,0,0,0,0,0,0,0,0,0,0,0,0,0,0,0,0,0,0,0,0,0.03753351206434316,0.00728862973760933,0.002083310138815975,3
018123,0,0,0,0,0,0,0,0,0,0,0,0,0,0,0,0,0,0,0,0,0,0.12332439678284182,0.0014577259475218659,0.00012496288367453028,3
018125,0,0,0,0,0,0,0,0,0,0,0,0,0,0,0,0,0,0,0,0,0,0.1554959785522788,0.004373177842565598,0.0010668947824509242,3
018126,0,0,0,0,0,0,0,0,0,0,0,0,0,0,0,0,0,0,0,0,0,0.32171581769436997,0.0,0.00026688274373176066,1
018127,0,0,0,0,0,0,0,0,0,0,0,0,0,0,0,0,0,0,0,0,0,0.09651474530831099,0.002915451895043732,0.0003650031987023631,3
018129,0,0,0,0,0,0,0,0,0,0,0,0,0,0,0,0,0,0,0,0,0,1.2975871313672922,0.0,9.978434298506649e-05,0
018130,0,0,0,0,0,0,0,0,0,0,0,0,0,0,0,0,0,0,0,0,0,0.07506702412868632,0.002915451895043732,0.0004054503588186738,3
018133,0,0,0,0,0,0,0,0,0,0,0,0,0,0,0,0,0,0,0,0,0,1.1313672922252012,0.0,1.2723849522372382e-06,0
018135,0,0,0,0,0,0,0,0,0,0,0,0,0,0,0,0,0,0,0,0,0,0.15013404825737264,0.0058309037900874635,0.00011250819250743885,3
018136,0,0,0,0,0,0,0,0,0,0,0,0,0,0,0,0,0,0,0,0,0,0.3324396782841823,0.002915451895043732,0.00025327801231937795,1
018138,0,0,0,0,0,0,0,0,0,0,0,0,0,0,0,0,0,0,0,0,0,1.5764075067024128,0.0,0.00012205107964921813,2
018139,0,0,0,0,0,0,0,0,0,0,0,0,0,0,0,0,0,0,0,0,0,0.09115281501340483,0.00728862973760933,0.0005867652145124802,3
018142,0,0,0,0,0,0,0,0,0,0,0,0,0,0,0,0,0,0,0,0,0,0.8364611260053619,0.0014577259475218659,5.57402484845467e-05,0
018143,0,0,0,0,0,0,0,0,0,0,0,0,0,0,0,0,0,0,0,0,0,0.6219839142091153,0.0014577259475218659,0.0004068206195364677,1
018144,0,0,0,0,0,0,0,0,0,0,0,0,0,0,0,0,0,0,0,0,0,0.03753351206434316,0.016034985422740525,0.0004657418304016075,3
018145,0,0,0,0,0,0,0,0,0,0,0,0,0,0,0,0,0,0,0,0,0,0.064343163538874,0.004373177842565598,0.0009737415225823249,3
018146,0,0,0,0,0,0,0,0,0,0,0,0,0,0,0,0,0,0,0,0,0,0.7506702412868633,0.0014577259475218659,4.729846370528041e-05,0
018147,0,0,0,0,0,0,0,0,0,0,0,0,0,0,0,0,0,0,0,0,0,0.24128686327077747,0.0014577259475218659,2.180182677775729e-05,3
018149,0,0,0,0,0,0,0,0,0,0,0,0,0,0,0,0,0,0,0,0,0,0.2680965147453083,0.002915451895043732,0.00010734524587432238,3
018150,0,0,0,0,0,0,0,0,0,0,0,0,0,0,0,0,0,0,0,0,0,0.16621983914209115,0.002915451895043732,0.00020994351711914428,3
018151,0,0,0,0,0,0,0,0,0,0,0,0,0,0,0,0,0,0,0,0,0,0.7184986595174263,0.0014577259475218659,0.0002970040105818384,1
018154,0,0,0,0,0,0,0,0,0,0,0,0,0,0,0,0,0,0,0,0,0,0.010723860589812333,0.0014577259475218659,0.00014480719514115337,3
018155,0,0,0,0,0,0,0,0,0,0,0,0,0,0,0,0,0,0,0,0,0,0.3967828418230563,0.002915451895043732,0.00015070421001594519,1
018156,0,0,0,0,0,0,0,0,0,0,0,0,0,0,0,0,0,0,0,0,0,0.064343163538874,0.0014577259475218659,0.0010273529731660133,3
018158,0,0,0,0,0,0,0,0,0,0,0,0,0,0,0,0,0,0,0,0,0,0.04289544235924933,0.0014577259475218659,0.00010727183905015483,3
018159,0,0,0,0,0,0,0,0,0,0,0,0,0,0,0,0,0,0,0,0,0,1.6085790884718498,0.0,0.00028122154338581877,2
018160,0,0,0,0,0,0,0,0,0,0,0,0,0,0,0,0,0,0,0,0,0,0.3002680965147453,0.0014577259475218659,0.0003485845390302249,1
018161,0,0,0,0,0,0,0,0,0,0,0,0,0,0,0,0,0,0,0,0,0,0.07506702412868632,0.0058309037900874635,0.0007121440701906265,3
018164,0,0,0,0,0,0,0,0,0,0,0,0,0,0,0,0,0,0,0,0,0,0.19302949061662197,0.0,0.0002466469292029108,3
018165,0,0,0,0,0,0,0,0,0,0,0,0,0,0,0,0,0,0,0,0,0,0.9436997319034852,0.0,2.987657743618592e-05,0
018167,0,0,0,0,0,0,0,0,0,0,0,0,0,0,0,0,0,0,0,0,0,0.11796246648793565,0.002915451895043732,0.00034258964838987637,3
018168,0,0,0,0,0,0,0,0,0,0,0,0,0,0,0,0,0,0,0,0,0,0.938337801608579,0.00728862973760933,0.0010381193073772514,0
018169,0,0,0,0,0,0,0,0,0,0,0,0,0,0,0,0,0,0,0,0,0,0.32171581769436997,0.0,8.08209134084538e-05,1
018170,0,0,0,0,0,0,0,0,0,0,0,0,0,0,0,0,0,0,0,0,0,0.17158176943699732,0.002915451895043732,0.00039451274201771135,3
018171,0,0,0,0,0,0,0,0,0,0,0,0,0,0,0,0,0,0,0,0,0,0.3109919571045576,0.0058309037900874635,0.0006748289345721306,1
018172,0,0,0,0,0,0,0,0,0,0,0,0,0,0,0,0,0,0,0,0,0,0.07506702412868632,0.02769679300291545,0.0014364736731930635,3
018173,0,0,0,0,0,0,0,0,0,0,0,0,0,0,0,0,0,0,0,0,0,0.4611260053619303,0.004373177842565598,0.00020482950836880616,1
018174,0,0,0,0,0,0,0,0,0,0,0,0,0,0,0,0,0,0,0,0,0,0.03217158176943699,0.0,4.673567805332933e-06,3
018176,0,0,0,0,0,0,0,0,0,0,0,0,0,0,0,0,0,0,0,0,0,1.9142091152815013,0.0,0.00019643666147231822,2
018177,0,0,0,0,0,0,0,0,0,0,0,0,0,0,0,0,0,0,0,0,0,0.16085790884718498,0.00728862973760933,0.0003317254384130815,3
018178,0,0,0,0,0,0,0,0,0,0,0,0,0,0,0,0,0,0,0,0,0,0.6863270777479893,0.004373177842565598,0.0005807947928135209,1
018179,0,0,0,0,0,0,0,0,0,0,0,0,0,0,0,0,0,0,0,0,0,0.04289544235924933,0.00728862973760933,0.0006076127525760596,3
018180,0,0,0,0,0,0,0,0,0,0,0,0,0,0,0,0,0,0,0,0,0,0.021447721179624665,0.00728862973760933,0.0006054839546752012,3
018181,0,0,0,0,0,0,0,0,0,0,0,0,0,0,0,0,0,0,0,0,0,0.12332439678284182,0.0,0.0003886891339670871,3
018183,0,0,0,0,0,0,0,0,0,0,0,0,0,0,0,0,0,0,0,0,0,1.2117962466487935,0.0014577259475218659,0.00031684832204846147,0
018184,0,0,0,0,0,0,0,0,0,0,0,0,0,0,0,0,0,0,0,0,0,0.07506702412868632,0.0,1.6149501316857255e-06,3
018185,0,0,0,0,0,0,0,0,0,0,0,0,0,0,0,0,0,0,0,0,0,1.3297587131367292,0.0,0.00015043505166066422,0
018188,0,0,0,0,0,0,0,0,0,0,0,0,0,0,0,0,0,0,0,0,0,0.07506702412868632,0.002915451895043732,0.0004291607630247869,3
018189,0,0,0,0,0,0,0,0,0,0,0,0,0,0,0,0,0,0,0,0,0,0.4128686327077748,0.0014577259475218659,0.0005461957096892237,1
018190,0,0,0,0,0,0,0,0,0,0,0,0,0,0,0,0,0,0,0,0,0,1.0241286863270778,0.0014577259475218659,0.00014380396854419707,0
018191,0,0,0,0,0,0,0,0,0,0,0,0,0,0,0,0,0,0,0,0,0,1.3994638069705094,0.0,6.846409800691908e-05,2
018192,0,0,0,0,0,0,0,0,0,0,0,0,0,0,0,0,0,0,0,0,0,0.38069705093833783,0.0,0.0004408324480674247,1
018193,0,0,0,0,0,0,0,0,0,0,0,0,0,0,0,0,0,0,0,0,0,0.8793565683646113,0.0,0.00014032937886693386,0
018194,0,0,0,0,0,0,0,0,0,0,0,0,0,0,0,0,0,0,0,0,0,0.4343163538873995,0.0,2.7870124242273346e-05,1
018196,0,0,0,0,0,0,0,0,0,0,0,0,0,0,0,0,0,0,0,0,0,0.5040214477211796,0.0014577259475218659,0.0007612287666173169,1
018198,0,0,0,0,0,0,0,0,0,0,0,0,0,0,0,0,0,0,0,0,0,0.0160857908847185,0.023323615160349854,0.0009318751638654419,3
018200,0,0,0,0,0,0,0,0,0,0,0,0,0,0,0,0,0,0,0,0,0,0.5630026809651475,0.0,0.00015371388980681404,1
018202,0,0,0,0,0,0,0,0,0,0,0,0,0,0,0,0,0,0,0,0,0,1.0670241286863271,0.002915451895043732,0.0006738012390337852,0
018203,0,0,0,0,0,0,0,0,0,0,0,0,0,0,0,0,0,0,0,0,0,0.8364611260053619,0.0,0.000212659569613343,0
018204,0,0,0,0,0,0,0,0,0,0,0,0,0,0,0,0,0,0,0,0,0,0.37533512064343166,0.002915451895043732,0.0012471574736649962,1
018205,0,0,0,0,0,0,0,0,0,0,0,0,0,0,0,0,0,0,0,0,0,0.18766756032171583,0.0014577259475218659,0.0003582008329961717,3
018209,0,0,0,0,0,0,0,0,0,0,0,0,0,0,0,0,0,0,0,0,0,0.15013404825737264,0.0,6.308093090129999e-05,3
018210,0,0,0,0,0,0,0,0,0,0,0,0,0,0,0,0,0,0,0,0,0,0.005361930294906166,0.00728862973760933,0.0011790114718961363,3
018211,0,0,0,0,0,0,0,0,0,0,0,0,0,0,0,0,0,0,0,0,0,0.13404825737265416,0.0058309037900874635,0.00025156518642213547,3
018212,0,0,0,0,0,0,0,0,0,0,0,0,0,0,0,0,0,0,0,0,0,1.742627345844504,0.0,0.0003213016693812918,2
018213,0,0,0,0,0,0,0,0,0,0,0,0,0,0,0,0,0,0,0,0,0,1.2654155495978552,0.0,5.468808400481206e-05,0
018215,0,0,0,0,0,0,0,0,0,0,0,0,0,0,0,0,0,0,0,0,0,0.4718498659517426,0.0,9.479267894167423e-05,1
018216,0,0,0,0,0,0,0,0,0,0,0,0,0,0,0,0,0,0,0,0,0,0.16085790884718498,0.0,0.00031356948390231165,3
018217,0,0,0,0,0,0,0,0,0,0,0,0,0,0,0,0,0,0,0,0,0,0.15013404825737264,0.0014577259475218659,0.00015797148560853095,3
018218,0,0,0,0,0,0,0,0,0,0,0,0,0,0,0,0,0,0,0,0,0,1.126005361930295,0.0014577259475218659,9.139149608857853e-05,0
018219,0,0,0,0,0,0,0,0,0,0,0,0,0,0,0,0,0,0,0,0,0,0.010723860589812333,0.013119533527696792,0.001151410506009144,3
018220,0,0,0,0,0,0,0,0,0,0,0,0,0,0,0,0,0,0,0,0,0,1.2117962466487935,0.0,4.771443570889643e-06,0
018221,0,0,0,0,0,0,0,0,0,0,0,0,0,0,0,0,0,0,0,0,0,0.11260053619302948,0.0058309037900874635,0.000407407874129808,3
018222,0,0,0,0,0,0,0,0,0,0,0,0,0,0,0,0,0,0,0,0,0,0.4932975871313673,0.0,0.00015094889942983696,1
018223,0,0,0,0,0,0,0,0,0,0,0,0,0,0,0,0,0,0,0,0,0,0.021447721179624665,0.018950437317784254,0.0019746191011652476,3
018224,0,0,0,0,0,0,0,0,0,0,0,0,0,0,0,0,0,0,0,0,0,1.4101876675603218,0.0,7.44589886472676e-05,2
018225,0,0,0,0,0,0,0,0,0,0,0,0,0,0,0,0,0,0,0,0,0,0.010723860589812333,0.016034985422740525,0.001693935874489991,3
018226,0,0,0,0,0,0,0,0,0,0,0,0,0,0,0,0,0,0,0,0,0,0.23056300268096513,0.014577259475218658,0.001293550586538877,3
018227,0,0,0,0,0,0,0,0,0,0,0,0,0,0,0,0,0,0,0,0,0,1.1635388739946382,0.0,0.00010541219950457734,0
018228,0,0,0,0,0,0,0,0,0,0,0,0,0,0,0,0,0,0,0,0,0,0.3002680965147453,0.0014577259475218659,0.00029230597383511625,1
018229,0,0,0,0,0,0,0,0,0,0,0,0,0,0,0,0,0,0,0,0,0,0.058981233243967826,0.02769679300291545,0.0018561894248416279,3
018230,0,0,0,0,0,0,0,0,0,0,0,0,0,0,0,0,0,0,0,0,0,0.04289544235924933,0.008746355685131194,0.00046077463529960443,3
018231,0,0,0,0,0,0,0,0,0,0,0,0,0,0,0,0,0,0,0,0,0,1.0241286863270778,0.0058309037900874635,0.001142087839339867,0
018232,0,0,0,0,0,0,0,0,0,0,0,0,0,0,0,0,0,0,0,0,0,0.4343163538873995,0.004373177842565598,0.0003368149782220304,1
018233,0,0,0,0,0,0,0,0,0,0,0,0,0,0,0,0,0,0,0,0,0,1.742627345844504,0.0,0.0002687423832773382,2
018235,0,0,0,0,0,0,0,0,0,0,0,0,0,0,0,0,0,0,0,0,0,0.38069705093833783,0.002915451895043732,0.0005458042066269969,1
018236,0,0,0,0,0,0,0,0,0,0,0,0,0,0,0,0,0,0,0,0,0,0.1554959785522788,0.00728862973760933,0.0004028321820900318,3
018237,0,0,0,0,0,0,0,0,0,0,0,0,0,0,0,0,0,0,0,0,0,0.010723860589812333,0.0058309037900874635,0.00044105266853992724,3
018239,0,0,0,0,0,0,0,0,0,0,0,0,0,0,0,0,0,0,0,0,0,1.1689008042895443,0.0058309037900874635,0.000617987583725071,0
018240,0,0,0,0,0,0,0,0,0,0,0,0,0,0,0,0,0,0,0,0,0,0.24128686327077747,0.0,5.7257322850675716e-05,3
018241,0,0,0,0,0,0,0,0,0,0,0,0,0,0,0,0,0,0,0,0,0,0.0482573726541555,0.023323615160349854,0.0008275885356647668,3
018242,0,0,0,0,0,0,0,0,0,0,0,0,0,0,0,0,0,0,0,0,0,0.38069705093833783,0.004373177842565598,0.0006255729555557161,1
018245,0,0,0,0,0,0,0,0,0,0,0,0,0,0,0,0,0,0,0,0,0,0.03217158176943699,0.008746355685131194,0.0011062408402047219,3
018246,0,0,0,0,0,0,0,0,0,0,0,0,0,0,0,0,0,0,0,0,0,0.12332439678284182,0.0014577259475218659,4.5683513573594686e-05,3
018248,0,0,0,0,0,0,0,0,0,0,0,0,0,0,0,0,0,0,0,0,0,0.6541554959785523,0.0014577259475218659,0.0004717611899833452,1
018249,0,0,0,0,0,0,0,0,0,0,0,0,0,0,0,0,0,0,0,0,0,0.08579088471849866,0.0,3.097767979869891e-05,3
018250,0,0,0,0,0,0,0,0,0,0,0,0,0,0,0,0,0,0,0,0,0,1.6568364611260054,0.0,0.00019513980757869182,2
018251,0,0,0,0,0,0,0,0,0,0,0,0,0,0,0,0,0,0,0,0,0,0.4611260053619303,0.0,2.980317061201838e-05,1
018252,0,0,0,0,0,0,0,0,0,0,0,0,0,0,0,0,0,0,0,0,0,0.2680965147453083,0.0014577259475218659,0.0007499241156955168,3
018255,0,0,0,0,0,0,0,0,0,0,0,0,0,0,0,0,0,0,0,0,0,0.4718498659517426,0.0,2.4787037627236967e-05,1
018257,0,0,0,0,0,0,0,0,0,0,0,0,0,0,0,0,0,0,0,0,0,0.2037533512064343,0.01020408163265306,0.0009823301210099263,3
018259,0,0,0,0,0,0,0,0,0,0,0,0,0,0,0,0,0,0,0,0,0,0.128686327077748,0.002915451895043732,0.0003345638356142261,3
018260,0,0,0,0,0,0,0,0,0,0,0,0,0,0,0,0,0,0,0,0,0,0.9222520107238606,0.00728862973760933,0.001149477459639399,0
018261,0,0,0,0,0,0,0,0,0,0,0,0,0,0,0,0,0,0,0,0,0,0.225201072386059,0.0014577259475218659,0.0001579959545499201,3
018262,0,0,0,0,0,0,0,0,0,0,0,0,0,0,0,0,0,0,0,0,0,0.7453083109919572,0.0,3.5308682424583356e-05,0
018263,0,0,0,0,0,0,0,0,0,0,0,0,0,0,0,0,0,0,0,0,0,0.13404825737265416,0.002915451895043732,0.0001428007419472408,3
018265,0,0,0,0,0,0,0,0,0,0,0,0,0,0,0,0,0,0,0,0,0,0.38069705093833783,0.0014577259475218659,0.0005901174594827977,1
018268,0,0,0,0,0,0,0,0,0,0,0,0,0,0,0,0,0,0,0,0,0,0.7131367292225201,0.0,3.0781928267585495e-05,1
018269,0,0,0,0,0,0,0,0,0,0,0,0,0,0,0,0,0,0,0,0,0,1.9571045576407506,0.0,5.3782733173412486e-05,2
018270,0,0,0,0,0,0,0,0,0,0,0,0,0,0,0,0,0,0,0,0,0,0.19839142091152814,0.0014577259475218659,9.84385512086617e-05,3
018272,0,0,0,0,0,0,0,0,0,0,0,0,0,0,0,0,0,0,0,0,0,0.010723860589812333,0.00728862973760933,0.0009316304744515502,3
018273,0,0,0,0,0,0,0,0,0,0,0,0,0,0,0,0,0,0,0,0,0,0.005361930294906166,0.002915451895043732,1.8302768159104883e-05,3
018274,0,0,0,0,0,0,0,0,0,0,0,0,0,0,0,0,0,0,0,0,0,0.1554959785522788,0.0,9.841408226727253e-05,3
018276,0,0,0,0,0,0,0,0,0,0,0,0,0,0,0,0,0,0,0,0,0,0.23056300268096513,0.0,8.461359932377633e-05,3
018277,0,0,0,0,0,0,0,0,0,0,0,0,0,0,0,0,0,0,0,0,0,0.30563002680965146,0.0,6.107447770738743e-05,1
018278,0,0,0,0,0,0,0,0,0,0,0,0,0,0,0,0,0,0,0,0,0,0.3914209115281501,0.0,7.188974980140395e-05,1
018280,0,0,0,0,0,0,0,0,0,0,0,0,0,0,0,0,0,0,0,0,0,1.4852546916890081,0.0,0.0001161785337158155,2
018281,0,0,0,0,0,0,0,0,0,0,0,0,0,0,0,0,0,0,0,0,0,0.9651474530831099,0.0,9.589378130418723e-05,0
018282,0,0,0,0,0,0,0,0,0,0,0,0,0,0,0,0,0,0,0,0,0,0.03753351206434316,0.0014577259475218659,0.0001522457533234634,3
018283,0,0,0,0,0,0,0,0,0,0,0,0,0,0,0,0,0,0,0,0,0,0.0160857908847185,0.021865889212827987,0.0029870704890252514,3
018287,0,0,0,0,0,0,0,0,0,0,0,0,0,0,0,0,0,0,0,0,0,0.225201072386059,0.002915451895043732,0.00025540681022023635,3
