antecedents,consequents,antecedent support,consequent support,support,confidence,lift,representativity,leverage,conviction,zhangs_metric,jaccard,certainty,kulczynski,antecedents_str,consequents_str,rule_str
"frozenset({'HERB MARKER ROSEMARY', 'HERB MARKER PARSLEY'})",frozenset({'HERB MARKER THYME'}),0.011487873910871858,0.012764304345413174,0.010932904156723459,0.9516908212560387,74.55876916614157,1.0,0.010786269437843358,20.43577890004995,0.9980532715639145,0.8208333333333333,0.9510662155383979,0.9041062801932367,"HERB MARKER PARSLEY, HERB MARKER ROSEMARY",HERB MARKER THYME,"HERB MARKER PARSLEY, HERB MARKER ROSEMARY → HERB MARKER THYME"
"frozenset({'HERB MARKER MINT', 'HERB MARKER THYME'})",frozenset({'HERB MARKER ROSEMARY'}),0.011099395082967978,0.012819801320828016,0.010599922304234418,0.955,74.4941341991342,1.0,0.010457630264489393,21.937337748426025,0.9976494294430704,0.7958333333333332,0.9544156172700696,0.8909199134199133,"HERB MARKER MINT, HERB MARKER THYME",HERB MARKER ROSEMARY,"HERB MARKER MINT, HERB MARKER THYME → HERB MARKER ROSEMARY"
"frozenset({'HERB MARKER MINT', 'HERB MARKER THYME'})",frozenset({'HERB MARKER PARSLEY'}),0.011099395082967978,0.012653310394583495,0.0104334313779899,0.9400000000000001,74.28885964912281,1.0,0.010292987286812992,16.45577816009029,0.9976119203384386,0.7833333333333334,0.9392310718902817,0.882280701754386,"HERB MARKER MINT, HERB MARKER THYME",HERB MARKER PARSLEY,"HERB MARKER MINT, HERB MARKER THYME → HERB MARKER PARSLEY"
"frozenset({'HERB MARKER THYME', 'HERB MARKER PARSLEY'})",frozenset({'HERB MARKER ROSEMARY'}),0.011487873910871858,0.012819801320828016,0.010932904156723459,0.9516908212560387,74.2360039316561,1.0,0.010785631895587358,20.434630112658862,0.9979942797931242,0.817427385892116,0.9510634645948145,0.9022523370349458,"HERB MARKER PARSLEY, HERB MARKER THYME",HERB MARKER ROSEMARY,"HERB MARKER PARSLEY, HERB MARKER THYME → HERB MARKER ROSEMARY"
"frozenset({'HERB MARKER THYME', 'HERB MARKER BASIL'})",frozenset({'HERB MARKER ROSEMARY'}),0.011265886009212498,0.012819801320828016,0.0107109162550641,0.9507389162561576,74.16175122086452,1.0,0.010566489834722899,20.03975803318717,0.9977565720747026,0.8008298755186721,0.9500991978873231,0.8931183758769965,"HERB MARKER BASIL, HERB MARKER THYME",HERB MARKER ROSEMARY,"HERB MARKER BASIL, HERB MARKER THYME → HERB MARKER ROSEMARY"
"frozenset({'HERB MARKER ROSEMARY', 'HERB MARKER BASIL'})",frozenset({'HERB MARKER THYME'}),0.011432376935457018,0.012764304345413174,0.0107109162550641,0.9368932038834951,73.39947235120303,1.0,0.010564989916468443,15.643888715757278,0.997782954697172,0.7942386831275721,0.9360772747639945,0.888011819333052,"HERB MARKER BASIL, HERB MARKER ROSEMARY",HERB MARKER THYME,"HERB MARKER BASIL, HERB MARKER ROSEMARY → HERB MARKER THYME"
"frozenset({'HERB MARKER MINT', 'HERB MARKER ROSEMARY'})",frozenset({'HERB MARKER THYME'}),0.011376879960042177,0.012764304345413174,0.010599922304234418,0.9317073170731707,72.99319194061506,1.0,0.010454704345923207,14.455951257799294,0.9976502392082937,0.7827868852459016,0.9308243378684278,0.8810710498409331,"HERB MARKER MINT, HERB MARKER ROSEMARY",HERB MARKER THYME,"HERB MARKER MINT, HERB MARKER ROSEMARY → HERB MARKER THYME"
"frozenset({'HERB MARKER MINT', 'HERB MARKER ROSEMARY'})",frozenset({'HERB MARKER PARSLEY'}),0.011376879960042177,0.012653310394583495,0.01048892835340474,0.9219512195121952,72.86245186136073,1.0,0.010344973159948409,12.650379460569406,0.9976253740147308,0.7745901639344263,0.9209509878247566,0.8754492939666239,"HERB MARKER MINT, HERB MARKER ROSEMARY",HERB MARKER PARSLEY,"HERB MARKER MINT, HERB MARKER ROSEMARY → HERB MARKER PARSLEY"
frozenset({'HERB MARKER CHIVES '}),frozenset({'HERB MARKER PARSLEY'}),0.011265886009212498,0.012653310394583495,0.01037793440257506,0.9211822660098522,72.80168092645407,1.0,0.010235383650030499,12.52696112436872,0.9975017949376754,0.7663934426229508,0.92017217982303,0.8706788523031717,HERB MARKER CHIVES ,HERB MARKER PARSLEY,HERB MARKER CHIVES  → HERB MARKER PARSLEY
"frozenset({'HERB MARKER THYME', 'HERB MARKER BASIL'})",frozenset({'HERB MARKER PARSLEY'}),0.011265886009212498,0.012653310394583495,0.01037793440257506,0.9211822660098522,72.80168092645407,1.0,0.010235383650030499,12.52696112436872,0.9975017949376754,0.7663934426229508,0.92017217982303,0.8706788523031717,"HERB MARKER BASIL, HERB MARKER THYME",HERB MARKER PARSLEY,"HERB MARKER BASIL, HERB MARKER THYME → HERB MARKER PARSLEY"
frozenset({'HERB MARKER PARSLEY'}),frozenset({'HERB MARKER CHIVES '}),0.012653310394583495,0.011265886009212498,0.01037793440257506,0.8201754385964912,72.80168092645407,1.0,0.010235383650030499,5.498326292436574,0.9989034893266048,0.7663934426229508,0.8181264721637952,0.8706788523031717,HERB MARKER PARSLEY,HERB MARKER CHIVES ,HERB MARKER PARSLEY → HERB MARKER CHIVES 
"frozenset({'HERB MARKER ROSEMARY', 'HERB MARKER THYME'})",frozenset({'HERB MARKER PARSLEY'}),0.011876352738775737,0.012653310394583495,0.010932904156723459,0.9205607476635514,72.75256189539269,1.0,0.010782628979164167,12.428952445621132,0.9981086702104154,0.8040816326530612,0.919542696427943,0.8922979176914249,"HERB MARKER ROSEMARY, HERB MARKER THYME",HERB MARKER PARSLEY,"HERB MARKER ROSEMARY, HERB MARKER THYME → HERB MARKER PARSLEY"
frozenset({'HERB MARKER THYME'}),frozenset({'HERB MARKER ROSEMARY'}),0.012764304345413174,0.012819801320828016,0.011876352738775737,0.9304347826086957,72.57794089968003,1.0,0.011712716893068957,14.190715356013111,0.9989729030278608,0.8663967611336032,0.929531389016533,0.928420854507811,HERB MARKER THYME,HERB MARKER ROSEMARY,HERB MARKER THYME → HERB MARKER ROSEMARY
frozenset({'HERB MARKER ROSEMARY'}),frozenset({'HERB MARKER THYME'}),0.012819801320828016,0.012764304345413174,0.011876352738775737,0.9264069264069263,72.57794089968003,1.0,0.011712716893068957,13.414790923306432,0.9990290629616941,0.8663967611336032,0.925455416657845,0.928420854507811,HERB MARKER ROSEMARY,HERB MARKER THYME,HERB MARKER ROSEMARY → HERB MARKER THYME
"frozenset({'HERB MARKER MINT', 'HERB MARKER BASIL'})",frozenset({'HERB MARKER ROSEMARY'}),0.011210389033797659,0.012819801320828016,0.01037793440257506,0.9257425742574258,72.21192833569071,1.0,0.010234219442432585,13.29402667554619,0.997332356077639,0.7601626016260161,0.9247782463202471,0.8676331918906177,"HERB MARKER BASIL, HERB MARKER MINT",HERB MARKER ROSEMARY,"HERB MARKER BASIL, HERB MARKER MINT → HERB MARKER ROSEMARY"
"frozenset({'HERB MARKER BASIL', 'HERB MARKER PARSLEY'})",frozenset({'HERB MARKER THYME'}),0.011265886009212498,0.012764304345413174,0.01037793440257506,0.9211822660098522,72.16862283144143,1.0,0.01023413320483274,12.525552888617568,0.9973799312760987,0.7601626016260163,0.9201632048587063,0.8671128721353609,"HERB MARKER BASIL, HERB MARKER PARSLEY",HERB MARKER THYME,"HERB MARKER BASIL, HERB MARKER PARSLEY → HERB MARKER THYME"
"frozenset({'HERB MARKER MINT', 'HERB MARKER BASIL'})",frozenset({'HERB MARKER PARSLEY'}),0.011210389033797659,0.012653310394583495,0.01021144347633054,0.9108910891089108,71.98836199409413,1.0,0.010069594944241863,11.080223961127443,0.9972888618832527,0.7479674796747968,0.9097491166687349,0.8589543164842799,"HERB MARKER BASIL, HERB MARKER MINT",HERB MARKER PARSLEY,"HERB MARKER BASIL, HERB MARKER MINT → HERB MARKER PARSLEY"
"frozenset({'HERB MARKER MINT', 'HERB MARKER PARSLEY'})",frozenset({'HERB MARKER ROSEMARY'}),0.011376879960042177,0.012819801320828016,0.01048892835340474,0.9219512195121952,71.91618625277162,1.0,0.010343079012666088,12.648246295576897,0.9974427104774024,0.7651821862348178,0.9209376559697686,0.8700665188470067,"HERB MARKER MINT, HERB MARKER PARSLEY",HERB MARKER ROSEMARY,"HERB MARKER MINT, HERB MARKER PARSLEY → HERB MARKER ROSEMARY"
"frozenset({'HERB MARKER BASIL', 'HERB MARKER PARSLEY'})",frozenset({'HERB MARKER ROSEMARY'}),0.011265886009212498,0.012819801320828016,0.01037793440257506,0.9211822660098522,71.85620455078583,1.0,0.01023350798223386,12.524848770741992,0.9973189994453102,0.757085020242915,0.920158716619717,0.8653530377668308,"HERB MARKER BASIL, HERB MARKER PARSLEY",HERB MARKER ROSEMARY,"HERB MARKER BASIL, HERB MARKER PARSLEY → HERB MARKER ROSEMARY"
"frozenset({'HERB MARKER MINT', 'HERB MARKER PARSLEY'})",frozenset({'HERB MARKER THYME'}),0.011376879960042177,0.012764304345413174,0.0104334313779899,0.9170731707317074,71.84670201484624,1.0,0.010288213419678689,11.904901035834728,0.9974291078735587,0.7611336032388665,0.9160009816973768,0.8672322375397667,"HERB MARKER MINT, HERB MARKER PARSLEY",HERB MARKER THYME,"HERB MARKER MINT, HERB MARKER PARSLEY → HERB MARKER THYME"
"frozenset({'HERB MARKER ROSEMARY', 'HERB MARKER BASIL'})",frozenset({'HERB MARKER PARSLEY'}),0.011432376935457018,0.012653310394583495,0.01037793440257506,0.9077669902912621,71.74146227218532,1.0,0.010233276988662846,10.704916739932402,0.9974644486947136,0.757085020242915,0.9065849810611124,0.8639712144438767,"HERB MARKER BASIL, HERB MARKER ROSEMARY",HERB MARKER PARSLEY,"HERB MARKER BASIL, HERB MARKER ROSEMARY → HERB MARKER PARSLEY"
frozenset({'HERB MARKER PARSLEY'}),frozenset({'HERB MARKER THYME'}),0.012653310394583495,0.012764304345413174,0.011487873910871858,0.9078947368421053,71.12763157894737,1.0,0.011326363206018415,10.718558981392663,0.998576059056077,0.8247011952191236,0.9067038767304455,0.9039473684210527,HERB MARKER PARSLEY,HERB MARKER THYME,HERB MARKER PARSLEY → HERB MARKER THYME
frozenset({'HERB MARKER THYME'}),frozenset({'HERB MARKER PARSLEY'}),0.012764304345413174,0.012653310394583495,0.011487873910871858,0.9000000000000001,71.12763157894737,1.0,0.011326363206018415,9.873466896054179,0.9986883279929546,0.8247011952191236,0.8987184531504695,0.9039473684210527,HERB MARKER THYME,HERB MARKER PARSLEY,HERB MARKER THYME → HERB MARKER PARSLEY
frozenset({'HERB MARKER CHIVES '}),frozenset({'HERB MARKER THYME'}),0.011265886009212498,0.012764304345413174,0.01021144347633054,0.9064039408866995,71.01083743842365,1.0,0.01006764227858822,10.547834011467428,0.9971514369106421,0.7389558232931727,0.9051938057697138,0.8532019704433498,HERB MARKER CHIVES ,HERB MARKER THYME,HERB MARKER CHIVES  → HERB MARKER THYME
frozenset({'HERB MARKER THYME'}),frozenset({'HERB MARKER CHIVES '}),0.012764304345413174,0.011265886009212498,0.01021144347633054,0.8,71.01083743842365,1.0,0.01006764227858822,4.943670569953938,0.998664905278543,0.7389558232931727,0.7977211495285137,0.8532019704433498,HERB MARKER THYME,HERB MARKER CHIVES ,HERB MARKER THYME → HERB MARKER CHIVES 
"frozenset({'HERB MARKER MINT', 'HERB MARKER ROSEMARY'})",frozenset({'HERB MARKER BASIL'}),0.011376879960042177,0.012875298296242855,0.01037793440257506,0.9121951219512197,70.84846509671995,1.0,0.01023145367940897,11.242253547181697,0.9972307426292726,0.748,0.9110498623960773,0.8591148023549202,"HERB MARKER MINT, HERB MARKER ROSEMARY",HERB MARKER BASIL,"HERB MARKER MINT, HERB MARKER ROSEMARY → HERB MARKER BASIL"
frozenset({'HERB MARKER PARSLEY'}),frozenset({'HERB MARKER ROSEMARY'}),0.012653310394583495,0.012819801320828016,0.011487873910871858,0.9078947368421053,70.81971975393029,1.0,0.01132566098556253,10.717956442802445,0.9985141485802543,0.8214285714285714,0.906698631839324,0.9019993164730007,HERB MARKER PARSLEY,HERB MARKER ROSEMARY,HERB MARKER PARSLEY → HERB MARKER ROSEMARY
frozenset({'HERB MARKER ROSEMARY'}),frozenset({'HERB MARKER PARSLEY'}),0.012819801320828016,0.012653310394583495,0.011487873910871858,0.8961038961038961,70.81971975393027,1.0,0.01132566098556253,9.50321188745213,0.9986825510114294,0.8214285714285714,0.8947724188576305,0.9019993164730007,HERB MARKER ROSEMARY,HERB MARKER PARSLEY,HERB MARKER ROSEMARY → HERB MARKER PARSLEY
"frozenset({'HERB MARKER MINT', 'HERB MARKER THYME'})",frozenset({'HERB MARKER BASIL'}),0.011099395082967978,0.012875298296242855,0.01010044952550086,0.9100000000000001,70.67797413793105,1.0,0.009957541502899797,10.968052241152874,0.996916490546885,0.728,0.9088261089559793,0.8472413793103449,"HERB MARKER MINT, HERB MARKER THYME",HERB MARKER BASIL,"HERB MARKER MINT, HERB MARKER THYME → HERB MARKER BASIL"
"frozenset({'HERB MARKER ROSEMARY', 'HERB MARKER PARSLEY'})",frozenset({'HERB MARKER MINT'}),0.011487873910871858,0.012930795271657695,0.01048892835340474,0.9130434782608695,70.61000186601977,1.0,0.010340381007756638,11.351295854375929,0.9972944938136944,0.7529880478087649,0.9119043312033401,0.8621011382720656,"HERB MARKER PARSLEY, HERB MARKER ROSEMARY",HERB MARKER MINT,"HERB MARKER PARSLEY, HERB MARKER ROSEMARY → HERB MARKER MINT"
"frozenset({'HERB MARKER MINT', 'HERB MARKER BASIL'})",frozenset({'HERB MARKER THYME'}),0.011210389033797659,0.012764304345413174,0.01010044952550086,0.900990099009901,70.5866982350409,1.0,0.009957356708042986,9.97108052611133,0.9970098936254855,0.728,0.8997099664994888,0.8461472234179941,"HERB MARKER BASIL, HERB MARKER MINT",HERB MARKER THYME,"HERB MARKER BASIL, HERB MARKER MINT → HERB MARKER THYME"
frozenset({'HERB MARKER CHIVES '}),frozenset({'HERB MARKER ROSEMARY'}),0.011265886009212498,0.012819801320828016,0.0101559465009157,0.9014778325123153,70.31917343740004,1.0,0.0100115200805745,10.019879016593595,0.9970113436439524,0.7290836653386454,0.9001983957746463,0.8468428123600538,HERB MARKER CHIVES ,HERB MARKER ROSEMARY,HERB MARKER CHIVES  → HERB MARKER ROSEMARY
frozenset({'HERB MARKER ROSEMARY'}),frozenset({'HERB MARKER CHIVES '}),0.012819801320828016,0.011265886009212498,0.0101559465009157,0.7922077922077921,70.31917343740002,1.0,0.0100115200805745,4.758282923580663,0.9985807341106732,0.7290836653386454,0.7898401553542999,0.8468428123600538,HERB MARKER ROSEMARY,HERB MARKER CHIVES ,HERB MARKER ROSEMARY → HERB MARKER CHIVES 
"frozenset({'HERB MARKER THYME', 'HERB MARKER PARSLEY'})",frozenset({'HERB MARKER MINT'}),0.011487873910871858,0.012930795271657695,0.0104334313779899,0.9082125603864734,70.23640397254877,1.0,0.010284884032341799,10.753859230461405,0.9972182869784177,0.7460317460317462,0.9070101273813035,0.8575397565880865,"HERB MARKER PARSLEY, HERB MARKER THYME",HERB MARKER MINT,"HERB MARKER PARSLEY, HERB MARKER THYME → HERB MARKER MINT"
"frozenset({'HERB MARKER ROSEMARY', 'HERB MARKER BASIL'})",frozenset({'HERB MARKER MINT'}),0.011432376935457018,0.012930795271657695,0.01037793440257506,0.9077669902912621,70.20194591441309,1.0,0.010230104676954245,10.70190821968623,0.9971552351208982,0.7420634920634921,0.906558720232669,0.8551710487936997,"HERB MARKER BASIL, HERB MARKER ROSEMARY",HERB MARKER MINT,"HERB MARKER BASIL, HERB MARKER ROSEMARY → HERB MARKER MINT"
"frozenset({'HERB MARKER THYME', 'HERB MARKER PARSLEY'})",frozenset({'HERB MARKER BASIL'}),0.011487873910871858,0.012875298296242855,0.01037793440257506,0.9033816425120773,70.16393886390138,1.0,0.01023002459918296,10.216740662633887,0.9972034115077139,0.7420634920634921,0.9021214266838208,0.8547080626353489,"HERB MARKER PARSLEY, HERB MARKER THYME",HERB MARKER BASIL,"HERB MARKER PARSLEY, HERB MARKER THYME → HERB MARKER BASIL"
"frozenset({'HERB MARKER ROSEMARY', 'HERB MARKER PARSLEY'})",frozenset({'HERB MARKER BASIL'}),0.011487873910871858,0.012875298296242855,0.01037793440257506,0.9033816425120773,70.16393886390138,1.0,0.01023002459918296,10.216740662633887,0.9972034115077139,0.7420634920634921,0.9021214266838208,0.8547080626353489,"HERB MARKER PARSLEY, HERB MARKER ROSEMARY",HERB MARKER BASIL,"HERB MARKER PARSLEY, HERB MARKER ROSEMARY → HERB MARKER BASIL"
frozenset({'HERB MARKER CHIVES '}),frozenset({'HERB MARKER MINT'}),0.011265886009212498,0.012930795271657695,0.01021144347633054,0.9064039408866995,70.09653481046111,1.0,0.01006576661079158,10.54605518736071,0.9969656610569884,0.7301587301587301,0.905177814620344,0.8480517558510751,HERB MARKER CHIVES ,HERB MARKER MINT,HERB MARKER CHIVES  → HERB MARKER MINT
"frozenset({'HERB MARKER BASIL', 'HERB MARKER PARSLEY'})",frozenset({'HERB MARKER MINT'}),0.011265886009212498,0.012930795271657695,0.01021144347633054,0.9064039408866995,70.09653481046111,1.0,0.01006576661079158,10.54605518736071,0.9969656610569884,0.7301587301587301,0.905177814620344,0.8480517558510751,"HERB MARKER BASIL, HERB MARKER PARSLEY",HERB MARKER MINT,"HERB MARKER BASIL, HERB MARKER PARSLEY → HERB MARKER MINT"
frozenset({'HERB MARKER MINT'}),frozenset({'HERB MARKER CHIVES '}),0.012930795271657695,0.011265886009212498,0.01021144347633054,0.7896995708154506,70.09653481046111,1.0,0.01006576661079158,4.701531603262315,0.9986472628691839,0.7301587301587301,0.7873033546544457,0.8480517558510751,HERB MARKER MINT,HERB MARKER CHIVES ,HERB MARKER MINT → HERB MARKER CHIVES 
"frozenset({'HERB MARKER ROSEMARY', 'HERB MARKER THYME'})",frozenset({'HERB MARKER BASIL'}),0.011876352738775737,0.012875298296242855,0.0107109162550641,0.9018691588785047,70.04646712858523,1.0,0.010558004670880961,10.059270769743053,0.9975712708050514,0.7628458498023716,0.9005892153725629,0.8668828553013213,"HERB MARKER ROSEMARY, HERB MARKER THYME",HERB MARKER BASIL,"HERB MARKER ROSEMARY, HERB MARKER THYME → HERB MARKER BASIL"
"frozenset({'HERB MARKER MINT', 'HERB MARKER PARSLEY'})",frozenset({'HERB MARKER BASIL'}),0.011376879960042177,0.012875298296242855,0.01021144347633054,0.8975609756097561,69.71185870479394,1.0,0.01006496275316445,9.636217326155727,0.9969979644734722,0.7272727272727272,0.8962248394620901,0.845332211942809,"HERB MARKER MINT, HERB MARKER PARSLEY",HERB MARKER BASIL,"HERB MARKER MINT, HERB MARKER PARSLEY → HERB MARKER BASIL"
frozenset({'HERB MARKER PARSLEY'}),frozenset({'HERB MARKER MINT'}),0.012653310394583495,0.012930795271657695,0.011376879960042177,0.8991228070175438,69.53345004141254,1.0,0.011213262593821079,9.784859942524427,0.9982495945469825,0.8007812499999999,0.8978012965056292,0.8894755665989006,HERB MARKER PARSLEY,HERB MARKER MINT,HERB MARKER PARSLEY → HERB MARKER MINT
frozenset({'HERB MARKER MINT'}),frozenset({'HERB MARKER PARSLEY'}),0.012930795271657695,0.012653310394583495,0.011376879960042177,0.8798283261802574,69.53345004141254,1.0,0.011213262593821079,8.216134952787923,0.9985302224550414,0.8007812499999999,0.8782882698803922,0.8894755665989006,HERB MARKER MINT,HERB MARKER PARSLEY,HERB MARKER MINT → HERB MARKER PARSLEY
"frozenset({'HERB MARKER THYME', 'HERB MARKER BASIL'})",frozenset({'HERB MARKER MINT'}),0.011265886009212498,0.012930795271657695,0.01010044952550086,0.896551724137931,69.33461595382566,1.0,0.009954772659961902,9.541668979040644,0.9968071051086319,0.7165354330708662,0.8951965319488012,0.8388338019831286,"HERB MARKER BASIL, HERB MARKER THYME",HERB MARKER MINT,"HERB MARKER BASIL, HERB MARKER THYME → HERB MARKER MINT"
frozenset({'HERB MARKER ROSEMARY'}),frozenset({'HERB MARKER BASIL'}),0.012819801320828016,0.012875298296242855,0.011432376935457018,0.8917748917748918,69.2624645469473,1.0,0.011267318169352789,9.121032243742716,0.9983609545870348,0.801556420233463,0.8903632863828512,0.8898529631288252,HERB MARKER ROSEMARY,HERB MARKER BASIL,HERB MARKER ROSEMARY → HERB MARKER BASIL
frozenset({'HERB MARKER BASIL'}),frozenset({'HERB MARKER ROSEMARY'}),0.012875298296242855,0.012819801320828016,0.011432376935457018,0.8879310344827587,69.2624645469473,1.0,0.011267318169352789,8.808684849752616,0.9984170832739738,0.801556420233463,0.8864756751936602,0.8898529631288252,HERB MARKER BASIL,HERB MARKER ROSEMARY,HERB MARKER BASIL → HERB MARKER ROSEMARY
frozenset({'HERB MARKER PARSLEY'}),frozenset({'HERB MARKER BASIL'}),0.012653310394583495,0.012875298296242855,0.011265886009212498,0.8903508771929824,69.15186403508771,1.0,0.011102970863447284,9.002577279538263,0.9981692187863846,0.7898832684824904,0.8889206980457834,0.8826754385964912,HERB MARKER PARSLEY,HERB MARKER BASIL,HERB MARKER PARSLEY → HERB MARKER BASIL
frozenset({'HERB MARKER BASIL'}),frozenset({'HERB MARKER PARSLEY'}),0.012875298296242855,0.012653310394583495,0.011265886009212498,0.875,69.15186403508771,1.0,0.011102970863447284,7.898773516843332,0.9983936904159538,0.7898832684824904,0.8733980664380867,0.8826754385964912,HERB MARKER BASIL,HERB MARKER PARSLEY,HERB MARKER BASIL → HERB MARKER PARSLEY
"frozenset({'HERB MARKER ROSEMARY', 'HERB MARKER THYME'})",frozenset({'HERB MARKER MINT'}),0.011876352738775737,0.012930795271657695,0.010599922304234418,0.8925233644859812,69.02308371104247,1.0,0.010446351618395319,9.184035209211526,0.9973570574769427,0.7460937499999998,0.8911154000153433,0.8561329268781837,"HERB MARKER ROSEMARY, HERB MARKER THYME",HERB MARKER MINT,"HERB MARKER ROSEMARY, HERB MARKER THYME → HERB MARKER MINT"
frozenset({'HERB MARKER ROSEMARY'}),frozenset({'HERB MARKER MINT'}),0.012819801320828016,0.012930795271657695,0.011376879960042177,0.8874458874458874,68.6304182226929,1.0,0.011211109733739223,8.769730242009496,0.9982262638007535,0.7915057915057914,0.8859714070554057,0.8836371068130724,HERB MARKER ROSEMARY,HERB MARKER MINT,HERB MARKER ROSEMARY → HERB MARKER MINT
frozenset({'HERB MARKER MINT'}),frozenset({'HERB MARKER ROSEMARY'}),0.012930795271657695,0.012819801320828016,0.011376879960042177,0.8798283261802574,68.6304182226929,1.0,0.011211109733739223,8.214749510437388,0.9983385123404815,0.7915057915057914,0.8782677428289891,0.8836371068130724,HERB MARKER MINT,HERB MARKER ROSEMARY,HERB MARKER MINT → HERB MARKER ROSEMARY
frozenset({'HERB MARKER BASIL'}),frozenset({'HERB MARKER THYME'}),0.012875298296242855,0.012764304345413174,0.011265886009212498,0.875,68.55054347826088,1.0,0.011101541783221274,7.897885565236694,0.9982651856492301,0.7837837837837838,0.8733838327056046,0.878804347826087,HERB MARKER BASIL,HERB MARKER THYME,HERB MARKER BASIL → HERB MARKER THYME
frozenset({'HERB MARKER THYME'}),frozenset({'HERB MARKER BASIL'}),0.012764304345413174,0.012875298296242855,0.011265886009212498,0.8826086956521739,68.55054347826086,1.0,0.011101541783221274,8.408840051550523,0.9981529516635481,0.7837837837837838,0.8810775334208423,0.878804347826087,HERB MARKER THYME,HERB MARKER BASIL,HERB MARKER THYME → HERB MARKER BASIL
frozenset({'HERB MARKER MINT'}),frozenset({'HERB MARKER BASIL'}),0.012930795271657695,0.012875298296242855,0.011210389033797659,0.8669527896995709,67.33457895515762,1.0,0.011043901187467418,7.419356628934695,0.9980544270552097,0.7680608365019013,0.8652174238261972,0.8688212224359924,HERB MARKER MINT,HERB MARKER BASIL,HERB MARKER MINT → HERB MARKER BASIL
frozenset({'HERB MARKER BASIL'}),frozenset({'HERB MARKER MINT'}),0.012875298296242855,0.012930795271657695,0.011210389033797659,0.8706896551724138,67.33457895515761,1.0,0.011043901187467418,7.633335183232514,0.9979983156015044,0.7680608365019013,0.8689956649360016,0.8688212224359924,HERB MARKER BASIL,HERB MARKER MINT,HERB MARKER BASIL → HERB MARKER MINT
frozenset({'HERB MARKER THYME'}),frozenset({'HERB MARKER MINT'}),0.012764304345413174,0.012930795271657695,0.011099395082967978,0.8695652173913043,67.24762082478074,1.0,0.010934342476692309,7.567530569583956,0.997866659171398,0.7604562737642585,0.8678564968050103,0.8639671580518753,HERB MARKER THYME,HERB MARKER MINT,HERB MARKER THYME → HERB MARKER MINT
frozenset({'HERB MARKER MINT'}),frozenset({'HERB MARKER THYME'}),0.012930795271657695,0.012764304345413174,0.011099395082967978,0.8583690987124463,67.24762082478074,1.0,0.010934342476692309,6.970482335985412,0.9980349713257619,0.7604562737642585,0.8565379048681527,0.8639671580518753,HERB MARKER MINT,HERB MARKER THYME,HERB MARKER MINT → HERB MARKER THYME
"frozenset({'REGENCY TEA PLATE ROSES ', 'REGENCY TEA PLATE GREEN '})",frozenset({'REGENCY TEA PLATE PINK'}),0.01559465009157001,0.014762195460347412,0.012375825517509296,0.7935943060498221,53.75855564177347,1.0,0.012145614244721815,4.773307294407627,0.9969453232324815,0.6882716049382716,0.7905016504653717,0.8159700853557381,"REGENCY TEA PLATE GREEN , REGENCY TEA PLATE ROSES ",REGENCY TEA PLATE PINK,"REGENCY TEA PLATE GREEN , REGENCY TEA PLATE ROSES  → REGENCY TEA PLATE PINK"
frozenset({'REGENCY SUGAR BOWL GREEN'}),frozenset({'REGENCY MILK JUG PINK '}),0.014207225706199013,0.015039680337421611,0.010932904156723459,0.76953125,51.16672912822878,1.0,0.010719232023620627,4.273726132773222,0.9945863628582884,0.596969696969697,0.7660121474954924,0.7482342596863469,REGENCY SUGAR BOWL GREEN,REGENCY MILK JUG PINK ,REGENCY SUGAR BOWL GREEN → REGENCY MILK JUG PINK 
frozenset({'REGENCY MILK JUG PINK '}),frozenset({'REGENCY SUGAR BOWL GREEN'}),0.015039680337421611,0.014207225706199013,0.010932904156723459,0.7269372693726938,51.16672912822878,1.0,0.010719232023620627,3.6101329977516228,0.9954269530905893,0.596969696969697,0.7230018947715233,0.7482342596863469,REGENCY MILK JUG PINK ,REGENCY SUGAR BOWL GREEN,REGENCY MILK JUG PINK  → REGENCY SUGAR BOWL GREEN
"frozenset({'REGENCY TEA PLATE PINK', 'REGENCY TEA PLATE ROSES '})",frozenset({'REGENCY TEA PLATE GREEN '}),0.013097286197902215,0.018646983739386204,0.012375825517509296,0.9449152542372881,50.673892756255036,1.0,0.012131600634746926,17.81533167980804,0.9932751816934046,0.6389684813753581,0.943868572419934,0.8043028652138822,"REGENCY TEA PLATE PINK, REGENCY TEA PLATE ROSES ",REGENCY TEA PLATE GREEN ,"REGENCY TEA PLATE PINK, REGENCY TEA PLATE ROSES  → REGENCY TEA PLATE GREEN "
frozenset({'REGENCY TEA PLATE PINK'}),frozenset({'REGENCY TEA PLATE GREEN '}),0.014762195460347412,0.018646983739386204,0.013374771074976415,0.9060150375939849,48.58775286430362,1.0,0.013099500656269676,10.441596093012928,0.9940936871636212,0.6675900277008311,0.9042292010635081,0.8116384711779449,REGENCY TEA PLATE PINK,REGENCY TEA PLATE GREEN ,REGENCY TEA PLATE PINK → REGENCY TEA PLATE GREEN 
frozenset({'REGENCY TEA PLATE GREEN '}),frozenset({'REGENCY TEA PLATE PINK'}),0.018646983739386204,0.014762195460347412,0.013374771074976415,0.7172619047619048,48.58775286430362,1.0,0.013099500656269676,3.4846305507928768,0.9980289107173991,0.6675900277008311,0.7130255315667641,0.8116384711779449,REGENCY TEA PLATE GREEN ,REGENCY TEA PLATE PINK,REGENCY TEA PLATE GREEN  → REGENCY TEA PLATE PINK
frozenset({'JAM JAR WITH GREEN LID'}),frozenset({'JAM JAR WITH PINK LID'}),0.014595704534102891,0.01526166823908097,0.01048892835340474,0.7186311787072244,47.08732803318355,1.0,0.01026617355308961,3.499813260177321,0.9932601961212009,0.5415472779369628,0.7142704694051779,0.7029519529899758,JAM JAR WITH GREEN LID,JAM JAR WITH PINK LID,JAM JAR WITH GREEN LID → JAM JAR WITH PINK LID
frozenset({'JAM JAR WITH PINK LID'}),frozenset({'JAM JAR WITH GREEN LID'}),0.01526166823908097,0.014595704534102891,0.01048892835340474,0.6872727272727273,47.087328033183546,1.0,0.01026617355308961,3.1510021075944383,0.9939319230347182,0.5415472779369628,0.6826406438796617,0.7029519529899758,JAM JAR WITH PINK LID,JAM JAR WITH GREEN LID,JAM JAR WITH PINK LID → JAM JAR WITH GREEN LID
frozenset({'SET OF 3 WOODEN TREE DECORATIONS'}),frozenset({'SET OF 3 WOODEN STOCKING DECORATION'}),0.01531716521449581,0.01631611077196293,0.011598867861701537,0.7572463768115941,46.41096076111603,1.0,0.011348951297349367,4.052190349655794,0.9936736288210701,0.5789473684210527,0.7532198851209091,0.7340653652765453,SET OF 3 WOODEN TREE DECORATIONS,SET OF 3 WOODEN STOCKING DECORATION,SET OF 3 WOODEN TREE DECORATIONS → SET OF 3 WOODEN STOCKING DECORATION
frozenset({'SET OF 3 WOODEN STOCKING DECORATION'}),frozenset({'SET OF 3 WOODEN TREE DECORATIONS'}),0.01631611077196293,0.01531716521449581,0.011598867861701537,0.7108843537414965,46.41096076111603,1.0,0.011348951297349367,3.405844157963978,0.9946827191070381,0.5789473684210527,0.7063870354544342,0.7340653652765453,SET OF 3 WOODEN STOCKING DECORATION,SET OF 3 WOODEN TREE DECORATIONS,SET OF 3 WOODEN STOCKING DECORATION → SET OF 3 WOODEN TREE DECORATIONS
"frozenset({""POPPY'S PLAYHOUSE KITCHEN"", ""POPPY'S PLAYHOUSE BEDROOM ""})","frozenset({""POPPY'S PLAYHOUSE LIVINGROOM ""})",0.01470669848493257,0.01570564404239969,0.0104334313779899,0.709433962264151,45.170638042536176,1.0,0.01020245320654665,3.3875065497242094,0.9924574983402003,0.5222222222222223,0.7047976187436703,0.6868724581638777,"POPPY'S PLAYHOUSE BEDROOM , POPPY'S PLAYHOUSE KITCHEN",POPPY'S PLAYHOUSE LIVINGROOM ,"POPPY'S PLAYHOUSE BEDROOM , POPPY'S PLAYHOUSE KITCHEN → POPPY'S PLAYHOUSE LIVINGROOM "
frozenset({'SET OF 3 WOODEN SLEIGH DECORATIONS'}),frozenset({'SET OF 3 WOODEN TREE DECORATIONS'}),0.01520617126366613,0.01531716521449581,0.0104334313779899,0.6861313868613139,44.79493282555803,1.0,0.010200515940464406,3.1372453108282348,0.9927723122485805,0.5193370165745856,0.6812490255229677,0.6836454035755846,SET OF 3 WOODEN SLEIGH DECORATIONS,SET OF 3 WOODEN TREE DECORATIONS,SET OF 3 WOODEN SLEIGH DECORATIONS → SET OF 3 WOODEN TREE DECORATIONS
frozenset({'SET OF 3 WOODEN TREE DECORATIONS'}),frozenset({'SET OF 3 WOODEN SLEIGH DECORATIONS'}),0.01531716521449581,0.01520617126366613,0.0104334313779899,0.6811594202898551,44.79493282555803,1.0,0.010200515940464406,3.0886715537639566,0.9928842180494314,0.5193370165745856,0.6762362126910623,0.6836454035755846,SET OF 3 WOODEN TREE DECORATIONS,SET OF 3 WOODEN SLEIGH DECORATIONS,SET OF 3 WOODEN TREE DECORATIONS → SET OF 3 WOODEN SLEIGH DECORATIONS
"frozenset({'REGENCY TEA PLATE PINK', 'REGENCY TEA PLATE GREEN '})",frozenset({'REGENCY TEA PLATE ROSES '}),0.013374771074976415,0.021144347633054,0.012375825517509296,0.925311203319502,43.761634048855925,1.0,0.01209302470838748,13.105789567801876,0.9903952433778435,0.5588972431077694,0.9236978440080569,0.7553065202949216,"REGENCY TEA PLATE GREEN , REGENCY TEA PLATE PINK",REGENCY TEA PLATE ROSES ,"REGENCY TEA PLATE GREEN , REGENCY TEA PLATE PINK → REGENCY TEA PLATE ROSES "
frozenset({'SET OF 3 WOODEN SLEIGH DECORATIONS'}),frozenset({'SET OF 3 WOODEN STOCKING DECORATION'}),0.01520617126366613,0.01631611077196293,0.01048892835340474,0.6897810218978102,42.27606882168926,1.0,0.010240822778649324,3.1709339488056725,0.9914216837293761,0.49868073878627955,0.684635499778654,0.6663190823774765,SET OF 3 WOODEN SLEIGH DECORATIONS,SET OF 3 WOODEN STOCKING DECORATION,SET OF 3 WOODEN SLEIGH DECORATIONS → SET OF 3 WOODEN STOCKING DECORATION
frozenset({'SET OF 3 WOODEN STOCKING DECORATION'}),frozenset({'SET OF 3 WOODEN SLEIGH DECORATIONS'}),0.01631611077196293,0.01520617126366613,0.01048892835340474,0.6428571428571428,42.27606882168926,1.0,0.010240822778649324,2.7574227204617343,0.9925403541764615,0.49868073878627955,0.6373425109688845,0.6663190823774765,SET OF 3 WOODEN STOCKING DECORATION,SET OF 3 WOODEN SLEIGH DECORATIONS,SET OF 3 WOODEN STOCKING DECORATION → SET OF 3 WOODEN SLEIGH DECORATIONS
frozenset({'REGENCY TEA PLATE PINK'}),frozenset({'REGENCY TEA PLATE ROSES '}),0.014762195460347412,0.021144347633054,0.013097286197902215,0.887218045112782,41.9600576243759,1.0,0.012785149205261538,8.67918678432026,0.990794107847134,0.5742092457420925,0.8847818321174293,0.7533203086456299,REGENCY TEA PLATE PINK,REGENCY TEA PLATE ROSES ,REGENCY TEA PLATE PINK → REGENCY TEA PLATE ROSES 
frozenset({'REGENCY TEA PLATE ROSES '}),frozenset({'REGENCY TEA PLATE PINK'}),0.021144347633054,0.014762195460347412,0.013097286197902215,0.6194225721784777,41.9600576243759,1.0,0.012785149205261538,2.5887972657214324,0.9972540989120177,0.5742092457420925,0.6137202347819518,0.7533203086456299,REGENCY TEA PLATE ROSES ,REGENCY TEA PLATE PINK,REGENCY TEA PLATE ROSES  → REGENCY TEA PLATE PINK
"frozenset({""POPPY'S PLAYHOUSE KITCHEN"", ""POPPY'S PLAYHOUSE LIVINGROOM ""})","frozenset({""POPPY'S PLAYHOUSE BEDROOM ""})",0.012375825517509296,0.02020089905100172,0.0104334313779899,0.8430493273542601,41.733257773616515,1.0,0.010183428576037884,6.242719986046474,0.9882689392309053,0.47117794486215536,0.8398134143073583,0.6797664219188883,"POPPY'S PLAYHOUSE KITCHEN, POPPY'S PLAYHOUSE LIVINGROOM ",POPPY'S PLAYHOUSE BEDROOM ,"POPPY'S PLAYHOUSE KITCHEN, POPPY'S PLAYHOUSE LIVINGROOM  → POPPY'S PLAYHOUSE BEDROOM "
"frozenset({""POPPY'S PLAYHOUSE LIVINGROOM "", ""POPPY'S PLAYHOUSE BEDROOM ""})","frozenset({""POPPY'S PLAYHOUSE KITCHEN""})",0.012320328542094456,0.020811365780564958,0.0104334313779899,0.8468468468468469,40.69155555555556,1.0,0.010177028514163638,6.393525788138664,0.9875923386561686,0.45965770171149145,0.8435917781304315,0.6740900900900901,"POPPY'S PLAYHOUSE BEDROOM , POPPY'S PLAYHOUSE LIVINGROOM ",POPPY'S PLAYHOUSE KITCHEN,"POPPY'S PLAYHOUSE BEDROOM , POPPY'S PLAYHOUSE LIVINGROOM  → POPPY'S PLAYHOUSE KITCHEN"
frozenset({'CHILDRENS CUTLERY POLKADOT PINK'}),frozenset({'CHILDRENS CUTLERY POLKADOT BLUE'}),0.01897996559187524,0.013374771074976415,0.0101559465009157,0.5350877192982457,40.00724321176386,1.0,0.00990209380611344,2.122175020706655,0.9938681086936161,0.45750000000000013,0.5287853309728366,0.647211909441654,CHILDRENS CUTLERY POLKADOT PINK,CHILDRENS CUTLERY POLKADOT BLUE,CHILDRENS CUTLERY POLKADOT PINK → CHILDRENS CUTLERY POLKADOT BLUE
frozenset({'CHILDRENS CUTLERY POLKADOT BLUE'}),frozenset({'CHILDRENS CUTLERY POLKADOT PINK'}),0.013374771074976415,0.01897996559187524,0.0101559465009157,0.7593360995850622,40.00724321176385,1.0,0.00990209380611344,4.076307384351001,0.9882217660803831,0.45750000000000013,0.754679933157393,0.647211909441654,CHILDRENS CUTLERY POLKADOT BLUE,CHILDRENS CUTLERY POLKADOT PINK,CHILDRENS CUTLERY POLKADOT BLUE → CHILDRENS CUTLERY POLKADOT PINK
frozenset({'REGENCY TEA PLATE GREEN '}),frozenset({'REGENCY TEA PLATE ROSES '}),0.018646983739386204,0.021144347633054,0.01559465009157001,0.8363095238095238,39.55239188851394,1.0,0.015200371785076524,5.979918167187162,0.9932379712867356,0.6444954128440367,0.8327736313371022,0.786921166104237,REGENCY TEA PLATE GREEN ,REGENCY TEA PLATE ROSES ,REGENCY TEA PLATE GREEN  → REGENCY TEA PLATE ROSES 
frozenset({'REGENCY TEA PLATE ROSES '}),frozenset({'REGENCY TEA PLATE GREEN '}),0.021144347633054,0.018646983739386204,0.01559465009157001,0.7375328083989502,39.55239188851394,1.0,0.015200371785076524,3.7389549919529395,0.9957720289297736,0.6444954128440367,0.732545590371582,0.786921166104237,REGENCY TEA PLATE ROSES ,REGENCY TEA PLATE GREEN ,REGENCY TEA PLATE ROSES  → REGENCY TEA PLATE GREEN 
"frozenset({""POPPY'S PLAYHOUSE LIVINGROOM ""})","frozenset({""POPPY'S PLAYHOUSE BEDROOM ""})",0.01570564404239969,0.02020089905100172,0.012320328542094456,0.784452296819788,38.83254378130703,1.0,0.012003060412262973,4.545625337189615,0.989793751803224,0.5223529411764707,0.7800082660093889,0.6971712033549489,POPPY'S PLAYHOUSE LIVINGROOM ,POPPY'S PLAYHOUSE BEDROOM ,POPPY'S PLAYHOUSE LIVINGROOM  → POPPY'S PLAYHOUSE BEDROOM 
"frozenset({""POPPY'S PLAYHOUSE BEDROOM ""})","frozenset({""POPPY'S PLAYHOUSE LIVINGROOM ""})",0.02020089905100172,0.01570564404239969,0.012320328542094456,0.6098901098901098,38.83254378130703,1.0,0.012003060412262973,2.5231207434406087,0.9943348616245813,0.5223529411764707,0.6036654200558124,0.6971712033549489,POPPY'S PLAYHOUSE BEDROOM ,POPPY'S PLAYHOUSE LIVINGROOM ,POPPY'S PLAYHOUSE BEDROOM  → POPPY'S PLAYHOUSE LIVINGROOM 
"frozenset({""POPPY'S PLAYHOUSE LIVINGROOM ""})","frozenset({""POPPY'S PLAYHOUSE KITCHEN""})",0.01570564404239969,0.020811365780564958,0.012375825517509296,0.7879858657243817,37.86324617196703,1.0,0.012048969614523565,4.618506391401669,0.9891239929529463,0.5126436781609196,0.7834797843169141,0.6913262661955242,POPPY'S PLAYHOUSE LIVINGROOM ,POPPY'S PLAYHOUSE KITCHEN,POPPY'S PLAYHOUSE LIVINGROOM  → POPPY'S PLAYHOUSE KITCHEN
"frozenset({""POPPY'S PLAYHOUSE KITCHEN""})","frozenset({""POPPY'S PLAYHOUSE LIVINGROOM ""})",0.020811365780564958,0.01570564404239969,0.012375825517509296,0.5946666666666667,37.86324617196702,1.0,0.012048969614523565,2.428357786079606,0.9942815200075636,0.5126436781609196,0.5881990678093519,0.6913262661955242,POPPY'S PLAYHOUSE KITCHEN,POPPY'S PLAYHOUSE LIVINGROOM ,POPPY'S PLAYHOUSE KITCHEN → POPPY'S PLAYHOUSE LIVINGROOM 
frozenset({'REGENCY SUGAR BOWL GREEN'}),frozenset({'REGENCY TEAPOT ROSES '}),0.014207225706199013,0.01970142627226816,0.010544425328819579,0.7421874999999999,37.67176496478873,1.0,0.010264522719035427,3.8023702253681706,0.9874843331940729,0.45130641330166266,0.737006145974864,0.6386993838028168,REGENCY SUGAR BOWL GREEN,REGENCY TEAPOT ROSES ,REGENCY SUGAR BOWL GREEN → REGENCY TEAPOT ROSES 
frozenset({'REGENCY TEAPOT ROSES '}),frozenset({'REGENCY SUGAR BOWL GREEN'}),0.01970142627226816,0.014207225706199013,0.010544425328819579,0.5352112676056338,37.67176496478873,1.0,0.010264522719035427,2.1209480901472686,0.993018807208238,0.45130641330166266,0.5285127417095037,0.6386993838028168,REGENCY TEAPOT ROSES ,REGENCY SUGAR BOWL GREEN,REGENCY TEAPOT ROSES  → REGENCY SUGAR BOWL GREEN
"frozenset({'SET/6 RED SPOTTY PAPER CUPS', 'SET/20 RED RETROSPOT PAPER NAPKINS '})",frozenset({'SET/6 RED SPOTTY PAPER PLATES'}),0.012320328542094456,0.023197735723403074,0.0107109162550641,0.8693693693693694,37.47647527910686,1.0,0.010425112529519092,7.477589747220845,0.9854577574784829,0.4317673378076063,0.8662670681590061,0.6655459287038235,"SET/20 RED RETROSPOT PAPER NAPKINS , SET/6 RED SPOTTY PAPER CUPS",SET/6 RED SPOTTY PAPER PLATES,"SET/20 RED RETROSPOT PAPER NAPKINS , SET/6 RED SPOTTY PAPER CUPS → SET/6 RED SPOTTY PAPER PLATES"
"frozenset({'SET/6 RED SPOTTY PAPER PLATES', 'SET/20 RED RETROSPOT PAPER NAPKINS '})",frozenset({'SET/6 RED SPOTTY PAPER CUPS'}),0.016094122870303568,0.017759032132748764,0.0107109162550641,0.6655172413793103,37.474859913793104,1.0,0.010425100209861971,2.9365967080567303,0.9892363350699959,0.46282973621103124,0.659469753794779,0.6343211206896552,"SET/20 RED RETROSPOT PAPER NAPKINS , SET/6 RED SPOTTY PAPER PLATES",SET/6 RED SPOTTY PAPER CUPS,"SET/20 RED RETROSPOT PAPER NAPKINS , SET/6 RED SPOTTY PAPER PLATES → SET/6 RED SPOTTY PAPER CUPS"
frozenset({'REGENCY MILK JUG PINK '}),frozenset({'REGENCY TEAPOT ROSES '}),0.015039680337421611,0.01970142627226816,0.010599922304234418,0.7047970479704796,35.773909879943865,1.0,0.010303619150908225,3.3207614185026904,0.986889165005835,0.43908045977011495,0.6988642440772233,0.621412608492282,REGENCY MILK JUG PINK ,REGENCY TEAPOT ROSES ,REGENCY MILK JUG PINK  → REGENCY TEAPOT ROSES 
frozenset({'REGENCY TEAPOT ROSES '}),frozenset({'REGENCY MILK JUG PINK '}),0.01970142627226816,0.015039680337421611,0.010599922304234418,0.5380281690140845,35.773909879943865,1.0,0.010303619150908225,2.13207874073302,0.9915822520676834,0.43908045977011495,0.530974170467928,0.621412608492282,REGENCY TEAPOT ROSES ,REGENCY MILK JUG PINK ,REGENCY TEAPOT ROSES  → REGENCY MILK JUG PINK 
"frozenset({'WOODEN TREE CHRISTMAS SCANDINAVIAN', 'WOODEN HEART CHRISTMAS SCANDINAVIAN'})",frozenset({'WOODEN STAR CHRISTMAS SCANDINAVIAN'}),0.012875298296242855,0.02658305122370831,0.012153837615849936,0.9439655172413792,35.51005147217622,1.0,0.011811572901720389,17.371748624315334,0.9845148822199171,0.44512195121951215,0.9424352711044705,0.7005840112302929,"WOODEN HEART CHRISTMAS SCANDINAVIAN, WOODEN TREE CHRISTMAS SCANDINAVIAN",WOODEN STAR CHRISTMAS SCANDINAVIAN,"WOODEN HEART CHRISTMAS SCANDINAVIAN, WOODEN TREE CHRISTMAS SCANDINAVIAN → WOODEN STAR CHRISTMAS SCANDINAVIAN"
"frozenset({""POPPY'S PLAYHOUSE BEDROOM ""})","frozenset({""POPPY'S PLAYHOUSE KITCHEN""})",0.02020089905100172,0.020811365780564958,0.01470669848493257,0.728021978021978,34.98194139194139,1.0,0.014286290185685906,3.600249119756306,0.9914418385940164,0.5590717299578057,0.7222414430955578,0.7173443223443223,POPPY'S PLAYHOUSE BEDROOM ,POPPY'S PLAYHOUSE KITCHEN,POPPY'S PLAYHOUSE BEDROOM  → POPPY'S PLAYHOUSE KITCHEN
"frozenset({""POPPY'S PLAYHOUSE KITCHEN""})","frozenset({""POPPY'S PLAYHOUSE BEDROOM ""})",0.020811365780564958,0.02020089905100172,0.01470669848493257,0.7066666666666667,34.98194139194139,1.0,0.014286290185685906,3.340224207780676,0.9920599444784266,0.5590717299578057,0.7006188992731048,0.7173443223443223,POPPY'S PLAYHOUSE KITCHEN,POPPY'S PLAYHOUSE BEDROOM ,POPPY'S PLAYHOUSE KITCHEN → POPPY'S PLAYHOUSE BEDROOM 
"frozenset({'WOODEN STAR CHRISTMAS SCANDINAVIAN', 'WOODEN HEART CHRISTMAS SCANDINAVIAN'})",frozenset({'WOODEN TREE CHRISTMAS SCANDINAVIAN'}),0.02042288695266108,0.017204062378600365,0.012153837615849936,0.595108695652174,34.59117286115007,1.0,0.011802480994765252,2.427308087548155,0.99133685105608,0.477124183006536,0.5880209829440692,0.6507801542776999,"WOODEN HEART CHRISTMAS SCANDINAVIAN, WOODEN STAR CHRISTMAS SCANDINAVIAN",WOODEN TREE CHRISTMAS SCANDINAVIAN,"WOODEN HEART CHRISTMAS SCANDINAVIAN, WOODEN STAR CHRISTMAS SCANDINAVIAN → WOODEN TREE CHRISTMAS SCANDINAVIAN"
frozenset({'SMALL MARSHMALLOWS PINK BOWL'}),frozenset({'SMALL CHOCOLATES PINK BOWL'}),0.023863699428381152,0.013319274099561573,0.010932904156723459,0.458139534883721,34.39673449612404,1.0,0.0106150570030073,1.8209129276274185,0.9946638314844333,0.4164904862579282,0.45082492148432246,0.6394864341085272,SMALL MARSHMALLOWS PINK BOWL,SMALL CHOCOLATES PINK BOWL,SMALL MARSHMALLOWS PINK BOWL → SMALL CHOCOLATES PINK BOWL
frozenset({'SMALL CHOCOLATES PINK BOWL'}),frozenset({'SMALL MARSHMALLOWS PINK BOWL'}),0.013319274099561573,0.023863699428381152,0.010932904156723459,0.8208333333333334,34.39673449612403,1.0,0.0106150570030073,5.448202607841596,0.984034092579993,0.4164904862579282,0.8164532283434723,0.6394864341085272,SMALL CHOCOLATES PINK BOWL,SMALL MARSHMALLOWS PINK BOWL,SMALL CHOCOLATES PINK BOWL → SMALL MARSHMALLOWS PINK BOWL
frozenset({'SET/6 RED SPOTTY PAPER CUPS'}),frozenset({'SET/6 RED SPOTTY PAPER PLATES'}),0.017759032132748764,0.023197735723403074,0.014096231755369332,0.7937500000000001,34.216701555023924,1.0,0.013684262421250403,4.736010978310774,0.9883262233330501,0.5247933884297521,0.7888518408044998,0.7007027511961723,SET/6 RED SPOTTY PAPER CUPS,SET/6 RED SPOTTY PAPER PLATES,SET/6 RED SPOTTY PAPER CUPS → SET/6 RED SPOTTY PAPER PLATES
frozenset({'SET/6 RED SPOTTY PAPER PLATES'}),frozenset({'SET/6 RED SPOTTY PAPER CUPS'}),0.023197735723403074,0.017759032132748764,0.014096231755369332,0.6076555023923444,34.216701555023924,1.0,0.013684262421250403,2.5035166132226276,0.9938290907773226,0.5247933884297521,0.600561867766973,0.7007027511961723,SET/6 RED SPOTTY PAPER PLATES,SET/6 RED SPOTTY PAPER CUPS,SET/6 RED SPOTTY PAPER PLATES → SET/6 RED SPOTTY PAPER CUPS
frozenset({'BLUE HAPPY BIRTHDAY BUNTING'}),frozenset({'PINK HAPPY BIRTHDAY BUNTING'}),0.018702480714801042,0.01970142627226816,0.012431322492924135,0.6646884272997033,33.73808668031931,1.0,0.012062856948012965,2.9235453039490773,0.9888539293389565,0.47863247863247854,0.6579495454887543,0.6478371713963306,BLUE HAPPY BIRTHDAY BUNTING,PINK HAPPY BIRTHDAY BUNTING,BLUE HAPPY BIRTHDAY BUNTING → PINK HAPPY BIRTHDAY BUNTING
frozenset({'PINK HAPPY BIRTHDAY BUNTING'}),frozenset({'BLUE HAPPY BIRTHDAY BUNTING'}),0.01970142627226816,0.018702480714801042,0.012431322492924135,0.6309859154929578,33.73808668031931,1.0,0.012062856948012965,2.6592413690553105,0.9898615929897774,0.47863247863247854,0.62395290189275,0.6478371713963306,PINK HAPPY BIRTHDAY BUNTING,BLUE HAPPY BIRTHDAY BUNTING,PINK HAPPY BIRTHDAY BUNTING → BLUE HAPPY BIRTHDAY BUNTING
"frozenset({'KEY FOB , BACK DOOR '})","frozenset({'KEY FOB , SHED'})",0.016982074476941007,0.02047838392807592,0.011543370886286698,0.6797385620915033,33.19297872717289,1.0,0.011195605445252721,3.0585062705919266,0.9866281392632096,0.4453961456102784,0.6730430113499603,0.6217120994739359,"KEY FOB , BACK DOOR ","KEY FOB , SHED","KEY FOB , BACK DOOR  → KEY FOB , SHED"
"frozenset({'KEY FOB , SHED'})","frozenset({'KEY FOB , BACK DOOR '})",0.02047838392807592,0.016982074476941007,0.011543370886286698,0.5636856368563685,33.192978727172886,1.0,0.011195605445252721,2.2530038168820417,0.9901498147744607,0.4453961456102784,0.5561481110209961,0.6217120994739359,"KEY FOB , SHED","KEY FOB , BACK DOOR ","KEY FOB , SHED → KEY FOB , BACK DOOR "
frozenset({'WOODEN TREE CHRISTMAS SCANDINAVIAN'}),frozenset({'WOODEN STAR CHRISTMAS SCANDINAVIAN'}),0.017204062378600365,0.02658305122370831,0.014595704534102891,0.8483870967741935,31.914586840864704,1.0,0.014138368062636684,6.420409662141498,0.9856230865403877,0.49999999999999994,0.8442466987898628,0.6987238197858441,WOODEN TREE CHRISTMAS SCANDINAVIAN,WOODEN STAR CHRISTMAS SCANDINAVIAN,WOODEN TREE CHRISTMAS SCANDINAVIAN → WOODEN STAR CHRISTMAS SCANDINAVIAN
frozenset({'WOODEN STAR CHRISTMAS SCANDINAVIAN'}),frozenset({'WOODEN TREE CHRISTMAS SCANDINAVIAN'}),0.02658305122370831,0.017204062378600365,0.014595704534102891,0.5490605427974947,31.914586840864704,1.0,0.014138368062636684,2.179440991299307,0.9951196829842489,0.49999999999999994,0.5411667468896074,0.6987238197858441,WOODEN STAR CHRISTMAS SCANDINAVIAN,WOODEN TREE CHRISTMAS SCANDINAVIAN,WOODEN STAR CHRISTMAS SCANDINAVIAN → WOODEN TREE CHRISTMAS SCANDINAVIAN
frozenset({'FELTCRAFT CUSHION BUTTERFLY'}),frozenset({'FELTCRAFT CUSHION RABBIT'}),0.018258504911482325,0.02042288695266108,0.011765358787946057,0.6443768996960486,31.551704770714945,1.0,0.011392467406214246,2.7545373520732865,0.986314621841569,0.4371134020618557,0.6369626284982778,0.6102319281088939,FELTCRAFT CUSHION BUTTERFLY,FELTCRAFT CUSHION RABBIT,FELTCRAFT CUSHION BUTTERFLY → FELTCRAFT CUSHION RABBIT
frozenset({'FELTCRAFT CUSHION RABBIT'}),frozenset({'FELTCRAFT CUSHION BUTTERFLY'}),0.02042288695266108,0.018258504911482325,0.011765358787946057,0.5760869565217391,31.551704770714945,1.0,0.011392467406214246,2.315903014054965,0.9884938904525159,0.4371134020618557,0.5682029886695996,0.6102319281088939,FELTCRAFT CUSHION RABBIT,FELTCRAFT CUSHION BUTTERFLY,FELTCRAFT CUSHION RABBIT → FELTCRAFT CUSHION BUTTERFLY
frozenset({'SET OF 6 SNACK LOAF BAKING CASES'}),frozenset({'SET OF 12 MINI LOAF BAKING CASES'}),0.016871080526111328,0.02131083855929852,0.011210389033797659,0.6644736842105263,31.180081551535086,1.0,0.010850852160384774,2.9168775007644436,0.9845384707818792,0.4156378600823045,0.6571676391147987,0.5952576754385965,SET OF 6 SNACK LOAF BAKING CASES,SET OF 12 MINI LOAF BAKING CASES,SET OF 6 SNACK LOAF BAKING CASES → SET OF 12 MINI LOAF BAKING CASES
frozenset({'SET OF 12 MINI LOAF BAKING CASES'}),frozenset({'SET OF 6 SNACK LOAF BAKING CASES'}),0.02131083855929852,0.016871080526111328,0.011210389033797659,0.5260416666666666,31.180081551535082,1.0,0.010850852160384774,2.0742939839449077,0.9890047638163305,0.4156378600823045,0.517908258067551,0.5952576754385965,SET OF 12 MINI LOAF BAKING CASES,SET OF 6 SNACK LOAF BAKING CASES,SET OF 12 MINI LOAF BAKING CASES → SET OF 6 SNACK LOAF BAKING CASES
frozenset({'SET OF 3 WOODEN TREE DECORATIONS'}),frozenset({'SET OF 3 WOODEN HEART DECORATIONS'}),0.01531716521449581,0.023641711526721794,0.011210389033797659,0.7318840579710145,30.9573212220181,1.0,0.010848265032389412,3.641552535386822,0.9827504139130591,0.404,0.7253918513374473,0.6030312308634416,SET OF 3 WOODEN TREE DECORATIONS,SET OF 3 WOODEN HEART DECORATIONS,SET OF 3 WOODEN TREE DECORATIONS → SET OF 3 WOODEN HEART DECORATIONS
frozenset({'SET OF 3 WOODEN HEART DECORATIONS'}),frozenset({'SET OF 3 WOODEN TREE DECORATIONS'}),0.023641711526721794,0.01531716521449581,0.011210389033797659,0.47417840375586856,30.9573212220181,1.0,0.010848265032389412,1.872655748297432,0.9911294602432448,0.404,0.4659990225597134,0.6030312308634416,SET OF 3 WOODEN HEART DECORATIONS,SET OF 3 WOODEN TREE DECORATIONS,SET OF 3 WOODEN HEART DECORATIONS → SET OF 3 WOODEN TREE DECORATIONS
"frozenset({'DOTCOM POSTAGE', 'SKULL SHOULDER BAG'})",frozenset({'SUKI  SHOULDER BAG'}),0.012209334591264775,0.028136966535323826,0.010599922304234418,0.8681818181818182,30.85555854402008,1.0,0.01025638866542143,7.372754046973404,0.9795505894942625,0.3563432835820895,0.8643654740645376,0.622453828223059,"DOTCOM POSTAGE, SKULL SHOULDER BAG",SUKI  SHOULDER BAG,"DOTCOM POSTAGE, SKULL SHOULDER BAG → SUKI  SHOULDER BAG"
frozenset({'SET OF 3 WOODEN STOCKING DECORATION'}),frozenset({'SET OF 3 WOODEN HEART DECORATIONS'}),0.01631611077196293,0.023641711526721794,0.011487873910871858,0.7040816326530612,29.781330842196034,1.0,0.011102133126763072,3.299417664495906,0.9824517078555223,0.40350877192982465,0.6969162131970392,0.5949985628054039,SET OF 3 WOODEN STOCKING DECORATION,SET OF 3 WOODEN HEART DECORATIONS,SET OF 3 WOODEN STOCKING DECORATION → SET OF 3 WOODEN HEART DECORATIONS
frozenset({'SET OF 3 WOODEN HEART DECORATIONS'}),frozenset({'SET OF 3 WOODEN STOCKING DECORATION'}),0.023641711526721794,0.01631611077196293,0.011487873910871858,0.4859154929577465,29.78133084219603,1.0,0.011102133126763072,1.9134672913750859,0.989823027439273,0.40350877192982465,0.477388505929796,0.5949985628054039,SET OF 3 WOODEN HEART DECORATIONS,SET OF 3 WOODEN STOCKING DECORATION,SET OF 3 WOODEN HEART DECORATIONS → SET OF 3 WOODEN STOCKING DECORATION
frozenset({'PINK VINTAGE PAISLEY PICNIC BAG'}),frozenset({'SCANDINAVIAN PAISLEY PICNIC BAG'}),0.021144347633054,0.023197735723403074,0.014595704534102891,0.6902887139107612,29.75672807645456,1.0,0.01410520354566754,3.1539123956727413,0.9872693204311291,0.4906716417910447,0.6829334887766607,0.6597376583907872,PINK VINTAGE PAISLEY PICNIC BAG,SCANDINAVIAN PAISLEY PICNIC BAG,PINK VINTAGE PAISLEY PICNIC BAG → SCANDINAVIAN PAISLEY PICNIC BAG
frozenset({'SCANDINAVIAN PAISLEY PICNIC BAG'}),frozenset({'PINK VINTAGE PAISLEY PICNIC BAG'}),0.023197735723403074,0.021144347633054,0.014595704534102891,0.6291866028708134,29.756728076454557,1.0,0.01410520354566754,2.6397526625121515,0.9893447118779761,0.4906716417910447,0.6211766298406388,0.6597376583907872,SCANDINAVIAN PAISLEY PICNIC BAG,PINK VINTAGE PAISLEY PICNIC BAG,SCANDINAVIAN PAISLEY PICNIC BAG → PINK VINTAGE PAISLEY PICNIC BAG
frozenset({'RED SPOT CERAMIC DRAWER KNOB'}),frozenset({'BLUE SPOT CERAMIC DRAWER KNOB'}),0.018369498862312005,0.019090959542704924,0.0104334313779899,0.56797583081571,29.75103632403569,1.0,0.010082740018389737,2.2704957509885646,0.9844719824475303,0.38603696098562634,0.5595675527846268,0.5572437293613434,RED SPOT CERAMIC DRAWER KNOB,BLUE SPOT CERAMIC DRAWER KNOB,RED SPOT CERAMIC DRAWER KNOB → BLUE SPOT CERAMIC DRAWER KNOB
frozenset({'BLUE SPOT CERAMIC DRAWER KNOB'}),frozenset({'RED SPOT CERAMIC DRAWER KNOB'}),0.019090959542704924,0.018369498862312005,0.0104334313779899,0.5465116279069767,29.751036324035688,1.0,0.010082740018389737,2.1646211050728503,0.9851960636793163,0.38603696098562634,0.5380253857562084,0.5572437293613434,BLUE SPOT CERAMIC DRAWER KNOB,RED SPOT CERAMIC DRAWER KNOB,BLUE SPOT CERAMIC DRAWER KNOB → RED SPOT CERAMIC DRAWER KNOB
frozenset({'RED SPOT CERAMIC DRAWER KNOB'}),frozenset({'WHITE SPOT RED CERAMIC DRAWER KNOB'}),0.018369498862312005,0.019645929296853323,0.0107109162550641,0.5830815709969789,29.67951081297899,1.0,0.01035003037919649,2.3514289666865333,0.9843894634224075,0.3922764227642277,0.5747266814488855,0.5641396555549867,RED SPOT CERAMIC DRAWER KNOB,WHITE SPOT RED CERAMIC DRAWER KNOB,RED SPOT CERAMIC DRAWER KNOB → WHITE SPOT RED CERAMIC DRAWER KNOB
frozenset({'WHITE SPOT RED CERAMIC DRAWER KNOB'}),frozenset({'RED SPOT CERAMIC DRAWER KNOB'}),0.019645929296853323,0.018369498862312005,0.0107109162550641,0.5451977401129944,29.67951081297899,1.0,0.01035003037919649,2.158367685731314,0.9856711479771041,0.3922764227642277,0.5366869108489397,0.5641396555549867,WHITE SPOT RED CERAMIC DRAWER KNOB,RED SPOT CERAMIC DRAWER KNOB,WHITE SPOT RED CERAMIC DRAWER KNOB → RED SPOT CERAMIC DRAWER KNOB
frozenset({'BLUE SPOT CERAMIC DRAWER KNOB'}),frozenset({'WHITE SPOT BLUE CERAMIC DRAWER KNOB'}),0.019090959542704924,0.018314001886897163,0.010322437427160219,0.5406976744186046,29.52373150105708,1.0,0.009972805558072444,2.137341666777895,0.9849322443765114,0.3811475409836065,0.5321290856096352,0.5521670190274841,BLUE SPOT CERAMIC DRAWER KNOB,WHITE SPOT BLUE CERAMIC DRAWER KNOB,BLUE SPOT CERAMIC DRAWER KNOB → WHITE SPOT BLUE CERAMIC DRAWER KNOB
frozenset({'WHITE SPOT BLUE CERAMIC DRAWER KNOB'}),frozenset({'BLUE SPOT CERAMIC DRAWER KNOB'}),0.018314001886897163,0.019090959542704924,0.010322437427160219,0.5636363636363636,29.523731501057078,1.0,0.009972805558072444,2.2479165510479677,0.9841527174715834,0.3811475409836065,0.5551436286485791,0.5521670190274841,WHITE SPOT BLUE CERAMIC DRAWER KNOB,BLUE SPOT CERAMIC DRAWER KNOB,WHITE SPOT BLUE CERAMIC DRAWER KNOB → BLUE SPOT CERAMIC DRAWER KNOB
"frozenset({'WOODEN TREE CHRISTMAS SCANDINAVIAN', 'WOODEN STAR CHRISTMAS SCANDINAVIAN'})",frozenset({'WOODEN HEART CHRISTMAS SCANDINAVIAN'}),0.014595704534102891,0.028247960486153505,0.012153837615849936,0.8326996197718631,29.478220920764638,1.0,0.011741538730903027,5.808426963457765,0.980386075682437,0.3960216998191681,0.8278363477252543,0.6314775112611771,"WOODEN STAR CHRISTMAS SCANDINAVIAN, WOODEN TREE CHRISTMAS SCANDINAVIAN",WOODEN HEART CHRISTMAS SCANDINAVIAN,"WOODEN STAR CHRISTMAS SCANDINAVIAN, WOODEN TREE CHRISTMAS SCANDINAVIAN → WOODEN HEART CHRISTMAS SCANDINAVIAN"
frozenset({'SMALL CHOCOLATES PINK BOWL'}),frozenset({'SMALL DOLLY MIX DESIGN ORANGE BOWL'}),0.013319274099561573,0.028303457461568343,0.011099395082967978,0.8333333333333334,29.44281045751634,1.0,0.010722413575072068,5.830179255230591,0.9790764384948535,0.36363636363636365,0.8284786871513699,0.6127450980392157,SMALL CHOCOLATES PINK BOWL,SMALL DOLLY MIX DESIGN ORANGE BOWL,SMALL CHOCOLATES PINK BOWL → SMALL DOLLY MIX DESIGN ORANGE BOWL
frozenset({'SMALL DOLLY MIX DESIGN ORANGE BOWL'}),frozenset({'SMALL CHOCOLATES PINK BOWL'}),0.028303457461568343,0.013319274099561573,0.011099395082967978,0.39215686274509803,29.44281045751634,1.0,0.010722413575072068,1.6232489361587856,0.9941744245816438,0.36363636363636365,0.3839515445077857,0.6127450980392157,SMALL DOLLY MIX DESIGN ORANGE BOWL,SMALL CHOCOLATES PINK BOWL,SMALL DOLLY MIX DESIGN ORANGE BOWL → SMALL CHOCOLATES PINK BOWL
frozenset({'RED STRIPE CERAMIC DRAWER KNOB'}),frozenset({'RED SPOT CERAMIC DRAWER KNOB'}),0.021366335534713357,0.018369498862312005,0.011543370886286698,0.5402597402597403,29.41069564876212,1.0,0.011150882009990004,2.1351849883503387,0.98708924411757,0.4094488188976378,0.5316565049604399,0.5843292659002629,RED STRIPE CERAMIC DRAWER KNOB,RED SPOT CERAMIC DRAWER KNOB,RED STRIPE CERAMIC DRAWER KNOB → RED SPOT CERAMIC DRAWER KNOB
frozenset({'RED SPOT CERAMIC DRAWER KNOB'}),frozenset({'RED STRIPE CERAMIC DRAWER KNOB'}),0.018369498862312005,0.021366335534713357,0.011543370886286698,0.6283987915407855,29.410695648762115,1.0,0.011150882009990004,2.633558885674877,0.9840757423546602,0.4094488188976378,0.6202856881463884,0.5843292659002629,RED SPOT CERAMIC DRAWER KNOB,RED STRIPE CERAMIC DRAWER KNOB,RED SPOT CERAMIC DRAWER KNOB → RED STRIPE CERAMIC DRAWER KNOB
frozenset({'SET OF 6 TEA TIME BAKING CASES'}),frozenset({'SET OF 12 MINI LOAF BAKING CASES'}),0.017870026083578443,0.02131083855929852,0.010766413230478939,0.6024844720496895,28.27127005693582,1.0,0.010385587989561344,2.462014921749265,0.982179983910139,0.37890625,0.5938286193287982,0.5538464026915113,SET OF 6 TEA TIME BAKING CASES,SET OF 12 MINI LOAF BAKING CASES,SET OF 6 TEA TIME BAKING CASES → SET OF 12 MINI LOAF BAKING CASES
frozenset({'SET OF 12 MINI LOAF BAKING CASES'}),frozenset({'SET OF 6 TEA TIME BAKING CASES'}),0.02131083855929852,0.017870026083578443,0.010766413230478939,0.5052083333333333,28.271270056935816,1.0,0.010385587989561344,1.9849363683363463,0.9856330691952214,0.37890625,0.49620551270460145,0.5538464026915113,SET OF 12 MINI LOAF BAKING CASES,SET OF 6 TEA TIME BAKING CASES,SET OF 12 MINI LOAF BAKING CASES → SET OF 6 TEA TIME BAKING CASES
frozenset({'SET OF 3 WOODEN SLEIGH DECORATIONS'}),frozenset({'SET OF 3 WOODEN HEART DECORATIONS'}),0.01520617126366613,0.023641711526721794,0.01010044952550086,0.6642335766423358,28.095832904972415,1.0,0.009740949611059339,2.9078496852356337,0.9792989202963842,0.3513513513513514,0.6561032693411157,0.5457318117953464,SET OF 3 WOODEN SLEIGH DECORATIONS,SET OF 3 WOODEN HEART DECORATIONS,SET OF 3 WOODEN SLEIGH DECORATIONS → SET OF 3 WOODEN HEART DECORATIONS
frozenset({'SET OF 3 WOODEN HEART DECORATIONS'}),frozenset({'SET OF 3 WOODEN SLEIGH DECORATIONS'}),0.023641711526721794,0.01520617126366613,0.01010044952550086,0.4272300469483568,28.095832904972415,1.0,0.009740949611059339,1.7193531600068779,0.9877598670300312,0.3513513513513514,0.4183859236946994,0.5457318117953464,SET OF 3 WOODEN HEART DECORATIONS,SET OF 3 WOODEN SLEIGH DECORATIONS,SET OF 3 WOODEN HEART DECORATIONS → SET OF 3 WOODEN SLEIGH DECORATIONS
frozenset({'SMALL MARSHMALLOWS PINK BOWL'}),frozenset({'SMALL DOLLY MIX DESIGN ORANGE BOWL'}),0.023863699428381152,0.028303457461568343,0.018591486763971363,0.7790697674418605,27.52560419516644,1.0,0.017916061562324524,4.398205403068691,0.9872291281100891,0.5537190082644629,0.7726345387820484,0.7179662562699498,SMALL MARSHMALLOWS PINK BOWL,SMALL DOLLY MIX DESIGN ORANGE BOWL,SMALL MARSHMALLOWS PINK BOWL → SMALL DOLLY MIX DESIGN ORANGE BOWL
frozenset({'SMALL DOLLY MIX DESIGN ORANGE BOWL'}),frozenset({'SMALL MARSHMALLOWS PINK BOWL'}),0.028303457461568343,0.023863699428381152,0.018591486763971363,0.6568627450980392,27.52560419516644,1.0,0.017916061562324524,2.8447400759515746,0.9917398557500919,0.5537190082644629,0.648474035131137,0.7179662562699498,SMALL DOLLY MIX DESIGN ORANGE BOWL,SMALL MARSHMALLOWS PINK BOWL,SMALL DOLLY MIX DESIGN ORANGE BOWL → SMALL MARSHMALLOWS PINK BOWL
frozenset({'FELTCRAFT PRINCESS CHARLOTTE DOLL'}),frozenset({'FELTCRAFT PRINCESS LOLA DOLL'}),0.022920250846328875,0.02047838392807592,0.012819801320828016,0.5593220338983051,27.31280143309908,1.0,0.012350431624269086,2.222760590317059,0.9859861823964972,0.4192377495462795,0.5501089931339128,0.5926691470304534,FELTCRAFT PRINCESS CHARLOTTE DOLL,FELTCRAFT PRINCESS LOLA DOLL,FELTCRAFT PRINCESS CHARLOTTE DOLL → FELTCRAFT PRINCESS LOLA DOLL
frozenset({'FELTCRAFT PRINCESS LOLA DOLL'}),frozenset({'FELTCRAFT PRINCESS CHARLOTTE DOLL'}),0.02047838392807592,0.022920250846328875,0.012819801320828016,0.6260162601626016,27.312801433099075,1.0,0.012350431624269086,2.6126262857804683,0.9835281998454802,0.4192377495462795,0.6172433824758559,0.5926691470304534,FELTCRAFT PRINCESS LOLA DOLL,FELTCRAFT PRINCESS CHARLOTTE DOLL,FELTCRAFT PRINCESS LOLA DOLL → FELTCRAFT PRINCESS CHARLOTTE DOLL
frozenset({'SET OF 6 SNACK LOAF BAKING CASES'}),frozenset({'SET OF 12 FAIRY CAKE BAKING CASES'}),0.016871080526111328,0.02619457239580443,0.012042843665020257,0.7138157894736842,27.25052269179304,1.0,0.011600912924783588,3.4027224136974183,0.9798343198960501,0.3881932021466905,0.7061176674375287,0.5867807760927743,SET OF 6 SNACK LOAF BAKING CASES,SET OF 12 FAIRY CAKE BAKING CASES,SET OF 6 SNACK LOAF BAKING CASES → SET OF 12 FAIRY CAKE BAKING CASES
frozenset({'SET OF 12 FAIRY CAKE BAKING CASES'}),frozenset({'SET OF 6 SNACK LOAF BAKING CASES'}),0.02619457239580443,0.016871080526111328,0.012042843665020257,0.4597457627118644,27.25052269179304,1.0,0.011600912924783588,1.8197523529085313,0.989215534106031,0.3881932021466905,0.4504746767318704,0.5867807760927743,SET OF 12 FAIRY CAKE BAKING CASES,SET OF 6 SNACK LOAF BAKING CASES,SET OF 12 FAIRY CAKE BAKING CASES → SET OF 6 SNACK LOAF BAKING CASES
frozenset({'WOODEN STAR CHRISTMAS SCANDINAVIAN'}),frozenset({'WOODEN HEART CHRISTMAS SCANDINAVIAN'}),0.02658305122370831,0.028247960486153505,0.02042288695266108,0.7682672233820459,27.197263454068928,1.0,0.019671969972092373,4.193416458802995,0.9895364942243816,0.5935483870967743,0.7615309593444366,0.7456267354631251,WOODEN STAR CHRISTMAS SCANDINAVIAN,WOODEN HEART CHRISTMAS SCANDINAVIAN,WOODEN STAR CHRISTMAS SCANDINAVIAN → WOODEN HEART CHRISTMAS SCANDINAVIAN
frozenset({'WOODEN HEART CHRISTMAS SCANDINAVIAN'}),frozenset({'WOODEN STAR CHRISTMAS SCANDINAVIAN'}),0.028247960486153505,0.02658305122370831,0.02042288695266108,0.7229862475442043,27.197263454068928,1.0,0.019671969972092373,3.5139661484193785,0.9912318737119162,0.5935483870967743,0.7154212767673328,0.7456267354631251,WOODEN HEART CHRISTMAS SCANDINAVIAN,WOODEN STAR CHRISTMAS SCANDINAVIAN,WOODEN HEART CHRISTMAS SCANDINAVIAN → WOODEN STAR CHRISTMAS SCANDINAVIAN
frozenset({'BLUE STRIPE CERAMIC DRAWER KNOB'}),frozenset({'RED STRIPE CERAMIC DRAWER KNOB'}),0.021366335534713357,0.021366335534713357,0.012375825517509296,0.5792207792207793,27.10903693708889,1.0,0.01191930522332734,2.325765190241577,0.9841393842205564,0.4076782449725777,0.5700339809900886,0.5792207792207793,BLUE STRIPE CERAMIC DRAWER KNOB,RED STRIPE CERAMIC DRAWER KNOB,BLUE STRIPE CERAMIC DRAWER KNOB → RED STRIPE CERAMIC DRAWER KNOB
frozenset({'RED STRIPE CERAMIC DRAWER KNOB'}),frozenset({'BLUE STRIPE CERAMIC DRAWER KNOB'}),0.021366335534713357,0.021366335534713357,0.012375825517509296,0.5792207792207793,27.10903693708889,1.0,0.01191930522332734,2.325765190241577,0.9841393842205564,0.4076782449725777,0.5700339809900886,0.5792207792207793,RED STRIPE CERAMIC DRAWER KNOB,BLUE STRIPE CERAMIC DRAWER KNOB,RED STRIPE CERAMIC DRAWER KNOB → BLUE STRIPE CERAMIC DRAWER KNOB
frozenset({'WHITE SPOT RED CERAMIC DRAWER KNOB'}),frozenset({'RED STRIPE CERAMIC DRAWER KNOB'}),0.019645929296853323,0.021366335534713357,0.011210389033797659,0.5706214689265536,26.706566879448236,1.0,0.010790627516549835,2.2791862975046806,0.9818452889727126,0.3761638733705773,0.5612469234766684,0.5476483968009391,WHITE SPOT RED CERAMIC DRAWER KNOB,RED STRIPE CERAMIC DRAWER KNOB,WHITE SPOT RED CERAMIC DRAWER KNOB → RED STRIPE CERAMIC DRAWER KNOB
frozenset({'RED STRIPE CERAMIC DRAWER KNOB'}),frozenset({'WHITE SPOT RED CERAMIC DRAWER KNOB'}),0.021366335534713357,0.019645929296853323,0.011210389033797659,0.5246753246753247,26.706566879448236,1.0,0.010790627516549835,2.0624935367251997,0.9835713411422802,0.3761638733705773,0.5151499957726962,0.5476483968009391,RED STRIPE CERAMIC DRAWER KNOB,WHITE SPOT RED CERAMIC DRAWER KNOB,RED STRIPE CERAMIC DRAWER KNOB → WHITE SPOT RED CERAMIC DRAWER KNOB
frozenset({'WOODEN TREE CHRISTMAS SCANDINAVIAN'}),frozenset({'WOODEN HEART CHRISTMAS SCANDINAVIAN'}),0.017204062378600365,0.028247960486153505,0.012875298296242855,0.7483870967741936,26.493491349261678,1.0,0.012389318621970832,3.8620914390934926,0.9790993669690651,0.39522998296422485,0.7410729352812218,0.6020913872869003,WOODEN TREE CHRISTMAS SCANDINAVIAN,WOODEN HEART CHRISTMAS SCANDINAVIAN,WOODEN TREE CHRISTMAS SCANDINAVIAN → WOODEN HEART CHRISTMAS SCANDINAVIAN
frozenset({'WOODEN HEART CHRISTMAS SCANDINAVIAN'}),frozenset({'WOODEN TREE CHRISTMAS SCANDINAVIAN'}),0.028247960486153505,0.017204062378600365,0.012875298296242855,0.45579567779960706,26.493491349261678,1.0,0.012389318621970832,1.8059318853765067,0.9902267669705981,0.39522998296422485,0.4462692596008312,0.6020913872869003,WOODEN HEART CHRISTMAS SCANDINAVIAN,WOODEN TREE CHRISTMAS SCANDINAVIAN,WOODEN HEART CHRISTMAS SCANDINAVIAN → WOODEN TREE CHRISTMAS SCANDINAVIAN
frozenset({'BLUE SPOT CERAMIC DRAWER KNOB'}),frozenset({'BLUE STRIPE CERAMIC DRAWER KNOB'}),0.019090959542704924,0.021366335534713357,0.0107109162550641,0.561046511627907,26.258434007852614,1.0,0.010303012407795027,2.229470070040123,0.9806383243801803,0.3600746268656716,0.5514629178305124,0.5311726064633042,BLUE SPOT CERAMIC DRAWER KNOB,BLUE STRIPE CERAMIC DRAWER KNOB,BLUE SPOT CERAMIC DRAWER KNOB → BLUE STRIPE CERAMIC DRAWER KNOB
frozenset({'BLUE STRIPE CERAMIC DRAWER KNOB'}),frozenset({'BLUE SPOT CERAMIC DRAWER KNOB'}),0.021366335534713357,0.019090959542704924,0.0107109162550641,0.5012987012987014,26.258434007852614,1.0,0.010303012407795027,1.9669269821669721,0.9829183613144884,0.3600746268656716,0.4915927184555191,0.5311726064633042,BLUE STRIPE CERAMIC DRAWER KNOB,BLUE SPOT CERAMIC DRAWER KNOB,BLUE STRIPE CERAMIC DRAWER KNOB → BLUE SPOT CERAMIC DRAWER KNOB
frozenset({'FLORAL FOLK STATIONERY SET'}),frozenset({'MODERN FLORAL STATIONERY SET'}),0.022642765969254675,0.019368444419779123,0.011487873910871858,0.5073529411764707,26.194821338277436,1.0,0.011049318756686282,1.9905356949091053,0.9841074295627156,0.3763636363636364,0.4976226738573189,0.5502380751727626,FLORAL FOLK STATIONERY SET,MODERN FLORAL STATIONERY SET,FLORAL FOLK STATIONERY SET → MODERN FLORAL STATIONERY SET
frozenset({'MODERN FLORAL STATIONERY SET'}),frozenset({'FLORAL FOLK STATIONERY SET'}),0.019368444419779123,0.022642765969254675,0.011487873910871858,0.5931232091690545,26.194821338277432,1.0,0.011049318756686282,2.4020963005403533,0.9808215020955849,0.3763636363636364,0.5836969567893472,0.5502380751727626,MODERN FLORAL STATIONERY SET,FLORAL FOLK STATIONERY SET,MODERN FLORAL STATIONERY SET → FLORAL FOLK STATIONERY SET
frozenset({'SET OF 12 MINI LOAF BAKING CASES'}),frozenset({'SET OF 12 FAIRY CAKE BAKING CASES'}),0.02131083855929852,0.02619457239580443,0.014484710583273212,0.6796875,25.94764631885593,1.0,0.013926482279816367,3.0401730422765127,0.9823965533536039,0.4386554621848739,0.6710713547899926,0.6163268008474576,SET OF 12 MINI LOAF BAKING CASES,SET OF 12 FAIRY CAKE BAKING CASES,SET OF 12 MINI LOAF BAKING CASES → SET OF 12 FAIRY CAKE BAKING CASES
frozenset({'SET OF 12 FAIRY CAKE BAKING CASES'}),frozenset({'SET OF 12 MINI LOAF BAKING CASES'}),0.02619457239580443,0.02131083855929852,0.014484710583273212,0.5529661016949152,25.94764631885593,1.0,0.013926482279816367,2.189295185782043,0.9873233725645869,0.4386554621848739,0.5432319924264631,0.6163268008474576,SET OF 12 FAIRY CAKE BAKING CASES,SET OF 12 MINI LOAF BAKING CASES,SET OF 12 FAIRY CAKE BAKING CASES → SET OF 12 MINI LOAF BAKING CASES
frozenset({'SET OF 6 TEA TIME BAKING CASES'}),frozenset({'SET OF 12 FAIRY CAKE BAKING CASES'}),0.017870026083578443,0.02619457239580443,0.012042843665020257,0.673913043478261,25.727201547531322,1.0,0.011574745973059047,2.986336644652867,0.9786185739518454,0.37608318890814557,0.665141570093736,0.5668294030950627,SET OF 6 TEA TIME BAKING CASES,SET OF 12 FAIRY CAKE BAKING CASES,SET OF 6 TEA TIME BAKING CASES → SET OF 12 FAIRY CAKE BAKING CASES
frozenset({'SET OF 12 FAIRY CAKE BAKING CASES'}),frozenset({'SET OF 6 TEA TIME BAKING CASES'}),0.02619457239580443,0.017870026083578443,0.012042843665020257,0.4597457627118644,25.727201547531322,1.0,0.011574745973059047,1.8179033242688274,0.9869842653003822,0.37608318890814557,0.4499157426854882,0.5668294030950627,SET OF 12 FAIRY CAKE BAKING CASES,SET OF 6 TEA TIME BAKING CASES,SET OF 12 FAIRY CAKE BAKING CASES → SET OF 6 TEA TIME BAKING CASES
frozenset({'BLUE SPOT CERAMIC DRAWER KNOB'}),frozenset({'RED STRIPE CERAMIC DRAWER KNOB'}),0.019090959542704924,0.021366335534713357,0.01037793440257506,0.5436046511627907,25.442109634551496,1.0,0.009970030555305988,2.1442673922041946,0.9793926283384641,0.34501845018450183,0.533640252313844,0.5146594684385382,BLUE SPOT CERAMIC DRAWER KNOB,RED STRIPE CERAMIC DRAWER KNOB,BLUE SPOT CERAMIC DRAWER KNOB → RED STRIPE CERAMIC DRAWER KNOB
frozenset({'RED STRIPE CERAMIC DRAWER KNOB'}),frozenset({'BLUE SPOT CERAMIC DRAWER KNOB'}),0.021366335534713357,0.019090959542704924,0.01037793440257506,0.48571428571428577,25.442109634551496,1.0,0.009970030555305988,1.9073231342225185,0.9816697689623654,0.34501845018450183,0.47570499090725404,0.5146594684385382,RED STRIPE CERAMIC DRAWER KNOB,BLUE SPOT CERAMIC DRAWER KNOB,RED STRIPE CERAMIC DRAWER KNOB → BLUE SPOT CERAMIC DRAWER KNOB
"frozenset({'DOTCOM POSTAGE', 'SUKI  SHOULDER BAG'})",frozenset({'SKULL SHOULDER BAG'}),0.018646983739386204,0.022365281092180476,0.010599922304234418,0.5684523809523809,25.416733132458937,1.0,0.010182877271381728,2.2654156245036368,0.9789095510729535,0.3485401459854014,0.5585798962523247,0.5211988951908306,"DOTCOM POSTAGE, SUKI  SHOULDER BAG",SKULL SHOULDER BAG,"DOTCOM POSTAGE, SUKI  SHOULDER BAG → SKULL SHOULDER BAG"
"frozenset({'JAM MAKING SET PRINTED', 'DOTCOM POSTAGE'})",frozenset({'SUKI  SHOULDER BAG'}),0.01642710472279261,0.028136966535323826,0.011598867861701537,0.706081081081081,25.094428007889544,1.0,0.011136658965844062,3.3065684816729206,0.9761864330593042,0.3518518518518518,0.6975716651439012,0.5591549389626312,"DOTCOM POSTAGE, JAM MAKING SET PRINTED",SUKI  SHOULDER BAG,"DOTCOM POSTAGE, JAM MAKING SET PRINTED → SUKI  SHOULDER BAG"
frozenset({'BEADED CRYSTAL HEART PINK ON STICK'}),frozenset({'DOTCOM POSTAGE'}),0.011432376935457018,0.03918086464287696,0.011154892058382819,0.9757281553398058,24.90318078054952,1.0,0.010706961645128328,39.58574837671349,0.9709446926932731,0.2827004219409283,0.9747383833574748,0.6302153524574383,BEADED CRYSTAL HEART PINK ON STICK,DOTCOM POSTAGE,BEADED CRYSTAL HEART PINK ON STICK → DOTCOM POSTAGE
"frozenset({'SUKI  SHOULDER BAG', 'GREEN REGENCY TEACUP AND SAUCER'})",frozenset({'DOTCOM POSTAGE'}),0.010544425328819579,0.03918086464287696,0.0101559465009157,0.9631578947368422,24.582354256746687,1.0,0.009742806799370297,26.079376531121987,0.969543694852158,0.25666199158485276,0.9616555250541882,0.6111823468018489,"GREEN REGENCY TEACUP AND SAUCER, SUKI  SHOULDER BAG",DOTCOM POSTAGE,"GREEN REGENCY TEACUP AND SAUCER, SUKI  SHOULDER BAG → DOTCOM POSTAGE"
"frozenset({'JAM MAKING SET PRINTED', 'SUKI  SHOULDER BAG'})",frozenset({'DOTCOM POSTAGE'}),0.012042843665020257,0.03918086464287696,0.011598867861701537,0.9631336405529953,24.5817352253887,1.0,0.01112701883414705,26.062219046561918,0.9710131488908563,0.29271708683473385,0.9616302818185423,0.6295838174436365,"JAM MAKING SET PRINTED, SUKI  SHOULDER BAG",DOTCOM POSTAGE,"JAM MAKING SET PRINTED, SUKI  SHOULDER BAG → DOTCOM POSTAGE"
"frozenset({'RED TOADSTOOL LED NIGHT LIGHT', 'GREEN REGENCY TEACUP AND SAUCER'})",frozenset({'DOTCOM POSTAGE'}),0.010821910205893778,0.03918086464287696,0.01026694045174538,0.9487179487179487,24.213808382363624,1.0,0.009842928652790886,18.735973139463884,0.9691897350672036,0.2583798882681564,0.9466267381706647,0.605378804387303,"GREEN REGENCY TEACUP AND SAUCER, RED TOADSTOOL LED NIGHT LIGHT",DOTCOM POSTAGE,"GREEN REGENCY TEACUP AND SAUCER, RED TOADSTOOL LED NIGHT LIGHT → DOTCOM POSTAGE"
frozenset({'LARGE HEART MEASURING SPOONS'}),frozenset({'SMALL HEART MEASURING SPOONS'}),0.018924468616460403,0.02486264498584827,0.011376879960042177,0.6011730205278591,24.179769323418515,1.0,0.010906367615285295,2.445013515145777,0.9771348706812104,0.35102739726027393,0.5910043057817708,0.5293811531210724,LARGE HEART MEASURING SPOONS,SMALL HEART MEASURING SPOONS,LARGE HEART MEASURING SPOONS → SMALL HEART MEASURING SPOONS
frozenset({'SMALL HEART MEASURING SPOONS'}),frozenset({'LARGE HEART MEASURING SPOONS'}),0.02486264498584827,0.018924468616460403,0.011376879960042177,0.4575892857142857,24.179769323418515,1.0,0.010906367615285295,1.8087318438675957,0.9830852110808969,0.35102739726027393,0.447126447521536,0.5293811531210724,SMALL HEART MEASURING SPOONS,LARGE HEART MEASURING SPOONS,SMALL HEART MEASURING SPOONS → LARGE HEART MEASURING SPOONS
"frozenset({'RECYCLING BAG RETROSPOT ', 'SUKI  SHOULDER BAG'})",frozenset({'DOTCOM POSTAGE'}),0.011487873910871858,0.03918086464287696,0.0104334313779899,0.9082125603864734,23.180003010770346,1.0,0.009983326545253591,10.467871632574964,0.9679793923293405,0.25931034482758625,0.9044695965808274,0.5872507561139165,"RECYCLING BAG RETROSPOT , SUKI  SHOULDER BAG",DOTCOM POSTAGE,"RECYCLING BAG RETROSPOT , SUKI  SHOULDER BAG → DOTCOM POSTAGE"
"frozenset({'JUMBO STORAGE BAG SUKI', 'RED TOADSTOOL LED NIGHT LIGHT'})",frozenset({'DOTCOM POSTAGE'}),0.011265886009212498,0.03918086464287696,0.01010044952550086,0.896551724137931,22.882387418188923,1.0,0.009659042370691824,9.287918308452191,0.9671945701357466,0.25034387895460797,0.8923332476890995,0.5771710462049429,"JUMBO STORAGE BAG SUKI, RED TOADSTOOL LED NIGHT LIGHT",DOTCOM POSTAGE,"JUMBO STORAGE BAG SUKI, RED TOADSTOOL LED NIGHT LIGHT → DOTCOM POSTAGE"
frozenset({'MODERN FLORAL STATIONERY SET'}),frozenset({'VINTAGE PAISLEY STATIONERY SET'}),0.019368444419779123,0.023419723625062436,0.01037793440257506,0.5358166189111748,22.878861744456064,1.0,0.00992433078721645,2.1038673855237855,0.9751792366892736,0.3202054794520548,0.5246848699301279,0.4894722904982414,MODERN FLORAL STATIONERY SET,VINTAGE PAISLEY STATIONERY SET,MODERN FLORAL STATIONERY SET → VINTAGE PAISLEY STATIONERY SET
frozenset({'VINTAGE PAISLEY STATIONERY SET'}),frozenset({'MODERN FLORAL STATIONERY SET'}),0.023419723625062436,0.019368444419779123,0.01037793440257506,0.443127962085308,22.87886174445606,1.0,0.00992433078721645,1.7609638998078858,0.97922470377334,0.3202054794520548,0.4321291878220241,0.4894722904982414,VINTAGE PAISLEY STATIONERY SET,MODERN FLORAL STATIONERY SET,VINTAGE PAISLEY STATIONERY SET → MODERN FLORAL STATIONERY SET
frozenset({'CHRISTMAS CRAFT WHITE FAIRY '}),frozenset({'CHRISTMAS CRAFT LITTLE FRIENDS'}),0.01986791719851268,0.028025972584494144,0.012708807369998335,0.6396648044692738,22.824000221251175,1.0,0.012151989667281819,2.697416293137606,0.9755689948172385,0.36119873817034703,0.6292748722012016,0.5465650755019636,CHRISTMAS CRAFT WHITE FAIRY ,CHRISTMAS CRAFT LITTLE FRIENDS,CHRISTMAS CRAFT WHITE FAIRY  → CHRISTMAS CRAFT LITTLE FRIENDS
frozenset({'CHRISTMAS CRAFT LITTLE FRIENDS'}),frozenset({'CHRISTMAS CRAFT WHITE FAIRY '}),0.028025972584494144,0.01986791719851268,0.012708807369998335,0.4534653465346535,22.824000221251175,1.0,0.012151989667281819,1.7933576152708373,0.9837572237905247,0.36119873817034703,0.44238673230326264,0.5465650755019636,CHRISTMAS CRAFT LITTLE FRIENDS,CHRISTMAS CRAFT WHITE FAIRY ,CHRISTMAS CRAFT LITTLE FRIENDS → CHRISTMAS CRAFT WHITE FAIRY 
frozenset({'VINTAGE PAISLEY STATIONERY SET'}),frozenset({'FLORAL FOLK STATIONERY SET'}),0.023419723625062436,0.022642765969254675,0.012098340640435096,0.5165876777251185,22.8146896199238,1.0,0.011568053319328184,2.0217880037302676,0.9790988142787058,0.3562091503267974,0.5053883007738862,0.5254507016076573,VINTAGE PAISLEY STATIONERY SET,FLORAL FOLK STATIONERY SET,VINTAGE PAISLEY STATIONERY SET → FLORAL FOLK STATIONERY SET
frozenset({'FLORAL FOLK STATIONERY SET'}),frozenset({'VINTAGE PAISLEY STATIONERY SET'}),0.022642765969254675,0.023419723625062436,0.012098340640435096,0.5343137254901961,22.814689619923797,1.0,0.011568053319328184,2.0970776461103924,0.9783204721402752,0.3562091503267974,0.5231459350802888,0.5254507016076573,FLORAL FOLK STATIONERY SET,VINTAGE PAISLEY STATIONERY SET,FLORAL FOLK STATIONERY SET → VINTAGE PAISLEY STATIONERY SET
"frozenset({'JUMBO BAG RED RETROSPOT', 'SUKI  SHOULDER BAG'})",frozenset({'DOTCOM POSTAGE'}),0.01548365614074033,0.03918086464287696,0.013818746878295133,0.8924731182795699,22.778290535806757,1.0,0.013212083842867935,8.935617958821243,0.9711352739028266,0.3383152173913043,0.8880883219707485,0.6225821682049407,"JUMBO BAG RED RETROSPOT, SUKI  SHOULDER BAG",DOTCOM POSTAGE,"JUMBO BAG RED RETROSPOT, SUKI  SHOULDER BAG → DOTCOM POSTAGE"
frozenset({'FELTCRAFT CUSHION RABBIT'}),frozenset({'FELTCRAFT CUSHION OWL'}),0.02042288695266108,0.02486264498584827,0.011543370886286698,0.5652173913043479,22.733598602484474,1.0,0.011035603898396572,2.2428159165325496,0.9759438340821831,0.3421052631578948,0.5541319318145265,0.514751552795031,FELTCRAFT CUSHION RABBIT,FELTCRAFT CUSHION OWL,FELTCRAFT CUSHION RABBIT → FELTCRAFT CUSHION OWL
frozenset({'FELTCRAFT CUSHION OWL'}),frozenset({'FELTCRAFT CUSHION RABBIT'}),0.02486264498584827,0.02042288695266108,0.011543370886286698,0.4642857142857143,22.733598602484474,1.0,0.011035603898396572,1.8285439443550329,0.9803872639795466,0.3421052631578948,0.45311678010958506,0.514751552795031,FELTCRAFT CUSHION OWL,FELTCRAFT CUSHION RABBIT,FELTCRAFT CUSHION OWL → FELTCRAFT CUSHION RABBIT
"frozenset({'JUMBO BAG RED RETROSPOT', 'RED TOADSTOOL LED NIGHT LIGHT'})",frozenset({'DOTCOM POSTAGE'}),0.014595704534102891,0.03918086464287696,0.012930795271657695,0.8859315589353612,22.61133252189274,1.0,0.012358922947939584,8.42318108663078,0.9699312183175464,0.3165760869565217,0.8812800069575621,0.6079799437736296,"JUMBO BAG RED RETROSPOT, RED TOADSTOOL LED NIGHT LIGHT",DOTCOM POSTAGE,"JUMBO BAG RED RETROSPOT, RED TOADSTOOL LED NIGHT LIGHT → DOTCOM POSTAGE"
frozenset({'CHRISTMAS CRAFT TREE TOP ANGEL'}),frozenset({'CHRISTMAS CRAFT WHITE FAIRY '}),0.023808202452966314,0.01986791719851268,0.01065541927964926,0.44755244755244755,22.526389811306014,1.0,0.010182399884668299,1.7741631372229452,0.9789138004548039,0.3226890756302521,0.43635397499844586,0.4919326483572294,CHRISTMAS CRAFT TREE TOP ANGEL,CHRISTMAS CRAFT WHITE FAIRY ,CHRISTMAS CRAFT TREE TOP ANGEL → CHRISTMAS CRAFT WHITE FAIRY 
frozenset({'CHRISTMAS CRAFT WHITE FAIRY '}),frozenset({'CHRISTMAS CRAFT TREE TOP ANGEL'}),0.01986791719851268,0.023808202452966314,0.01065541927964926,0.5363128491620112,22.52638981130601,1.0,0.010182399884668299,2.1052811055532414,0.9749784128871525,0.3226890756302521,0.5250040494059283,0.4919326483572294,CHRISTMAS CRAFT WHITE FAIRY ,CHRISTMAS CRAFT TREE TOP ANGEL,CHRISTMAS CRAFT WHITE FAIRY  → CHRISTMAS CRAFT TREE TOP ANGEL
"frozenset({'JUMBO BAG VINTAGE LEAF', 'JUMBO BAG APPLES'})",frozenset({'JUMBO BAG PEARS'}),0.018813474665630724,0.03041234252733226,0.012875298296242855,0.6843657817109144,22.50289602308206,1.0,0.012303136460582407,3.0718711764788256,0.973883406147605,0.35419847328244275,0.6744655154627077,0.5538617229722456,"JUMBO BAG APPLES, JUMBO BAG VINTAGE LEAF",JUMBO BAG PEARS,"JUMBO BAG APPLES, JUMBO BAG VINTAGE LEAF → JUMBO BAG PEARS"
"frozenset({'JUMBO BAG RED RETROSPOT', 'GREEN REGENCY TEACUP AND SAUCER'})",frozenset({'DOTCOM POSTAGE'}),0.014429213607858371,0.03918086464287696,0.012597813419168656,0.8730769230769232,22.28324798431031,1.0,0.012032464353895999,7.570090157359158,0.9691066861178287,0.307171853856563,0.8679011769723952,0.597303334059708,"GREEN REGENCY TEACUP AND SAUCER, JUMBO BAG RED RETROSPOT",DOTCOM POSTAGE,"GREEN REGENCY TEACUP AND SAUCER, JUMBO BAG RED RETROSPOT → DOTCOM POSTAGE"
frozenset({'SKULL SHOULDER BAG'}),frozenset({'SUKI  SHOULDER BAG'}),0.022365281092180476,0.028136966535323826,0.013985237804539653,0.6253101736972705,22.223794910948946,1.0,0.01335594663889586,2.593780148915659,0.9768507255309026,0.3829787234042554,0.6144623126913612,0.5611757969078068,SKULL SHOULDER BAG,SUKI  SHOULDER BAG,SKULL SHOULDER BAG → SUKI  SHOULDER BAG
frozenset({'SUKI  SHOULDER BAG'}),frozenset({'SKULL SHOULDER BAG'}),0.028136966535323826,0.022365281092180476,0.013985237804539653,0.4970414201183432,22.223794910948946,1.0,0.01335594663889586,1.9437678528873117,0.9826520318040419,0.3829787234042554,0.4855352718615137,0.5611757969078068,SUKI  SHOULDER BAG,SKULL SHOULDER BAG,SUKI  SHOULDER BAG → SKULL SHOULDER BAG
"frozenset({'JUMBO STORAGE BAG SUKI', 'SUKI  SHOULDER BAG'})",frozenset({'DOTCOM POSTAGE'}),0.012875298296242855,0.03918086464287696,0.011210389033797659,0.8706896551724138,22.22231855035655,1.0,0.010705923714015903,7.430334646761753,0.9674564859083311,0.27445652173913043,0.8654165596113744,0.5784043176711927,"JUMBO STORAGE BAG SUKI, SUKI  SHOULDER BAG",DOTCOM POSTAGE,"JUMBO STORAGE BAG SUKI, SUKI  SHOULDER BAG → DOTCOM POSTAGE"
"frozenset({'HAND WARMER OWL DESIGN', 'HAND WARMER BIRD DESIGN'})",frozenset({'HAND WARMER SCOTTY DOG DESIGN'}),0.016760086575281646,0.02974637882235418,0.010988401132138299,0.6556291390728477,22.040637046555304,1.0,0.010489849247774519,2.81746724611201,0.9709016564014589,0.309375,0.6450712953699962,0.5125160620737372,"HAND WARMER BIRD DESIGN, HAND WARMER OWL DESIGN",HAND WARMER SCOTTY DOG DESIGN,"HAND WARMER BIRD DESIGN, HAND WARMER OWL DESIGN → HAND WARMER SCOTTY DOG DESIGN"
frozenset({'SKULL LUNCH BOX WITH CUTLERY '}),frozenset({'STRAWBERRY LUNCH BOX WITH CUTLERY'}),0.01959043232143848,0.02486264498584827,0.0107109162550641,0.546742209631728,21.99050865034399,1.0,0.010223846291136887,2.151396789499972,0.9735990623949639,0.3174342105263158,0.5351856966225091,0.4887728905301497,SKULL LUNCH BOX WITH CUTLERY ,STRAWBERRY LUNCH BOX WITH CUTLERY,SKULL LUNCH BOX WITH CUTLERY  → STRAWBERRY LUNCH BOX WITH CUTLERY
frozenset({'STRAWBERRY LUNCH BOX WITH CUTLERY'}),frozenset({'SKULL LUNCH BOX WITH CUTLERY '}),0.02486264498584827,0.01959043232143848,0.0107109162550641,0.43080357142857145,21.99050865034399,1.0,0.010223846291136887,1.7224450443921393,0.9788629580712214,0.3174342105263158,0.419429953219259,0.4887728905301497,STRAWBERRY LUNCH BOX WITH CUTLERY,SKULL LUNCH BOX WITH CUTLERY ,STRAWBERRY LUNCH BOX WITH CUTLERY → SKULL LUNCH BOX WITH CUTLERY 
frozenset({'CHRISTMAS CRAFT LITTLE FRIENDS'}),frozenset({'CHRISTMAS CRAFT TREE TOP ANGEL'}),0.028025972584494144,0.023808202452966314,0.014429213607858371,0.5148514851485149,21.624962496249626,1.0,0.01376196557862545,2.012150439841845,0.9812578508621673,0.38575667655786344,0.50301926724793,0.5604560456045604,CHRISTMAS CRAFT LITTLE FRIENDS,CHRISTMAS CRAFT TREE TOP ANGEL,CHRISTMAS CRAFT LITTLE FRIENDS → CHRISTMAS CRAFT TREE TOP ANGEL
frozenset({'CHRISTMAS CRAFT TREE TOP ANGEL'}),frozenset({'CHRISTMAS CRAFT LITTLE FRIENDS'}),0.023808202452966314,0.028025972584494144,0.014429213607858371,0.606060606060606,21.624962496249623,1.0,0.01376196557862545,2.467318684977822,0.9770181921546333,0.38575667655786344,0.5947017277952529,0.5604560456045604,CHRISTMAS CRAFT TREE TOP ANGEL,CHRISTMAS CRAFT LITTLE FRIENDS,CHRISTMAS CRAFT TREE TOP ANGEL → CHRISTMAS CRAFT LITTLE FRIENDS
frozenset({'TOILET METAL SIGN'}),frozenset({'BATHROOM METAL SIGN'}),0.021921305288861756,0.034241633830956214,0.01598312891947389,0.7291139240506329,21.29319902344952,1.0,0.01523250761067608,3.5651827536146943,0.9743966954783879,0.39779005524861877,0.7195094700303617,0.5979443202100814,TOILET METAL SIGN,BATHROOM METAL SIGN,TOILET METAL SIGN → BATHROOM METAL SIGN
frozenset({'BATHROOM METAL SIGN'}),frozenset({'TOILET METAL SIGN'}),0.034241633830956214,0.021921305288861756,0.01598312891947389,0.46677471636952994,21.29319902344952,1.0,0.01523250761067608,1.834269163029703,0.9868272245208086,0.39779005524861877,0.4548237411633318,0.5979443202100814,BATHROOM METAL SIGN,TOILET METAL SIGN,BATHROOM METAL SIGN → TOILET METAL SIGN
"frozenset({'ROSES REGENCY TEACUP AND SAUCER ', 'JUMBO BAG RED RETROSPOT'})",frozenset({'DOTCOM POSTAGE'}),0.013485765025806094,0.03918086464287696,0.011154892058382819,0.8271604938271605,21.111338439478196,1.0,0.010626508124301066,5.559024997423355,0.9656546811397557,0.26871657754010697,0.8201123397603884,0.5559315217011157,"JUMBO BAG RED RETROSPOT, ROSES REGENCY TEACUP AND SAUCER ",DOTCOM POSTAGE,"JUMBO BAG RED RETROSPOT, ROSES REGENCY TEACUP AND SAUCER  → DOTCOM POSTAGE"
frozenset({'BATHROOM METAL SIGN'}),frozenset({'KITCHEN METAL SIGN'}),0.034241633830956214,0.016760086575281646,0.012098340640435096,0.353322528363047,21.081187544946175,1.0,0.011524447892949177,1.5204486881780732,0.9863381726660122,0.31098430813124106,0.3422994095260904,0.5375884164994043,BATHROOM METAL SIGN,KITCHEN METAL SIGN,BATHROOM METAL SIGN → KITCHEN METAL SIGN
frozenset({'KITCHEN METAL SIGN'}),frozenset({'BATHROOM METAL SIGN'}),0.016760086575281646,0.034241633830956214,0.012098340640435096,0.7218543046357616,21.08118754494617,1.0,0.011524447892949177,3.472131268845848,0.9688015398054943,0.31098430813124106,0.711992455765532,0.5375884164994043,KITCHEN METAL SIGN,BATHROOM METAL SIGN,KITCHEN METAL SIGN → BATHROOM METAL SIGN
frozenset({'SET OF 60 VINTAGE LEAF CAKE CASES '}),frozenset({'SET OF 60 PANTRY DESIGN CAKE CASES '}),0.018369498862312005,0.03024585160108774,0.011265886009212498,0.6132930513595166,20.276931178802073,1.0,0.01071028487263666,2.507723618125312,0.9684732406039662,0.30163447251114417,0.6012319727851168,0.49288505778985003,SET OF 60 VINTAGE LEAF CAKE CASES ,SET OF 60 PANTRY DESIGN CAKE CASES ,SET OF 60 VINTAGE LEAF CAKE CASES  → SET OF 60 PANTRY DESIGN CAKE CASES 
frozenset({'SET OF 60 PANTRY DESIGN CAKE CASES '}),frozenset({'SET OF 60 VINTAGE LEAF CAKE CASES '}),0.03024585160108774,0.018369498862312005,0.011265886009212498,0.3724770642201835,20.276931178802073,1.0,0.01071028487263666,1.5642942196492398,0.9803339063639096,0.30163447251114417,0.3607340694359728,0.49288505778985003,SET OF 60 PANTRY DESIGN CAKE CASES ,SET OF 60 VINTAGE LEAF CAKE CASES ,SET OF 60 PANTRY DESIGN CAKE CASES  → SET OF 60 VINTAGE LEAF CAKE CASES 
"frozenset({'JAM MAKING SET PRINTED', 'GREEN REGENCY TEACUP AND SAUCER'})",frozenset({'DOTCOM POSTAGE'}),0.013485765025806094,0.03918086464287696,0.0107109162550641,0.7942386831275721,20.27108616328006,1.0,0.010182532320982346,4.669580997835619,0.9636644040051674,0.25529100529100524,0.785848023524272,0.533804893971718,"GREEN REGENCY TEACUP AND SAUCER, JAM MAKING SET PRINTED",DOTCOM POSTAGE,"GREEN REGENCY TEACUP AND SAUCER, JAM MAKING SET PRINTED → DOTCOM POSTAGE"
"frozenset({'HAND WARMER SCOTTY DOG DESIGN', 'HAND WARMER BIRD DESIGN'})",frozenset({'HAND WARMER OWL DESIGN'}),0.01559465009157001,0.03490759753593429,0.010988401132138299,0.7046263345195729,20.185472053590118,1.0,0.010444029363028053,3.267361025209668,0.9655163086496946,0.27808988764044945,0.6939426061936851,0.509705854064238,"HAND WARMER BIRD DESIGN, HAND WARMER SCOTTY DOG DESIGN",HAND WARMER OWL DESIGN,"HAND WARMER BIRD DESIGN, HAND WARMER SCOTTY DOG DESIGN → HAND WARMER OWL DESIGN"
"frozenset({'JUMBO BAG RED RETROSPOT', 'BATHROOM METAL SIGN'})",frozenset({'DOTCOM POSTAGE'}),0.012875298296242855,0.03918086464287696,0.0101559465009157,0.7887931034482758,20.13210046888737,1.0,0.009651481181133945,4.549184477609234,0.9627234355784495,0.2423841059602649,0.7801803806985781,0.5239999511575657,"BATHROOM METAL SIGN, JUMBO BAG RED RETROSPOT",DOTCOM POSTAGE,"BATHROOM METAL SIGN, JUMBO BAG RED RETROSPOT → DOTCOM POSTAGE"
"frozenset({'CHARLOTTE BAG PINK POLKADOT', 'PACK OF 72 RETROSPOT CAKE CASES'})",frozenset({'WOODLAND CHARLOTTE BAG'}),0.013652255952050614,0.037793440257505966,0.01037793440257506,0.7601626016260162,20.11361221541731,1.0,0.009861968682871055,4.011912096553449,0.9634354941446664,0.25270270270270273,0.7507422954607905,0.5173793918555926,"CHARLOTTE BAG PINK POLKADOT, PACK OF 72 RETROSPOT CAKE CASES",WOODLAND CHARLOTTE BAG,"CHARLOTTE BAG PINK POLKADOT, PACK OF 72 RETROSPOT CAKE CASES → WOODLAND CHARLOTTE BAG"
"frozenset({'RECYCLING BAG RETROSPOT ', 'JUMBO BAG WOODLAND ANIMALS'})",frozenset({'DOTCOM POSTAGE'}),0.014207225706199013,0.03918086464287696,0.011154892058382819,0.78515625,20.03927828434844,1.0,0.010598240671037434,4.472176339116791,0.9637907966220802,0.26412614980289095,0.776395221437648,0.5349293997875354,"JUMBO BAG WOODLAND ANIMALS, RECYCLING BAG RETROSPOT ",DOTCOM POSTAGE,"JUMBO BAG WOODLAND ANIMALS, RECYCLING BAG RETROSPOT  → DOTCOM POSTAGE"
"frozenset({'HAND WARMER OWL DESIGN', 'HAND WARMER SCOTTY DOG DESIGN'})",frozenset({'HAND WARMER BIRD DESIGN'}),0.018369498862312005,0.02985737277318386,0.010988401132138299,0.5981873111782477,20.03482743516886,1.0,0.010439936156949672,2.414415109865234,0.9678661330628765,0.2950819672131147,0.585821014822999,0.48310852547759975,"HAND WARMER OWL DESIGN, HAND WARMER SCOTTY DOG DESIGN",HAND WARMER BIRD DESIGN,"HAND WARMER OWL DESIGN, HAND WARMER SCOTTY DOG DESIGN → HAND WARMER BIRD DESIGN"
"frozenset({'RECYCLING BAG RETROSPOT ', 'DOTCOM POSTAGE'})",frozenset({'SUKI  SHOULDER BAG'}),0.018757977690215883,0.028136966535323826,0.0104334313779899,0.5562130177514794,19.76805200564873,1.0,0.009905638787449945,2.189931368740404,0.9675628484477268,0.2861491628614916,0.5433646851795287,0.4635108481262328,"DOTCOM POSTAGE, RECYCLING BAG RETROSPOT ",SUKI  SHOULDER BAG,"DOTCOM POSTAGE, RECYCLING BAG RETROSPOT  → SUKI  SHOULDER BAG"
"frozenset({'RECYCLING BAG RETROSPOT ', 'JUMBO SHOPPER VINTAGE RED PAISLEY'})",frozenset({'DOTCOM POSTAGE'}),0.014096231755369332,0.03918086464287696,0.010877407181308618,0.7716535433070866,19.694653253329168,1.0,0.010325104632926869,4.2077251789777455,0.9627966018943463,0.25654450261780104,0.762341893192999,0.5246369699538266,"JUMBO SHOPPER VINTAGE RED PAISLEY, RECYCLING BAG RETROSPOT ",DOTCOM POSTAGE,"JUMBO SHOPPER VINTAGE RED PAISLEY, RECYCLING BAG RETROSPOT  → DOTCOM POSTAGE"
"frozenset({'DOTCOM POSTAGE', 'GREEN REGENCY TEACUP AND SAUCER'})",frozenset({'SUKI  SHOULDER BAG'}),0.018369498862312005,0.028136966535323826,0.0101559465009157,0.552870090634441,19.649242925329375,1.0,0.009639084526156158,2.173558541059512,0.966868340859043,0.27938931297709924,0.5399249750537913,0.45690841809828564,"DOTCOM POSTAGE, GREEN REGENCY TEACUP AND SAUCER",SUKI  SHOULDER BAG,"DOTCOM POSTAGE, GREEN REGENCY TEACUP AND SAUCER → SUKI  SHOULDER BAG"
"frozenset({'WOODLAND CHARLOTTE BAG', 'PACK OF 72 RETROSPOT CAKE CASES'})",frozenset({'CHARLOTTE BAG PINK POLKADOT'}),0.014151728730784172,0.03734946445418725,0.01037793440257506,0.7333333333333334,19.634373452204063,1.0,0.009849374913379337,3.609939508296798,0.9626926777343351,0.252361673414305,0.7229870479265152,0.5055968301139178,"PACK OF 72 RETROSPOT CAKE CASES, WOODLAND CHARLOTTE BAG",CHARLOTTE BAG PINK POLKADOT,"PACK OF 72 RETROSPOT CAKE CASES, WOODLAND CHARLOTTE BAG → CHARLOTTE BAG PINK POLKADOT"
"frozenset({'CHARLOTTE BAG SUKI DESIGN', 'PACK OF 72 RETROSPOT CAKE CASES'})",frozenset({'WOODLAND CHARLOTTE BAG'}),0.014595704534102891,0.037793440257505966,0.010821910205893778,0.7414448669201521,19.618348101371836,1.0,0.010270288318567952,3.721475370768764,0.9630842012234218,0.26034712950600797,0.7312893676914419,0.5138942396274769,"CHARLOTTE BAG SUKI DESIGN, PACK OF 72 RETROSPOT CAKE CASES",WOODLAND CHARLOTTE BAG,"CHARLOTTE BAG SUKI DESIGN, PACK OF 72 RETROSPOT CAKE CASES → WOODLAND CHARLOTTE BAG"
frozenset({'CHARLOTTE BAG VINTAGE ALPHABET '}),frozenset({'CHARLOTTE BAG APPLES DESIGN'}),0.022531772018424996,0.027471002830345745,0.011987346689605417,0.5320197044334976,19.366592028660996,1.0,0.011368376316714559,2.078140909741472,0.9702255909460815,0.3153284671532847,0.5188006764544164,0.484191670398567,CHARLOTTE BAG VINTAGE ALPHABET ,CHARLOTTE BAG APPLES DESIGN,CHARLOTTE BAG VINTAGE ALPHABET  → CHARLOTTE BAG APPLES DESIGN
frozenset({'CHARLOTTE BAG APPLES DESIGN'}),frozenset({'CHARLOTTE BAG VINTAGE ALPHABET '}),0.027471002830345745,0.022531772018424996,0.011987346689605417,0.4363636363636364,19.366592028660996,1.0,0.011368376316714559,1.7342178238382782,0.975153123335616,0.3153284671532847,0.4233711669582902,0.484191670398567,CHARLOTTE BAG APPLES DESIGN,CHARLOTTE BAG VINTAGE ALPHABET ,CHARLOTTE BAG APPLES DESIGN → CHARLOTTE BAG VINTAGE ALPHABET 
"frozenset({'SUKI  SHOULDER BAG', 'SKULL SHOULDER BAG'})",frozenset({'DOTCOM POSTAGE'}),0.013985237804539653,0.03918086464287696,0.010599922304234418,0.7579365079365079,19.34455798372229,1.0,0.010051968594816305,3.969285608360573,0.9617562649974348,0.24902216427640153,0.7480654962460542,0.5142373757812851,"SKULL SHOULDER BAG, SUKI  SHOULDER BAG",DOTCOM POSTAGE,"SKULL SHOULDER BAG, SUKI  SHOULDER BAG → DOTCOM POSTAGE"
"frozenset({'CHARLOTTE BAG SUKI DESIGN', 'STRAWBERRY CHARLOTTE BAG'})",frozenset({'WOODLAND CHARLOTTE BAG'}),0.021810311338032077,0.037793440257505966,0.015927631944059047,0.7302798982188294,19.322927292224797,1.0,0.015103345245507526,3.5674262073471703,0.9693907203129998,0.36467598475222357,0.7196858626142051,0.5758594792122047,"CHARLOTTE BAG SUKI DESIGN, STRAWBERRY CHARLOTTE BAG",WOODLAND CHARLOTTE BAG,"CHARLOTTE BAG SUKI DESIGN, STRAWBERRY CHARLOTTE BAG → WOODLAND CHARLOTTE BAG"
"frozenset({'LUNCH BAG CARS BLUE', 'RED RETROSPOT CHARLOTTE BAG'})",frozenset({'CHARLOTTE BAG PINK POLKADOT'}),0.015650147066984848,0.03734946445418725,0.011210389033797659,0.7163120567375888,19.178643314048458,1.0,0.010625864422216505,3.3933431377989915,0.9629286433181854,0.2682602921646747,0.7053053701345908,0.5082303225738464,"LUNCH BAG CARS BLUE, RED RETROSPOT CHARLOTTE BAG",CHARLOTTE BAG PINK POLKADOT,"LUNCH BAG CARS BLUE, RED RETROSPOT CHARLOTTE BAG → CHARLOTTE BAG PINK POLKADOT"
"frozenset({'LUNCH BAG PINK POLKADOT', 'RED RETROSPOT CHARLOTTE BAG'})",frozenset({'CHARLOTTE BAG PINK POLKADOT'}),0.014151728730784172,0.03734946445418725,0.01010044952550086,0.7137254901960786,19.10939020481893,1.0,0.009571890036305137,3.362683377591539,0.9612733865998897,0.2439678284182306,0.7026184485093474,0.49207819829269006,"LUNCH BAG PINK POLKADOT, RED RETROSPOT CHARLOTTE BAG",CHARLOTTE BAG PINK POLKADOT,"LUNCH BAG PINK POLKADOT, RED RETROSPOT CHARLOTTE BAG → CHARLOTTE BAG PINK POLKADOT"
"frozenset({'WOODLAND CHARLOTTE BAG', 'RED RETROSPOT CHARLOTTE BAG'})",frozenset({'STRAWBERRY CHARLOTTE BAG'}),0.023863699428381152,0.03734946445418725,0.016926577501526166,0.7093023255813954,18.990963751339024,1.0,0.016035281107980436,3.311517842277596,0.9705031740217666,0.3822055137844611,0.698023671431521,0.5812484881993158,"RED RETROSPOT CHARLOTTE BAG, WOODLAND CHARLOTTE BAG",STRAWBERRY CHARLOTTE BAG,"RED RETROSPOT CHARLOTTE BAG, WOODLAND CHARLOTTE BAG → STRAWBERRY CHARLOTTE BAG"
"frozenset({'CHARLOTTE BAG PINK POLKADOT', 'CHARLOTTE BAG SUKI DESIGN'})",frozenset({'WOODLAND CHARLOTTE BAG'}),0.02131083855929852,0.037793440257505966,0.01526166823908097,0.7161458333333333,18.948945331620166,1.0,0.014456258335152766,3.3897919168909874,0.9678523597185349,0.34810126582278483,0.7049966415292036,0.559981874082232,"CHARLOTTE BAG PINK POLKADOT, CHARLOTTE BAG SUKI DESIGN",WOODLAND CHARLOTTE BAG,"CHARLOTTE BAG PINK POLKADOT, CHARLOTTE BAG SUKI DESIGN → WOODLAND CHARLOTTE BAG"
"frozenset({'DOTCOM POSTAGE', 'JUMBO BAG WOODLAND ANIMALS'})",frozenset({'JUMBO BAG TOYS '}),0.0200344081247572,0.028081469559908985,0.01065541927964926,0.5318559556786704,18.93974795528451,1.0,0.010092823657743097,2.076109996975579,0.9665655557443273,0.2844444444444445,0.5183299529134906,0.455651297997438,"DOTCOM POSTAGE, JUMBO BAG WOODLAND ANIMALS",JUMBO BAG TOYS ,"DOTCOM POSTAGE, JUMBO BAG WOODLAND ANIMALS → JUMBO BAG TOYS "
"frozenset({'LUNCH BAG CARS BLUE', 'RED RETROSPOT CHARLOTTE BAG'})",frozenset({'STRAWBERRY CHARLOTTE BAG'}),0.015650147066984848,0.03734946445418725,0.011043898107553138,0.7056737588652483,18.8938119777012,1.0,0.010459373495971985,3.2706921810110754,0.9621300957060207,0.26322751322751325,0.6942543215146378,0.500682347486116,"LUNCH BAG CARS BLUE, RED RETROSPOT CHARLOTTE BAG",STRAWBERRY CHARLOTTE BAG,"LUNCH BAG CARS BLUE, RED RETROSPOT CHARLOTTE BAG → STRAWBERRY CHARLOTTE BAG"
"frozenset({'LUNCH BAG CARS BLUE', 'CHARLOTTE BAG SUKI DESIGN'})",frozenset({'CHARLOTTE BAG PINK POLKADOT'}),0.014262722681613852,0.03734946445418725,0.01004495255008602,0.7042801556420233,18.856499442070753,1.0,0.009512247496269152,3.2552787846746556,0.9606696523274904,0.24165554072096124,0.6928066484788203,0.48661258896514237,"CHARLOTTE BAG SUKI DESIGN, LUNCH BAG CARS BLUE",CHARLOTTE BAG PINK POLKADOT,"CHARLOTTE BAG SUKI DESIGN, LUNCH BAG CARS BLUE → CHARLOTTE BAG PINK POLKADOT"
"frozenset({'JUMBO BAG WOODLAND ANIMALS', 'JUMBO SHOPPER VINTAGE RED PAISLEY'})",frozenset({'JUMBO BAG TOYS '}),0.02075586880515012,0.028081469559908985,0.010932904156723459,0.5267379679144385,18.7574929720361,1.0,0.010350048858682171,2.0536583637547685,0.9667537862496817,0.28843338213762815,0.5130640920373589,0.45803301557777265,"JUMBO BAG WOODLAND ANIMALS, JUMBO SHOPPER VINTAGE RED PAISLEY",JUMBO BAG TOYS ,"JUMBO BAG WOODLAND ANIMALS, JUMBO SHOPPER VINTAGE RED PAISLEY → JUMBO BAG TOYS "
"frozenset({'WOODLAND CHARLOTTE BAG', 'CHARLOTTE BAG PINK POLKADOT'})",frozenset({'STRAWBERRY CHARLOTTE BAG'}),0.01981242022309784,0.03734946445418725,0.013874243853709972,0.700280112044818,18.749401692326263,1.0,0.01313426056883596,3.211834029811731,0.9657997961725739,0.32051282051282054,0.6886514089090036,0.5358755686524238,"CHARLOTTE BAG PINK POLKADOT, WOODLAND CHARLOTTE BAG",STRAWBERRY CHARLOTTE BAG,"CHARLOTTE BAG PINK POLKADOT, WOODLAND CHARLOTTE BAG → STRAWBERRY CHARLOTTE BAG"
frozenset({'HAND WARMER RED RETROSPOT'}),frozenset({'HAND WARMER SCOTTY DOG DESIGN'}),0.01986791719851268,0.02974637882235418,0.011043898107553138,0.5558659217877095,18.686843366964066,1.0,0.010452899516155014,2.1845962036578443,0.9656723115037278,0.28633093525179854,0.5422495020701675,0.4635672892520637,HAND WARMER RED RETROSPOT,HAND WARMER SCOTTY DOG DESIGN,HAND WARMER RED RETROSPOT → HAND WARMER SCOTTY DOG DESIGN
frozenset({'HAND WARMER SCOTTY DOG DESIGN'}),frozenset({'HAND WARMER RED RETROSPOT'}),0.02974637882235418,0.01986791719851268,0.011043898107553138,0.3712686567164179,18.686843366964062,1.0,0.010452899516155014,1.5589044403014753,0.9755041293523616,0.28633093525179854,0.3585238619202273,0.4635672892520637,HAND WARMER SCOTTY DOG DESIGN,HAND WARMER RED RETROSPOT,HAND WARMER SCOTTY DOG DESIGN → HAND WARMER RED RETROSPOT
"frozenset({'WOODLAND CHARLOTTE BAG', 'RED RETROSPOT CHARLOTTE BAG'})",frozenset({'CHARLOTTE BAG PINK POLKADOT'}),0.023863699428381152,0.03734946445418725,0.016649092624451967,0.6976744186046512,18.67963647672691,1.0,0.015757796230906236,3.1841517714207654,0.969604108628499,0.37359900373599,0.6859446182887818,0.5717198244583435,"RED RETROSPOT CHARLOTTE BAG, WOODLAND CHARLOTTE BAG",CHARLOTTE BAG PINK POLKADOT,"RED RETROSPOT CHARLOTTE BAG, WOODLAND CHARLOTTE BAG → CHARLOTTE BAG PINK POLKADOT"
"frozenset({'RED RETROSPOT CHARLOTTE BAG', 'PACK OF 72 RETROSPOT CAKE CASES'})",frozenset({'CHARLOTTE BAG PINK POLKADOT'}),0.01642710472279261,0.03734946445418725,0.011432376935457018,0.6959459459459459,18.63335809806835,1.0,0.010818833371527864,3.1660506502395616,0.9621379492064779,0.2699868938401049,0.6841490833621584,0.5010190353801052,"PACK OF 72 RETROSPOT CAKE CASES, RED RETROSPOT CHARLOTTE BAG",CHARLOTTE BAG PINK POLKADOT,"PACK OF 72 RETROSPOT CAKE CASES, RED RETROSPOT CHARLOTTE BAG → CHARLOTTE BAG PINK POLKADOT"
frozenset({'HAND WARMER RED LOVE HEART'}),frozenset({'HAND WARMER UNION JACK'}),0.0214218325101282,0.02641656029746379,0.010544425328819579,0.49222797927461137,18.63331083728828,1.0,0.009978534198633607,1.917363304720301,0.9670486259316413,0.28273809523809523,0.47845043370855733,0.44569382157007875,HAND WARMER RED LOVE HEART,HAND WARMER UNION JACK,HAND WARMER RED LOVE HEART → HAND WARMER UNION JACK
frozenset({'HAND WARMER UNION JACK'}),frozenset({'HAND WARMER RED LOVE HEART'}),0.02641656029746379,0.0214218325101282,0.010544425328819579,0.3991596638655462,18.63331083728828,1.0,0.009978534198633607,1.6286825444936326,0.9720098284815956,0.28273809523809523,0.38600680446851227,0.44569382157007875,HAND WARMER UNION JACK,HAND WARMER RED LOVE HEART,HAND WARMER UNION JACK → HAND WARMER RED LOVE HEART
"frozenset({'PACK OF 72 RETROSPOT CAKE CASES', 'CHARLOTTE BAG SUKI DESIGN'})",frozenset({'CHARLOTTE BAG PINK POLKADOT'}),0.014595704534102891,0.03734946445418725,0.0101559465009157,0.6958174904942966,18.62991881310064,1.0,0.009610804753235405,3.16471363560686,0.9603397358485456,0.2430278884462151,0.684015644022641,0.48386714049231916,"CHARLOTTE BAG SUKI DESIGN, PACK OF 72 RETROSPOT CAKE CASES",CHARLOTTE BAG PINK POLKADOT,"CHARLOTTE BAG SUKI DESIGN, PACK OF 72 RETROSPOT CAKE CASES → CHARLOTTE BAG PINK POLKADOT"
"frozenset({'WOODLAND CHARLOTTE BAG', 'CHARLOTTE BAG SUKI DESIGN'})",frozenset({'STRAWBERRY CHARLOTTE BAG'}),0.022920250846328875,0.03734946445418725,0.015927631944059047,0.6949152542372881,18.605762208174877,1.0,0.015071572849793031,3.155354533177941,0.9684503342818274,0.35919899874843547,0.6830784022888097,0.560681995617901,"CHARLOTTE BAG SUKI DESIGN, WOODLAND CHARLOTTE BAG",STRAWBERRY CHARLOTTE BAG,"CHARLOTTE BAG SUKI DESIGN, WOODLAND CHARLOTTE BAG → STRAWBERRY CHARLOTTE BAG"
"frozenset({'LUNCH BAG  BLACK SKULL.', 'WOODLAND CHARLOTTE BAG'})",frozenset({'STRAWBERRY CHARLOTTE BAG'}),0.01515067428825129,0.03734946445418725,0.0104334313779899,0.6886446886446886,18.437873171899916,1.0,0.00986756180720389,3.0918070141647864,0.9603132021360522,0.24802110817941947,0.6765645477163983,0.4839954498201155,"LUNCH BAG  BLACK SKULL., WOODLAND CHARLOTTE BAG",STRAWBERRY CHARLOTTE BAG,"LUNCH BAG  BLACK SKULL., WOODLAND CHARLOTTE BAG → STRAWBERRY CHARLOTTE BAG"
"frozenset({'RED RETROSPOT CHARLOTTE BAG', 'CHARLOTTE BAG APPLES DESIGN'})",frozenset({'STRAWBERRY CHARLOTTE BAG'}),0.016205116821133247,0.03734946445418725,0.011154892058382819,0.6883561643835617,18.43014818131857,1.0,0.01054963962369595,3.0889445755975538,0.9613193691945304,0.26308900523560214,0.6762648291264498,0.4935094343463128,"CHARLOTTE BAG APPLES DESIGN, RED RETROSPOT CHARLOTTE BAG",STRAWBERRY CHARLOTTE BAG,"CHARLOTTE BAG APPLES DESIGN, RED RETROSPOT CHARLOTTE BAG → STRAWBERRY CHARLOTTE BAG"
"frozenset({'RED RETROSPOT CHARLOTTE BAG', 'STRAWBERRY CHARLOTTE BAG'})",frozenset({'CHARLOTTE BAG PINK POLKADOT'}),0.02541761473999667,0.03734946445418725,0.017481547255674565,0.6877729257641921,18.41453246559432,1.0,0.016532212957432832,3.083174442517358,0.9703592827902376,0.3860294117647058,0.6756589616825192,0.5779132087959148,"RED RETROSPOT CHARLOTTE BAG, STRAWBERRY CHARLOTTE BAG",CHARLOTTE BAG PINK POLKADOT,"RED RETROSPOT CHARLOTTE BAG, STRAWBERRY CHARLOTTE BAG → CHARLOTTE BAG PINK POLKADOT"
"frozenset({'CHARLOTTE BAG SUKI DESIGN', 'CHARLOTTE BAG APPLES DESIGN'})",frozenset({'WOODLAND CHARLOTTE BAG'}),0.01548365614074033,0.037793440257505966,0.010766413230478939,0.6953405017921147,18.398444202337906,1.0,0.010181232597156104,3.1583015313900686,0.9605199386324806,0.25326370757180156,0.6833741205324787,0.4901078426728562,"CHARLOTTE BAG APPLES DESIGN, CHARLOTTE BAG SUKI DESIGN",WOODLAND CHARLOTTE BAG,"CHARLOTTE BAG APPLES DESIGN, CHARLOTTE BAG SUKI DESIGN → WOODLAND CHARLOTTE BAG"
"frozenset({'LUNCH BAG  BLACK SKULL.', 'CHARLOTTE BAG PINK POLKADOT'})",frozenset({'WOODLAND CHARLOTTE BAG'}),0.01470669848493257,0.037793440257505966,0.01021144347633054,0.6943396226415095,18.37196132214003,1.0,0.009655626745755087,3.147959732490876,0.9596829985649283,0.24146981627296588,0.6823339289639727,0.482265259191533,"CHARLOTTE BAG PINK POLKADOT, LUNCH BAG  BLACK SKULL.",WOODLAND CHARLOTTE BAG,"CHARLOTTE BAG PINK POLKADOT, LUNCH BAG  BLACK SKULL. → WOODLAND CHARLOTTE BAG"
frozenset({'JUMBO BAG VINTAGE CHRISTMAS '}),"frozenset({""JUMBO BAG 50'S CHRISTMAS ""})",0.025362117764581832,0.03729396747877241,0.017370553304844886,0.6849015317286652,18.364941518182764,1.0,0.016424699309739776,3.0552545615430624,0.9701535736648945,0.383578431372549,0.6726950308536818,0.5753376706262374,JUMBO BAG VINTAGE CHRISTMAS ,JUMBO BAG 50'S CHRISTMAS ,JUMBO BAG VINTAGE CHRISTMAS  → JUMBO BAG 50'S CHRISTMAS 
"frozenset({""JUMBO BAG 50'S CHRISTMAS ""})",frozenset({'JUMBO BAG VINTAGE CHRISTMAS '}),0.03729396747877241,0.025362117764581832,0.017370553304844886,0.46577380952380953,18.364941518182764,1.0,0.016424699309739776,1.824391801844571,0.9821777287544174,0.383578431372549,0.45187212582903563,0.5753376706262374,JUMBO BAG 50'S CHRISTMAS ,JUMBO BAG VINTAGE CHRISTMAS ,JUMBO BAG 50'S CHRISTMAS  → JUMBO BAG VINTAGE CHRISTMAS 
"frozenset({'JUMBO BAG TOYS ', 'JUMBO SHOPPER VINTAGE RED PAISLEY'})",frozenset({'JUMBO BAG WOODLAND ANIMALS'}),0.014595704534102891,0.04079027692990732,0.010932904156723459,0.7490494296577948,18.363430847624223,1.0,0.010337541326790298,3.8223054116277946,0.9595492422379852,0.24594257178526846,0.7383777871443996,0.5085383202710743,"JUMBO BAG TOYS , JUMBO SHOPPER VINTAGE RED PAISLEY",JUMBO BAG WOODLAND ANIMALS,"JUMBO BAG TOYS , JUMBO SHOPPER VINTAGE RED PAISLEY → JUMBO BAG WOODLAND ANIMALS"
"frozenset({'CHARLOTTE BAG PINK POLKADOT', 'STRAWBERRY CHARLOTTE BAG'})",frozenset({'WOODLAND CHARLOTTE BAG'}),0.02008990510017204,0.037793440257505966,0.013874243853709972,0.6906077348066298,18.273216994832104,1.0,0.013114977225527655,3.109989059167704,0.9646549243925923,0.31525851197982346,0.6784554604614524,0.5288574650538289,"CHARLOTTE BAG PINK POLKADOT, STRAWBERRY CHARLOTTE BAG",WOODLAND CHARLOTTE BAG,"CHARLOTTE BAG PINK POLKADOT, STRAWBERRY CHARLOTTE BAG → WOODLAND CHARLOTTE BAG"
"frozenset({'DOTCOM POSTAGE', 'JUMBO BAG RED RETROSPOT'})",frozenset({'SUKI  SHOULDER BAG'}),0.026916033076197346,0.028136966535323826,0.013818746878295133,0.5134020618556702,18.246532056365524,1.0,0.013061411356366499,1.9972608950439323,0.9713396760304593,0.33512786002691786,0.4993142846378095,0.5022631611053499,"DOTCOM POSTAGE, JUMBO BAG RED RETROSPOT",SUKI  SHOULDER BAG,"DOTCOM POSTAGE, JUMBO BAG RED RETROSPOT → SUKI  SHOULDER BAG"
"frozenset({'RECYCLING BAG RETROSPOT ', 'JUMBO STORAGE BAG SUKI'})",frozenset({'DOTCOM POSTAGE'}),0.01614961984571841,0.03918086464287696,0.011543370886286698,0.7147766323024055,18.243003027559553,1.0,0.010910614817077686,3.3686550408303955,0.9606993933976673,0.2636248415716096,0.7031456210626145,0.5046970980208911,"JUMBO STORAGE BAG SUKI, RECYCLING BAG RETROSPOT ",DOTCOM POSTAGE,"JUMBO STORAGE BAG SUKI, RECYCLING BAG RETROSPOT  → DOTCOM POSTAGE"
"frozenset({'LUNCH BAG SPACEBOY DESIGN ', 'RED RETROSPOT CHARLOTTE BAG'})",frozenset({'CHARLOTTE BAG PINK POLKADOT'}),0.01487318941117709,0.03734946445418725,0.01010044952550086,0.6791044776119404,18.18244217249562,1.0,0.009544943866267707,2.9998877154218357,0.959269281222974,0.23978919631093543,0.6666541901354521,0.47476769200062097,"LUNCH BAG SPACEBOY DESIGN , RED RETROSPOT CHARLOTTE BAG",CHARLOTTE BAG PINK POLKADOT,"LUNCH BAG SPACEBOY DESIGN , RED RETROSPOT CHARLOTTE BAG → CHARLOTTE BAG PINK POLKADOT"
"frozenset({'DOTCOM POSTAGE', 'JUMBO STORAGE BAG SUKI'})",frozenset({'SUKI  SHOULDER BAG'}),0.021921305288861756,0.028136966535323826,0.011210389033797659,0.5113924050632912,18.17510798192395,1.0,0.010593590000474338,1.9890461047593115,0.9661591641461014,0.2885714285714286,0.4972464451139472,0.45490724789653714,"DOTCOM POSTAGE, JUMBO STORAGE BAG SUKI",SUKI  SHOULDER BAG,"DOTCOM POSTAGE, JUMBO STORAGE BAG SUKI → SUKI  SHOULDER BAG"
"frozenset({'RED RETROSPOT CHARLOTTE BAG', 'CHARLOTTE BAG APPLES DESIGN'})",frozenset({'CHARLOTTE BAG PINK POLKADOT'}),0.016205116821133247,0.03734946445418725,0.010988401132138299,0.678082191780822,18.155071342791427,1.0,0.01038314869745143,2.9903612380784823,0.9604837225416002,0.258148631029987,0.6655922410756734,0.4861436218933828,"CHARLOTTE BAG APPLES DESIGN, RED RETROSPOT CHARLOTTE BAG",CHARLOTTE BAG PINK POLKADOT,"CHARLOTTE BAG APPLES DESIGN, RED RETROSPOT CHARLOTTE BAG → CHARLOTTE BAG PINK POLKADOT"
"frozenset({'RED RETROSPOT CHARLOTTE BAG', 'CHARLOTTE BAG SUKI DESIGN'})",frozenset({'STRAWBERRY CHARLOTTE BAG'}),0.026361063322048947,0.03734946445418725,0.017870026083578443,0.6778947368421052,18.150052396965666,1.0,0.016885454486056998,2.9886209436879803,0.970486804428546,0.3898305084745762,0.6653975131533434,0.5781747086885117,"CHARLOTTE BAG SUKI DESIGN, RED RETROSPOT CHARLOTTE BAG",STRAWBERRY CHARLOTTE BAG,"CHARLOTTE BAG SUKI DESIGN, RED RETROSPOT CHARLOTTE BAG → STRAWBERRY CHARLOTTE BAG"
"frozenset({'DOTCOM POSTAGE', 'JUMBO SHOPPER VINTAGE RED PAISLEY'})",frozenset({'JUMBO BAG TOYS '}),0.02014540207558688,0.028081469559908985,0.01026694045174538,0.5096418732782368,18.14868955454654,1.0,0.00970122795658766,1.9820585761222078,0.9643263449221764,0.2704678362573099,0.4954740429738223,0.43762726074979036,"DOTCOM POSTAGE, JUMBO SHOPPER VINTAGE RED PAISLEY",JUMBO BAG TOYS ,"DOTCOM POSTAGE, JUMBO SHOPPER VINTAGE RED PAISLEY → JUMBO BAG TOYS "
"frozenset({'CHARLOTTE BAG PINK POLKADOT', 'CHARLOTTE BAG SUKI DESIGN'})",frozenset({'STRAWBERRY CHARLOTTE BAG'}),0.02131083855929852,0.03734946445418725,0.014429213607858371,0.6770833333333333,18.12832776126795,1.0,0.013633265200598928,2.9811113358838064,0.9654114414080391,0.3262233375156838,0.6645546283485144,0.5317065998018821,"CHARLOTTE BAG PINK POLKADOT, CHARLOTTE BAG SUKI DESIGN",STRAWBERRY CHARLOTTE BAG,"CHARLOTTE BAG PINK POLKADOT, CHARLOTTE BAG SUKI DESIGN → STRAWBERRY CHARLOTTE BAG"
"frozenset({'LUNCH BAG SPACEBOY DESIGN ', 'RED RETROSPOT CHARLOTTE BAG'})",frozenset({'STRAWBERRY CHARLOTTE BAG'}),0.01487318941117709,0.03734946445418725,0.01004495255008602,0.6753731343283581,18.08253864407531,1.0,0.009489446890852866,2.9654062474284797,0.9589608366939719,0.23815789473684207,0.6627780760672596,0.47215907830830983,"LUNCH BAG SPACEBOY DESIGN , RED RETROSPOT CHARLOTTE BAG",STRAWBERRY CHARLOTTE BAG,"LUNCH BAG SPACEBOY DESIGN , RED RETROSPOT CHARLOTTE BAG → STRAWBERRY CHARLOTTE BAG"
"frozenset({'WOODLAND CHARLOTTE BAG', 'LUNCH BAG  BLACK SKULL.'})",frozenset({'CHARLOTTE BAG PINK POLKADOT'}),0.01515067428825129,0.03734946445418725,0.01021144347633054,0.6739926739926739,18.045577998029703,1.0,0.00964557390554453,2.9528493955506385,0.9591160163466109,0.24146981627296582,0.6613440558442287,0.4736976742920279,"LUNCH BAG  BLACK SKULL., WOODLAND CHARLOTTE BAG",CHARLOTTE BAG PINK POLKADOT,"LUNCH BAG  BLACK SKULL., WOODLAND CHARLOTTE BAG → CHARLOTTE BAG PINK POLKADOT"
"frozenset({'ROSES REGENCY TEACUP AND SAUCER ', 'GREEN REGENCY TEACUP AND SAUCER'})",frozenset({'PINK REGENCY TEACUP AND SAUCER'}),0.03884788279038792,0.038958876741217605,0.027304511904101228,0.702857142857143,18.041001221001224,1.0,0.025791042026813236,3.2342730109670574,0.982748398417641,0.5406593406593407,0.6908115064470093,0.7018559218559219,"GREEN REGENCY TEACUP AND SAUCER, ROSES REGENCY TEACUP AND SAUCER ",PINK REGENCY TEACUP AND SAUCER,"GREEN REGENCY TEACUP AND SAUCER, ROSES REGENCY TEACUP AND SAUCER  → PINK REGENCY TEACUP AND SAUCER"
frozenset({'CHARLIE+LOLA PINK HOT WATER BOTTLE'}),frozenset({'DOTCOM POSTAGE'}),0.016926577501526166,0.03918086464287696,0.011931849714190576,0.7049180327868853,17.991385315562162,1.0,0.011268651772236113,3.256109292043584,0.9606788481584662,0.2701005025125628,0.6928850016049724,0.504725305345284,CHARLIE+LOLA PINK HOT WATER BOTTLE,DOTCOM POSTAGE,CHARLIE+LOLA PINK HOT WATER BOTTLE → DOTCOM POSTAGE
frozenset({'DOTCOM POSTAGE'}),frozenset({'CHARLIE+LOLA PINK HOT WATER BOTTLE'}),0.03918086464287696,0.016926577501526166,0.011931849714190576,0.3045325779036827,17.991385315562162,1.0,0.011268651772236113,1.4135434547534065,0.9829298859977513,0.2701005025125628,0.29255800616723826,0.504725305345284,DOTCOM POSTAGE,CHARLIE+LOLA PINK HOT WATER BOTTLE,DOTCOM POSTAGE → CHARLIE+LOLA PINK HOT WATER BOTTLE
"frozenset({'JUMBO BAG TOYS ', 'JUMBO SHOPPER VINTAGE RED PAISLEY'})",frozenset({'DOTCOM POSTAGE'}),0.014595704534102891,0.03918086464287696,0.01026694045174538,0.7034220532319392,17.95320393369166,1.0,0.009695068128027269,3.2396850333195304,0.9582865023166893,0.235969387755102,0.6913280180896616,0.4827308566442982,"JUMBO BAG TOYS , JUMBO SHOPPER VINTAGE RED PAISLEY",DOTCOM POSTAGE,"JUMBO BAG TOYS , JUMBO SHOPPER VINTAGE RED PAISLEY → DOTCOM POSTAGE"
frozenset({'TRAVEL CARD WALLET VINTAGE TICKET'}),frozenset({'TRAVEL CARD WALLET KEEP CALM'}),0.022420778067595317,0.02913591209279094,0.011709861812531218,0.5222772277227723,17.925549269212638,1.0,0.011056611993701785,2.032275085567422,0.9658692438182129,0.2938718662952646,0.5079406291492303,0.46209099481376714,TRAVEL CARD WALLET VINTAGE TICKET,TRAVEL CARD WALLET KEEP CALM,TRAVEL CARD WALLET VINTAGE TICKET → TRAVEL CARD WALLET KEEP CALM
frozenset({'TRAVEL CARD WALLET KEEP CALM'}),frozenset({'TRAVEL CARD WALLET VINTAGE TICKET'}),0.02913591209279094,0.022420778067595317,0.011709861812531218,0.40190476190476193,17.925549269212635,1.0,0.011056611993701785,1.6344875525939888,0.9725498302193792,0.2938718662952646,0.3881874484678913,0.46209099481376714,TRAVEL CARD WALLET KEEP CALM,TRAVEL CARD WALLET VINTAGE TICKET,TRAVEL CARD WALLET KEEP CALM → TRAVEL CARD WALLET VINTAGE TICKET
frozenset({'WALL TIDY RETROSPOT '}),frozenset({'DOTCOM POSTAGE'}),0.014540207558688052,0.03918086464287696,0.01021144347633054,0.7022900763358778,17.924312868974763,1.0,0.009641745572094247,3.2273668392764896,0.9581414310584191,0.2346938775510204,0.690149880754126,0.4814566528988171,WALL TIDY RETROSPOT ,DOTCOM POSTAGE,WALL TIDY RETROSPOT  → DOTCOM POSTAGE
"frozenset({'WOODLAND CHARLOTTE BAG', 'STRAWBERRY CHARLOTTE BAG'})",frozenset({'CHARLOTTE BAG PINK POLKADOT'}),0.02075586880515012,0.03734946445418725,0.013874243853709972,0.6684491978609625,17.897156160856884,1.0,0.013099023269556243,2.9034782281784985,0.9641366959478606,0.31367628607277287,0.6555855007642502,0.519960111560496,"STRAWBERRY CHARLOTTE BAG, WOODLAND CHARLOTTE BAG",CHARLOTTE BAG PINK POLKADOT,"STRAWBERRY CHARLOTTE BAG, WOODLAND CHARLOTTE BAG → CHARLOTTE BAG PINK POLKADOT"
"frozenset({'LUNCH BAG  BLACK SKULL.', 'STRAWBERRY CHARLOTTE BAG'})",frozenset({'WOODLAND CHARLOTTE BAG'}),0.01542815916532549,0.037793440257505966,0.0104334313779899,0.6762589928057554,17.893554759716455,1.0,0.009850348166291878,2.9721491512045928,0.9589081428161957,0.24383916990920879,0.663543130197653,0.47616180183606416,"LUNCH BAG  BLACK SKULL., STRAWBERRY CHARLOTTE BAG",WOODLAND CHARLOTTE BAG,"LUNCH BAG  BLACK SKULL., STRAWBERRY CHARLOTTE BAG → WOODLAND CHARLOTTE BAG"
"frozenset({'JUMBO BAG WOODLAND ANIMALS', 'JUMBO BAG PINK POLKADOT'})",frozenset({'JUMBO BAG TOYS '}),0.022032299239691435,0.028081469559908985,0.011043898107553138,0.5012594458438288,17.850185681146147,1.0,0.010425198767118938,1.9487457403268493,0.9652447346253457,0.2826704545454546,0.4868494235516445,0.447270039127448,"JUMBO BAG PINK POLKADOT, JUMBO BAG WOODLAND ANIMALS",JUMBO BAG TOYS ,"JUMBO BAG PINK POLKADOT, JUMBO BAG WOODLAND ANIMALS → JUMBO BAG TOYS "
"frozenset({'JUMBO BAG WOODLAND ANIMALS', 'JUMBO STORAGE BAG SUKI'})",frozenset({'JUMBO BAG TOYS '}),0.023586214551306953,0.028081469559908985,0.011820855763360897,0.5011764705882353,17.84723087654034,1.0,0.01115852019740489,1.9484215822501827,0.9667713758585007,0.2966573816155989,0.4867640509067214,0.46106254359451293,"JUMBO BAG WOODLAND ANIMALS, JUMBO STORAGE BAG SUKI",JUMBO BAG TOYS ,"JUMBO BAG WOODLAND ANIMALS, JUMBO STORAGE BAG SUKI → JUMBO BAG TOYS "
"frozenset({'WOODLAND CHARLOTTE BAG', 'CHARLOTTE BAG SUKI DESIGN'})",frozenset({'CHARLOTTE BAG PINK POLKADOT'}),0.022920250846328875,0.03734946445418725,0.01526166823908097,0.6658595641646489,17.82782093117802,1.0,0.014405609144814953,2.88097587811899,0.9660500036144702,0.3390875462392108,0.6528953929829822,0.5372388459753408,"CHARLOTTE BAG SUKI DESIGN, WOODLAND CHARLOTTE BAG",CHARLOTTE BAG PINK POLKADOT,"CHARLOTTE BAG SUKI DESIGN, WOODLAND CHARLOTTE BAG → CHARLOTTE BAG PINK POLKADOT"
"frozenset({'RED RETROSPOT CHARLOTTE BAG', 'CHARLOTTE BAG APPLES DESIGN'})",frozenset({'WOODLAND CHARLOTTE BAG'}),0.016205116821133247,0.037793440257505966,0.010877407181308618,0.6712328767123288,17.760565646812704,1.0,0.010264960066863213,2.926711619216753,0.9592400845936614,0.2522522522522523,0.6583195988856531,0.47952245891416734,"CHARLOTTE BAG APPLES DESIGN, RED RETROSPOT CHARLOTTE BAG",WOODLAND CHARLOTTE BAG,"CHARLOTTE BAG APPLES DESIGN, RED RETROSPOT CHARLOTTE BAG → WOODLAND CHARLOTTE BAG"
"frozenset({'DOTCOM POSTAGE', 'JUMBO STORAGE BAG SUKI'})",frozenset({'JUMBO BAG TOYS '}),0.021921305288861756,0.028081469559908985,0.010932904156723459,0.4987341772151899,17.760259168459502,1.0,0.010317321689540816,1.938928381433515,0.9648451811212675,0.27982954545454547,0.48425119278481743,0.44403112022814833,"DOTCOM POSTAGE, JUMBO STORAGE BAG SUKI",JUMBO BAG TOYS ,"DOTCOM POSTAGE, JUMBO STORAGE BAG SUKI → JUMBO BAG TOYS "
"frozenset({'CHARLOTTE BAG SUKI DESIGN', 'CHARLOTTE BAG APPLES DESIGN'})",frozenset({'STRAWBERRY CHARLOTTE BAG'}),0.01548365614074033,0.03734946445418725,0.01026694045174538,0.6630824372759857,17.75346573146506,1.0,0.009688634187095941,2.857228717205125,0.9585142752673755,0.24119947848761406,0.650010517541565,0.46898549798420386,"CHARLOTTE BAG APPLES DESIGN, CHARLOTTE BAG SUKI DESIGN",STRAWBERRY CHARLOTTE BAG,"CHARLOTTE BAG APPLES DESIGN, CHARLOTTE BAG SUKI DESIGN → STRAWBERRY CHARLOTTE BAG"
"frozenset({'CHARLOTTE BAG SUKI DESIGN', 'STRAWBERRY CHARLOTTE BAG'})",frozenset({'CHARLOTTE BAG PINK POLKADOT'}),0.021810311338032077,0.03734946445418725,0.014429213607858371,0.6615776081424937,17.71317521711678,1.0,0.013614610159803784,2.844523762928605,0.9645826968900837,0.32258064516129026,0.6484473031891844,0.5239537372064622,"CHARLOTTE BAG SUKI DESIGN, STRAWBERRY CHARLOTTE BAG",CHARLOTTE BAG PINK POLKADOT,"CHARLOTTE BAG SUKI DESIGN, STRAWBERRY CHARLOTTE BAG → CHARLOTTE BAG PINK POLKADOT"
"frozenset({'JUMBO STORAGE BAG SUKI', 'JUMBO BAG TOYS '})",frozenset({'JUMBO BAG WOODLAND ANIMALS'}),0.016371607747377767,0.04079027692990732,0.011820855763360897,0.7220338983050848,17.701127637495677,1.0,0.011153053349557542,3.4508154671424074,0.9592102377296958,0.2607099143206854,0.7102134236032934,0.5059149083362159,"JUMBO BAG TOYS , JUMBO STORAGE BAG SUKI",JUMBO BAG WOODLAND ANIMALS,"JUMBO BAG TOYS , JUMBO STORAGE BAG SUKI → JUMBO BAG WOODLAND ANIMALS"
frozenset({'HAND WARMER OWL DESIGN'}),frozenset({'HAND WARMER SCOTTY DOG DESIGN'}),0.03490759753593429,0.02974637882235418,0.018369498862312005,0.5262321144674087,17.69062774363477,1.0,0.017331124242229826,2.0479514353044945,0.9775985087099055,0.3968824940047962,0.5117071709997276,0.5718847139501222,HAND WARMER OWL DESIGN,HAND WARMER SCOTTY DOG DESIGN,HAND WARMER OWL DESIGN → HAND WARMER SCOTTY DOG DESIGN
frozenset({'HAND WARMER SCOTTY DOG DESIGN'}),frozenset({'HAND WARMER OWL DESIGN'}),0.02974637882235418,0.03490759753593429,0.018369498862312005,0.6175373134328358,17.690627743634767,1.0,0.017331124242229826,2.5233635498572644,0.9723982192109625,0.3968824940047962,0.6037035566846618,0.5718847139501222,HAND WARMER SCOTTY DOG DESIGN,HAND WARMER OWL DESIGN,HAND WARMER SCOTTY DOG DESIGN → HAND WARMER OWL DESIGN
"frozenset({'JAM MAKING SET PRINTED', 'JUMBO BAG RED RETROSPOT'})",frozenset({'DOTCOM POSTAGE'}),0.01642710472279261,0.03918086464287696,0.011376879960042177,0.6925675675675675,17.676168555240793,1.0,0.010733251793424076,3.1253018029198727,0.9591832578033506,0.25721455457967374,0.6800309016346098,0.49146791976112086,"JAM MAKING SET PRINTED, JUMBO BAG RED RETROSPOT",DOTCOM POSTAGE,"JAM MAKING SET PRINTED, JUMBO BAG RED RETROSPOT → DOTCOM POSTAGE"
"frozenset({'RED RETROSPOT CHARLOTTE BAG', 'CHARLOTTE BAG SUKI DESIGN'})",frozenset({'CHARLOTTE BAG PINK POLKADOT'}),0.026361063322048947,0.03734946445418725,0.017370553304844886,0.6589473684210526,17.642752795808242,1.0,0.01638598170732344,2.822586446816426,0.9688596740427355,0.3748502994011975,0.6457150139270694,0.5620145460233049,"CHARLOTTE BAG SUKI DESIGN, RED RETROSPOT CHARLOTTE BAG",CHARLOTTE BAG PINK POLKADOT,"CHARLOTTE BAG SUKI DESIGN, RED RETROSPOT CHARLOTTE BAG → CHARLOTTE BAG PINK POLKADOT"
"frozenset({'RED RETROSPOT CHARLOTTE BAG', 'PACK OF 72 RETROSPOT CAKE CASES'})",frozenset({'STRAWBERRY CHARLOTTE BAG'}),0.01642710472279261,0.03734946445418725,0.010821910205893778,0.6587837837837838,17.63837295690936,1.0,0.010208366641964624,2.8212332526887183,0.9590600074942454,0.251937984496124,0.6455450824397555,0.47426559174330346,"PACK OF 72 RETROSPOT CAKE CASES, RED RETROSPOT CHARLOTTE BAG",STRAWBERRY CHARLOTTE BAG,"PACK OF 72 RETROSPOT CAKE CASES, RED RETROSPOT CHARLOTTE BAG → STRAWBERRY CHARLOTTE BAG"
"frozenset({'RED RETROSPOT CHARLOTTE BAG', 'STRAWBERRY CHARLOTTE BAG'})",frozenset({'WOODLAND CHARLOTTE BAG'}),0.02541761473999667,0.037793440257505966,0.016926577501526166,0.6659388646288209,17.620488108291813,1.0,0.0159659583973618,2.8803307474644586,0.9678482778063537,0.36570743405275774,0.65281764919522,0.5569048214480374,"RED RETROSPOT CHARLOTTE BAG, STRAWBERRY CHARLOTTE BAG",WOODLAND CHARLOTTE BAG,"RED RETROSPOT CHARLOTTE BAG, STRAWBERRY CHARLOTTE BAG → WOODLAND CHARLOTTE BAG"
"frozenset({'RED RETROSPOT CHARLOTTE BAG', 'CHARLOTTE BAG PINK POLKADOT'})",frozenset({'STRAWBERRY CHARLOTTE BAG'}),0.02658305122370831,0.03734946445418725,0.017481547255674565,0.6576200417536534,17.607214758334443,1.0,0.016488684528910832,2.811643942234416,0.9689630956905758,0.3763440860215054,0.6443361888826865,0.5628367667906454,"CHARLOTTE BAG PINK POLKADOT, RED RETROSPOT CHARLOTTE BAG",STRAWBERRY CHARLOTTE BAG,"CHARLOTTE BAG PINK POLKADOT, RED RETROSPOT CHARLOTTE BAG → STRAWBERRY CHARLOTTE BAG"
frozenset({'HAND WARMER BIRD DESIGN'}),frozenset({'HAND WARMER SCOTTY DOG DESIGN'}),0.02985737277318386,0.02974637882235418,0.01559465009157001,0.5223048327137547,17.558602202740946,1.0,0.014706501370418639,2.031114584410792,0.9720713551530579,0.35435056746532156,0.5076594852524822,0.5232792820285191,HAND WARMER BIRD DESIGN,HAND WARMER SCOTTY DOG DESIGN,HAND WARMER BIRD DESIGN → HAND WARMER SCOTTY DOG DESIGN
frozenset({'HAND WARMER SCOTTY DOG DESIGN'}),frozenset({'HAND WARMER BIRD DESIGN'}),0.02974637882235418,0.02985737277318386,0.01559465009157001,0.5242537313432836,17.558602202740943,1.0,0.014706501370418639,2.0392017576218566,0.9719601532592007,0.35435056746532156,0.5096120350709128,0.5232792820285191,HAND WARMER SCOTTY DOG DESIGN,HAND WARMER BIRD DESIGN,HAND WARMER SCOTTY DOG DESIGN → HAND WARMER BIRD DESIGN
"frozenset({'RED RETROSPOT CHARLOTTE BAG', 'CHARLOTTE BAG SUKI DESIGN'})",frozenset({'WOODLAND CHARLOTTE BAG'}),0.026361063322048947,0.037793440257505966,0.017481547255674565,0.6631578947368421,17.546904706700673,1.0,0.016485271983888376,2.856550724235529,0.9685416802379867,0.37455410225921526,0.6499274486828445,0.5628564804080686,"CHARLOTTE BAG SUKI DESIGN, RED RETROSPOT CHARLOTTE BAG",WOODLAND CHARLOTTE BAG,"CHARLOTTE BAG SUKI DESIGN, RED RETROSPOT CHARLOTTE BAG → WOODLAND CHARLOTTE BAG"
frozenset({'LUNCH BAG DOILEY PATTERN '}),frozenset({'JUMBO BAG DOILEY PATTERNS'}),0.02441866918252955,0.02619457239580443,0.011210389033797659,0.45909090909090916,17.526184514637904,1.0,0.01057075243608669,1.8003125552346475,0.9665442396108318,0.28450704225352114,0.44454089536154856,0.4435285053929122,LUNCH BAG DOILEY PATTERN ,JUMBO BAG DOILEY PATTERNS,LUNCH BAG DOILEY PATTERN  → JUMBO BAG DOILEY PATTERNS
frozenset({'JUMBO BAG DOILEY PATTERNS'}),frozenset({'LUNCH BAG DOILEY PATTERN '}),0.02619457239580443,0.02441866918252955,0.011210389033797659,0.4279661016949152,17.526184514637904,1.0,0.01057075243608669,1.7054606968364667,0.9683069007875313,0.28450704225352114,0.41364817034192375,0.4435285053929122,JUMBO BAG DOILEY PATTERNS,LUNCH BAG DOILEY PATTERN ,JUMBO BAG DOILEY PATTERNS → LUNCH BAG DOILEY PATTERN 
"frozenset({'RED RETROSPOT CHARLOTTE BAG', 'PACK OF 72 RETROSPOT CAKE CASES'})",frozenset({'WOODLAND CHARLOTTE BAG'}),0.01642710472279261,0.037793440257505966,0.010877407181308618,0.6621621621621621,17.520558002936856,1.0,0.010256570380363962,2.8481314168377816,0.9586724042435347,0.25096030729833546,0.64889260583689,0.474987101639084,"PACK OF 72 RETROSPOT CAKE CASES, RED RETROSPOT CHARLOTTE BAG",WOODLAND CHARLOTTE BAG,"PACK OF 72 RETROSPOT CAKE CASES, RED RETROSPOT CHARLOTTE BAG → WOODLAND CHARLOTTE BAG"
"frozenset({'JUMBO BAG PINK POLKADOT', 'JUMBO BAG TOYS '})",frozenset({'JUMBO BAG WOODLAND ANIMALS'}),0.01548365614074033,0.04079027692990732,0.011043898107553138,0.7132616487455197,17.486070270402067,1.0,0.01041231548568488,3.345243909206948,0.9576393806688459,0.2441717791411043,0.701068135197033,0.4920049740326238,"JUMBO BAG PINK POLKADOT, JUMBO BAG TOYS ",JUMBO BAG WOODLAND ANIMALS,"JUMBO BAG PINK POLKADOT, JUMBO BAG TOYS  → JUMBO BAG WOODLAND ANIMALS"
"frozenset({'LUNCH BAG  BLACK SKULL.', 'RED RETROSPOT CHARLOTTE BAG'})",frozenset({'CHARLOTTE BAG PINK POLKADOT'}),0.01897996559187524,0.03734946445418725,0.012375825517509296,0.6520467836257311,17.457995533658316,1.0,0.011666933967293855,2.7666091021568744,0.9609586168949493,0.2815656565656566,0.6385466963076242,0.49169946907883877,"LUNCH BAG  BLACK SKULL., RED RETROSPOT CHARLOTTE BAG",CHARLOTTE BAG PINK POLKADOT,"LUNCH BAG  BLACK SKULL., RED RETROSPOT CHARLOTTE BAG → CHARLOTTE BAG PINK POLKADOT"
"frozenset({'LUNCH BAG  BLACK SKULL.', 'RED RETROSPOT CHARLOTTE BAG'})",frozenset({'STRAWBERRY CHARLOTTE BAG'}),0.01897996559187524,0.03734946445418725,0.012375825517509296,0.6520467836257311,17.457995533658316,1.0,0.011666933967293855,2.7666091021568744,0.9609586168949493,0.2815656565656566,0.6385466963076242,0.49169946907883877,"LUNCH BAG  BLACK SKULL., RED RETROSPOT CHARLOTTE BAG",STRAWBERRY CHARLOTTE BAG,"LUNCH BAG  BLACK SKULL., RED RETROSPOT CHARLOTTE BAG → STRAWBERRY CHARLOTTE BAG"
"frozenset({'PINK REGENCY TEACUP AND SAUCER', 'ROSES REGENCY TEACUP AND SAUCER '})",frozenset({'GREEN REGENCY TEACUP AND SAUCER'}),0.03024585160108774,0.05172318108663078,0.027304511904101228,0.9027522935779817,17.453533881954563,1.0,0.025740100244618806,9.751148420901632,0.9721072236474912,0.4994923857868021,0.8974479767063647,0.7153246446430681,"PINK REGENCY TEACUP AND SAUCER, ROSES REGENCY TEACUP AND SAUCER ",GREEN REGENCY TEACUP AND SAUCER,"PINK REGENCY TEACUP AND SAUCER, ROSES REGENCY TEACUP AND SAUCER  → GREEN REGENCY TEACUP AND SAUCER"
"frozenset({'JUMBO BAG WOODLAND ANIMALS', 'JUMBO BAG TOYS '})",frozenset({'DOTCOM POSTAGE'}),0.015650147066984848,0.03918086464287696,0.01065541927964926,0.6808510638297873,17.377132180097647,1.0,0.010042232985776608,3.0105666241189866,0.957437137058127,0.24120603015075381,0.6678366152110516,0.47640286902537526,"JUMBO BAG TOYS , JUMBO BAG WOODLAND ANIMALS",DOTCOM POSTAGE,"JUMBO BAG TOYS , JUMBO BAG WOODLAND ANIMALS → DOTCOM POSTAGE"
"frozenset({'CHARLOTTE BAG PINK POLKADOT', 'STRAWBERRY CHARLOTTE BAG'})",frozenset({'RED RETROSPOT CHARLOTTE BAG'}),0.02008990510017204,0.050113768799600424,0.017481547255674565,0.8701657458563536,17.363805730438134,1.0,0.01647476639627863,7.316145014777549,0.9617300032093031,0.33157894736842103,0.8633159952433768,0.6095014775793396,"CHARLOTTE BAG PINK POLKADOT, STRAWBERRY CHARLOTTE BAG",RED RETROSPOT CHARLOTTE BAG,"CHARLOTTE BAG PINK POLKADOT, STRAWBERRY CHARLOTTE BAG → RED RETROSPOT CHARLOTTE BAG"
"frozenset({'CHARLOTTE BAG PINK POLKADOT', 'CHARLOTTE BAG APPLES DESIGN'})",frozenset({'RED RETROSPOT CHARLOTTE BAG'}),0.012653310394583495,0.050113768799600424,0.010988401132138299,0.868421052631579,17.328991082357057,1.0,0.01035429606047456,7.219135357123039,0.9543691652061053,0.21221864951768485,0.861479256097711,0.5438450778108062,"CHARLOTTE BAG APPLES DESIGN, CHARLOTTE BAG PINK POLKADOT",RED RETROSPOT CHARLOTTE BAG,"CHARLOTTE BAG APPLES DESIGN, CHARLOTTE BAG PINK POLKADOT → RED RETROSPOT CHARLOTTE BAG"
frozenset({'HANGING HEART ZINC T-LIGHT HOLDER'}),frozenset({'SINGLE HEART ZINC T-LIGHT HOLDER'}),0.03207725178977746,0.026860536100782508,0.01492868638659193,0.4653979238754325,17.32645700477566,1.0,0.014067074206878723,1.8203061816626136,0.9735123983588643,0.33921815889029,0.4506418699920969,0.5105915239211873,HANGING HEART ZINC T-LIGHT HOLDER,SINGLE HEART ZINC T-LIGHT HOLDER,HANGING HEART ZINC T-LIGHT HOLDER → SINGLE HEART ZINC T-LIGHT HOLDER
frozenset({'SINGLE HEART ZINC T-LIGHT HOLDER'}),frozenset({'HANGING HEART ZINC T-LIGHT HOLDER'}),0.026860536100782508,0.03207725178977746,0.01492868638659193,0.5557851239669421,17.326457004775655,1.0,0.014067074206878723,2.178951675040687,0.9682936834774424,0.33921815889029,0.5410637090052365,0.5105915239211873,SINGLE HEART ZINC T-LIGHT HOLDER,HANGING HEART ZINC T-LIGHT HOLDER,SINGLE HEART ZINC T-LIGHT HOLDER → HANGING HEART ZINC T-LIGHT HOLDER
"frozenset({'LUNCH BAG  BLACK SKULL.', 'CHARLOTTE BAG SUKI DESIGN'})",frozenset({'STRAWBERRY CHARLOTTE BAG'}),0.01659359564903713,0.03734946445418725,0.0107109162550641,0.6454849498327759,17.282308040173536,1.0,0.01009115434420323,2.7154010389452643,0.9580345968958701,0.2477535301668806,0.6317302727451164,0.46613029066675943,"CHARLOTTE BAG SUKI DESIGN, LUNCH BAG  BLACK SKULL.",STRAWBERRY CHARLOTTE BAG,"CHARLOTTE BAG SUKI DESIGN, LUNCH BAG  BLACK SKULL. → STRAWBERRY CHARLOTTE BAG"
"frozenset({'LUNCH BAG CARS BLUE', 'RED RETROSPOT CHARLOTTE BAG'})",frozenset({'WOODLAND CHARLOTTE BAG'}),0.015650147066984848,0.037793440257505966,0.01021144347633054,0.6524822695035462,17.26443173889045,1.0,0.009619970578133265,2.7687984678304423,0.957055504214967,0.2362002567394095,0.63883250745094,0.46133658262255134,"LUNCH BAG CARS BLUE, RED RETROSPOT CHARLOTTE BAG",WOODLAND CHARLOTTE BAG,"LUNCH BAG CARS BLUE, RED RETROSPOT CHARLOTTE BAG → WOODLAND CHARLOTTE BAG"
"frozenset({'WOODLAND CHARLOTTE BAG', 'CHARLOTTE BAG PINK POLKADOT'})",frozenset({'CHARLOTTE BAG SUKI DESIGN'}),0.01981242022309784,0.044619568233531276,0.01526166823908097,0.7703081232492998,17.2639080507825,1.0,0.01437764660306506,4.159400172446699,0.961117756662995,0.3103837471783295,0.759580718723737,0.5561739621221623,"CHARLOTTE BAG PINK POLKADOT, WOODLAND CHARLOTTE BAG",CHARLOTTE BAG SUKI DESIGN,"CHARLOTTE BAG PINK POLKADOT, WOODLAND CHARLOTTE BAG → CHARLOTTE BAG SUKI DESIGN"
"frozenset({'LUNCH BAG RED RETROSPOT', 'WOODLAND CHARLOTTE BAG'})",frozenset({'STRAWBERRY CHARLOTTE BAG'}),0.015927631944059047,0.03734946445418725,0.01026694045174538,0.6445993031358885,17.258595606546173,1.0,0.00967205192861137,2.7086343500161596,0.9573054669828863,0.23870967741935484,0.6308102642226205,0.4597439309141552,"LUNCH BAG RED RETROSPOT, WOODLAND CHARLOTTE BAG",STRAWBERRY CHARLOTTE BAG,"LUNCH BAG RED RETROSPOT, WOODLAND CHARLOTTE BAG → STRAWBERRY CHARLOTTE BAG"
"frozenset({'DOTCOM POSTAGE', 'JUMBO BAG TOYS '})",frozenset({'JUMBO BAG WOODLAND ANIMALS'}),0.01515067428825129,0.04079027692990732,0.01065541927964926,0.7032967032967034,17.2417731927936,1.0,0.010037419079756664,3.2328920296066093,0.9564928364138399,0.23529411764705888,0.6906794316537432,0.48226059654631087,"DOTCOM POSTAGE, JUMBO BAG TOYS ",JUMBO BAG WOODLAND ANIMALS,"DOTCOM POSTAGE, JUMBO BAG TOYS  → JUMBO BAG WOODLAND ANIMALS"
"frozenset({'JUMBO BAG RED RETROSPOT', 'JAM MAKING SET WITH JARS'})",frozenset({'DOTCOM POSTAGE'}),0.01487318941117709,0.03918086464287696,0.01004495255008602,0.6753731343283581,17.23732083210012,1.0,0.009462208128958819,2.95976469282424,0.9562082098868603,0.22824716267339215,0.6621353033825844,0.465873536002706,"JAM MAKING SET WITH JARS, JUMBO BAG RED RETROSPOT",DOTCOM POSTAGE,"JAM MAKING SET WITH JARS, JUMBO BAG RED RETROSPOT → DOTCOM POSTAGE"
"frozenset({'WOODLAND CHARLOTTE BAG', 'STRAWBERRY CHARLOTTE BAG'})",frozenset({'CHARLOTTE BAG SUKI DESIGN'}),0.02075586880515012,0.044619568233531276,0.015927631944059047,0.7673796791443849,17.198276664804315,1.0,0.015001514039661427,4.1070377181684945,0.9618180076874241,0.32210998877665536,0.756515506157576,0.5621724266368691,"STRAWBERRY CHARLOTTE BAG, WOODLAND CHARLOTTE BAG",CHARLOTTE BAG SUKI DESIGN,"STRAWBERRY CHARLOTTE BAG, WOODLAND CHARLOTTE BAG → CHARLOTTE BAG SUKI DESIGN"
"frozenset({'WOODLAND CHARLOTTE BAG', 'CHARLOTTE BAG APPLES DESIGN'})",frozenset({'CHARLOTTE BAG SUKI DESIGN'}),0.014040734779954493,0.044619568233531276,0.010766413230478939,0.766798418972332,17.18524964112245,1.0,0.010139921706915843,4.09680083452401,0.9552225901205941,0.22479721900347624,0.7559070991264857,0.5040459756553203,"CHARLOTTE BAG APPLES DESIGN, WOODLAND CHARLOTTE BAG",CHARLOTTE BAG SUKI DESIGN,"CHARLOTTE BAG APPLES DESIGN, WOODLAND CHARLOTTE BAG → CHARLOTTE BAG SUKI DESIGN"
"frozenset({'LUNCH BAG  BLACK SKULL.', 'CHARLOTTE BAG SUKI DESIGN'})",frozenset({'WOODLAND CHARLOTTE BAG'}),0.01659359564903713,0.037793440257505966,0.010766413230478939,0.648829431438127,17.167779038301923,1.0,0.010139284164659843,2.7399977272667204,0.9576420725605641,0.24681933842239187,0.6350361936257706,0.4668523074958623,"CHARLOTTE BAG SUKI DESIGN, LUNCH BAG  BLACK SKULL.",WOODLAND CHARLOTTE BAG,"CHARLOTTE BAG SUKI DESIGN, LUNCH BAG  BLACK SKULL. → WOODLAND CHARLOTTE BAG"
"frozenset({'WOODLAND CHARLOTTE BAG', 'PACK OF 72 RETROSPOT CAKE CASES'})",frozenset({'CHARLOTTE BAG SUKI DESIGN'}),0.014151728730784172,0.044619568233531276,0.010821910205893778,0.7647058823529411,17.138352355867717,1.0,0.01019046618016813,4.060366835007491,0.9551686210659416,0.22569444444444442,0.7537168338145598,0.5036215978928884,"PACK OF 72 RETROSPOT CAKE CASES, WOODLAND CHARLOTTE BAG",CHARLOTTE BAG SUKI DESIGN,"PACK OF 72 RETROSPOT CAKE CASES, WOODLAND CHARLOTTE BAG → CHARLOTTE BAG SUKI DESIGN"
"frozenset({'CHARLOTTE BAG SUKI DESIGN', 'STRAWBERRY CHARLOTTE BAG'})",frozenset({'CHARLOTTE BAG APPLES DESIGN'}),0.021810311338032077,0.027471002830345745,0.01026694045174538,0.4707379134860051,17.135811036574395,1.0,0.009667789327247578,1.8375187302292022,0.9626381175229468,0.26315789473684215,0.45578786025475493,0.4222376436116894,"CHARLOTTE BAG SUKI DESIGN, STRAWBERRY CHARLOTTE BAG",CHARLOTTE BAG APPLES DESIGN,"CHARLOTTE BAG SUKI DESIGN, STRAWBERRY CHARLOTTE BAG → CHARLOTTE BAG APPLES DESIGN"
"frozenset({'CHARLOTTE BAG APPLES DESIGN', 'STRAWBERRY CHARLOTTE BAG'})",frozenset({'CHARLOTTE BAG SUKI DESIGN'}),0.013430268050391254,0.044619568233531276,0.01026694045174538,0.7644628099173553,17.132904691418936,1.0,0.009667687690076332,4.056176569955883,0.9544513180559758,0.21486643437862946,0.7534624090561036,0.4972811562024587,"CHARLOTTE BAG APPLES DESIGN, STRAWBERRY CHARLOTTE BAG",CHARLOTTE BAG SUKI DESIGN,"CHARLOTTE BAG APPLES DESIGN, STRAWBERRY CHARLOTTE BAG → CHARLOTTE BAG SUKI DESIGN"
"frozenset({'LUNCH BAG RED RETROSPOT', 'RED RETROSPOT CHARLOTTE BAG'})",frozenset({'CHARLOTTE BAG PINK POLKADOT'}),0.0200344081247572,0.03734946445418725,0.012819801320828016,0.6398891966759003,17.132486530316562,1.0,0.012071526906711717,2.673206487169526,0.960882059760755,0.2876712328767123,0.625917412366139,0.49156421200808387,"LUNCH BAG RED RETROSPOT, RED RETROSPOT CHARLOTTE BAG",CHARLOTTE BAG PINK POLKADOT,"LUNCH BAG RED RETROSPOT, RED RETROSPOT CHARLOTTE BAG → CHARLOTTE BAG PINK POLKADOT"
"frozenset({'LUNCH BAG RED RETROSPOT', 'STRAWBERRY CHARLOTTE BAG'})",frozenset({'WOODLAND CHARLOTTE BAG'}),0.01587213496864421,0.037793440257505966,0.01026694045174538,0.6468531468531468,17.11548730271197,1.0,0.009667077867048852,2.7246641196668637,0.956759195331349,0.23657289002557544,0.6329822847587294,0.4592562356879537,"LUNCH BAG RED RETROSPOT, STRAWBERRY CHARLOTTE BAG",WOODLAND CHARLOTTE BAG,"LUNCH BAG RED RETROSPOT, STRAWBERRY CHARLOTTE BAG → WOODLAND CHARLOTTE BAG"
"frozenset({'WOODLAND CHARLOTTE BAG', 'CHARLOTTE BAG SUKI DESIGN'})",frozenset({'CHARLOTTE BAG APPLES DESIGN'}),0.022920250846328875,0.027471002830345745,0.010766413230478939,0.46973365617433416,17.099254041626924,1.0,0.010136770954607204,1.8340387024249645,0.9636039611613192,0.2717086834733894,0.45475523571132886,0.4308264240467631,"CHARLOTTE BAG SUKI DESIGN, WOODLAND CHARLOTTE BAG",CHARLOTTE BAG APPLES DESIGN,"CHARLOTTE BAG SUKI DESIGN, WOODLAND CHARLOTTE BAG → CHARLOTTE BAG APPLES DESIGN"
"frozenset({'JUMBO BAG RED RETROSPOT', 'RECIPE BOX PANTRY YELLOW DESIGN'})",frozenset({'DOTCOM POSTAGE'}),0.01526166823908097,0.03918086464287696,0.01021144347633054,0.6690909090909091,17.076981715168685,1.0,0.009613478118830614,2.9035743101451517,0.9560322901556435,0.23086574654956085,0.6555968977594345,0.46485706927633275,"JUMBO BAG RED RETROSPOT, RECIPE BOX PANTRY YELLOW DESIGN",DOTCOM POSTAGE,"JUMBO BAG RED RETROSPOT, RECIPE BOX PANTRY YELLOW DESIGN → DOTCOM POSTAGE"
"frozenset({'REGENCY CAKESTAND 3 TIER', 'GREEN REGENCY TEACUP AND SAUCER'})",frozenset({'PINK REGENCY TEACUP AND SAUCER'}),0.02519562683833731,0.038958876741217605,0.016760086575281646,0.6651982378854625,17.07436901489765,1.0,0.015778493254869148,2.870478091838731,0.9657657555757895,0.3536299765807962,0.6516259772742478,0.5476988340424463,"GREEN REGENCY TEACUP AND SAUCER, REGENCY CAKESTAND 3 TIER",PINK REGENCY TEACUP AND SAUCER,"GREEN REGENCY TEACUP AND SAUCER, REGENCY CAKESTAND 3 TIER → PINK REGENCY TEACUP AND SAUCER"
frozenset({'ROTATING LEAVES T-LIGHT HOLDER'}),frozenset({'DOTCOM POSTAGE'}),0.01659359564903713,0.03918086464287696,0.011099395082967978,0.668896321070234,17.072015310714654,1.0,0.010449243657904422,2.9018678936543405,0.9573098194130927,0.2484472049689441,0.6553943747105959,0.476091220025202,ROTATING LEAVES T-LIGHT HOLDER,DOTCOM POSTAGE,ROTATING LEAVES T-LIGHT HOLDER → DOTCOM POSTAGE
"frozenset({'JUMBO STORAGE BAG SUKI', 'JUMBO BAG TOYS '})",frozenset({'DOTCOM POSTAGE'}),0.016371607747377767,0.03918086464287696,0.010932904156723459,0.6677966101694915,17.043947760119078,1.0,0.010291450409587176,2.8922616829627685,0.956995705155303,0.24502487562189057,0.6542498191326788,0.4734167186824795,"JUMBO BAG TOYS , JUMBO STORAGE BAG SUKI",DOTCOM POSTAGE,"JUMBO BAG TOYS , JUMBO STORAGE BAG SUKI → DOTCOM POSTAGE"
frozenset({'BLUE HARMONICA IN BOX '}),frozenset({'RED  HARMONICA IN BOX '}),0.028469948387812864,0.03068982740440646,0.01487318941117709,0.5224171539961013,17.022485891240056,1.0,0.013999451608942753,2.0296168103736303,0.9688369105006216,0.33583959899749377,0.5072961581275478,0.5035232243759892,BLUE HARMONICA IN BOX ,RED  HARMONICA IN BOX ,BLUE HARMONICA IN BOX  → RED  HARMONICA IN BOX 
frozenset({'RED  HARMONICA IN BOX '}),frozenset({'BLUE HARMONICA IN BOX '}),0.03068982740440646,0.028469948387812864,0.01487318941117709,0.48462929475587707,17.022485891240056,1.0,0.013999451608942753,1.8851091878650506,0.9710557056695225,0.33583959899749377,0.46952674866937905,0.5035232243759892,RED  HARMONICA IN BOX ,BLUE HARMONICA IN BOX ,RED  HARMONICA IN BOX  → BLUE HARMONICA IN BOX 
frozenset({'HAND WARMER RED LOVE HEART'}),frozenset({'HAND WARMER SCOTTY DOG DESIGN'}),0.0214218325101282,0.02974637882235418,0.010821910205893778,0.5051813471502591,16.9829527878741,1.0,0.010184688260978483,1.9608266899192215,0.9617192123742341,0.2682255845942228,0.4900110218097877,0.4344936586497564,HAND WARMER RED LOVE HEART,HAND WARMER SCOTTY DOG DESIGN,HAND WARMER RED LOVE HEART → HAND WARMER SCOTTY DOG DESIGN
frozenset({'HAND WARMER SCOTTY DOG DESIGN'}),frozenset({'HAND WARMER RED LOVE HEART'}),0.02974637882235418,0.0214218325101282,0.010821910205893778,0.3638059701492537,16.982952787874098,1.0,0.010184688260978483,1.538175653297863,0.9699705354798874,0.2682255845942228,0.3498791910689844,0.4344936586497564,HAND WARMER SCOTTY DOG DESIGN,HAND WARMER RED LOVE HEART,HAND WARMER SCOTTY DOG DESIGN → HAND WARMER RED LOVE HEART
frozenset({'SET OF 60 I LOVE LONDON CAKE CASES '}),frozenset({'SET OF 60 PANTRY DESIGN CAKE CASES '}),0.02075586880515012,0.03024585160108774,0.01065541927964926,0.5133689839572193,16.97320315949566,1.0,0.010027640351917043,1.992791491764798,0.9610306271842827,0.26409903713892713,0.4981913541218459,0.43283128096943535,SET OF 60 I LOVE LONDON CAKE CASES ,SET OF 60 PANTRY DESIGN CAKE CASES ,SET OF 60 I LOVE LONDON CAKE CASES  → SET OF 60 PANTRY DESIGN CAKE CASES 
frozenset({'SET OF 60 PANTRY DESIGN CAKE CASES '}),frozenset({'SET OF 60 I LOVE LONDON CAKE CASES '}),0.03024585160108774,0.02075586880515012,0.01065541927964926,0.3522935779816514,16.973203159495657,1.0,0.010027640351917043,1.511864168558621,0.9704352418831789,0.26409903713892713,0.3385649182007014,0.43283128096943535,SET OF 60 PANTRY DESIGN CAKE CASES ,SET OF 60 I LOVE LONDON CAKE CASES ,SET OF 60 PANTRY DESIGN CAKE CASES  → SET OF 60 I LOVE LONDON CAKE CASES 
"frozenset({'LUNCH BAG CARS BLUE', 'CHARLOTTE BAG PINK POLKADOT'})",frozenset({'CHARLOTTE BAG SUKI DESIGN'}),0.013263777124146734,0.044619568233531276,0.01004495255008602,0.7573221757322175,16.972871000645306,1.0,0.009453128541660803,3.9368262619342405,0.9537325444816636,0.20997679814385148,0.7459882825744308,0.4912232769208351,"CHARLOTTE BAG PINK POLKADOT, LUNCH BAG CARS BLUE",CHARLOTTE BAG SUKI DESIGN,"CHARLOTTE BAG PINK POLKADOT, LUNCH BAG CARS BLUE → CHARLOTTE BAG SUKI DESIGN"
"frozenset({'LUNCH BAG SPACEBOY DESIGN ', 'CHARLOTTE BAG PINK POLKADOT'})",frozenset({'RED RETROSPOT CHARLOTTE BAG'}),0.011876352738775737,0.050113768799600424,0.01010044952550086,0.8504672897196263,16.970731000507136,1.0,0.009505280730167352,6.352364171152677,0.9523858898753591,0.19465240641711232,0.8425782947802025,0.5260088386582628,"CHARLOTTE BAG PINK POLKADOT, LUNCH BAG SPACEBOY DESIGN ",RED RETROSPOT CHARLOTTE BAG,"CHARLOTTE BAG PINK POLKADOT, LUNCH BAG SPACEBOY DESIGN  → RED RETROSPOT CHARLOTTE BAG"
frozenset({'STRAWBERRY SHOPPER BAG'}),frozenset({'RED RETROSPOT SHOPPER BAG'}),0.021699317387202398,0.02941339696986514,0.010821910205893778,0.49872122762148335,16.955580755682092,1.0,0.010183659569608898,1.9362212335958304,0.9618948293216503,0.26859504132231404,0.4835300932306883,0.43332287796168506,STRAWBERRY SHOPPER BAG,RED RETROSPOT SHOPPER BAG,STRAWBERRY SHOPPER BAG → RED RETROSPOT SHOPPER BAG
frozenset({'RED RETROSPOT SHOPPER BAG'}),frozenset({'STRAWBERRY SHOPPER BAG'}),0.02941339696986514,0.021699317387202398,0.010821910205893778,0.36792452830188677,16.955580755682092,1.0,0.010183659569608898,1.5477592889097993,0.969539827965124,0.26859504132231404,0.3539047013541921,0.43332287796168506,RED RETROSPOT SHOPPER BAG,STRAWBERRY SHOPPER BAG,RED RETROSPOT SHOPPER BAG → STRAWBERRY SHOPPER BAG
frozenset({'DOTCOM POSTAGE'}),frozenset({'SUKI  SHOULDER BAG'}),0.03918086464287696,0.028136966535323826,0.018646983739386204,0.47592067988668557,16.914427477077293,1.0,0.017544553062104524,1.8544197341244901,0.9792466024704807,0.3831242873432156,0.4607477575878362,0.5693212866889049,DOTCOM POSTAGE,SUKI  SHOULDER BAG,DOTCOM POSTAGE → SUKI  SHOULDER BAG
frozenset({'SUKI  SHOULDER BAG'}),frozenset({'DOTCOM POSTAGE'}),0.028136966535323826,0.03918086464287696,0.018646983739386204,0.6627218934911242,16.91442747707729,1.0,0.017544553062104524,2.8487444539535747,0.9681188001696797,0.3831242873432156,0.648968162583987,0.5693212866889049,SUKI  SHOULDER BAG,DOTCOM POSTAGE,SUKI  SHOULDER BAG → DOTCOM POSTAGE
"frozenset({'LUNCH BAG RED RETROSPOT', 'WOODLAND CHARLOTTE BAG'})",frozenset({'CHARLOTTE BAG PINK POLKADOT'}),0.015927631944059047,0.03734946445418725,0.01004495255008602,0.6306620209059234,16.88543678262085,1.0,0.00945006402695201,2.6064217330344177,0.9560042523863589,0.23234916559691912,0.6163322353686056,0.44980352159709247,"LUNCH BAG RED RETROSPOT, WOODLAND CHARLOTTE BAG",CHARLOTTE BAG PINK POLKADOT,"LUNCH BAG RED RETROSPOT, WOODLAND CHARLOTTE BAG → CHARLOTTE BAG PINK POLKADOT"
"frozenset({'LUNCH BAG CARS BLUE', 'CHARLOTTE BAG PINK POLKADOT'})",frozenset({'RED RETROSPOT CHARLOTTE BAG'}),0.013263777124146734,0.050113768799600424,0.011210389033797659,0.8451882845188285,16.865390585542382,1.0,0.01054569117358874,6.13575160153772,0.9533520253037677,0.21489361702127663,0.8370207816513655,0.5344435331785726,"CHARLOTTE BAG PINK POLKADOT, LUNCH BAG CARS BLUE",RED RETROSPOT CHARLOTTE BAG,"CHARLOTTE BAG PINK POLKADOT, LUNCH BAG CARS BLUE → RED RETROSPOT CHARLOTTE BAG"
"frozenset({'LUNCH BAG  BLACK SKULL.', 'CHARLOTTE BAG PINK POLKADOT'})",frozenset({'RED RETROSPOT CHARLOTTE BAG'}),0.01470669848493257,0.050113768799600424,0.012375825517509296,0.8415094339622642,16.791980609707682,1.0,0.011638817429829952,5.993329792097761,0.9544850879306679,0.23597883597883593,0.8331478435712806,0.5442320148770347,"CHARLOTTE BAG PINK POLKADOT, LUNCH BAG  BLACK SKULL.",RED RETROSPOT CHARLOTTE BAG,"CHARLOTTE BAG PINK POLKADOT, LUNCH BAG  BLACK SKULL. → RED RETROSPOT CHARLOTTE BAG"
"frozenset({'PINK REGENCY TEACUP AND SAUCER', 'REGENCY CAKESTAND 3 TIER'})",frozenset({'GREEN REGENCY TEACUP AND SAUCER'}),0.019312947444364282,0.05172318108663078,0.016760086575281646,0.8678160919540229,16.778088155493066,1.0,0.015761159497300208,7.173920282214178,0.9589179862542776,0.30879345603271985,0.86060620125941,0.5959252133589856,"PINK REGENCY TEACUP AND SAUCER, REGENCY CAKESTAND 3 TIER",GREEN REGENCY TEACUP AND SAUCER,"PINK REGENCY TEACUP AND SAUCER, REGENCY CAKESTAND 3 TIER → GREEN REGENCY TEACUP AND SAUCER"
"frozenset({'WOODLAND CHARLOTTE BAG', 'CHARLOTTE BAG PINK POLKADOT'})",frozenset({'RED RETROSPOT CHARLOTTE BAG'}),0.01981242022309784,0.050113768799600424,0.016649092624451967,0.8403361344537815,16.76856789227319,1.0,0.015656217578031113,5.9492874480446085,0.9593720982901143,0.3125,0.831912643533693,0.586281024037522,"CHARLOTTE BAG PINK POLKADOT, WOODLAND CHARLOTTE BAG",RED RETROSPOT CHARLOTTE BAG,"CHARLOTTE BAG PINK POLKADOT, WOODLAND CHARLOTTE BAG → RED RETROSPOT CHARLOTTE BAG"
"frozenset({'ALARM CLOCK BAKELIKE GREEN', 'ALARM CLOCK BAKELIKE RED '})",frozenset({'ALARM CLOCK BAKELIKE CHOCOLATE'}),0.031244797158554858,0.021088850657639158,0.011043898107553138,0.35346358792184723,16.760685238852016,1.0,0.010384981246448146,1.5140851018674428,0.97066479279993,0.26747311827956993,0.3395351431920044,0.4385738992240815,"ALARM CLOCK BAKELIKE GREEN, ALARM CLOCK BAKELIKE RED ",ALARM CLOCK BAKELIKE CHOCOLATE,"ALARM CLOCK BAKELIKE GREEN, ALARM CLOCK BAKELIKE RED  → ALARM CLOCK BAKELIKE CHOCOLATE"
"frozenset({'JUMBO BAG RED RETROSPOT', 'JUMBO BAG WOODLAND ANIMALS'})",frozenset({'JUMBO BAG TOYS '}),0.02630556634663411,0.028081469559908985,0.012375825517509296,0.470464135021097,16.753543970247325,1.0,0.011637126556890124,1.8354158702334784,0.9657148114968939,0.29458388375165123,0.45516434928025734,0.455587798735845,"JUMBO BAG RED RETROSPOT, JUMBO BAG WOODLAND ANIMALS",JUMBO BAG TOYS ,"JUMBO BAG RED RETROSPOT, JUMBO BAG WOODLAND ANIMALS → JUMBO BAG TOYS "
"frozenset({'CHARLOTTE BAG PINK POLKADOT', 'PACK OF 72 RETROSPOT CAKE CASES'})",frozenset({'RED RETROSPOT CHARLOTTE BAG'}),0.013652255952050614,0.050113768799600424,0.011432376935457018,0.8373983739837398,16.709946069560363,1.0,0.010748210937082985,5.841800321882458,0.9531682999029291,0.21845174973488865,0.8288198937142445,0.5327634173351701,"CHARLOTTE BAG PINK POLKADOT, PACK OF 72 RETROSPOT CAKE CASES",RED RETROSPOT CHARLOTTE BAG,"CHARLOTTE BAG PINK POLKADOT, PACK OF 72 RETROSPOT CAKE CASES → RED RETROSPOT CHARLOTTE BAG"
"frozenset({'CHARLOTTE BAG PINK POLKADOT', 'PACK OF 72 RETROSPOT CAKE CASES'})",frozenset({'CHARLOTTE BAG SUKI DESIGN'}),0.013652255952050614,0.044619568233531276,0.0101559465009157,0.7439024390243902,16.672112000970756,1.0,0.009546788734921544,3.730533114516687,0.953030614682614,0.2110726643598616,0.7319417977798715,0.4857571896614489,"CHARLOTTE BAG PINK POLKADOT, PACK OF 72 RETROSPOT CAKE CASES",CHARLOTTE BAG SUKI DESIGN,"CHARLOTTE BAG PINK POLKADOT, PACK OF 72 RETROSPOT CAKE CASES → CHARLOTTE BAG SUKI DESIGN"
frozenset({'PLASTERS IN TIN WOODLAND ANIMALS'}),frozenset({'PLASTERS IN TIN SPACEBOY'}),0.026971530051612187,0.027415505854930907,0.012320328542094456,0.45679012345679015,16.661743389813566,1.0,0.011580890402048037,1.7904396369488773,0.9660377882017076,0.2928759894459103,0.44147795917648514,0.45309141800369873,PLASTERS IN TIN WOODLAND ANIMALS,PLASTERS IN TIN SPACEBOY,PLASTERS IN TIN WOODLAND ANIMALS → PLASTERS IN TIN SPACEBOY
frozenset({'PLASTERS IN TIN SPACEBOY'}),frozenset({'PLASTERS IN TIN WOODLAND ANIMALS'}),0.027415505854930907,0.026971530051612187,0.012320328542094456,0.4493927125506073,16.661743389813566,1.0,0.011580890402048037,1.7671914123327337,0.9664787754944674,0.2928759894459103,0.43413034206635454,0.45309141800369873,PLASTERS IN TIN SPACEBOY,PLASTERS IN TIN WOODLAND ANIMALS,PLASTERS IN TIN SPACEBOY → PLASTERS IN TIN WOODLAND ANIMALS
"frozenset({'LUNCH BAG RED RETROSPOT', 'CHARLOTTE BAG PINK POLKADOT'})",frozenset({'WOODLAND CHARLOTTE BAG'}),0.01598312891947389,0.037793440257505966,0.01004495255008602,0.6284722222222222,16.62913505465818,1.0,0.009440895122139867,2.589864385101292,0.9551305560601637,0.22969543147208119,0.613879396252291,0.4471289158100832,"CHARLOTTE BAG PINK POLKADOT, LUNCH BAG RED RETROSPOT",WOODLAND CHARLOTTE BAG,"CHARLOTTE BAG PINK POLKADOT, LUNCH BAG RED RETROSPOT → WOODLAND CHARLOTTE BAG"
frozenset({'JUMBO BAG CHARLIE AND LOLA TOYS'}),frozenset({'DOTCOM POSTAGE'}),0.016371607747377767,0.03918086464287696,0.01065541927964926,0.6508474576271187,16.61136025351707,1.0,0.010013965532512976,2.7518606303917608,0.9554423615812835,0.23733003708281833,0.6366095037823053,0.46140106592404095,JUMBO BAG CHARLIE AND LOLA TOYS,DOTCOM POSTAGE,JUMBO BAG CHARLIE AND LOLA TOYS → DOTCOM POSTAGE
"frozenset({'WOODLAND CHARLOTTE BAG', 'RED RETROSPOT CHARLOTTE BAG'})",frozenset({'CHARLOTTE BAG APPLES DESIGN'}),0.023863699428381152,0.027471002830345745,0.010877407181308618,0.45581395348837206,16.592548743246418,1.0,0.01022184742676904,1.7871259349698774,0.9627057031238216,0.26886145404663925,0.4404423435235663,0.425886774723984,"RED RETROSPOT CHARLOTTE BAG, WOODLAND CHARLOTTE BAG",CHARLOTTE BAG APPLES DESIGN,"RED RETROSPOT CHARLOTTE BAG, WOODLAND CHARLOTTE BAG → CHARLOTTE BAG APPLES DESIGN"
"frozenset({'RECYCLING BAG RETROSPOT ', 'JUMBO BAG PINK POLKADOT'})",frozenset({'DOTCOM POSTAGE'}),0.01631611077196293,0.03918086464287696,0.010599922304234418,0.6496598639455782,16.58104970033339,1.0,0.009960642976579953,2.7425322892717876,0.9552765860034412,0.2360939431396786,0.6353734816863267,0.4600990537858203,"JUMBO BAG PINK POLKADOT, RECYCLING BAG RETROSPOT ",DOTCOM POSTAGE,"JUMBO BAG PINK POLKADOT, RECYCLING BAG RETROSPOT  → DOTCOM POSTAGE"
"frozenset({'CHARLOTTE BAG APPLES DESIGN', 'STRAWBERRY CHARLOTTE BAG'})",frozenset({'RED RETROSPOT CHARLOTTE BAG'}),0.013430268050391254,0.050113768799600424,0.011154892058382819,0.8305785123966942,16.57385848823481,1.0,0.010481850710388851,5.6066455597682126,0.95245575576021,0.21292372881355937,0.8216402322315981,0.52658493726147,"CHARLOTTE BAG APPLES DESIGN, STRAWBERRY CHARLOTTE BAG",RED RETROSPOT CHARLOTTE BAG,"CHARLOTTE BAG APPLES DESIGN, STRAWBERRY CHARLOTTE BAG → RED RETROSPOT CHARLOTTE BAG"
"frozenset({'RED RETROSPOT CHARLOTTE BAG', 'CHARLOTTE BAG PINK POLKADOT'})",frozenset({'WOODLAND CHARLOTTE BAG'}),0.02658305122370831,0.037793440257505966,0.016649092624451967,0.6263048016701461,16.571785934352956,1.0,0.015644427666166527,2.5748432520483497,0.96531755986317,0.3488372093023256,0.6116268440012899,0.5334167180156898,"CHARLOTTE BAG PINK POLKADOT, RED RETROSPOT CHARLOTTE BAG",WOODLAND CHARLOTTE BAG,"CHARLOTTE BAG PINK POLKADOT, RED RETROSPOT CHARLOTTE BAG → WOODLAND CHARLOTTE BAG"
"frozenset({'JAM MAKING SET PRINTED', 'ROSES REGENCY TEACUP AND SAUCER '})",frozenset({'GREEN REGENCY TEACUP AND SAUCER'}),0.012431322492924135,0.05172318108663078,0.01065541927964926,0.8571428571428572,16.57173513182097,1.0,0.010012431735201438,6.6379377323935875,0.9514844993912148,0.1991701244813278,0.8493508013611016,0.5315757204169221,"JAM MAKING SET PRINTED, ROSES REGENCY TEACUP AND SAUCER ",GREEN REGENCY TEACUP AND SAUCER,"JAM MAKING SET PRINTED, ROSES REGENCY TEACUP AND SAUCER  → GREEN REGENCY TEACUP AND SAUCER"
"frozenset({'JUMBO BAG RED RETROSPOT', 'NATURAL SLATE HEART CHALKBOARD '})",frozenset({'DOTCOM POSTAGE'}),0.017481547255674565,0.03918086464287696,0.011321382984627338,0.6476190476190476,16.528962633211925,1.0,0.010636440847854695,2.726648897635079,0.9562162754844368,0.2496940024479804,0.6332494437155675,0.4682854444894105,"JUMBO BAG RED RETROSPOT, NATURAL SLATE HEART CHALKBOARD ",DOTCOM POSTAGE,"JUMBO BAG RED RETROSPOT, NATURAL SLATE HEART CHALKBOARD  → DOTCOM POSTAGE"
"frozenset({'LUNCH BAG RED RETROSPOT', 'CHARLOTTE BAG SUKI DESIGN'})",frozenset({'WOODLAND CHARLOTTE BAG'}),0.017814529108163606,0.037793440257505966,0.011099395082967978,0.6230529595015576,16.48574343209775,1.0,0.010426122741402996,2.5526306254325664,0.9563789693750706,0.24937655860349126,0.608247276344363,0.45836935787118993,"CHARLOTTE BAG SUKI DESIGN, LUNCH BAG RED RETROSPOT",WOODLAND CHARLOTTE BAG,"CHARLOTTE BAG SUKI DESIGN, LUNCH BAG RED RETROSPOT → WOODLAND CHARLOTTE BAG"
"frozenset({'ROSES REGENCY TEACUP AND SAUCER ', 'REGENCY CAKESTAND 3 TIER'})",frozenset({'PINK REGENCY TEACUP AND SAUCER'}),0.02519562683833731,0.038958876741217605,0.01614961984571841,0.6409691629955947,16.452454911706013,1.0,0.015168026525305911,2.676764846377222,0.9634946487420801,0.33641618497109826,0.6264146993138315,0.5277495387627547,"REGENCY CAKESTAND 3 TIER, ROSES REGENCY TEACUP AND SAUCER ",PINK REGENCY TEACUP AND SAUCER,"REGENCY CAKESTAND 3 TIER, ROSES REGENCY TEACUP AND SAUCER  → PINK REGENCY TEACUP AND SAUCER"
"frozenset({'WOODLAND CHARLOTTE BAG', 'RED RETROSPOT CHARLOTTE BAG'})",frozenset({'CHARLOTTE BAG SUKI DESIGN'}),0.023863699428381152,0.044619568233531276,0.017481547255674565,0.7325581395348837,16.417867060048593,1.0,0.01641675929072543,3.572292049213752,0.9620487913170839,0.3427638737758433,0.7200676802950374,0.5621745921555015,"RED RETROSPOT CHARLOTTE BAG, WOODLAND CHARLOTTE BAG",CHARLOTTE BAG SUKI DESIGN,"RED RETROSPOT CHARLOTTE BAG, WOODLAND CHARLOTTE BAG → CHARLOTTE BAG SUKI DESIGN"
"frozenset({'LUNCH BAG RED RETROSPOT', 'RED RETROSPOT CHARLOTTE BAG'})",frozenset({'STRAWBERRY CHARLOTTE BAG'}),0.0200344081247572,0.03734946445418725,0.012264831566679617,0.6121883656509696,16.390820446753075,1.0,0.011516557152563318,2.4822631666574173,0.9581869497321918,0.27183271832718325,0.5971418287019958,0.47028437599041795,"LUNCH BAG RED RETROSPOT, RED RETROSPOT CHARLOTTE BAG",STRAWBERRY CHARLOTTE BAG,"LUNCH BAG RED RETROSPOT, RED RETROSPOT CHARLOTTE BAG → STRAWBERRY CHARLOTTE BAG"
"frozenset({'JUMBO BAG RED RETROSPOT', 'JUMBO BAG TOYS '})",frozenset({'DOTCOM POSTAGE'}),0.018757977690215883,0.03918086464287696,0.012042843665020257,0.6420118343195267,16.385851618418627,1.0,0.011307889880165803,2.683941055790972,0.95692165585855,0.26239419588875457,0.6274135760759864,0.4746886367065056,"JUMBO BAG RED RETROSPOT, JUMBO BAG TOYS ",DOTCOM POSTAGE,"JUMBO BAG RED RETROSPOT, JUMBO BAG TOYS  → DOTCOM POSTAGE"
"frozenset({'CHARLOTTE BAG SUKI DESIGN', 'STRAWBERRY CHARLOTTE BAG'})",frozenset({'RED RETROSPOT CHARLOTTE BAG'}),0.021810311338032077,0.050113768799600424,0.017870026083578443,0.8193384223918575,16.349567035524785,1.0,0.016777029183737,5.257820969883902,0.9597691651167495,0.3305954825462012,0.8098071414512082,0.5879637848393395,"CHARLOTTE BAG SUKI DESIGN, STRAWBERRY CHARLOTTE BAG",RED RETROSPOT CHARLOTTE BAG,"CHARLOTTE BAG SUKI DESIGN, STRAWBERRY CHARLOTTE BAG → RED RETROSPOT CHARLOTTE BAG"
"frozenset({'RED RETROSPOT CHARLOTTE BAG', 'CHARLOTTE BAG APPLES DESIGN'})",frozenset({'CHARLOTTE BAG SUKI DESIGN'}),0.016205116821133247,0.044619568233531276,0.011820855763360897,0.7294520547945206,16.348254446943365,1.0,0.011097790447627997,3.5312795705798594,0.9542958660180182,0.2412231030577576,0.7168165306617755,0.49718871396442443,"CHARLOTTE BAG APPLES DESIGN, RED RETROSPOT CHARLOTTE BAG",CHARLOTTE BAG SUKI DESIGN,"CHARLOTTE BAG APPLES DESIGN, RED RETROSPOT CHARLOTTE BAG → CHARLOTTE BAG SUKI DESIGN"
"frozenset({'DOTCOM POSTAGE', 'JUMBO BAG PINK POLKADOT'})",frozenset({'JUMBO BAG WOODLAND ANIMALS'}),0.01914645651811976,0.04079027692990732,0.012764304345413174,0.6666666666666666,16.3437641723356,1.0,0.01198331508181264,2.8776291692102776,0.957140432273396,0.27058823529411763,0.6524917071665509,0.4897959183673469,"DOTCOM POSTAGE, JUMBO BAG PINK POLKADOT",JUMBO BAG WOODLAND ANIMALS,"DOTCOM POSTAGE, JUMBO BAG PINK POLKADOT → JUMBO BAG WOODLAND ANIMALS"
"frozenset({'RED RETROSPOT CHARLOTTE BAG', 'CHARLOTTE BAG SUKI DESIGN'})",frozenset({'CHARLOTTE BAG APPLES DESIGN'}),0.026361063322048947,0.027471002830345745,0.011820855763360897,0.448421052631579,16.323432216905903,1.0,0.011096690918229967,1.7631728002121598,0.9641545121160157,0.2813738441215324,0.432840615576833,0.4393620414673047,"CHARLOTTE BAG SUKI DESIGN, RED RETROSPOT CHARLOTTE BAG",CHARLOTTE BAG APPLES DESIGN,"CHARLOTTE BAG SUKI DESIGN, RED RETROSPOT CHARLOTTE BAG → CHARLOTTE BAG APPLES DESIGN"
"frozenset({'ROSES REGENCY TEACUP AND SAUCER ', 'JAM MAKING SET WITH JARS'})",frozenset({'GREEN REGENCY TEACUP AND SAUCER'}),0.012819801320828016,0.05172318108663078,0.010821910205893778,0.8441558441558441,16.320648235884285,1.0,0.010158829300681963,6.084776254694117,0.9509185103181057,0.20144628099173556,0.8356554196666562,0.5266916559835014,"JAM MAKING SET WITH JARS, ROSES REGENCY TEACUP AND SAUCER ",GREEN REGENCY TEACUP AND SAUCER,"JAM MAKING SET WITH JARS, ROSES REGENCY TEACUP AND SAUCER  → GREEN REGENCY TEACUP AND SAUCER"
"frozenset({'SET/6 RED SPOTTY PAPER PLATES', 'SET/6 RED SPOTTY PAPER CUPS'})",frozenset({'SET/20 RED RETROSPOT PAPER NAPKINS '}),0.014096231755369332,0.046617459348465506,0.0107109162550641,0.7598425196850394,16.299526621672292,1.0,0.01005378574424162,3.9698223823850776,0.9520691118503083,0.21420643729189792,0.7480995612203692,0.4948022122234721,"SET/6 RED SPOTTY PAPER CUPS, SET/6 RED SPOTTY PAPER PLATES",SET/20 RED RETROSPOT PAPER NAPKINS ,"SET/6 RED SPOTTY PAPER CUPS, SET/6 RED SPOTTY PAPER PLATES → SET/20 RED RETROSPOT PAPER NAPKINS "
"frozenset({'LUNCH BAG  BLACK SKULL.', 'CHARLOTTE BAG SUKI DESIGN'})",frozenset({'CHARLOTTE BAG PINK POLKADOT'}),0.01659359564903713,0.03734946445418725,0.01010044952550086,0.6086956521739131,16.29730602752116,1.0,0.009480687614639993,2.4601069241726328,0.9544783940664303,0.23037974683544307,0.5935136029356474,0.4395632792816073,"CHARLOTTE BAG SUKI DESIGN, LUNCH BAG  BLACK SKULL.",CHARLOTTE BAG PINK POLKADOT,"CHARLOTTE BAG SUKI DESIGN, LUNCH BAG  BLACK SKULL. → CHARLOTTE BAG PINK POLKADOT"
"frozenset({'WOODLAND CHARLOTTE BAG', 'STRAWBERRY CHARLOTTE BAG'})",frozenset({'RED RETROSPOT CHARLOTTE BAG'}),0.02075586880515012,0.050113768799600424,0.016926577501526166,0.8155080213903743,16.27313293181966,1.0,0.015886422690990033,5.14865870244854,0.9584423210030241,0.31378600823045266,0.8057746574803198,0.5766355167859956,"STRAWBERRY CHARLOTTE BAG, WOODLAND CHARLOTTE BAG",RED RETROSPOT CHARLOTTE BAG,"STRAWBERRY CHARLOTTE BAG, WOODLAND CHARLOTTE BAG → RED RETROSPOT CHARLOTTE BAG"
"frozenset({'CHARLOTTE BAG PINK POLKADOT', 'CHARLOTTE BAG SUKI DESIGN'})",frozenset({'RED RETROSPOT CHARLOTTE BAG'}),0.02131083855929852,0.050113768799600424,0.017370553304844886,0.8151041666666666,16.265074174049463,1.0,0.01630258686835859,5.137412856069766,0.958954699982155,0.32135523613963035,0.8053494963289709,0.5808632682724252,"CHARLOTTE BAG PINK POLKADOT, CHARLOTTE BAG SUKI DESIGN",RED RETROSPOT CHARLOTTE BAG,"CHARLOTTE BAG PINK POLKADOT, CHARLOTTE BAG SUKI DESIGN → RED RETROSPOT CHARLOTTE BAG"
"frozenset({'LUNCH BAG  BLACK SKULL.', 'RED RETROSPOT CHARLOTTE BAG'})",frozenset({'WOODLAND CHARLOTTE BAG'}),0.01897996559187524,0.037793440257505966,0.011654364837116377,0.6140350877192983,16.247133987685807,1.0,0.010937046641430321,2.492989722969189,0.9566070519399704,0.25830258302583026,0.5988752016157594,0.4612025658860809,"LUNCH BAG  BLACK SKULL., RED RETROSPOT CHARLOTTE BAG",WOODLAND CHARLOTTE BAG,"LUNCH BAG  BLACK SKULL., RED RETROSPOT CHARLOTTE BAG → WOODLAND CHARLOTTE BAG"
frozenset({'HAND WARMER RED RETROSPOT'}),frozenset({'HAND WARMER OWL DESIGN'}),0.01986791719851268,0.03490759753593429,0.011265886009212498,0.5670391061452514,16.244002628984557,1.0,0.01057234475176955,2.229052129562165,0.9574615856429086,0.2589285714285714,0.5513788184951861,0.44488680267516945,HAND WARMER RED RETROSPOT,HAND WARMER OWL DESIGN,HAND WARMER RED RETROSPOT → HAND WARMER OWL DESIGN
frozenset({'HAND WARMER OWL DESIGN'}),frozenset({'HAND WARMER RED RETROSPOT'}),0.03490759753593429,0.01986791719851268,0.011265886009212498,0.32273449920508746,16.244002628984557,1.0,0.01057234475176955,1.4471903288313042,0.9723823498585054,0.2589285714285714,0.30900588535057305,0.44488680267516945,HAND WARMER OWL DESIGN,HAND WARMER RED RETROSPOT,HAND WARMER OWL DESIGN → HAND WARMER RED RETROSPOT
"frozenset({'JUMBO BAG WOODLAND ANIMALS', 'JUMBO SHOPPER VINTAGE RED PAISLEY'})",frozenset({'DOTCOM POSTAGE'}),0.02075586880515012,0.03918086464287696,0.013208280148731894,0.6363636363636364,16.241694566057173,1.0,0.012395047262531995,2.642252622232088,0.9583208517184147,0.2826603325415677,0.6215350524828951,0.4867370589750193,"JUMBO BAG WOODLAND ANIMALS, JUMBO SHOPPER VINTAGE RED PAISLEY",DOTCOM POSTAGE,"JUMBO BAG WOODLAND ANIMALS, JUMBO SHOPPER VINTAGE RED PAISLEY → DOTCOM POSTAGE"
"frozenset({'CHOCOLATE HOT WATER BOTTLE', 'HOT WATER BOTTLE TEA AND SYMPATHY'})",frozenset({'HOT WATER BOTTLE I AM SO POORLY'}),0.018036517009822964,0.03524057938842333,0.010322437427160219,0.5723076923076923,16.24001938219261,1.0,0.009686820117584906,2.255732458264478,0.9556605057786433,0.24031007751937986,0.5566850153987751,0.43261053906723196,"CHOCOLATE HOT WATER BOTTLE, HOT WATER BOTTLE TEA AND SYMPATHY",HOT WATER BOTTLE I AM SO POORLY,"CHOCOLATE HOT WATER BOTTLE, HOT WATER BOTTLE TEA AND SYMPATHY → HOT WATER BOTTLE I AM SO POORLY"
"frozenset({'LUNCH BAG SPACEBOY DESIGN ', 'STRAWBERRY CHARLOTTE BAG'})",frozenset({'RED RETROSPOT CHARLOTTE BAG'}),0.012375825517509296,0.050113768799600424,0.01004495255008602,0.811659192825112,16.1963311135279,1.0,0.009424753291397364,5.043443560897357,0.9500148397616199,0.1915343915343915,0.8017227737506247,0.5060510803549702,"LUNCH BAG SPACEBOY DESIGN , STRAWBERRY CHARLOTTE BAG",RED RETROSPOT CHARLOTTE BAG,"LUNCH BAG SPACEBOY DESIGN , STRAWBERRY CHARLOTTE BAG → RED RETROSPOT CHARLOTTE BAG"
"frozenset({'RECYCLING BAG RETROSPOT ', 'JUMBO BAG RED RETROSPOT'})",frozenset({'DOTCOM POSTAGE'}),0.022309784116765638,0.03918086464287696,0.014151728730784172,0.6343283582089552,16.18974884782884,1.0,0.01327761209909337,2.6275462068949893,0.9596419234095409,0.29894490035169985,0.6194167785229113,0.49775907995433594,"JUMBO BAG RED RETROSPOT, RECYCLING BAG RETROSPOT ",DOTCOM POSTAGE,"JUMBO BAG RED RETROSPOT, RECYCLING BAG RETROSPOT  → DOTCOM POSTAGE"
frozenset({'PINK FAIRY CAKE CHILDRENS APRON'}),frozenset({'CHILDRENS APRON SPACEBOY DESIGN'}),0.02514012986292247,0.02591708751873023,0.010544425328819579,0.4194260485651214,16.183378948811395,1.0,0.009892866382929974,1.6777930013460651,0.962403147228198,0.2602739726027397,0.4039789180204491,0.4131391484795628,PINK FAIRY CAKE CHILDRENS APRON,CHILDRENS APRON SPACEBOY DESIGN,PINK FAIRY CAKE CHILDRENS APRON → CHILDRENS APRON SPACEBOY DESIGN
frozenset({'CHILDRENS APRON SPACEBOY DESIGN'}),frozenset({'PINK FAIRY CAKE CHILDRENS APRON'}),0.02591708751873023,0.02514012986292247,0.010544425328819579,0.40685224839400425,16.183378948811395,1.0,0.009892866382929974,1.6435363153574556,0.9631707887540183,0.2602739726027397,0.39155588431125826,0.4131391484795628,CHILDRENS APRON SPACEBOY DESIGN,PINK FAIRY CAKE CHILDRENS APRON,CHILDRENS APRON SPACEBOY DESIGN → PINK FAIRY CAKE CHILDRENS APRON
"frozenset({'JUMBO BAG RED RETROSPOT', 'JUMBO BAG TOYS '})",frozenset({'JUMBO BAG WOODLAND ANIMALS'}),0.018757977690215883,0.04079027692990732,0.012375825517509296,0.6597633136094675,16.17452401078775,1.0,0.011610682412880366,2.8192424904147075,0.9561090507075696,0.2623529411764706,0.6452947898593494,0.4815823370768426,"JUMBO BAG RED RETROSPOT, JUMBO BAG TOYS ",JUMBO BAG WOODLAND ANIMALS,"JUMBO BAG RED RETROSPOT, JUMBO BAG TOYS  → JUMBO BAG WOODLAND ANIMALS"
"frozenset({'DOTCOM POSTAGE', 'JUMBO STORAGE BAG SUKI'})",frozenset({'JUMBO BAG WOODLAND ANIMALS'}),0.021921305288861756,0.04079027692990732,0.014429213607858371,0.6582278481012658,16.13688108154654,1.0,0.013535037494460658,2.8065765971310115,0.9590538688501693,0.2988505747126437,0.6436940288669699,0.5059846723499526,"DOTCOM POSTAGE, JUMBO STORAGE BAG SUKI",JUMBO BAG WOODLAND ANIMALS,"DOTCOM POSTAGE, JUMBO STORAGE BAG SUKI → JUMBO BAG WOODLAND ANIMALS"
"frozenset({'ALARM CLOCK BAKELIKE CHOCOLATE', 'ALARM CLOCK BAKELIKE RED '})",frozenset({'ALARM CLOCK BAKELIKE GREEN'}),0.014096231755369332,0.048615350463399744,0.011043898107553138,0.7834645669291339,16.11557994463021,1.0,0.010358604860552553,4.39366729058721,0.9513588205593122,0.21374865735767992,0.7723996985064495,0.5053167583504117,"ALARM CLOCK BAKELIKE CHOCOLATE, ALARM CLOCK BAKELIKE RED ",ALARM CLOCK BAKELIKE GREEN,"ALARM CLOCK BAKELIKE CHOCOLATE, ALARM CLOCK BAKELIKE RED  → ALARM CLOCK BAKELIKE GREEN"
"frozenset({'PINK REGENCY TEACUP AND SAUCER', 'GREEN REGENCY TEACUP AND SAUCER'})",frozenset({'ROSES REGENCY TEACUP AND SAUCER '}),0.03196625783894778,0.053055108496586935,0.027304511904101228,0.8541666666666667,16.099612099023712,1.0,0.02560853862622598,6.49333639888055,0.9688574492807934,0.4730769230769231,0.8459959659301804,0.684405509065551,"GREEN REGENCY TEACUP AND SAUCER, PINK REGENCY TEACUP AND SAUCER",ROSES REGENCY TEACUP AND SAUCER ,"GREEN REGENCY TEACUP AND SAUCER, PINK REGENCY TEACUP AND SAUCER → ROSES REGENCY TEACUP AND SAUCER "
"frozenset({'CHARLOTTE BAG PINK POLKADOT', 'STRAWBERRY CHARLOTTE BAG'})",frozenset({'CHARLOTTE BAG SUKI DESIGN'}),0.02008990510017204,0.044619568233531276,0.014429213607858371,0.7182320441988951,16.096795030373,1.0,0.013532810716436076,3.3906638852888404,0.957103959641197,0.28697571743929357,0.705072506791745,0.5208075643880048,"CHARLOTTE BAG PINK POLKADOT, STRAWBERRY CHARLOTTE BAG",CHARLOTTE BAG SUKI DESIGN,"CHARLOTTE BAG PINK POLKADOT, STRAWBERRY CHARLOTTE BAG → CHARLOTTE BAG SUKI DESIGN"
frozenset({'HAND WARMER OWL DESIGN'}),frozenset({'HAND WARMER BIRD DESIGN'}),0.03490759753593429,0.02985737277318386,0.016760086575281646,0.48012718600953896,16.080691012464467,1.0,0.01571783742303498,1.8661153288246708,0.9717345357193179,0.3491329479768786,0.46412743920289934,0.5207327379861821,HAND WARMER OWL DESIGN,HAND WARMER BIRD DESIGN,HAND WARMER OWL DESIGN → HAND WARMER BIRD DESIGN
frozenset({'HAND WARMER BIRD DESIGN'}),frozenset({'HAND WARMER OWL DESIGN'}),0.02985737277318386,0.03490759753593429,0.016760086575281646,0.5613382899628252,16.080691012464463,1.0,0.01571783742303498,2.2000835276511324,0.9666760240351777,0.3491329479768786,0.5454718025785018,0.5207327379861821,HAND WARMER BIRD DESIGN,HAND WARMER OWL DESIGN,HAND WARMER BIRD DESIGN → HAND WARMER OWL DESIGN
"frozenset({'PACK OF 72 RETROSPOT CAKE CASES', 'STRAWBERRY CHARLOTTE BAG'})",frozenset({'RED RETROSPOT CHARLOTTE BAG'}),0.013430268050391254,0.050113768799600424,0.010821910205893778,0.8057851239669421,16.079116443809887,1.0,0.01014886885789981,4.890903573414823,0.95057399145828,0.20526315789473684,0.7955388028020759,0.5108659839103813,"PACK OF 72 RETROSPOT CAKE CASES, STRAWBERRY CHARLOTTE BAG",RED RETROSPOT CHARLOTTE BAG,"PACK OF 72 RETROSPOT CAKE CASES, STRAWBERRY CHARLOTTE BAG → RED RETROSPOT CHARLOTTE BAG"
"frozenset({'DOTCOM POSTAGE', 'JUMBO SHOPPER VINTAGE RED PAISLEY'})",frozenset({'JUMBO BAG WOODLAND ANIMALS'}),0.02014540207558688,0.04079027692990732,0.013208280148731894,0.6556473829201102,16.073619309982945,1.0,0.012386543619204375,2.7855450357955487,0.9570667528452251,0.27674418604651163,0.6410038297175112,0.48972845336481696,"DOTCOM POSTAGE, JUMBO SHOPPER VINTAGE RED PAISLEY",JUMBO BAG WOODLAND ANIMALS,"DOTCOM POSTAGE, JUMBO SHOPPER VINTAGE RED PAISLEY → JUMBO BAG WOODLAND ANIMALS"
frozenset({'BAKING SET SPACEBOY DESIGN'}),frozenset({'BAKING SET 9 PIECE RETROSPOT '}),0.022254287141350797,0.04378711360230867,0.015650147066984848,0.7032418952618453,16.060476185960955,1.0,0.014675696067788124,3.222196365088018,0.9590789642121332,0.31057268722466963,0.6896526819920599,0.5303281719655234,BAKING SET SPACEBOY DESIGN,BAKING SET 9 PIECE RETROSPOT ,BAKING SET SPACEBOY DESIGN → BAKING SET 9 PIECE RETROSPOT 
frozenset({'BAKING SET 9 PIECE RETROSPOT '}),frozenset({'BAKING SET SPACEBOY DESIGN'}),0.04378711360230867,0.022254287141350797,0.015650147066984848,0.3574144486692015,16.060476185960955,1.0,0.014675696067788124,1.5215806064013297,0.9806763314851632,0.31057268722466963,0.34278867922410844,0.5303281719655234,BAKING SET 9 PIECE RETROSPOT ,BAKING SET SPACEBOY DESIGN,BAKING SET 9 PIECE RETROSPOT  → BAKING SET SPACEBOY DESIGN
"frozenset({'LUNCH BAG CARS BLUE', 'RED RETROSPOT CHARLOTTE BAG'})",frozenset({'CHARLOTTE BAG SUKI DESIGN'}),0.015650147066984848,0.044619568233531276,0.011210389033797659,0.7163120567375888,16.05376486362514,1.0,0.010512086228877528,3.367716021976804,0.9526179262792942,0.22850678733031674,0.7030628492799659,0.48377791891605804,"LUNCH BAG CARS BLUE, RED RETROSPOT CHARLOTTE BAG",CHARLOTTE BAG SUKI DESIGN,"LUNCH BAG CARS BLUE, RED RETROSPOT CHARLOTTE BAG → CHARLOTTE BAG SUKI DESIGN"
frozenset({'PINK CREAM FELT CRAFT TRINKET BOX '}),frozenset({'PINK BLUE FELT CRAFT TRINKET BOX'}),0.03285420944558522,0.027304511904101228,0.014373716632443531,0.4375,16.022992886178862,1.0,0.013476648479536715,1.7292364232815978,0.9694398675290395,0.3139393939393939,0.4217100758829235,0.4819613821138211,PINK CREAM FELT CRAFT TRINKET BOX ,PINK BLUE FELT CRAFT TRINKET BOX,PINK CREAM FELT CRAFT TRINKET BOX  → PINK BLUE FELT CRAFT TRINKET BOX
frozenset({'PINK BLUE FELT CRAFT TRINKET BOX'}),frozenset({'PINK CREAM FELT CRAFT TRINKET BOX '}),0.027304511904101228,0.03285420944558522,0.014373716632443531,0.5264227642276422,16.02299288617886,1.0,0.013476648479536715,2.042213428981854,0.9639087448752537,0.3139393939393939,0.5103352148171163,0.4819613821138211,PINK BLUE FELT CRAFT TRINKET BOX,PINK CREAM FELT CRAFT TRINKET BOX ,PINK BLUE FELT CRAFT TRINKET BOX → PINK CREAM FELT CRAFT TRINKET BOX 
"frozenset({'ALARM CLOCK BAKELIKE PINK', 'ALARM CLOCK BAKELIKE RED '})",frozenset({'ALARM CLOCK BAKELIKE IVORY'}),0.021810311338032077,0.029080415117376104,0.0101559465009157,0.46564885496183206,16.01245556785735,1.0,0.009521693593366513,1.8170066517089103,0.958452770032348,0.24931880108991825,0.44964428222676495,0.4074427480916031,"ALARM CLOCK BAKELIKE PINK, ALARM CLOCK BAKELIKE RED ",ALARM CLOCK BAKELIKE IVORY,"ALARM CLOCK BAKELIKE PINK, ALARM CLOCK BAKELIKE RED  → ALARM CLOCK BAKELIKE IVORY"
"frozenset({'LUNCH BAG  BLACK SKULL.', 'STRAWBERRY CHARLOTTE BAG'})",frozenset({'RED RETROSPOT CHARLOTTE BAG'}),0.01542815916532549,0.050113768799600424,0.012375825517509296,0.802158273381295,16.00674410637603,1.0,0.011602662316094739,4.801243132249293,0.9522172930226986,0.23277661795407095,0.791720608089364,0.52455643458655,"LUNCH BAG  BLACK SKULL., STRAWBERRY CHARLOTTE BAG",RED RETROSPOT CHARLOTTE BAG,"LUNCH BAG  BLACK SKULL., STRAWBERRY CHARLOTTE BAG → RED RETROSPOT CHARLOTTE BAG"
"frozenset({'LUNCH BAG RED RETROSPOT', 'CHARLOTTE BAG PINK POLKADOT'})",frozenset({'RED RETROSPOT CHARLOTTE BAG'}),0.01598312891947389,0.050113768799600424,0.012819801320828016,0.8020833333333334,16.005248708010335,1.0,0.012018826493463294,4.799425168170441,0.9527483964909942,0.240625,0.791641714380307,0.5289486434108528,"CHARLOTTE BAG PINK POLKADOT, LUNCH BAG RED RETROSPOT",RED RETROSPOT CHARLOTTE BAG,"CHARLOTTE BAG PINK POLKADOT, LUNCH BAG RED RETROSPOT → RED RETROSPOT CHARLOTTE BAG"
"frozenset({'JUMBO BAG PEARS', 'JUMBO BAG RED RETROSPOT'})",frozenset({'JUMBO BAG APPLES'}),0.015039680337421611,0.0491148232421333,0.011820855763360897,0.7859778597785978,16.00286446932266,1.0,0.011082184521970247,4.442929015541067,0.951826351392103,0.22587486744432664,0.7749232552439916,0.5133279129401463,"JUMBO BAG PEARS, JUMBO BAG RED RETROSPOT",JUMBO BAG APPLES,"JUMBO BAG PEARS, JUMBO BAG RED RETROSPOT → JUMBO BAG APPLES"
"frozenset({'LUNCH BAG SPACEBOY DESIGN ', 'CHARLOTTE BAG SUKI DESIGN'})",frozenset({'RED RETROSPOT CHARLOTTE BAG'}),0.012819801320828016,0.050113768799600424,0.01026694045174538,0.8008658008658007,15.980953339757322,1.0,0.009624491892296591,4.770080856680265,0.9495991831723785,0.19494204425711273,0.7903599477565356,0.5028692237994563,"CHARLOTTE BAG SUKI DESIGN, LUNCH BAG SPACEBOY DESIGN ",RED RETROSPOT CHARLOTTE BAG,"CHARLOTTE BAG SUKI DESIGN, LUNCH BAG SPACEBOY DESIGN  → RED RETROSPOT CHARLOTTE BAG"
"frozenset({'RED RETROSPOT CHARLOTTE BAG', 'STRAWBERRY CHARLOTTE BAG'})",frozenset({'CHARLOTTE BAG APPLES DESIGN'}),0.02541761473999667,0.027471002830345745,0.011154892058382819,0.4388646288209607,15.97555908429271,1.0,0.010456644691919733,1.7331450611038977,0.9618523747075228,0.2672872340425533,0.42301425169623896,0.4224626174407834,"RED RETROSPOT CHARLOTTE BAG, STRAWBERRY CHARLOTTE BAG",CHARLOTTE BAG APPLES DESIGN,"RED RETROSPOT CHARLOTTE BAG, STRAWBERRY CHARLOTTE BAG → CHARLOTTE BAG APPLES DESIGN"
frozenset({'HAND WARMER RED LOVE HEART'}),frozenset({'HAND WARMER OWL DESIGN'}),0.0214218325101282,0.03490759753593429,0.011931849714190576,0.5569948186528497,15.956263334349284,1.0,0.011184065006444827,2.1785126745680077,0.9578475348151392,0.26875,0.5409712269871018,0.44940360964438986,HAND WARMER RED LOVE HEART,HAND WARMER OWL DESIGN,HAND WARMER RED LOVE HEART → HAND WARMER OWL DESIGN
frozenset({'HAND WARMER OWL DESIGN'}),frozenset({'HAND WARMER RED LOVE HEART'}),0.03490759753593429,0.0214218325101282,0.011931849714190576,0.34181240063593005,15.956263334349284,1.0,0.011184065006444827,1.48677697427809,0.9712320633349827,0.26875,0.3274041653183703,0.44940360964438986,HAND WARMER OWL DESIGN,HAND WARMER RED LOVE HEART,HAND WARMER OWL DESIGN → HAND WARMER RED LOVE HEART
"frozenset({'DOTCOM POSTAGE', 'JUMBO BAG RED RETROSPOT'})",frozenset({'JUMBO BAG TOYS '}),0.026916033076197346,0.028081469559908985,0.012042843665020257,0.44742268041237115,15.933022289230268,1.0,0.011287001901517518,1.758882415162105,0.9631617623482278,0.2803617571059432,0.43145716201396195,0.4381382176765413,"DOTCOM POSTAGE, JUMBO BAG RED RETROSPOT",JUMBO BAG TOYS ,"DOTCOM POSTAGE, JUMBO BAG RED RETROSPOT → JUMBO BAG TOYS "
"frozenset({'LUNCH BAG RED RETROSPOT', 'CHARLOTTE BAG SUKI DESIGN'})",frozenset({'STRAWBERRY CHARLOTTE BAG'}),0.017814529108163606,0.03734946445418725,0.010599922304234418,0.5950155763239875,15.931033684668543,1.0,0.009934559182540978,2.377006322386199,0.9542285666614798,0.2378580323785803,0.5793027597014834,0.43940971981132504,"CHARLOTTE BAG SUKI DESIGN, LUNCH BAG RED RETROSPOT",STRAWBERRY CHARLOTTE BAG,"CHARLOTTE BAG SUKI DESIGN, LUNCH BAG RED RETROSPOT → STRAWBERRY CHARLOTTE BAG"
"frozenset({'LUNCH BAG RED RETROSPOT', 'CHARLOTTE BAG SUKI DESIGN'})",frozenset({'CHARLOTTE BAG PINK POLKADOT'}),0.017814529108163606,0.03734946445418725,0.010599922304234418,0.5950155763239875,15.931033684668543,1.0,0.009934559182540978,2.377006322386199,0.9542285666614798,0.2378580323785803,0.5793027597014834,0.43940971981132504,"CHARLOTTE BAG SUKI DESIGN, LUNCH BAG RED RETROSPOT",CHARLOTTE BAG PINK POLKADOT,"CHARLOTTE BAG SUKI DESIGN, LUNCH BAG RED RETROSPOT → CHARLOTTE BAG PINK POLKADOT"
"frozenset({'WOODLAND CHARLOTTE BAG', 'LUNCH BAG  BLACK SKULL.'})",frozenset({'CHARLOTTE BAG SUKI DESIGN'}),0.01515067428825129,0.044619568233531276,0.010766413230478939,0.7106227106227107,15.926256993421172,1.0,0.010090396685290302,3.30150453002843,0.9516284198210486,0.21970554926387315,0.6971077910375035,0.47595812148050953,"LUNCH BAG  BLACK SKULL., WOODLAND CHARLOTTE BAG",CHARLOTTE BAG SUKI DESIGN,"LUNCH BAG  BLACK SKULL., WOODLAND CHARLOTTE BAG → CHARLOTTE BAG SUKI DESIGN"
frozenset({'PINK REGENCY TEACUP AND SAUCER'}),frozenset({'GREEN REGENCY TEACUP AND SAUCER'}),0.038958876741217605,0.05172318108663078,0.03196625783894778,0.8205128205128205,15.86354132276879,1.0,0.02995118080233005,5.283256562517342,0.9749451406132701,0.5444234404536862,0.8107228017101019,0.7192692857928908,PINK REGENCY TEACUP AND SAUCER,GREEN REGENCY TEACUP AND SAUCER,PINK REGENCY TEACUP AND SAUCER → GREEN REGENCY TEACUP AND SAUCER
frozenset({'GREEN REGENCY TEACUP AND SAUCER'}),frozenset({'PINK REGENCY TEACUP AND SAUCER'}),0.05172318108663078,0.038958876741217605,0.03196625783894778,0.6180257510729613,15.86354132276879,1.0,0.02995118080233005,2.515984064261756,0.9880684145841868,0.5444234404536862,0.6025412027824502,0.7192692857928908,GREEN REGENCY TEACUP AND SAUCER,PINK REGENCY TEACUP AND SAUCER,GREEN REGENCY TEACUP AND SAUCER → PINK REGENCY TEACUP AND SAUCER
"frozenset({'JUMBO BAG PEARS', 'JUMBO BAG VINTAGE LEAF'})",frozenset({'JUMBO BAG APPLES'}),0.01659359564903713,0.0491148232421333,0.012875298296242855,0.7759197324414715,15.798076450692514,1.0,0.012060306778988965,4.2435025052328665,0.9525066649801511,0.24369747899159663,0.7643456086648112,0.5190333125484193,"JUMBO BAG PEARS, JUMBO BAG VINTAGE LEAF",JUMBO BAG APPLES,"JUMBO BAG PEARS, JUMBO BAG VINTAGE LEAF → JUMBO BAG APPLES"
"frozenset({'HOT WATER BOTTLE TEA AND SYMPATHY', 'HOT WATER BOTTLE I AM SO POORLY'})",frozenset({'CHOCOLATE HOT WATER BOTTLE'}),0.014373716632443531,0.04550751984016871,0.010322437427160219,0.7181467181467182,15.7808362369338,1.0,0.009668325232332332,3.3864870186492646,0.9502912186379929,0.20828667413213886,0.704708745525072,0.47248799321970053,"HOT WATER BOTTLE I AM SO POORLY, HOT WATER BOTTLE TEA AND SYMPATHY",CHOCOLATE HOT WATER BOTTLE,"HOT WATER BOTTLE I AM SO POORLY, HOT WATER BOTTLE TEA AND SYMPATHY → CHOCOLATE HOT WATER BOTTLE"
"frozenset({'PINK REGENCY TEACUP AND SAUCER', 'REGENCY CAKESTAND 3 TIER'})",frozenset({'ROSES REGENCY TEACUP AND SAUCER '}),0.019312947444364282,0.053055108496586935,0.01614961984571841,0.8362068965517242,15.761100490549707,1.0,0.015124969323668781,5.781347758652419,0.9549964500051632,0.28726554787759134,0.827029951882173,0.5703001009955274,"PINK REGENCY TEACUP AND SAUCER, REGENCY CAKESTAND 3 TIER",ROSES REGENCY TEACUP AND SAUCER ,"PINK REGENCY TEACUP AND SAUCER, REGENCY CAKESTAND 3 TIER → ROSES REGENCY TEACUP AND SAUCER "
"frozenset({'RED RETROSPOT CHARLOTTE BAG', 'STRAWBERRY CHARLOTTE BAG'})",frozenset({'CHARLOTTE BAG SUKI DESIGN'}),0.02541761473999667,0.044619568233531276,0.017870026083578443,0.7030567685589519,15.756691433661386,1.0,0.01673590308835355,3.2173841010959014,0.960960216402736,0.3425531914893617,0.6891884933292916,0.5517771404983814,"RED RETROSPOT CHARLOTTE BAG, STRAWBERRY CHARLOTTE BAG",CHARLOTTE BAG SUKI DESIGN,"RED RETROSPOT CHARLOTTE BAG, STRAWBERRY CHARLOTTE BAG → CHARLOTTE BAG SUKI DESIGN"
"frozenset({'LUNCH BAG PINK POLKADOT', 'CHARLOTTE BAG PINK POLKADOT'})",frozenset({'RED RETROSPOT CHARLOTTE BAG'}),0.012819801320828016,0.050113768799600424,0.01010044952550086,0.7878787878787878,15.721802745058557,1.0,0.009458000966052073,4.478035089944741,0.9485543408693846,0.1911764705882353,0.7766877704363098,0.49471458773784355,"CHARLOTTE BAG PINK POLKADOT, LUNCH BAG PINK POLKADOT",RED RETROSPOT CHARLOTTE BAG,"CHARLOTTE BAG PINK POLKADOT, LUNCH BAG PINK POLKADOT → RED RETROSPOT CHARLOTTE BAG"
"frozenset({'DOTCOM POSTAGE', 'ROSES REGENCY TEACUP AND SAUCER '})",frozenset({'GREEN REGENCY TEACUP AND SAUCER'}),0.015927631944059047,0.05172318108663078,0.012930795271657695,0.8118466898954705,15.695993031358887,1.0,0.012106967480333923,5.039915685706243,0.9514437175727498,0.23630831643002026,0.8015839822804753,0.5309233449477353,"DOTCOM POSTAGE, ROSES REGENCY TEACUP AND SAUCER ",GREEN REGENCY TEACUP AND SAUCER,"DOTCOM POSTAGE, ROSES REGENCY TEACUP AND SAUCER  → GREEN REGENCY TEACUP AND SAUCER"
"frozenset({'LUNCH BAG RED RETROSPOT', 'RED RETROSPOT CHARLOTTE BAG'})",frozenset({'WOODLAND CHARLOTTE BAG'}),0.0200344081247572,0.037793440257505966,0.011876352738775737,0.592797783933518,15.685203037735773,1.0,0.011119183532218233,2.3629698507961927,0.9553862430838052,0.2584541062801932,0.5768037414175834,0.45352077155559894,"LUNCH BAG RED RETROSPOT, RED RETROSPOT CHARLOTTE BAG",WOODLAND CHARLOTTE BAG,"LUNCH BAG RED RETROSPOT, RED RETROSPOT CHARLOTTE BAG → WOODLAND CHARLOTTE BAG"
"frozenset({'LUNCH BAG CARS BLUE', 'CHARLOTTE BAG SUKI DESIGN'})",frozenset({'RED RETROSPOT CHARLOTTE BAG'}),0.014262722681613852,0.050113768799600424,0.011210389033797659,0.7859922178988327,15.684157003675598,1.0,0.010495630246878445,4.43855929851823,0.9497879553747516,0.2108559498956159,0.7747016694507517,0.5048454998685747,"CHARLOTTE BAG SUKI DESIGN, LUNCH BAG CARS BLUE",RED RETROSPOT CHARLOTTE BAG,"CHARLOTTE BAG SUKI DESIGN, LUNCH BAG CARS BLUE → RED RETROSPOT CHARLOTTE BAG"
frozenset({'DOLLY GIRL LUNCH BOX'}),frozenset({'SPACEBOY LUNCH BOX '}),0.03879238581497308,0.03890337976580276,0.023641711526721794,0.609442060085837,15.665529929652921,1.0,0.022132556609340357,2.460829807852396,0.9739473213414438,0.4373716632443532,0.5936330107799225,0.6085726705564706,DOLLY GIRL LUNCH BOX,SPACEBOY LUNCH BOX ,DOLLY GIRL LUNCH BOX → SPACEBOY LUNCH BOX 
frozenset({'SPACEBOY LUNCH BOX '}),frozenset({'DOLLY GIRL LUNCH BOX'}),0.03890337976580276,0.03879238581497308,0.023641711526721794,0.6077032810271041,15.66552992965292,1.0,0.022132556609340357,2.450205591068014,0.9740597993783232,0.4373716632443532,0.5918709827267545,0.6085726705564706,SPACEBOY LUNCH BOX ,DOLLY GIRL LUNCH BOX,SPACEBOY LUNCH BOX  → DOLLY GIRL LUNCH BOX
frozenset({'IVORY KITCHEN SCALES'}),frozenset({'RED KITCHEN SCALES'}),0.033409179199733616,0.02514012986292247,0.013152783173317055,0.39368770764119604,15.659732459131813,1.0,0.012312872069622104,1.607851073486358,0.9684986950767582,0.2897310513447433,0.3780518503920478,0.45843325779410793,IVORY KITCHEN SCALES,RED KITCHEN SCALES,IVORY KITCHEN SCALES → RED KITCHEN SCALES
frozenset({'RED KITCHEN SCALES'}),frozenset({'IVORY KITCHEN SCALES'}),0.02514012986292247,0.033409179199733616,0.013152783173317055,0.5231788079470199,15.659732459131812,1.0,0.012312872069622104,2.0271557491783363,0.9602836031055392,0.2897310513447433,0.5066979927885027,0.45843325779410793,RED KITCHEN SCALES,IVORY KITCHEN SCALES,RED KITCHEN SCALES → IVORY KITCHEN SCALES
frozenset({'LARGE WHITE HEART OF WICKER'}),frozenset({'SMALL WHITE HEART OF WICKER'}),0.03063433042899162,0.034019645929296856,0.01631611077196293,0.532608695652174,15.655915313142776,1.0,0.01527394169748755,2.066748664523365,0.9657102664733381,0.3375430539609644,0.5161482297458648,0.5061085892616498,LARGE WHITE HEART OF WICKER,SMALL WHITE HEART OF WICKER,LARGE WHITE HEART OF WICKER → SMALL WHITE HEART OF WICKER
frozenset({'SMALL WHITE HEART OF WICKER'}),frozenset({'LARGE WHITE HEART OF WICKER'}),0.034019645929296856,0.03063433042899162,0.01631611077196293,0.4796084828711256,15.655915313142776,1.0,0.01527394169748755,1.8627622427806523,0.9690946354412154,0.3375430539609644,0.46316283579634815,0.5061085892616498,SMALL WHITE HEART OF WICKER,LARGE WHITE HEART OF WICKER,SMALL WHITE HEART OF WICKER → LARGE WHITE HEART OF WICKER
"frozenset({'LUNCH BAG CARS BLUE', 'STRAWBERRY CHARLOTTE BAG'})",frozenset({'RED RETROSPOT CHARLOTTE BAG'}),0.014096231755369332,0.050113768799600424,0.011043898107553138,0.7834645669291339,15.633718750272495,1.0,0.010337482808418974,4.386747322270938,0.9494189212315448,0.2077244258872651,0.7720406655466268,0.501920544815619,"LUNCH BAG CARS BLUE, STRAWBERRY CHARLOTTE BAG",RED RETROSPOT CHARLOTTE BAG,"LUNCH BAG CARS BLUE, STRAWBERRY CHARLOTTE BAG → RED RETROSPOT CHARLOTTE BAG"
"frozenset({'LUNCH BAG RED RETROSPOT', 'WOODLAND CHARLOTTE BAG'})",frozenset({'CHARLOTTE BAG SUKI DESIGN'}),0.015927631944059047,0.044619568233531276,0.011099395082967978,0.6968641114982579,15.617903513789935,1.0,0.010388711022641463,3.1516572864020294,0.9511200090232349,0.22446689113355775,0.6827066177802561,0.47281016520186525,"LUNCH BAG RED RETROSPOT, WOODLAND CHARLOTTE BAG",CHARLOTTE BAG SUKI DESIGN,"LUNCH BAG RED RETROSPOT, WOODLAND CHARLOTTE BAG → CHARLOTTE BAG SUKI DESIGN"
"frozenset({'JUMBO BAG WOODLAND ANIMALS', 'JUMBO STORAGE BAG SUKI'})",frozenset({'DOTCOM POSTAGE'}),0.023586214551306953,0.03918086464287696,0.014429213607858371,0.611764705882353,15.613864355940677,1.0,0.013505085328085758,2.4748371668289537,0.9585632339696225,0.29850746268656714,0.5959330119155616,0.490018330278287,"JUMBO BAG WOODLAND ANIMALS, JUMBO STORAGE BAG SUKI",DOTCOM POSTAGE,"JUMBO BAG WOODLAND ANIMALS, JUMBO STORAGE BAG SUKI → DOTCOM POSTAGE"
"frozenset({'LUNCH BAG SUKI DESIGN ', 'RED RETROSPOT CHARLOTTE BAG'})",frozenset({'CHARLOTTE BAG SUKI DESIGN'}),0.01492868638659193,0.044619568233531276,0.01037793440257506,0.6951672862453532,15.57987478962067,1.0,0.009711822861711532,3.1341138554290255,0.949996836634782,0.21106094808126413,0.6809305449233237,0.46387717546098506,"LUNCH BAG SUKI DESIGN , RED RETROSPOT CHARLOTTE BAG",CHARLOTTE BAG SUKI DESIGN,"LUNCH BAG SUKI DESIGN , RED RETROSPOT CHARLOTTE BAG → CHARLOTTE BAG SUKI DESIGN"
"frozenset({'LUNCH BAG  BLACK SKULL.', 'STRAWBERRY CHARLOTTE BAG'})",frozenset({'CHARLOTTE BAG SUKI DESIGN'}),0.01542815916532549,0.044619568233531276,0.0107109162550641,0.6942446043165468,15.559195926840616,1.0,0.010022518454469078,3.124656000365627,0.9503921275999828,0.2170978627671541,0.6799647705593875,0.4671471777801639,"LUNCH BAG  BLACK SKULL., STRAWBERRY CHARLOTTE BAG",CHARLOTTE BAG SUKI DESIGN,"LUNCH BAG  BLACK SKULL., STRAWBERRY CHARLOTTE BAG → CHARLOTTE BAG SUKI DESIGN"
"frozenset({'ALARM CLOCK BAKELIKE GREEN', 'ALARM CLOCK BAKELIKE CHOCOLATE'})",frozenset({'ALARM CLOCK BAKELIKE RED '}),0.013818746878295133,0.051612187135801096,0.011043898107553138,0.7991967871485944,15.484652588850025,1.0,0.010330682357688303,4.722971308063712,0.9485273865104928,0.2030612244897959,0.7882688810129629,0.5065876408861252,"ALARM CLOCK BAKELIKE CHOCOLATE, ALARM CLOCK BAKELIKE GREEN",ALARM CLOCK BAKELIKE RED ,"ALARM CLOCK BAKELIKE CHOCOLATE, ALARM CLOCK BAKELIKE GREEN → ALARM CLOCK BAKELIKE RED "
"frozenset({'LUNCH BAG SPACEBOY DESIGN ', 'RED RETROSPOT CHARLOTTE BAG'})",frozenset({'CHARLOTTE BAG SUKI DESIGN'}),0.01487318941117709,0.044619568233531276,0.01026694045174538,0.6902985074626865,15.470757221355905,1.0,0.009603305161963128,3.084842839920645,0.9494837748006584,0.20856820744081173,0.6758343773436043,0.46019900497512434,"LUNCH BAG SPACEBOY DESIGN , RED RETROSPOT CHARLOTTE BAG",CHARLOTTE BAG SUKI DESIGN,"LUNCH BAG SPACEBOY DESIGN , RED RETROSPOT CHARLOTTE BAG → CHARLOTTE BAG SUKI DESIGN"
"frozenset({'WOODLAND CHARLOTTE BAG', 'CHARLOTTE BAG APPLES DESIGN'})",frozenset({'RED RETROSPOT CHARLOTTE BAG'}),0.014040734779954493,0.050113768799600424,0.010877407181308618,0.7747035573122529,15.458896344639518,1.0,0.01017377304476947,4.216161692871949,0.9486318167929111,0.20416666666666664,0.7628174456186892,0.4958789104390722,"CHARLOTTE BAG APPLES DESIGN, WOODLAND CHARLOTTE BAG",RED RETROSPOT CHARLOTTE BAG,"CHARLOTTE BAG APPLES DESIGN, WOODLAND CHARLOTTE BAG → RED RETROSPOT CHARLOTTE BAG"
"frozenset({'LUNCH BAG RED RETROSPOT', 'STRAWBERRY CHARLOTTE BAG'})",frozenset({'RED RETROSPOT CHARLOTTE BAG'}),0.01587213496864421,0.050113768799600424,0.012264831566679617,0.7727272727272727,15.419460384576663,1.0,0.011469419064504927,4.179499417281758,0.9502290511873841,0.22830578512396696,0.7607368968960462,0.5087335145474681,"LUNCH BAG RED RETROSPOT, STRAWBERRY CHARLOTTE BAG",RED RETROSPOT CHARLOTTE BAG,"LUNCH BAG RED RETROSPOT, STRAWBERRY CHARLOTTE BAG → RED RETROSPOT CHARLOTTE BAG"
"frozenset({'RECYCLING BAG RETROSPOT ', 'JUMBO STORAGE BAG SUKI'})",frozenset({'JUMBO BAG WOODLAND ANIMALS'}),0.01614961984571841,0.04079027692990732,0.0101559465009157,0.6288659793814433,15.417055894522758,1.0,0.00949719903509612,2.5845373093833053,0.9504867727999053,0.21708185053380785,0.6130835502472938,0.438922785609089,"JUMBO STORAGE BAG SUKI, RECYCLING BAG RETROSPOT ",JUMBO BAG WOODLAND ANIMALS,"JUMBO STORAGE BAG SUKI, RECYCLING BAG RETROSPOT  → JUMBO BAG WOODLAND ANIMALS"
"frozenset({'CHARLOTTE BAG SUKI DESIGN', 'PACK OF 72 RETROSPOT CAKE CASES'})",frozenset({'RED RETROSPOT CHARLOTTE BAG'}),0.014595704534102891,0.050113768799600424,0.011265886009212498,0.7718631178707225,15.402216523712678,1.0,0.010534440246723186,4.163667980095086,0.94892450147983,0.2107995846313603,0.7598271512568677,0.498334659710555,"CHARLOTTE BAG SUKI DESIGN, PACK OF 72 RETROSPOT CAKE CASES",RED RETROSPOT CHARLOTTE BAG,"CHARLOTTE BAG SUKI DESIGN, PACK OF 72 RETROSPOT CAKE CASES → RED RETROSPOT CHARLOTTE BAG"
"frozenset({'LUNCH BAG  BLACK SKULL.', 'CHARLOTTE BAG PINK POLKADOT'})",frozenset({'CHARLOTTE BAG SUKI DESIGN'}),0.01470669848493257,0.044619568233531276,0.01010044952550086,0.6867924528301887,15.392180606401952,1.0,0.009444242988962442,3.050311017085714,0.9489884341185457,0.20518602029312288,0.6721645778418339,0.45658030601708444,"CHARLOTTE BAG PINK POLKADOT, LUNCH BAG  BLACK SKULL.",CHARLOTTE BAG SUKI DESIGN,"CHARLOTTE BAG PINK POLKADOT, LUNCH BAG  BLACK SKULL. → CHARLOTTE BAG SUKI DESIGN"
"frozenset({'RED RETROSPOT CHARLOTTE BAG', 'PACK OF 72 RETROSPOT CAKE CASES'})",frozenset({'CHARLOTTE BAG SUKI DESIGN'}),0.01642710472279261,0.044619568233531276,0.011265886009212498,0.6858108108108107,15.370180348258703,1.0,0.010532915689154489,3.0407807290631688,0.9505538015364521,0.22630992196209587,0.6711370897473133,0.46914918649993276,"PACK OF 72 RETROSPOT CAKE CASES, RED RETROSPOT CHARLOTTE BAG",CHARLOTTE BAG SUKI DESIGN,"PACK OF 72 RETROSPOT CAKE CASES, RED RETROSPOT CHARLOTTE BAG → CHARLOTTE BAG SUKI DESIGN"
"frozenset({'LUNCH BAG  BLACK SKULL.', 'WOODLAND CHARLOTTE BAG'})",frozenset({'RED RETROSPOT CHARLOTTE BAG'}),0.01515067428825129,0.050113768799600424,0.011654364837116377,0.7692307692307692,15.349689070619302,1.0,0.0108951074486769,4.116173668535064,0.9492336301138284,0.21739130434782605,0.7570559260790622,0.5008944543828264,"LUNCH BAG  BLACK SKULL., WOODLAND CHARLOTTE BAG",RED RETROSPOT CHARLOTTE BAG,"LUNCH BAG  BLACK SKULL., WOODLAND CHARLOTTE BAG → RED RETROSPOT CHARLOTTE BAG"
"frozenset({'WOODLAND CHARLOTTE BAG', 'PACK OF 72 RETROSPOT CAKE CASES'})",frozenset({'RED RETROSPOT CHARLOTTE BAG'}),0.014151728730784172,0.050113768799600424,0.010877407181308618,0.7686274509803921,15.337650098799207,1.0,0.010168210719579436,4.105440490781387,0.9482199150770417,0.2037422037422037,0.7564207781733866,0.49284085727314175,"PACK OF 72 RETROSPOT CAKE CASES, WOODLAND CHARLOTTE BAG",RED RETROSPOT CHARLOTTE BAG,"PACK OF 72 RETROSPOT CAKE CASES, WOODLAND CHARLOTTE BAG → RED RETROSPOT CHARLOTTE BAG"
"frozenset({'ROSES REGENCY TEACUP AND SAUCER ', 'REGENCY CAKESTAND 3 TIER'})",frozenset({'GREEN REGENCY TEACUP AND SAUCER'}),0.02519562683833731,0.05172318108663078,0.019923414173927522,0.7907488986784141,15.288094855457452,1.0,0.018620216204377028,4.5317650082807335,0.9587458282685798,0.3495618305744888,0.779335424901173,0.5879710158628122,"REGENCY CAKESTAND 3 TIER, ROSES REGENCY TEACUP AND SAUCER ",GREEN REGENCY TEACUP AND SAUCER,"REGENCY CAKESTAND 3 TIER, ROSES REGENCY TEACUP AND SAUCER  → GREEN REGENCY TEACUP AND SAUCER"
"frozenset({'DOTCOM POSTAGE', 'GREEN REGENCY TEACUP AND SAUCER'})",frozenset({'RED TOADSTOOL LED NIGHT LIGHT'}),0.018369498862312005,0.036572506798379485,0.01026694045174538,0.5589123867069486,15.282310009214733,1.0,0.00959512182972065,2.184208905820112,0.9520536139939125,0.22981366459627328,0.5421683350272182,0.419820381517359,"DOTCOM POSTAGE, GREEN REGENCY TEACUP AND SAUCER",RED TOADSTOOL LED NIGHT LIGHT,"DOTCOM POSTAGE, GREEN REGENCY TEACUP AND SAUCER → RED TOADSTOOL LED NIGHT LIGHT"
"frozenset({'JUMBO BAG RED RETROSPOT', 'STRAWBERRY CHARLOTTE BAG'})",frozenset({'RED RETROSPOT CHARLOTTE BAG'}),0.013929740829124813,0.050113768799600424,0.01065541927964926,0.7649402390438247,15.264073275006286,1.0,0.009957347468300144,4.041041424259327,0.9476877321589374,0.1995841995841996,0.7525390375865084,0.48878241188071636,"JUMBO BAG RED RETROSPOT, STRAWBERRY CHARLOTTE BAG",RED RETROSPOT CHARLOTTE BAG,"JUMBO BAG RED RETROSPOT, STRAWBERRY CHARLOTTE BAG → RED RETROSPOT CHARLOTTE BAG"
"frozenset({'CHARLOTTE BAG SUKI DESIGN', 'CHARLOTTE BAG APPLES DESIGN'})",frozenset({'RED RETROSPOT CHARLOTTE BAG'}),0.01548365614074033,0.050113768799600424,0.011820855763360897,0.7634408602150538,15.234153776539372,1.0,0.011044911399351322,4.015428159165325,0.9490528288105181,0.2198142414860681,0.7509605550487879,0.49966062944307504,"CHARLOTTE BAG APPLES DESIGN, CHARLOTTE BAG SUKI DESIGN",RED RETROSPOT CHARLOTTE BAG,"CHARLOTTE BAG APPLES DESIGN, CHARLOTTE BAG SUKI DESIGN → RED RETROSPOT CHARLOTTE BAG"
"frozenset({'LUNCH BAG RED RETROSPOT', 'CHARLOTTE BAG SUKI DESIGN'})",frozenset({'RED RETROSPOT CHARLOTTE BAG'}),0.017814529108163606,0.050113768799600424,0.013596758976635773,0.7632398753894081,15.230143205583326,1.0,0.01270400578363551,4.012019476517477,0.9512874739680028,0.25025536261491316,0.7507489667353204,0.5172788524233862,"CHARLOTTE BAG SUKI DESIGN, LUNCH BAG RED RETROSPOT",RED RETROSPOT CHARLOTTE BAG,"CHARLOTTE BAG SUKI DESIGN, LUNCH BAG RED RETROSPOT → RED RETROSPOT CHARLOTTE BAG"
"frozenset({'WOODLAND CHARLOTTE BAG', 'CHARLOTTE BAG SUKI DESIGN'})",frozenset({'RED RETROSPOT CHARLOTTE BAG'}),0.022920250846328875,0.050113768799600424,0.017481547255674565,0.7627118644067796,15.219606959851342,1.0,0.016332927103932793,4.003091974344541,0.9562118974591994,0.31468531468531463,0.7501930991321432,0.5557745368545526,"CHARLOTTE BAG SUKI DESIGN, WOODLAND CHARLOTTE BAG",RED RETROSPOT CHARLOTTE BAG,"CHARLOTTE BAG SUKI DESIGN, WOODLAND CHARLOTTE BAG → RED RETROSPOT CHARLOTTE BAG"
"frozenset({'LUNCH BAG RED RETROSPOT', 'RED RETROSPOT CHARLOTTE BAG'})",frozenset({'CHARLOTTE BAG SUKI DESIGN'}),0.0200344081247572,0.044619568233531276,0.013596758976635773,0.6786703601108033,15.210150769697218,1.0,0.012702832336294755,2.9732097919628893,0.9533543216811019,0.26630434782608686,0.6636631553201605,0.4916983641350036,"LUNCH BAG RED RETROSPOT, RED RETROSPOT CHARLOTTE BAG",CHARLOTTE BAG SUKI DESIGN,"LUNCH BAG RED RETROSPOT, RED RETROSPOT CHARLOTTE BAG → CHARLOTTE BAG SUKI DESIGN"
"frozenset({'JUMBO BAG RED RETROSPOT', 'CHARLOTTE BAG PINK POLKADOT'})",frozenset({'RED RETROSPOT CHARLOTTE BAG'}),0.014540207558688052,0.050113768799600424,0.011043898107553138,0.7595419847328244,15.156353292248907,1.0,0.010315233507658842,3.95032051705563,0.9478023105333504,0.20600414078674947,0.7468559840442138,0.48995925371746424,"CHARLOTTE BAG PINK POLKADOT, JUMBO BAG RED RETROSPOT",RED RETROSPOT CHARLOTTE BAG,"CHARLOTTE BAG PINK POLKADOT, JUMBO BAG RED RETROSPOT → RED RETROSPOT CHARLOTTE BAG"
frozenset({'HAND WARMER UNION JACK'}),frozenset({'HAND WARMER SCOTTY DOG DESIGN'}),0.02641656029746379,0.02974637882235418,0.011876352738775737,0.4495798319327731,15.113766775366864,1.0,0.011090555728983818,1.7627508537425929,0.9591732144407786,0.2681704260651629,0.43270485566531136,0.4244167816380283,HAND WARMER UNION JACK,HAND WARMER SCOTTY DOG DESIGN,HAND WARMER UNION JACK → HAND WARMER SCOTTY DOG DESIGN
frozenset({'HAND WARMER SCOTTY DOG DESIGN'}),frozenset({'HAND WARMER UNION JACK'}),0.02974637882235418,0.02641656029746379,0.011876352738775737,0.39925373134328357,15.113766775366862,1.0,0.011090555728983818,1.620623365467576,0.9624650060592908,0.2681704260651629,0.3829534848700123,0.4244167816380283,HAND WARMER SCOTTY DOG DESIGN,HAND WARMER UNION JACK,HAND WARMER SCOTTY DOG DESIGN → HAND WARMER UNION JACK
"frozenset({'LUNCH BAG CARS BLUE', 'WOODLAND CHARLOTTE BAG'})",frozenset({'RED RETROSPOT CHARLOTTE BAG'}),0.013485765025806094,0.050113768799600424,0.01021144347633054,0.757201646090535,15.109652780626078,1.0,0.009535620965741556,3.912243291215205,0.9465825318944939,0.19126819126819125,0.7443921746263934,0.48048343655578796,"LUNCH BAG CARS BLUE, WOODLAND CHARLOTTE BAG",RED RETROSPOT CHARLOTTE BAG,"LUNCH BAG CARS BLUE, WOODLAND CHARLOTTE BAG → RED RETROSPOT CHARLOTTE BAG"
"frozenset({'JAM MAKING SET WITH JARS', 'GREEN REGENCY TEACUP AND SAUCER'})",frozenset({'ROSES REGENCY TEACUP AND SAUCER '}),0.013541262001220933,0.053055108496586935,0.010821910205893778,0.7991803278688524,15.063211640030179,1.0,0.010103477081238292,4.715399051568015,0.9464289372137473,0.19402985074626866,0.7879288711169695,0.5015776116331709,"GREEN REGENCY TEACUP AND SAUCER, JAM MAKING SET WITH JARS",ROSES REGENCY TEACUP AND SAUCER ,"GREEN REGENCY TEACUP AND SAUCER, JAM MAKING SET WITH JARS → ROSES REGENCY TEACUP AND SAUCER "
"frozenset({'RED RETROSPOT CHARLOTTE BAG', 'CHARLOTTE BAG PINK POLKADOT'})",frozenset({'CHARLOTTE BAG APPLES DESIGN'}),0.02658305122370831,0.027471002830345745,0.010988401132138299,0.4133611691022964,15.047181628392485,1.0,0.010258138056732582,1.657798539659304,0.959036488027366,0.2551546391752577,0.39679039637378904,0.4066805845511482,"CHARLOTTE BAG PINK POLKADOT, RED RETROSPOT CHARLOTTE BAG",CHARLOTTE BAG APPLES DESIGN,"CHARLOTTE BAG PINK POLKADOT, RED RETROSPOT CHARLOTTE BAG → CHARLOTTE BAG APPLES DESIGN"
"frozenset({'ALARM CLOCK BAKELIKE GREEN', 'ALARM CLOCK BAKELIKE IVORY'})",frozenset({'ALARM CLOCK BAKELIKE RED '}),0.016982074476941007,0.051612187135801096,0.013152783173317055,0.7745098039215687,15.006335652540587,1.0,0.012276301167459064,4.205893778789057,0.9494857170625594,0.2372372372372373,0.7622384081492625,0.514674256799494,"ALARM CLOCK BAKELIKE GREEN, ALARM CLOCK BAKELIKE IVORY",ALARM CLOCK BAKELIKE RED ,"ALARM CLOCK BAKELIKE GREEN, ALARM CLOCK BAKELIKE IVORY → ALARM CLOCK BAKELIKE RED "
"frozenset({'LUNCH BAG RED RETROSPOT', 'STRAWBERRY CHARLOTTE BAG'})",frozenset({'CHARLOTTE BAG SUKI DESIGN'}),0.01587213496864421,0.044619568233531276,0.010599922304234418,0.6678321678321677,14.967248547472424,1.0,0.009891714494989181,2.8761979314232624,0.9482380145515077,0.21245828698553945,0.6523187820021975,0.45269717844344703,"LUNCH BAG RED RETROSPOT, STRAWBERRY CHARLOTTE BAG",CHARLOTTE BAG SUKI DESIGN,"LUNCH BAG RED RETROSPOT, STRAWBERRY CHARLOTTE BAG → CHARLOTTE BAG SUKI DESIGN"
frozenset({'PLASTERS IN TIN WOODLAND ANIMALS'}),frozenset({'PLASTERS IN TIN SKULLS'}),0.026971530051612187,0.027082524002441866,0.010932904156723459,0.40534979423868317,14.967208898333672,1.0,0.01020244704671809,1.6361172779751327,0.9590544415013198,0.25353925353925355,0.3887968708223622,0.40451915941442357,PLASTERS IN TIN WOODLAND ANIMALS,PLASTERS IN TIN SKULLS,PLASTERS IN TIN WOODLAND ANIMALS → PLASTERS IN TIN SKULLS
frozenset({'PLASTERS IN TIN SKULLS'}),frozenset({'PLASTERS IN TIN WOODLAND ANIMALS'}),0.027082524002441866,0.026971530051612187,0.010932904156723459,0.40368852459016397,14.967208898333672,1.0,0.01020244704671809,1.6317453379203206,0.9591638539069441,0.25353925353925355,0.38715927249131155,0.40451915941442357,PLASTERS IN TIN SKULLS,PLASTERS IN TIN WOODLAND ANIMALS,PLASTERS IN TIN SKULLS → PLASTERS IN TIN WOODLAND ANIMALS
frozenset({'SWEETHEART CERAMIC TRINKET BOX'}),frozenset({'STRAWBERRY CERAMIC TRINKET BOX'}),0.02658305122370831,0.03557356124091237,0.014151728730784172,0.5323590814196242,14.965020730265536,1.0,0.013206074930107274,2.062322607882156,0.9586616585060478,0.2947976878612717,0.5151098105708487,0.46508749702806484,SWEETHEART CERAMIC TRINKET BOX,STRAWBERRY CERAMIC TRINKET BOX,SWEETHEART CERAMIC TRINKET BOX → STRAWBERRY CERAMIC TRINKET BOX
frozenset({'STRAWBERRY CERAMIC TRINKET BOX'}),frozenset({'SWEETHEART CERAMIC TRINKET BOX'}),0.03557356124091237,0.02658305122370831,0.014151728730784172,0.39781591263650545,14.965020730265536,1.0,0.013206074930107274,1.6164773683046711,0.9675984284840649,0.2947976878612717,0.38137086258820935,0.46508749702806484,STRAWBERRY CERAMIC TRINKET BOX,SWEETHEART CERAMIC TRINKET BOX,STRAWBERRY CERAMIC TRINKET BOX → SWEETHEART CERAMIC TRINKET BOX
"frozenset({'JUMBO BAG RED RETROSPOT', 'ROSES REGENCY TEACUP AND SAUCER '})",frozenset({'GREEN REGENCY TEACUP AND SAUCER'}),0.013485765025806094,0.05172318108663078,0.0104334313779899,0.7736625514403292,14.957752697857611,1.0,0.009735904711468379,4.189659399926341,0.9459012390600762,0.19047619047619047,0.761317113267589,0.48768964481887705,"JUMBO BAG RED RETROSPOT, ROSES REGENCY TEACUP AND SAUCER ",GREEN REGENCY TEACUP AND SAUCER,"JUMBO BAG RED RETROSPOT, ROSES REGENCY TEACUP AND SAUCER  → GREEN REGENCY TEACUP AND SAUCER"
frozenset({'PLASTERS IN TIN WOODLAND ANIMALS'}),frozenset({'PLASTERS IN TIN VINTAGE PAISLEY '}),0.026971530051612187,0.027138020977856708,0.010932904156723459,0.40534979423868317,14.936601109175525,1.0,0.010200950208377914,1.6360239508815284,0.9589137351147263,0.25321336760925456,0.3887620046997622,0.40410638996187737,PLASTERS IN TIN WOODLAND ANIMALS,PLASTERS IN TIN VINTAGE PAISLEY ,PLASTERS IN TIN WOODLAND ANIMALS → PLASTERS IN TIN VINTAGE PAISLEY 
frozenset({'PLASTERS IN TIN VINTAGE PAISLEY '}),frozenset({'PLASTERS IN TIN WOODLAND ANIMALS'}),0.027138020977856708,0.026971530051612187,0.010932904156723459,0.40286298568507156,14.936601109175523,1.0,0.010200950208377914,1.629489458235485,0.9590778390055047,0.25321336760925456,0.38631085034274254,0.40410638996187737,PLASTERS IN TIN VINTAGE PAISLEY ,PLASTERS IN TIN WOODLAND ANIMALS,PLASTERS IN TIN VINTAGE PAISLEY  → PLASTERS IN TIN WOODLAND ANIMALS
"frozenset({'REGENCY CAKESTAND 3 TIER', 'GREEN REGENCY TEACUP AND SAUCER'})",frozenset({'ROSES REGENCY TEACUP AND SAUCER '}),0.02519562683833731,0.053055108496586935,0.019923414173927522,0.7907488986784141,14.90429331096898,1.0,0.018586657458380017,4.525399797289996,0.9570179048452742,0.3415794481446242,0.7790250486600448,0.5831359556153577,"GREEN REGENCY TEACUP AND SAUCER, REGENCY CAKESTAND 3 TIER",ROSES REGENCY TEACUP AND SAUCER ,"GREEN REGENCY TEACUP AND SAUCER, REGENCY CAKESTAND 3 TIER → ROSES REGENCY TEACUP AND SAUCER "
"frozenset({'JAM MAKING SET PRINTED', 'GREEN REGENCY TEACUP AND SAUCER'})",frozenset({'ROSES REGENCY TEACUP AND SAUCER '}),0.013485765025806094,0.053055108496586935,0.01065541927964926,0.7901234567901235,14.892504778139369,1.0,0.00993993055304564,4.511913894810381,0.9456043260576058,0.1906653426017875,0.7783645647249157,0.49548013843690275,"GREEN REGENCY TEACUP AND SAUCER, JAM MAKING SET PRINTED",ROSES REGENCY TEACUP AND SAUCER ,"GREEN REGENCY TEACUP AND SAUCER, JAM MAKING SET PRINTED → ROSES REGENCY TEACUP AND SAUCER "
"frozenset({'ROSES REGENCY TEACUP AND SAUCER ', 'WHITE HANGING HEART T-LIGHT HOLDER'})",frozenset({'GREEN REGENCY TEACUP AND SAUCER'}),0.013763249902880293,0.05172318108663078,0.010599922304234418,0.7701612903225806,14.890060397341824,1.0,0.009888043237167188,4.125835984044133,0.9458592017526053,0.19312436804853386,0.7576248779962884,0.4875484563200886,"ROSES REGENCY TEACUP AND SAUCER , WHITE HANGING HEART T-LIGHT HOLDER",GREEN REGENCY TEACUP AND SAUCER,"ROSES REGENCY TEACUP AND SAUCER , WHITE HANGING HEART T-LIGHT HOLDER → GREEN REGENCY TEACUP AND SAUCER"
"frozenset({'LUNCH BAG  BLACK SKULL.', 'CHARLOTTE BAG SUKI DESIGN'})",frozenset({'RED RETROSPOT CHARLOTTE BAG'}),0.01659359564903713,0.050113768799600424,0.012375825517509296,0.745819397993311,14.882524620643931,1.0,0.011544257901599393,3.737052409591045,0.9485469029952727,0.2277834525025536,0.7324094258262135,0.49638699689255805,"CHARLOTTE BAG SUKI DESIGN, LUNCH BAG  BLACK SKULL.",RED RETROSPOT CHARLOTTE BAG,"CHARLOTTE BAG SUKI DESIGN, LUNCH BAG  BLACK SKULL. → RED RETROSPOT CHARLOTTE BAG"
frozenset({'SET/6 RED SPOTTY PAPER PLATES'}),frozenset({'SET/20 RED RETROSPOT PAPER NAPKINS '}),0.023197735723403074,0.046617459348465506,0.016094122870303568,0.69377990430622,14.882404875825928,1.0,0.015012703368241379,3.1133898593151668,0.9549594556735609,0.29958677685950413,0.6788066881479585,0.5195089997721576,SET/6 RED SPOTTY PAPER PLATES,SET/20 RED RETROSPOT PAPER NAPKINS ,SET/6 RED SPOTTY PAPER PLATES → SET/20 RED RETROSPOT PAPER NAPKINS 
frozenset({'SET/20 RED RETROSPOT PAPER NAPKINS '}),frozenset({'SET/6 RED SPOTTY PAPER PLATES'}),0.046617459348465506,0.023197735723403074,0.016094122870303568,0.34523809523809523,14.882404875825928,1.0,0.015012703368241379,1.4918434581678934,0.9784179160201609,0.29958677685950413,0.32968838350634844,0.5195089997721576,SET/20 RED RETROSPOT PAPER NAPKINS ,SET/6 RED SPOTTY PAPER PLATES,SET/20 RED RETROSPOT PAPER NAPKINS  → SET/6 RED SPOTTY PAPER PLATES
frozenset({'SET/6 RED SPOTTY PAPER CUPS'}),frozenset({'SET/20 RED RETROSPOT PAPER NAPKINS '}),0.017759032132748764,0.046617459348465506,0.012320328542094456,0.6937500000000001,14.881763392857145,1.0,0.011492447583577948,3.1130858470254195,0.9496688620367925,0.23667377398720685,0.6787753216135981,0.47901785714285716,SET/6 RED SPOTTY PAPER CUPS,SET/20 RED RETROSPOT PAPER NAPKINS ,SET/6 RED SPOTTY PAPER CUPS → SET/20 RED RETROSPOT PAPER NAPKINS 
"frozenset({'LUNCH BAG RED RETROSPOT', 'WOODLAND CHARLOTTE BAG'})",frozenset({'RED RETROSPOT CHARLOTTE BAG'}),0.015927631944059047,0.050113768799600424,0.011876352738775737,0.745644599303136,14.879036583436552,1.0,0.011078159074006031,3.734484224034449,0.9478889741551785,0.2192622950819672,0.7322254051672825,0.4913162088431516,"LUNCH BAG RED RETROSPOT, WOODLAND CHARLOTTE BAG",RED RETROSPOT CHARLOTTE BAG,"LUNCH BAG RED RETROSPOT, WOODLAND CHARLOTTE BAG → RED RETROSPOT CHARLOTTE BAG"
"frozenset({'LUNCH BAG RED RETROSPOT', 'CHARLOTTE BAG PINK POLKADOT'})",frozenset({'CHARLOTTE BAG SUKI DESIGN'}),0.01598312891947389,0.044619568233531276,0.010599922304234418,0.6631944444444444,14.863309321448313,1.0,0.009886761992826626,2.8365934468942573,0.9478701632098778,0.21198668146503882,0.6474644609029593,0.4503783167495854,"CHARLOTTE BAG PINK POLKADOT, LUNCH BAG RED RETROSPOT",CHARLOTTE BAG SUKI DESIGN,"CHARLOTTE BAG PINK POLKADOT, LUNCH BAG RED RETROSPOT → CHARLOTTE BAG SUKI DESIGN"
"frozenset({'JUMBO BAG PEARS', 'JUMBO BAG RED RETROSPOT'})",frozenset({'JUMBO BAG VINTAGE LEAF'}),0.015039680337421611,0.04528553193850935,0.01010044952550086,0.6715867158671587,14.830050285796975,1.0,0.009419369601235583,2.907051919602966,0.9468090507644259,0.20110497237569064,0.65600889572809,0.4473129657767166,"JUMBO BAG PEARS, JUMBO BAG RED RETROSPOT",JUMBO BAG VINTAGE LEAF,"JUMBO BAG PEARS, JUMBO BAG RED RETROSPOT → JUMBO BAG VINTAGE LEAF"
"frozenset({'JUMBO BAG RED RETROSPOT', 'JUMBO BAG VINTAGE LEAF'})",frozenset({'JUMBO BAG PEARS'}),0.022420778067595317,0.03041234252733226,0.01010044952550086,0.4504950495049505,14.81290200187902,1.0,0.009418581143179854,1.7644748361214313,0.9538779698870532,0.2363636363636364,0.43325913210633066,0.3913059189130592,"JUMBO BAG RED RETROSPOT, JUMBO BAG VINTAGE LEAF",JUMBO BAG PEARS,"JUMBO BAG RED RETROSPOT, JUMBO BAG VINTAGE LEAF → JUMBO BAG PEARS"
"frozenset({'JUMBO BAG WOODLAND ANIMALS', 'JUMBO BAG PINK POLKADOT'})",frozenset({'DOTCOM POSTAGE'}),0.022032299239691435,0.03918086464287696,0.012764304345413174,0.5793450881612091,14.786429381836866,1.0,0.011901059811131463,2.284102974471724,0.953375474332973,0.2634593356242841,0.562191367387329,0.4525620624942023,"JUMBO BAG PINK POLKADOT, JUMBO BAG WOODLAND ANIMALS",DOTCOM POSTAGE,"JUMBO BAG PINK POLKADOT, JUMBO BAG WOODLAND ANIMALS → DOTCOM POSTAGE"
"frozenset({'JUMBO STORAGE BAG SUKI', 'JUMBO SHOPPER VINTAGE RED PAISLEY'})",frozenset({'JUMBO BAG TOYS '}),0.028469948387812864,0.028081469559908985,0.011820855763360897,0.41520467836257313,14.785717587777086,1.0,0.01102137777433635,1.6619806870525557,0.9596894746750814,0.2642679900744416,0.39830829095044856,0.41807664748168183,"JUMBO SHOPPER VINTAGE RED PAISLEY, JUMBO STORAGE BAG SUKI",JUMBO BAG TOYS ,"JUMBO SHOPPER VINTAGE RED PAISLEY, JUMBO STORAGE BAG SUKI → JUMBO BAG TOYS "
frozenset({'STRAWBERRY CHARLOTTE BAG'}),frozenset({'WOODLAND CHARLOTTE BAG'}),0.03734946445418725,0.037793440257505966,0.02075586880515012,0.5557206537890045,14.704156329844452,1.0,0.01934430405165095,2.1657692799555135,0.9681519757363654,0.3816326530612245,0.538270299955247,0.5524565089796711,STRAWBERRY CHARLOTTE BAG,WOODLAND CHARLOTTE BAG,STRAWBERRY CHARLOTTE BAG → WOODLAND CHARLOTTE BAG
frozenset({'WOODLAND CHARLOTTE BAG'}),frozenset({'STRAWBERRY CHARLOTTE BAG'}),0.037793440257505966,0.03734946445418725,0.02075586880515012,0.5491923641703378,14.704156329844452,1.0,0.01934430405165095,2.1353909273833827,0.9685986948392544,0.3816326530612245,0.531701672430838,0.5524565089796711,WOODLAND CHARLOTTE BAG,STRAWBERRY CHARLOTTE BAG,WOODLAND CHARLOTTE BAG → STRAWBERRY CHARLOTTE BAG
"frozenset({'JUMBO BAG RED RETROSPOT', 'JUMBO BAG WOODLAND ANIMALS'})",frozenset({'DOTCOM POSTAGE'}),0.02630556634663411,0.03918086464287696,0.01515067428825129,0.5759493670886076,14.699761537634021,1.0,0.0141199994538696,2.265812289349633,0.9571500599713765,0.30099228224917307,0.5586571735441356,0.4813174597482698,"JUMBO BAG RED RETROSPOT, JUMBO BAG WOODLAND ANIMALS",DOTCOM POSTAGE,"JUMBO BAG RED RETROSPOT, JUMBO BAG WOODLAND ANIMALS → DOTCOM POSTAGE"
frozenset({'MODERN FLORAL STATIONERY SET'}),frozenset({'DOTCOM POSTAGE'}),0.019368444419779123,0.03918086464287696,0.011154892058382819,0.5759312320916905,14.699298684221207,1.0,0.010396019659228367,2.2657153935110537,0.9503768649677475,0.23536299765807966,0.5586382990273304,0.43031689083338065,MODERN FLORAL STATIONERY SET,DOTCOM POSTAGE,MODERN FLORAL STATIONERY SET → DOTCOM POSTAGE
"frozenset({'ALARM CLOCK BAKELIKE IVORY', 'ALARM CLOCK BAKELIKE RED '})",frozenset({'ALARM CLOCK BAKELIKE PINK'}),0.01897996559187524,0.03640601587213497,0.0101559465009157,0.5350877192982457,14.697782948224223,1.0,0.009464961572325315,2.072636116803333,0.9499933691737991,0.2245398773006135,0.5175226409050907,0.4070255669661961,"ALARM CLOCK BAKELIKE IVORY, ALARM CLOCK BAKELIKE RED ",ALARM CLOCK BAKELIKE PINK,"ALARM CLOCK BAKELIKE IVORY, ALARM CLOCK BAKELIKE RED  → ALARM CLOCK BAKELIKE PINK"
frozenset({'VINTAGE PAISLEY STATIONERY SET'}),frozenset({'DOTCOM POSTAGE'}),0.023419723625062436,0.03918086464287696,0.013485765025806094,0.5758293838862559,14.696699246807997,1.0,0.012568160004478935,2.2651713693894187,0.9543071197835582,0.2745762711864406,0.558532297594088,0.46001100922358124,VINTAGE PAISLEY STATIONERY SET,DOTCOM POSTAGE,VINTAGE PAISLEY STATIONERY SET → DOTCOM POSTAGE
frozenset({'DOTCOM POSTAGE'}),frozenset({'VINTAGE PAISLEY STATIONERY SET'}),0.03918086464287696,0.023419723625062436,0.013485765025806094,0.34419263456090654,14.696699246807997,1.0,0.012568160004478935,1.4891267281224752,0.9699614386201858,0.2745762711864406,0.3284654817385335,0.46001100922358124,DOTCOM POSTAGE,VINTAGE PAISLEY STATIONERY SET,DOTCOM POSTAGE → VINTAGE PAISLEY STATIONERY SET
"frozenset({'ALARM CLOCK BAKELIKE GREEN', 'ALARM CLOCK BAKELIKE RED '})",frozenset({'ALARM CLOCK BAKELIKE ORANGE'}),0.031244797158554858,0.022032299239691435,0.01010044952550086,0.3232682060390764,14.672468021708106,1.0,0.00941205480482012,1.44513337408938,0.9618994948681018,0.23393316195372754,0.3080223473282328,0.39085324659636445,"ALARM CLOCK BAKELIKE GREEN, ALARM CLOCK BAKELIKE RED ",ALARM CLOCK BAKELIKE ORANGE,"ALARM CLOCK BAKELIKE GREEN, ALARM CLOCK BAKELIKE RED  → ALARM CLOCK BAKELIKE ORANGE"
"frozenset({'RED RETROSPOT CHARLOTTE BAG', 'CHARLOTTE BAG PINK POLKADOT'})",frozenset({'CHARLOTTE BAG SUKI DESIGN'}),0.02658305122370831,0.044619568233531276,0.017370553304844886,0.6534446764091858,14.644800527633231,1.0,0.016184429036913174,2.756790522988786,0.9571606296516223,0.32268041237113393,0.6372593450024466,0.5213740794981252,"CHARLOTTE BAG PINK POLKADOT, RED RETROSPOT CHARLOTTE BAG",CHARLOTTE BAG SUKI DESIGN,"CHARLOTTE BAG PINK POLKADOT, RED RETROSPOT CHARLOTTE BAG → CHARLOTTE BAG SUKI DESIGN"
frozenset({'PINK REGENCY TEACUP AND SAUCER'}),frozenset({'ROSES REGENCY TEACUP AND SAUCER '}),0.038958876741217605,0.053055108496586935,0.03024585160108774,0.7763532763532763,14.63295992323189,1.0,0.028178884168677282,4.234110279206344,0.969428990868071,0.4896675651392632,0.7638228732702155,0.6732184791808222,PINK REGENCY TEACUP AND SAUCER,ROSES REGENCY TEACUP AND SAUCER ,PINK REGENCY TEACUP AND SAUCER → ROSES REGENCY TEACUP AND SAUCER 
frozenset({'ROSES REGENCY TEACUP AND SAUCER '}),frozenset({'PINK REGENCY TEACUP AND SAUCER'}),0.053055108496586935,0.038958876741217605,0.03024585160108774,0.5700836820083682,14.63295992323189,1.0,0.028178884168677282,2.2354143888939078,0.983859921166406,0.4896675651392632,0.5526556485597267,0.6732184791808222,ROSES REGENCY TEACUP AND SAUCER ,PINK REGENCY TEACUP AND SAUCER,ROSES REGENCY TEACUP AND SAUCER  → PINK REGENCY TEACUP AND SAUCER
"frozenset({'LUNCH BAG  BLACK SKULL.', 'RED RETROSPOT CHARLOTTE BAG'})",frozenset({'CHARLOTTE BAG SUKI DESIGN'}),0.01897996559187524,0.044619568233531276,0.012375825517509296,0.6520467836257311,14.613471385761253,1.0,0.011528947647712543,2.745715190454894,0.9495932364799233,0.2416034669555796,0.6357961657944844,0.46470498385266656,"LUNCH BAG  BLACK SKULL., RED RETROSPOT CHARLOTTE BAG",CHARLOTTE BAG SUKI DESIGN,"LUNCH BAG  BLACK SKULL., RED RETROSPOT CHARLOTTE BAG → CHARLOTTE BAG SUKI DESIGN"
"frozenset({'RECYCLING BAG RETROSPOT ', 'DOTCOM POSTAGE'})",frozenset({'JUMBO BAG WOODLAND ANIMALS'}),0.018757977690215883,0.04079027692990732,0.011154892058382819,0.5946745562130178,14.578831059050842,1.0,0.010389748953753889,2.3665174189612506,0.9492127057715213,0.23050458715596336,0.577438140962877,0.43407197198405995,"DOTCOM POSTAGE, RECYCLING BAG RETROSPOT ",JUMBO BAG WOODLAND ANIMALS,"DOTCOM POSTAGE, RECYCLING BAG RETROSPOT  → JUMBO BAG WOODLAND ANIMALS"
"frozenset({'ALARM CLOCK BAKELIKE GREEN', 'ALARM CLOCK BAKELIKE ORANGE'})",frozenset({'ALARM CLOCK BAKELIKE RED '}),0.013430268050391254,0.051612187135801096,0.01010044952550086,0.7520661157024794,14.571483160046212,1.0,0.009407284017600097,3.82516417855227,0.9440516731398207,0.18383838383838386,0.7385733125895592,0.4738825202168311,"ALARM CLOCK BAKELIKE GREEN, ALARM CLOCK BAKELIKE ORANGE",ALARM CLOCK BAKELIKE RED ,"ALARM CLOCK BAKELIKE GREEN, ALARM CLOCK BAKELIKE ORANGE → ALARM CLOCK BAKELIKE RED "
frozenset({'TOY TIDY PINK POLKADOT'}),frozenset({'RECYCLING BAG RETROSPOT '}),0.02486264498584827,0.03940285254453632,0.014262722681613852,0.5736607142857143,14.558862550301813,1.0,0.013283063547369318,2.253128387748941,0.9550585982784243,0.2852386237513874,0.5561726506854403,0.46781627263581493,TOY TIDY PINK POLKADOT,RECYCLING BAG RETROSPOT ,TOY TIDY PINK POLKADOT → RECYCLING BAG RETROSPOT 
frozenset({'RECYCLING BAG RETROSPOT '}),frozenset({'TOY TIDY PINK POLKADOT'}),0.03940285254453632,0.02486264498584827,0.014262722681613852,0.3619718309859155,14.558862550301813,1.0,0.013283063547369318,1.528360975849995,0.9695149708446587,0.2852386237513874,0.34570430951768316,0.46781627263581493,RECYCLING BAG RETROSPOT ,TOY TIDY PINK POLKADOT,RECYCLING BAG RETROSPOT  → TOY TIDY PINK POLKADOT
frozenset({'RED SPOTTY BISCUIT TIN'}),frozenset({'DOTCOM POSTAGE'}),0.018813474665630724,0.03918086464287696,0.0107109162550641,0.5693215339233038,14.530601586068004,1.0,0.009973788050727827,2.2309430608634564,0.949034358661759,0.22652582159624413,0.5517590665837239,0.4213463193695839,RED SPOTTY BISCUIT TIN,DOTCOM POSTAGE,RED SPOTTY BISCUIT TIN → DOTCOM POSTAGE
"frozenset({'JUMBO BAG PINK POLKADOT', 'JUMBO SHOPPER VINTAGE RED PAISLEY'})",frozenset({'JUMBO BAG TOYS '}),0.02519562683833731,0.028081469559908985,0.01026694045174538,0.4074889867841409,14.510956626212323,1.0,0.009559410223641785,1.640338337620079,0.9551522145544349,0.23870967741935484,0.3903696712649709,0.3865508175027424,"JUMBO BAG PINK POLKADOT, JUMBO SHOPPER VINTAGE RED PAISLEY",JUMBO BAG TOYS ,"JUMBO BAG PINK POLKADOT, JUMBO SHOPPER VINTAGE RED PAISLEY → JUMBO BAG TOYS "
"frozenset({'ALARM CLOCK BAKELIKE GREEN', 'ALARM CLOCK BAKELIKE RED '})",frozenset({'ALARM CLOCK BAKELIKE IVORY'}),0.031244797158554858,0.029080415117376104,0.013152783173317055,0.42095914742451157,14.475692514202812,1.0,0.012244171501688066,1.676772166530421,0.9609431501313006,0.27882352941176475,0.4036160547266233,0.43662461188019475,"ALARM CLOCK BAKELIKE GREEN, ALARM CLOCK BAKELIKE RED ",ALARM CLOCK BAKELIKE IVORY,"ALARM CLOCK BAKELIKE GREEN, ALARM CLOCK BAKELIKE RED  → ALARM CLOCK BAKELIKE IVORY"
frozenset({'GARDENERS KNEELING PAD CUP OF TEA '}),frozenset({'GARDENERS KNEELING PAD KEEP CALM '}),0.041622731561129916,0.049836283922526224,0.03002386369942838,0.7213333333333334,14.474059391239793,1.0,0.027949541431716816,3.409678406976581,0.9713407365393246,0.4887082204155374,0.7067172088857738,0.6618916109873794,GARDENERS KNEELING PAD CUP OF TEA ,GARDENERS KNEELING PAD KEEP CALM ,GARDENERS KNEELING PAD CUP OF TEA  → GARDENERS KNEELING PAD KEEP CALM 
frozenset({'GARDENERS KNEELING PAD KEEP CALM '}),frozenset({'GARDENERS KNEELING PAD CUP OF TEA '}),0.049836283922526224,0.041622731561129916,0.03002386369942838,0.6024498886414253,14.474059391239791,1.0,0.027949541431716816,2.4107080869974937,0.9797373505810173,0.4887082204155374,0.5851841185609962,0.6618916109873794,GARDENERS KNEELING PAD KEEP CALM ,GARDENERS KNEELING PAD CUP OF TEA ,GARDENERS KNEELING PAD KEEP CALM  → GARDENERS KNEELING PAD CUP OF TEA 
frozenset({'HEART DECORATION RUSTIC HANGING '}),frozenset({'DOTCOM POSTAGE'}),0.018480492813141684,0.03918086464287696,0.0104334313779899,0.5645645645645646,14.409191060749135,1.0,0.009709349690544536,2.2065708418891172,0.9481216059823735,0.22091656874265567,0.5468081146473107,0.41542675820296215,HEART DECORATION RUSTIC HANGING ,DOTCOM POSTAGE,HEART DECORATION RUSTIC HANGING  → DOTCOM POSTAGE
frozenset({'CHARLOTTE BAG PINK POLKADOT'}),frozenset({'STRAWBERRY CHARLOTTE BAG'}),0.03734946445418725,0.03734946445418725,0.02008990510017204,0.537890044576523,14.40154637923383,1.0,0.01869492260515744,2.083163377563768,0.9666675266417083,0.3678861788617886,0.5199608389959857,0.537890044576523,CHARLOTTE BAG PINK POLKADOT,STRAWBERRY CHARLOTTE BAG,CHARLOTTE BAG PINK POLKADOT → STRAWBERRY CHARLOTTE BAG
frozenset({'STRAWBERRY CHARLOTTE BAG'}),frozenset({'CHARLOTTE BAG PINK POLKADOT'}),0.03734946445418725,0.03734946445418725,0.02008990510017204,0.537890044576523,14.40154637923383,1.0,0.01869492260515744,2.083163377563768,0.9666675266417083,0.3678861788617886,0.5199608389959857,0.537890044576523,STRAWBERRY CHARLOTTE BAG,CHARLOTTE BAG PINK POLKADOT,STRAWBERRY CHARLOTTE BAG → CHARLOTTE BAG PINK POLKADOT
frozenset({'FLORAL FOLK STATIONERY SET'}),frozenset({'DOTCOM POSTAGE'}),0.022642765969254675,0.03918086464287696,0.012764304345413174,0.5637254901960784,14.387775648503027,1.0,0.011877141196831467,2.20232700688599,0.9520536818638549,0.2601809954751131,0.5459348239960224,0.44475226351163694,FLORAL FOLK STATIONERY SET,DOTCOM POSTAGE,FLORAL FOLK STATIONERY SET → DOTCOM POSTAGE
frozenset({'DOTCOM POSTAGE'}),frozenset({'FLORAL FOLK STATIONERY SET'}),0.03918086464287696,0.022642765969254675,0.012764304345413174,0.32577903682719545,14.387775648503027,1.0,0.011877141196831467,1.4496096790456012,0.9684409051755529,0.2601809954751131,0.31015913148539176,0.44475226351163694,DOTCOM POSTAGE,FLORAL FOLK STATIONERY SET,DOTCOM POSTAGE → FLORAL FOLK STATIONERY SET
"frozenset({'CHOCOLATE HOT WATER BOTTLE', 'HOT WATER BOTTLE I AM SO POORLY'})",frozenset({'HOT WATER BOTTLE TEA AND SYMPATHY'}),0.02103335368222432,0.034297130806371055,0.010322437427160219,0.4907651715039577,14.309219458462481,1.0,0.009601053744624305,1.8963802457222037,0.9500987491770903,0.22934648581997533,0.4726795945824846,0.3958680226451827,"CHOCOLATE HOT WATER BOTTLE, HOT WATER BOTTLE I AM SO POORLY",HOT WATER BOTTLE TEA AND SYMPATHY,"CHOCOLATE HOT WATER BOTTLE, HOT WATER BOTTLE I AM SO POORLY → HOT WATER BOTTLE TEA AND SYMPATHY"
"frozenset({'ALARM CLOCK BAKELIKE PINK', 'ALARM CLOCK BAKELIKE IVORY'})",frozenset({'ALARM CLOCK BAKELIKE RED '}),0.013763249902880293,0.051612187135801096,0.0101559465009157,0.7379032258064516,14.297073361082207,1.0,0.009445595071331447,3.6184642706203283,0.943034839409574,0.18391959798994975,0.7236396644511939,0.46733870967741936,"ALARM CLOCK BAKELIKE IVORY, ALARM CLOCK BAKELIKE PINK",ALARM CLOCK BAKELIKE RED ,"ALARM CLOCK BAKELIKE IVORY, ALARM CLOCK BAKELIKE PINK → ALARM CLOCK BAKELIKE RED "
"frozenset({'ALARM CLOCK BAKELIKE IVORY', 'ALARM CLOCK BAKELIKE RED '})",frozenset({'ALARM CLOCK BAKELIKE GREEN'}),0.01897996559187524,0.048615350463399744,0.013152783173317055,0.6929824561403509,14.254395978530804,1.0,0.012230065494284771,3.0987957156334986,0.9478360996875722,0.24159021406727832,0.6772939903863375,0.4817652006729152,"ALARM CLOCK BAKELIKE IVORY, ALARM CLOCK BAKELIKE RED ",ALARM CLOCK BAKELIKE GREEN,"ALARM CLOCK BAKELIKE IVORY, ALARM CLOCK BAKELIKE RED  → ALARM CLOCK BAKELIKE GREEN"
frozenset({'CHARLOTTE BAG PINK POLKADOT'}),frozenset({'RED RETROSPOT CHARLOTTE BAG'}),0.03734946445418725,0.050113768799600424,0.02658305122370831,0.711738484398217,14.202453765638396,1.0,0.024711328797262275,3.295223884525098,0.9656563803823783,0.4366453965360073,0.6965304831953418,0.6210962632400829,CHARLOTTE BAG PINK POLKADOT,RED RETROSPOT CHARLOTTE BAG,CHARLOTTE BAG PINK POLKADOT → RED RETROSPOT CHARLOTTE BAG
frozenset({'RED RETROSPOT CHARLOTTE BAG'}),frozenset({'CHARLOTTE BAG PINK POLKADOT'}),0.050113768799600424,0.03734946445418725,0.02658305122370831,0.530454042081949,14.202453765638394,1.0,0.024711328797262275,2.050173192447804,0.9786325995625574,0.4366453965360073,0.5122363302360567,0.6210962632400829,RED RETROSPOT CHARLOTTE BAG,CHARLOTTE BAG PINK POLKADOT,RED RETROSPOT CHARLOTTE BAG → CHARLOTTE BAG PINK POLKADOT
"frozenset({'DOTCOM POSTAGE', 'SUKI  SHOULDER BAG'})",frozenset({'RECYCLING BAG RETROSPOT '}),0.018646983739386204,0.03940285254453632,0.0104334313779899,0.5595238095238095,14.200083836351443,1.0,0.009698687027306498,2.180815145574566,0.9472410693766462,0.21911421911421913,0.5414558624882734,0.4121562709590879,"DOTCOM POSTAGE, SUKI  SHOULDER BAG",RECYCLING BAG RETROSPOT ,"DOTCOM POSTAGE, SUKI  SHOULDER BAG → RECYCLING BAG RETROSPOT "
"frozenset({'ALARM CLOCK BAKELIKE GREEN', 'ALARM CLOCK BAKELIKE PINK'})",frozenset({'ALARM CLOCK BAKELIKE RED '}),0.01942394139519396,0.051612187135801096,0.014207225706199013,0.7314285714285715,14.171625192012291,1.0,0.013204713607995428,3.5312312181113805,0.9478473951553568,0.25000000000000006,0.7168126530851092,0.5033486943164363,"ALARM CLOCK BAKELIKE GREEN, ALARM CLOCK BAKELIKE PINK",ALARM CLOCK BAKELIKE RED ,"ALARM CLOCK BAKELIKE GREEN, ALARM CLOCK BAKELIKE PINK → ALARM CLOCK BAKELIKE RED "
frozenset({'GREEN REGENCY TEACUP AND SAUCER'}),frozenset({'ROSES REGENCY TEACUP AND SAUCER '}),0.05172318108663078,0.053055108496586935,0.03884788279038792,0.7510729613733905,14.156468296011637,1.0,0.03610370380604811,3.8041062020740557,0.9800523371987058,0.5892255892255891,0.7371261613425028,0.741645267297574,GREEN REGENCY TEACUP AND SAUCER,ROSES REGENCY TEACUP AND SAUCER ,GREEN REGENCY TEACUP AND SAUCER → ROSES REGENCY TEACUP AND SAUCER 
frozenset({'ROSES REGENCY TEACUP AND SAUCER '}),frozenset({'GREEN REGENCY TEACUP AND SAUCER'}),0.053055108496586935,0.05172318108663078,0.03884788279038792,0.7322175732217573,14.156468296011635,1.0,0.03610370380604811,3.541221245629613,0.981430831958875,0.5892255892255891,0.7176115439739478,0.741645267297574,ROSES REGENCY TEACUP AND SAUCER ,GREEN REGENCY TEACUP AND SAUCER,ROSES REGENCY TEACUP AND SAUCER  → GREEN REGENCY TEACUP AND SAUCER
frozenset({'HAND WARMER UNION JACK'}),frozenset({'HAND WARMER OWL DESIGN'}),0.02641656029746379,0.03490759753593429,0.013041789222487374,0.4936974789915966,14.142980721700445,1.0,0.012119650567339768,1.9061576081862874,0.9545083751657023,0.27011494252873564,0.475384409082782,0.4336531910061322,HAND WARMER UNION JACK,HAND WARMER OWL DESIGN,HAND WARMER UNION JACK → HAND WARMER OWL DESIGN
frozenset({'HAND WARMER OWL DESIGN'}),frozenset({'HAND WARMER UNION JACK'}),0.03490759753593429,0.02641656029746379,0.013041789222487374,0.37360890302066774,14.142980721700445,1.0,0.012119650567339768,1.5542740699819677,0.9629062924400181,0.27011494252873564,0.356612826969698,0.4336531910061322,HAND WARMER OWL DESIGN,HAND WARMER UNION JACK,HAND WARMER OWL DESIGN → HAND WARMER UNION JACK
"frozenset({'LUNCH BAG SUKI DESIGN ', 'CHARLOTTE BAG SUKI DESIGN'})",frozenset({'RED RETROSPOT CHARLOTTE BAG'}),0.014651201509517731,0.050113768799600424,0.01037793440257506,0.7083333333333334,14.134505352528608,1.0,0.009643707477490732,3.256752792687085,0.9430682326436629,0.19081632653061226,0.6929456843499261,0.4577104097452935,"CHARLOTTE BAG SUKI DESIGN, LUNCH BAG SUKI DESIGN ",RED RETROSPOT CHARLOTTE BAG,"CHARLOTTE BAG SUKI DESIGN, LUNCH BAG SUKI DESIGN  → RED RETROSPOT CHARLOTTE BAG"
"frozenset({'DOTCOM POSTAGE', 'JUMBO BAG WOODLAND ANIMALS'})",frozenset({'RECYCLING BAG RETROSPOT '}),0.0200344081247572,0.03940285254453632,0.011154892058382819,0.556786703601108,14.13061917209629,1.0,0.010365479229225951,2.16734731394639,0.9482288974202496,0.2310344827586207,0.5386064828810657,0.41994264757520194,"DOTCOM POSTAGE, JUMBO BAG WOODLAND ANIMALS",RECYCLING BAG RETROSPOT ,"DOTCOM POSTAGE, JUMBO BAG WOODLAND ANIMALS → RECYCLING BAG RETROSPOT "
"frozenset({'ALARM CLOCK BAKELIKE ORANGE', 'ALARM CLOCK BAKELIKE RED '})",frozenset({'ALARM CLOCK BAKELIKE GREEN'}),0.01470669848493257,0.048615350463399744,0.01010044952550086,0.6867924528301887,14.12706987162919,1.0,0.009385478224496313,3.037553399122881,0.9430835583251939,0.1897810218978102,0.6707876805429138,0.44727750495390717,"ALARM CLOCK BAKELIKE ORANGE, ALARM CLOCK BAKELIKE RED ",ALARM CLOCK BAKELIKE GREEN,"ALARM CLOCK BAKELIKE ORANGE, ALARM CLOCK BAKELIKE RED  → ALARM CLOCK BAKELIKE GREEN"
"frozenset({'JUMBO BAG PINK VINTAGE PAISLEY', 'JUMBO BAG PINK POLKADOT'})",frozenset({'JUMBO BAG SCANDINAVIAN BLUE PAISLEY'}),0.02020089905100172,0.03524057938842333,0.01004495255008602,0.4972527472527472,14.11023189409016,1.0,0.009333061163361668,1.9189750224186553,0.9482856655573133,0.22127139364303175,0.47888847519254785,0.3911460586657437,"JUMBO BAG PINK POLKADOT, JUMBO BAG PINK VINTAGE PAISLEY",JUMBO BAG SCANDINAVIAN BLUE PAISLEY,"JUMBO BAG PINK POLKADOT, JUMBO BAG PINK VINTAGE PAISLEY → JUMBO BAG SCANDINAVIAN BLUE PAISLEY"
"frozenset({'JUMBO STORAGE BAG SUKI', 'JUMBO BAG PINK POLKADOT'})",frozenset({'JUMBO BAG TOYS '}),0.028025972584494144,0.028081469559908985,0.011099395082967978,0.39603960396039606,14.103236410597582,1.0,0.010312384586949662,1.6092421569581836,0.9558838643371017,0.2466091245376079,0.3785894834558543,0.39564826047822177,"JUMBO BAG PINK POLKADOT, JUMBO STORAGE BAG SUKI",JUMBO BAG TOYS ,"JUMBO BAG PINK POLKADOT, JUMBO STORAGE BAG SUKI → JUMBO BAG TOYS "
"frozenset({'DOTCOM POSTAGE', 'JUMBO BAG PINK POLKADOT'})",frozenset({'RECYCLING BAG RETROSPOT '}),0.01914645651811976,0.03940285254453632,0.010599922304234418,0.553623188405797,14.05033272096346,1.0,0.00984549730130057,2.1519871160528243,0.9469582022754162,0.22106481481481483,0.5353132030668472,0.41131863645641964,"DOTCOM POSTAGE, JUMBO BAG PINK POLKADOT",RECYCLING BAG RETROSPOT ,"DOTCOM POSTAGE, JUMBO BAG PINK POLKADOT → RECYCLING BAG RETROSPOT "
frozenset({'WOODLAND CHARLOTTE BAG'}),frozenset({'CHARLOTTE BAG PINK POLKADOT'}),0.037793440257505966,0.03734946445418725,0.01981242022309784,0.5242290748898678,14.035785587578793,1.0,0.01840085546959867,2.023348810823143,0.9652330190352758,0.358074222668004,0.5057698432169104,0.527344849480595,WOODLAND CHARLOTTE BAG,CHARLOTTE BAG PINK POLKADOT,WOODLAND CHARLOTTE BAG → CHARLOTTE BAG PINK POLKADOT
frozenset({'CHARLOTTE BAG PINK POLKADOT'}),frozenset({'WOODLAND CHARLOTTE BAG'}),0.03734946445418725,0.037793440257505966,0.01981242022309784,0.5304606240713223,14.035785587578792,1.0,0.01840085546959867,2.0492563756541085,0.9647878521868795,0.358074222668004,0.512018109651699,0.527344849480595,CHARLOTTE BAG PINK POLKADOT,WOODLAND CHARLOTTE BAG,CHARLOTTE BAG PINK POLKADOT → WOODLAND CHARLOTTE BAG
frozenset({'DOTCOM POSTAGE'}),frozenset({'SKULL SHOULDER BAG'}),0.03918086464287696,0.022365281092180476,0.012209334591264775,0.311614730878187,13.932967334228415,1.0,0.011333043540092156,1.420185414709713,0.9660796143728043,0.24746906636670413,0.29586658921968956,0.42876021903710837,DOTCOM POSTAGE,SKULL SHOULDER BAG,DOTCOM POSTAGE → SKULL SHOULDER BAG
frozenset({'SKULL SHOULDER BAG'}),frozenset({'DOTCOM POSTAGE'}),0.022365281092180476,0.03918086464287696,0.012209334591264775,0.5459057071960297,13.932967334228413,1.0,0.011333043540092156,2.115902248901205,0.94946278176864,0.24746906636670413,0.5273883750918534,0.42876021903710837,SKULL SHOULDER BAG,DOTCOM POSTAGE,SKULL SHOULDER BAG → DOTCOM POSTAGE
"frozenset({'JUMBO BAG SPACEBOY DESIGN', 'JUMBO STORAGE BAG SUKI'})",frozenset({'JUMBO BAG WOODLAND ANIMALS'}),0.018369498862312005,0.04079027692990732,0.0104334313779899,0.56797583081571,13.924294551657523,1.0,0.009684134432332576,2.220268659693711,0.9455523999923017,0.21412300683371302,0.5496040555119347,0.41187907187044004,"JUMBO BAG SPACEBOY DESIGN, JUMBO STORAGE BAG SUKI",JUMBO BAG WOODLAND ANIMALS,"JUMBO BAG SPACEBOY DESIGN, JUMBO STORAGE BAG SUKI → JUMBO BAG WOODLAND ANIMALS"
"frozenset({'WOODLAND CHARLOTTE BAG', 'JUMBO BAG RED RETROSPOT'})",frozenset({'RED RETROSPOT CHARLOTTE BAG'}),0.01498418336200677,0.050113768799600424,0.0104334313779899,0.6962962962962963,13.894311143923547,1.0,0.009682517477335473,3.127674175903755,0.9421453770844747,0.19086294416243657,0.6802736014818277,0.45224560108281037,"JUMBO BAG RED RETROSPOT, WOODLAND CHARLOTTE BAG",RED RETROSPOT CHARLOTTE BAG,"JUMBO BAG RED RETROSPOT, WOODLAND CHARLOTTE BAG → RED RETROSPOT CHARLOTTE BAG"
"frozenset({'WHITE HANGING HEART T-LIGHT HOLDER', 'GREEN REGENCY TEACUP AND SAUCER'})",frozenset({'ROSES REGENCY TEACUP AND SAUCER '}),0.014429213607858371,0.053055108496586935,0.010599922304234418,0.7346153846153846,13.846270518184744,1.0,0.009834378810749065,3.568198141896918,0.9413614923957148,0.18634146341463417,0.719746505033383,0.467203089797232,"GREEN REGENCY TEACUP AND SAUCER, WHITE HANGING HEART T-LIGHT HOLDER",ROSES REGENCY TEACUP AND SAUCER ,"GREEN REGENCY TEACUP AND SAUCER, WHITE HANGING HEART T-LIGHT HOLDER → ROSES REGENCY TEACUP AND SAUCER "
"frozenset({'JUMBO BAG RED RETROSPOT', 'RED RETROSPOT CHARLOTTE BAG'})",frozenset({'CHARLOTTE BAG PINK POLKADOT'}),0.021366335534713357,0.03734946445418725,0.011043898107553138,0.5168831168831169,13.839103838212308,1.0,0.010245876917983125,1.9925830977695589,0.9479961905478397,0.2316647264260768,0.4981388725421933,0.4062870264950503,"JUMBO BAG RED RETROSPOT, RED RETROSPOT CHARLOTTE BAG",CHARLOTTE BAG PINK POLKADOT,"JUMBO BAG RED RETROSPOT, RED RETROSPOT CHARLOTTE BAG → CHARLOTTE BAG PINK POLKADOT"
frozenset({'PLASTERS IN TIN SKULLS'}),frozenset({'PLASTERS IN TIN SPACEBOY'}),0.027082524002441866,0.027415505854930907,0.01026694045174538,0.3790983606557377,13.827881296873963,1.0,0.009524459356390128,1.5664067100422234,0.9535056818269413,0.23212045169385193,0.36159619746965693,0.3767961438906219,PLASTERS IN TIN SKULLS,PLASTERS IN TIN SPACEBOY,PLASTERS IN TIN SKULLS → PLASTERS IN TIN SPACEBOY
frozenset({'PLASTERS IN TIN SPACEBOY'}),frozenset({'PLASTERS IN TIN SKULLS'}),0.027415505854930907,0.027082524002441866,0.01026694045174538,0.37449392712550605,13.827881296873963,1.0,0.009524459356390128,1.5554085214977145,0.9538321317037437,0.23212045169385193,0.3570820873238545,0.3767961438906219,PLASTERS IN TIN SPACEBOY,PLASTERS IN TIN SKULLS,PLASTERS IN TIN SPACEBOY → PLASTERS IN TIN SKULLS
frozenset({'JUMBO BAG PEARS'}),frozenset({'JUMBO BAG APPLES'}),0.03041234252733226,0.0491148232421333,0.020644874854320438,0.6788321167883211,13.821328714586167,1.0,0.0191511780267113,2.9607106639960845,0.9567449099983198,0.350612629594722,0.6622432539050285,0.5495855499195843,JUMBO BAG PEARS,JUMBO BAG APPLES,JUMBO BAG PEARS → JUMBO BAG APPLES
frozenset({'JUMBO BAG APPLES'}),frozenset({'JUMBO BAG PEARS'}),0.0491148232421333,0.03041234252733226,0.020644874854320438,0.42033898305084744,13.821328714586167,1.0,0.0191511780267113,1.6726804617218538,0.9755626428493431,0.350612629594722,0.4021571825077683,0.5495855499195843,JUMBO BAG APPLES,JUMBO BAG PEARS,JUMBO BAG APPLES → JUMBO BAG PEARS
"frozenset({'DOTCOM POSTAGE', 'JUMBO BAG RED RETROSPOT'})",frozenset({'JUMBO BAG WOODLAND ANIMALS'}),0.026916033076197346,0.04079027692990732,0.01515067428825129,0.5628865979381443,13.799528718703977,1.0,0.014052761845218656,2.194418470231108,0.9531898465399093,0.28827877507919747,0.5442984036245905,0.4671575846833579,"DOTCOM POSTAGE, JUMBO BAG RED RETROSPOT",JUMBO BAG WOODLAND ANIMALS,"DOTCOM POSTAGE, JUMBO BAG RED RETROSPOT → JUMBO BAG WOODLAND ANIMALS"
frozenset({'60 CAKE CASES VINTAGE CHRISTMAS'}),frozenset({'SET OF 20 VINTAGE CHRISTMAS NAPKINS'}),0.03224374271602198,0.03168877296187358,0.014096231755369332,0.43717728055077454,13.795967457520852,1.0,0.013074467113000247,1.720455115930127,0.9584180353703063,0.28285077951002224,0.41875844900529613,0.4410054528848444,60 CAKE CASES VINTAGE CHRISTMAS,SET OF 20 VINTAGE CHRISTMAS NAPKINS,60 CAKE CASES VINTAGE CHRISTMAS → SET OF 20 VINTAGE CHRISTMAS NAPKINS
frozenset({'SET OF 20 VINTAGE CHRISTMAS NAPKINS'}),frozenset({'60 CAKE CASES VINTAGE CHRISTMAS'}),0.03168877296187358,0.03224374271602198,0.014096231755369332,0.4448336252189142,13.79596745752085,1.0,0.013074467113000247,1.743182406653475,0.9578687357168387,0.28285077951002224,0.42633656914896284,0.4410054528848444,SET OF 20 VINTAGE CHRISTMAS NAPKINS,60 CAKE CASES VINTAGE CHRISTMAS,SET OF 20 VINTAGE CHRISTMAS NAPKINS → 60 CAKE CASES VINTAGE CHRISTMAS
"frozenset({'JUMBO BAG RED RETROSPOT', 'JUMBO BAG APPLES'})",frozenset({'JUMBO BAG PEARS'}),0.028192463510738664,0.03041234252733226,0.011820855763360897,0.4192913385826772,13.786880711535147,1.0,0.010963456906382996,1.6696628135461533,0.9543734146450669,0.2526690391459075,0.40107667734653196,0.4039887349847693,"JUMBO BAG APPLES, JUMBO BAG RED RETROSPOT",JUMBO BAG PEARS,"JUMBO BAG APPLES, JUMBO BAG RED RETROSPOT → JUMBO BAG PEARS"
"frozenset({'JUMBO BAG PINK VINTAGE PAISLEY', 'JUMBO BAG RED RETROSPOT'})",frozenset({'JUMBO BAG SCANDINAVIAN BLUE PAISLEY'}),0.027082524002441866,0.03524057938842333,0.013152783173317055,0.48565573770491804,13.781150768039241,1.0,0.012198379336170122,1.8757075587986032,0.9532536336476408,0.2674943566591423,0.4668678519158374,0.4294420420808055,"JUMBO BAG PINK VINTAGE PAISLEY, JUMBO BAG RED RETROSPOT",JUMBO BAG SCANDINAVIAN BLUE PAISLEY,"JUMBO BAG PINK VINTAGE PAISLEY, JUMBO BAG RED RETROSPOT → JUMBO BAG SCANDINAVIAN BLUE PAISLEY"
"frozenset({'JUMBO BAG PEARS', 'JUMBO BAG APPLES'})",frozenset({'JUMBO BAG VINTAGE LEAF'}),0.020644874854320438,0.04528553193850935,0.012875298296242855,0.6236559139784947,13.771637149483452,1.0,0.011940384156660998,2.536812729420533,0.9469363748453874,0.24267782426778248,0.6058045639701504,0.4539848197343454,"JUMBO BAG APPLES, JUMBO BAG PEARS",JUMBO BAG VINTAGE LEAF,"JUMBO BAG APPLES, JUMBO BAG PEARS → JUMBO BAG VINTAGE LEAF"
frozenset({'JUMBO BAG TOYS '}),frozenset({'DOTCOM POSTAGE'}),0.028081469559908985,0.03918086464287696,0.01515067428825129,0.5395256916996047,13.770132349483255,1.0,0.014050418030451426,2.086585761762679,0.954173655195753,0.29073482428115016,0.5207481914593183,0.4631056220537684,JUMBO BAG TOYS ,DOTCOM POSTAGE,JUMBO BAG TOYS  → DOTCOM POSTAGE
frozenset({'DOTCOM POSTAGE'}),frozenset({'JUMBO BAG TOYS '}),0.03918086464287696,0.028081469559908985,0.01515067428825129,0.386685552407932,13.770132349483255,1.0,0.014050418030451426,1.584698573881534,0.965196281605916,0.29073482428115016,0.36896516695246545,0.4631056220537684,DOTCOM POSTAGE,JUMBO BAG TOYS ,DOTCOM POSTAGE → JUMBO BAG TOYS 
"frozenset({'LUNCH BAG  BLACK SKULL.', 'LUNCH BAG APPLE DESIGN'})",frozenset({'LUNCH BAG VINTAGE LEAF DESIGN'}),0.022032299239691435,0.034574615683445255,0.01048892835340474,0.47607052896725444,13.76936574873348,1.0,0.009727170074569745,1.8426628729503474,0.9482675275434326,0.22743682310469315,0.45730713160847075,0.38972065774205417,"LUNCH BAG  BLACK SKULL., LUNCH BAG APPLE DESIGN",LUNCH BAG VINTAGE LEAF DESIGN,"LUNCH BAG  BLACK SKULL., LUNCH BAG APPLE DESIGN → LUNCH BAG VINTAGE LEAF DESIGN"
frozenset({'PACK OF 60 SPACEBOY CAKE CASES'}),frozenset({'PACK OF 60 DINOSAUR CAKE CASES'}),0.024474166157944392,0.0301903546256729,0.0101559465009157,0.41496598639455784,13.74498549419768,1.0,0.009417062745439717,1.6576978822096058,0.9505091125456747,0.2281795511221945,0.39675376874641133,0.37568152260904364,PACK OF 60 SPACEBOY CAKE CASES,PACK OF 60 DINOSAUR CAKE CASES,PACK OF 60 SPACEBOY CAKE CASES → PACK OF 60 DINOSAUR CAKE CASES
frozenset({'PACK OF 60 DINOSAUR CAKE CASES'}),frozenset({'PACK OF 60 SPACEBOY CAKE CASES'}),0.0301903546256729,0.024474166157944392,0.0101559465009157,0.33639705882352944,13.74498549419768,1.0,0.009417062745439717,1.4700444698340118,0.9561115410774174,0.2281795511221945,0.31974846984532806,0.37568152260904364,PACK OF 60 DINOSAUR CAKE CASES,PACK OF 60 SPACEBOY CAKE CASES,PACK OF 60 DINOSAUR CAKE CASES → PACK OF 60 SPACEBOY CAKE CASES
"frozenset({'DOTCOM POSTAGE', 'JUMBO SHOPPER VINTAGE RED PAISLEY'})",frozenset({'RECYCLING BAG RETROSPOT '}),0.02014540207558688,0.03940285254453632,0.010877407181308618,0.5399449035812672,13.70319326426881,1.0,0.010083620873873872,2.088004578001996,0.9460835421617674,0.22348916761687573,0.5210738469946764,0.4080006208047181,"DOTCOM POSTAGE, JUMBO SHOPPER VINTAGE RED PAISLEY",RECYCLING BAG RETROSPOT ,"DOTCOM POSTAGE, JUMBO SHOPPER VINTAGE RED PAISLEY → RECYCLING BAG RETROSPOT "
frozenset({'JUMBO BAG TOYS '}),frozenset({'JUMBO BAG WOODLAND ANIMALS'}),0.028081469559908985,0.04079027692990732,0.015650147066984848,0.5573122529644269,13.662870049205454,1.0,0.014504696147037397,2.16678624943512,0.9535870617693117,0.2940563086548488,0.5384870103081467,0.470492861176091,JUMBO BAG TOYS ,JUMBO BAG WOODLAND ANIMALS,JUMBO BAG TOYS  → JUMBO BAG WOODLAND ANIMALS
frozenset({'JUMBO BAG WOODLAND ANIMALS'}),frozenset({'JUMBO BAG TOYS '}),0.04079027692990732,0.028081469559908985,0.015650147066984848,0.3836734693877551,13.662870049205452,1.0,0.014504696147037397,1.5769539070054455,0.9662213731061072,0.2940563086548488,0.3658660563523074,0.470492861176091,JUMBO BAG WOODLAND ANIMALS,JUMBO BAG TOYS ,JUMBO BAG WOODLAND ANIMALS → JUMBO BAG TOYS 
"frozenset({'JUMBO BAG RED RETROSPOT', 'GREEN REGENCY TEACUP AND SAUCER'})",frozenset({'ROSES REGENCY TEACUP AND SAUCER '}),0.014429213607858371,0.053055108496586935,0.0104334313779899,0.7230769230769232,13.628789829417446,1.0,0.009667887884504546,3.419523219317882,0.9401921471043151,0.18287937743190663,0.7075615704696172,0.4598648213710976,"GREEN REGENCY TEACUP AND SAUCER, JUMBO BAG RED RETROSPOT",ROSES REGENCY TEACUP AND SAUCER ,"GREEN REGENCY TEACUP AND SAUCER, JUMBO BAG RED RETROSPOT → ROSES REGENCY TEACUP AND SAUCER "
"frozenset({'LUNCH BAG SUKI DESIGN ', 'LUNCH BAG VINTAGE LEAF DESIGN'})",frozenset({'LUNCH BAG APPLE DESIGN'}),0.01559465009157001,0.0507797325045785,0.010766413230478939,0.6903914590747331,13.595807323571165,1.0,0.009974521070326514,3.0658723582323386,0.9411244192385618,0.1936127744510978,0.6738285606330459,0.4512066584991152,"LUNCH BAG SUKI DESIGN , LUNCH BAG VINTAGE LEAF DESIGN",LUNCH BAG APPLE DESIGN,"LUNCH BAG SUKI DESIGN , LUNCH BAG VINTAGE LEAF DESIGN → LUNCH BAG APPLE DESIGN"
frozenset({'WOODLAND CHARLOTTE BAG'}),frozenset({'CHARLOTTE BAG SUKI DESIGN'}),0.037793440257505966,0.044619568233531276,0.022920250846328875,0.6064610866372981,13.591818806116262,1.0,0.0212339238599792,2.427664455346885,0.962814397799959,0.38526119402985065,0.5880814591993886,0.5600713393385495,WOODLAND CHARLOTTE BAG,CHARLOTTE BAG SUKI DESIGN,WOODLAND CHARLOTTE BAG → CHARLOTTE BAG SUKI DESIGN
frozenset({'CHARLOTTE BAG SUKI DESIGN'}),frozenset({'WOODLAND CHARLOTTE BAG'}),0.044619568233531276,0.037793440257505966,0.022920250846328875,0.5136815920398009,13.59181880611626,1.0,0.0212339238599792,1.9785526190101408,0.9696936409558926,0.38526119402985065,0.49458003270072515,0.5600713393385495,CHARLOTTE BAG SUKI DESIGN,WOODLAND CHARLOTTE BAG,CHARLOTTE BAG SUKI DESIGN → WOODLAND CHARLOTTE BAG
frozenset({'STRAWBERRY CHARLOTTE BAG'}),frozenset({'RED RETROSPOT CHARLOTTE BAG'}),0.03734946445418725,0.050113768799600424,0.02541761473999667,0.6805349182763744,13.579799216414163,1.0,0.023545892313550636,2.9733648074319476,0.9623026991864024,0.4096601073345259,0.6636806901391674,0.5938665732024175,STRAWBERRY CHARLOTTE BAG,RED RETROSPOT CHARLOTTE BAG,STRAWBERRY CHARLOTTE BAG → RED RETROSPOT CHARLOTTE BAG
frozenset({'RED RETROSPOT CHARLOTTE BAG'}),frozenset({'STRAWBERRY CHARLOTTE BAG'}),0.050113768799600424,0.03734946445418725,0.02541761473999667,0.5071982281284606,13.579799216414163,1.0,0.023545892313550636,1.9534234462873454,0.9752338525407418,0.4096601073345259,0.48807822395057837,0.5938665732024175,RED RETROSPOT CHARLOTTE BAG,STRAWBERRY CHARLOTTE BAG,RED RETROSPOT CHARLOTTE BAG → STRAWBERRY CHARLOTTE BAG
frozenset({'CHARLOTTE BAG DOLLY GIRL DESIGN'}),frozenset({'CHARLOTTE BAG SUKI DESIGN'}),0.019090959542704924,0.044619568233531276,0.011543370886286698,0.6046511627906976,13.55125535115122,1.0,0.01069154051432739,2.416550503879891,0.9442324012621043,0.2212765957446808,0.5861870056535335,0.43167881522619456,CHARLOTTE BAG DOLLY GIRL DESIGN,CHARLOTTE BAG SUKI DESIGN,CHARLOTTE BAG DOLLY GIRL DESIGN → CHARLOTTE BAG SUKI DESIGN
frozenset({'CHARLOTTE BAG APPLES DESIGN'}),frozenset({'WOODLAND CHARLOTTE BAG'}),0.027471002830345745,0.037793440257505966,0.014040734779954493,0.5111111111111112,13.523804862130856,1.0,0.013002511075672043,1.9681497812914654,0.9522146025822971,0.27410617551462624,0.49190858871329524,0.4413117963778757,CHARLOTTE BAG APPLES DESIGN,WOODLAND CHARLOTTE BAG,CHARLOTTE BAG APPLES DESIGN → WOODLAND CHARLOTTE BAG
frozenset({'WOODLAND CHARLOTTE BAG'}),frozenset({'CHARLOTTE BAG APPLES DESIGN'}),0.037793440257505966,0.027471002830345745,0.014040734779954493,0.37151248164464024,13.523804862130854,1.0,0.013002511075672043,1.547411792225548,0.9624298474825339,0.27410617551462624,0.353759610063614,0.4413117963778757,WOODLAND CHARLOTTE BAG,CHARLOTTE BAG APPLES DESIGN,WOODLAND CHARLOTTE BAG → CHARLOTTE BAG APPLES DESIGN
frozenset({'ALARM CLOCK BAKELIKE CHOCOLATE'}),frozenset({'ALARM CLOCK BAKELIKE GREEN'}),0.021088850657639158,0.048615350463399744,0.013818746878295133,0.6552631578947369,13.478523792357608,1.0,0.012793505012703706,2.759741731480215,0.9457527371234471,0.24726911618669317,0.6376472520623733,0.46975486661860133,ALARM CLOCK BAKELIKE CHOCOLATE,ALARM CLOCK BAKELIKE GREEN,ALARM CLOCK BAKELIKE CHOCOLATE → ALARM CLOCK BAKELIKE GREEN
"frozenset({'LUNCH BAG SUKI DESIGN ', 'LUNCH BAG APPLE DESIGN'})",frozenset({'LUNCH BAG VINTAGE LEAF DESIGN'}),0.023197735723403074,0.034574615683445255,0.010766413230478939,0.46411483253588515,13.423571697374179,1.0,0.009964360433116149,1.8015527260907138,0.9474836539863891,0.2290436835891381,0.44492326784686786,0.3877556506178623,"LUNCH BAG APPLE DESIGN, LUNCH BAG SUKI DESIGN ",LUNCH BAG VINTAGE LEAF DESIGN,"LUNCH BAG APPLE DESIGN, LUNCH BAG SUKI DESIGN  → LUNCH BAG VINTAGE LEAF DESIGN"
"frozenset({'ALARM CLOCK BAKELIKE PINK', 'ALARM CLOCK BAKELIKE RED '})",frozenset({'ALARM CLOCK BAKELIKE GREEN'}),0.021810311338032077,0.048615350463399744,0.014207225706199013,0.6513994910941476,13.399049577654619,1.0,0.013146909776784722,2.7291545056049924,0.946000404232384,0.2527147087857848,0.6335861535335383,0.471818467008261,"ALARM CLOCK BAKELIKE PINK, ALARM CLOCK BAKELIKE RED ",ALARM CLOCK BAKELIKE GREEN,"ALARM CLOCK BAKELIKE PINK, ALARM CLOCK BAKELIKE RED  → ALARM CLOCK BAKELIKE GREEN"
frozenset({'ALARM CLOCK BAKELIKE CHOCOLATE'}),frozenset({'ALARM CLOCK BAKELIKE PINK'}),0.021088850657639158,0.03640601587213497,0.01026694045174538,0.4868421052631579,13.372573010269576,1.0,0.009499179419978285,1.877772892146609,0.9451522501582029,0.21739130434782608,0.4674542357159962,0.3844271501925546,ALARM CLOCK BAKELIKE CHOCOLATE,ALARM CLOCK BAKELIKE PINK,ALARM CLOCK BAKELIKE CHOCOLATE → ALARM CLOCK BAKELIKE PINK
"frozenset({'DOTCOM POSTAGE', 'JUMBO STORAGE BAG SUKI'})",frozenset({'RECYCLING BAG RETROSPOT '}),0.021921305288861756,0.03940285254453632,0.011543370886286698,0.5265822784810127,13.364064895703335,1.0,0.010679608926405914,2.029068840881862,0.9459080056915394,0.2318840579710145,0.5071630987318371,0.40977001247994294,"DOTCOM POSTAGE, JUMBO STORAGE BAG SUKI",RECYCLING BAG RETROSPOT ,"DOTCOM POSTAGE, JUMBO STORAGE BAG SUKI → RECYCLING BAG RETROSPOT "
"frozenset({'JUMBO BAG RED RETROSPOT', 'RED RETROSPOT CHARLOTTE BAG'})",frozenset({'STRAWBERRY CHARLOTTE BAG'}),0.021366335534713357,0.03734946445418725,0.01065541927964926,0.49870129870129876,13.352301190637002,1.0,0.009857398090079246,1.92031324448258,0.9453042299913047,0.22170900692840648,0.4792516258099102,0.3919955230505008,"JUMBO BAG RED RETROSPOT, RED RETROSPOT CHARLOTTE BAG",STRAWBERRY CHARLOTTE BAG,"JUMBO BAG RED RETROSPOT, RED RETROSPOT CHARLOTTE BAG → STRAWBERRY CHARLOTTE BAG"
"frozenset({'DOTCOM POSTAGE', 'JUMBO BAG RED RETROSPOT'})",frozenset({'RECYCLING BAG RETROSPOT '}),0.026916033076197346,0.03940285254453632,0.014151728730784172,0.5257731958762887,13.343531290837811,1.0,0.013091160248398905,2.0256070283299996,0.9506449094979614,0.2712765957446808,0.506320828268233,0.4424640627268768,"DOTCOM POSTAGE, JUMBO BAG RED RETROSPOT",RECYCLING BAG RETROSPOT ,"DOTCOM POSTAGE, JUMBO BAG RED RETROSPOT → RECYCLING BAG RETROSPOT "
"frozenset({'JUMBO BAG PINK POLKADOT', 'JUMBO SHOPPER VINTAGE RED PAISLEY'})",frozenset({'JUMBO BAG WOODLAND ANIMALS'}),0.02519562683833731,0.04079027692990732,0.013652255952050614,0.5418502202643172,13.283808325092151,1.0,0.01262451935589223,2.09365968400876,0.9486214964626162,0.2608695652173913,0.5223674565460964,0.4382720489076688,"JUMBO BAG PINK POLKADOT, JUMBO SHOPPER VINTAGE RED PAISLEY",JUMBO BAG WOODLAND ANIMALS,"JUMBO BAG PINK POLKADOT, JUMBO SHOPPER VINTAGE RED PAISLEY → JUMBO BAG WOODLAND ANIMALS"
"frozenset({'DOTCOM POSTAGE', 'GREEN REGENCY TEACUP AND SAUCER'})",frozenset({'ROSES REGENCY TEACUP AND SAUCER '}),0.018369498862312005,0.053055108496586935,0.012930795271657695,0.7039274924471299,13.267855111302127,1.0,0.011956199516489801,3.1983546845676507,0.9419326989710053,0.2210626185958254,0.6873392420093087,0.47382567090975747,"DOTCOM POSTAGE, GREEN REGENCY TEACUP AND SAUCER",ROSES REGENCY TEACUP AND SAUCER ,"DOTCOM POSTAGE, GREEN REGENCY TEACUP AND SAUCER → ROSES REGENCY TEACUP AND SAUCER "
"frozenset({'LUNCH BAG RED RETROSPOT', 'LUNCH BAG VINTAGE LEAF DESIGN'})",frozenset({'LUNCH BAG APPLE DESIGN'}),0.01614961984571841,0.0507797325045785,0.010877407181308618,0.6735395189003436,13.263943815371903,1.0,0.010057333805492405,2.907611556222817,0.9397848094562735,0.19405940594059407,0.6560751047161653,0.44387358458678383,"LUNCH BAG RED RETROSPOT, LUNCH BAG VINTAGE LEAF DESIGN",LUNCH BAG APPLE DESIGN,"LUNCH BAG RED RETROSPOT, LUNCH BAG VINTAGE LEAF DESIGN → LUNCH BAG APPLE DESIGN"
"frozenset({'JUMBO STORAGE BAG SUKI', 'JUMBO BAG PINK POLKADOT'})",frozenset({'JUMBO BAG WOODLAND ANIMALS'}),0.028025972584494144,0.04079027692990732,0.01509517731283645,0.5386138613861386,13.20446689566916,1.0,0.013951990129884944,2.078973863306424,0.9509184669071464,0.2809917355371901,0.5189934718998399,0.4543409442985115,"JUMBO BAG PINK POLKADOT, JUMBO STORAGE BAG SUKI",JUMBO BAG WOODLAND ANIMALS,"JUMBO BAG PINK POLKADOT, JUMBO STORAGE BAG SUKI → JUMBO BAG WOODLAND ANIMALS"
"frozenset({'JUMBO BAG PINK POLKADOT', 'JUMBO BAG SCANDINAVIAN BLUE PAISLEY'})",frozenset({'JUMBO BAG PINK VINTAGE PAISLEY'}),0.016871080526111328,0.04523003496309451,0.01004495255008602,0.5953947368421052,13.163702776880852,1.0,0.009281872988024822,2.359756661554628,0.9398905007617542,0.19296375266524518,0.5762274914646532,0.40874031320632864,"JUMBO BAG PINK POLKADOT, JUMBO BAG SCANDINAVIAN BLUE PAISLEY",JUMBO BAG PINK VINTAGE PAISLEY,"JUMBO BAG PINK POLKADOT, JUMBO BAG SCANDINAVIAN BLUE PAISLEY → JUMBO BAG PINK VINTAGE PAISLEY"
"frozenset({'JUMBO BAG PINK VINTAGE PAISLEY', 'JUMBO SHOPPER VINTAGE RED PAISLEY'})",frozenset({'JUMBO BAG SCANDINAVIAN BLUE PAISLEY'}),0.022254287141350797,0.03524057938842333,0.010322437427160219,0.46384039900249374,13.162110471851866,1.0,0.009538183454422677,1.7993885007685686,0.9450558873683682,0.2188235294117647,0.4442556459748006,0.3783768924146327,"JUMBO BAG PINK VINTAGE PAISLEY, JUMBO SHOPPER VINTAGE RED PAISLEY",JUMBO BAG SCANDINAVIAN BLUE PAISLEY,"JUMBO BAG PINK VINTAGE PAISLEY, JUMBO SHOPPER VINTAGE RED PAISLEY → JUMBO BAG SCANDINAVIAN BLUE PAISLEY"
"frozenset({'LUNCH BAG RED RETROSPOT', 'LUNCH BAG APPLE DESIGN'})",frozenset({'LUNCH BAG VINTAGE LEAF DESIGN'}),0.023919196403795993,0.034574615683445255,0.010877407181308618,0.4547563805104408,13.15289762506843,1.0,0.010050410158190526,1.7706312367678092,0.9466133565093083,0.22843822843822842,0.4352296631649593,0.38468156104173723,"LUNCH BAG APPLE DESIGN, LUNCH BAG RED RETROSPOT",LUNCH BAG VINTAGE LEAF DESIGN,"LUNCH BAG APPLE DESIGN, LUNCH BAG RED RETROSPOT → LUNCH BAG VINTAGE LEAF DESIGN"
"frozenset({'DOTCOM POSTAGE', 'JUMBO BAG RED RETROSPOT'})",frozenset({'RED TOADSTOOL LED NIGHT LIGHT'}),0.026916033076197346,0.036572506798379485,0.012930795271657695,0.48041237113402063,13.135888490840545,1.0,0.01194640846899306,1.8542156119158175,0.9494275010023445,0.2557628979143798,0.4606883937479216,0.4169891901193624,"DOTCOM POSTAGE, JUMBO BAG RED RETROSPOT",RED TOADSTOOL LED NIGHT LIGHT,"DOTCOM POSTAGE, JUMBO BAG RED RETROSPOT → RED TOADSTOOL LED NIGHT LIGHT"
frozenset({'HOT WATER BOTTLE I AM SO POORLY'}),frozenset({'CHOCOLATE HOT WATER BOTTLE'}),0.03524057938842333,0.04550751984016871,0.02103335368222432,0.5968503937007874,13.115423468407913,1.0,0.019429642316526604,2.3675887691464568,0.9574966274753601,0.3522304832713755,0.5776293531074184,0.5295227578260034,HOT WATER BOTTLE I AM SO POORLY,CHOCOLATE HOT WATER BOTTLE,HOT WATER BOTTLE I AM SO POORLY → CHOCOLATE HOT WATER BOTTLE
frozenset({'CHOCOLATE HOT WATER BOTTLE'}),frozenset({'HOT WATER BOTTLE I AM SO POORLY'}),0.04550751984016871,0.03524057938842333,0.02103335368222432,0.46219512195121953,13.115423468407913,1.0,0.019429642316526604,1.793883729935358,0.967795881855437,0.3522304832713755,0.44255027050385554,0.5295227578260034,CHOCOLATE HOT WATER BOTTLE,HOT WATER BOTTLE I AM SO POORLY,CHOCOLATE HOT WATER BOTTLE → HOT WATER BOTTLE I AM SO POORLY
frozenset({'STRAWBERRY CHARLOTTE BAG'}),frozenset({'CHARLOTTE BAG APPLES DESIGN'}),0.03734946445418725,0.027471002830345745,0.013430268050391254,0.35958395245170877,13.089582301469376,1.0,0.012404240806658378,1.518589362169785,0.9594378583482699,0.2613390928725702,0.341494135997908,0.4242364206702989,STRAWBERRY CHARLOTTE BAG,CHARLOTTE BAG APPLES DESIGN,STRAWBERRY CHARLOTTE BAG → CHARLOTTE BAG APPLES DESIGN
frozenset({'CHARLOTTE BAG APPLES DESIGN'}),frozenset({'STRAWBERRY CHARLOTTE BAG'}),0.027471002830345745,0.03734946445418725,0.013430268050391254,0.48888888888888893,13.089582301469374,1.0,0.012404240806658378,1.883446699980938,0.9496923699445955,0.2613390928725702,0.4690585085258209,0.4242364206702989,CHARLOTTE BAG APPLES DESIGN,STRAWBERRY CHARLOTTE BAG,CHARLOTTE BAG APPLES DESIGN → STRAWBERRY CHARLOTTE BAG
frozenset({'CHARLOTTE BAG SUKI DESIGN'}),frozenset({'STRAWBERRY CHARLOTTE BAG'}),0.044619568233531276,0.03734946445418725,0.021810311338032077,0.4888059701492537,13.087362223060033,1.0,0.020143794360332617,1.8831411936224658,0.9667252728736035,0.3625461254612546,0.4689723726576388,0.5363792109290102,CHARLOTTE BAG SUKI DESIGN,STRAWBERRY CHARLOTTE BAG,CHARLOTTE BAG SUKI DESIGN → STRAWBERRY CHARLOTTE BAG
frozenset({'STRAWBERRY CHARLOTTE BAG'}),frozenset({'CHARLOTTE BAG SUKI DESIGN'}),0.03734946445418725,0.044619568233531276,0.021810311338032077,0.5839524517087666,13.087362223060031,1.0,0.020143794360332617,2.296325109210119,0.9594243959713528,0.3625461254612546,0.5645215932233671,0.5363792109290102,STRAWBERRY CHARLOTTE BAG,CHARLOTTE BAG SUKI DESIGN,STRAWBERRY CHARLOTTE BAG → CHARLOTTE BAG SUKI DESIGN
frozenset({'CHARLOTTE BAG VINTAGE ALPHABET '}),frozenset({'STRAWBERRY CHARLOTTE BAG'}),0.022531772018424996,0.03734946445418725,0.010988401132138299,0.4876847290640394,13.057341950973143,1.0,0.010146851514046283,1.8790197953442305,0.9447005110435531,0.22474460839954594,0.467807629021384,0.3909448905349915,CHARLOTTE BAG VINTAGE ALPHABET ,STRAWBERRY CHARLOTTE BAG,CHARLOTTE BAG VINTAGE ALPHABET  → STRAWBERRY CHARLOTTE BAG
"frozenset({'JUMBO BAG OWLS', 'JUMBO BAG RED RETROSPOT'})",frozenset({'DOTCOM POSTAGE'}),0.02053388090349076,0.03918086464287696,0.01048892835340474,0.5108108108108108,13.037252124645892,1.0,0.009684393145132112,1.9641054148184283,0.9426530453784123,0.21307779030439683,0.4908623577658407,0.3892580966235357,"JUMBO BAG OWLS, JUMBO BAG RED RETROSPOT",DOTCOM POSTAGE,"JUMBO BAG OWLS, JUMBO BAG RED RETROSPOT → DOTCOM POSTAGE"
frozenset({'HAND WARMER UNION JACK'}),frozenset({'HAND WARMER BIRD DESIGN'}),0.02641656029746379,0.02985737277318386,0.01026694045174538,0.38865546218487396,13.017068351504172,1.0,0.009478211363558715,1.5868999675600153,0.9482266739178328,0.2231604342581423,0.3698405567821775,0.3662608165942957,HAND WARMER UNION JACK,HAND WARMER BIRD DESIGN,HAND WARMER UNION JACK → HAND WARMER BIRD DESIGN
frozenset({'HAND WARMER BIRD DESIGN'}),frozenset({'HAND WARMER UNION JACK'}),0.02985737277318386,0.02641656029746379,0.01026694045174538,0.34386617100371747,13.01706835150417,1.0,0.009478211363558715,1.4838183868554233,0.9515897569098188,0.2231604342581423,0.3260630756037157,0.3662608165942957,HAND WARMER BIRD DESIGN,HAND WARMER UNION JACK,HAND WARMER BIRD DESIGN → HAND WARMER UNION JACK
frozenset({'ALARM CLOCK BAKELIKE IVORY'}),frozenset({'ALARM CLOCK BAKELIKE PINK'}),0.029080415117376104,0.03640601587213497,0.013763249902880293,0.4732824427480916,13.000116365667473,1.0,0.012704547848548825,1.8294320568224685,0.9507250919617587,0.26609442060085836,0.4533822689557025,0.42566561161794825,ALARM CLOCK BAKELIKE IVORY,ALARM CLOCK BAKELIKE PINK,ALARM CLOCK BAKELIKE IVORY → ALARM CLOCK BAKELIKE PINK
frozenset({'ALARM CLOCK BAKELIKE PINK'}),frozenset({'ALARM CLOCK BAKELIKE IVORY'}),0.03640601587213497,0.029080415117376104,0.013763249902880293,0.3780487804878049,13.000116365667473,1.0,0.012704547848548825,1.5610863913799051,0.9579528585999522,0.26609442060085836,0.35942046159529906,0.42566561161794825,ALARM CLOCK BAKELIKE PINK,ALARM CLOCK BAKELIKE IVORY,ALARM CLOCK BAKELIKE PINK → ALARM CLOCK BAKELIKE IVORY
"frozenset({'JUMBO BAG RED RETROSPOT', 'CHARLOTTE BAG SUKI DESIGN'})",frozenset({'RED RETROSPOT CHARLOTTE BAG'}),0.017037571452355845,0.050113768799600424,0.011099395082967978,0.6514657980456027,12.99973667218573,1.0,0.010245578166297944,2.7253745138179695,0.9390749209575429,0.19801980198019803,0.6330779513311354,0.43647487022988884,"CHARLOTTE BAG SUKI DESIGN, JUMBO BAG RED RETROSPOT",RED RETROSPOT CHARLOTTE BAG,"CHARLOTTE BAG SUKI DESIGN, JUMBO BAG RED RETROSPOT → RED RETROSPOT CHARLOTTE BAG"
frozenset({'SMALL HEART MEASURING SPOONS'}),frozenset({'DOTCOM POSTAGE'}),0.02486264498584827,0.03918086464287696,0.012653310394583495,0.5089285714285714,12.989212363415621,1.0,0.011679170466729071,1.9565771483635959,0.9465466922670629,0.2462203023758099,0.48890336328605255,0.41593737353298255,SMALL HEART MEASURING SPOONS,DOTCOM POSTAGE,SMALL HEART MEASURING SPOONS → DOTCOM POSTAGE
frozenset({'DOTCOM POSTAGE'}),frozenset({'SMALL HEART MEASURING SPOONS'}),0.03918086464287696,0.02486264498584827,0.012653310394583495,0.32294617563739375,12.989212363415621,1.0,0.011679170466729071,1.4402656331380566,0.960652222597156,0.2462203023758099,0.30568363432987294,0.41593737353298255,DOTCOM POSTAGE,SMALL HEART MEASURING SPOONS,DOTCOM POSTAGE → SMALL HEART MEASURING SPOONS
frozenset({'SET OF 3 HEART COOKIE CUTTERS'}),frozenset({'SET OF 3 BUTTERFLY COOKIE CUTTERS'}),0.03479660358510461,0.03518508241300849,0.01587213496864421,0.456140350877193,12.964026786208425,1.0,0.014647813603809517,1.774014525885759,0.9561336777298138,0.29333333333333333,0.436306757690891,0.4536222259117827,SET OF 3 HEART COOKIE CUTTERS,SET OF 3 BUTTERFLY COOKIE CUTTERS,SET OF 3 HEART COOKIE CUTTERS → SET OF 3 BUTTERFLY COOKIE CUTTERS
frozenset({'SET OF 3 BUTTERFLY COOKIE CUTTERS'}),frozenset({'SET OF 3 HEART COOKIE CUTTERS'}),0.03518508241300849,0.03479660358510461,0.01587213496864421,0.4511041009463723,12.964026786208425,1.0,0.014647813603809517,1.7584452681811602,0.9565186610915687,0.29333333333333333,0.4313158230768562,0.4536222259117827,SET OF 3 BUTTERFLY COOKIE CUTTERS,SET OF 3 HEART COOKIE CUTTERS,SET OF 3 BUTTERFLY COOKIE CUTTERS → SET OF 3 HEART COOKIE CUTTERS
frozenset({'ALARM CLOCK BAKELIKE CHOCOLATE'}),frozenset({'ALARM CLOCK BAKELIKE RED '}),0.021088850657639158,0.051612187135801096,0.014096231755369332,0.6684210526315789,12.950837577815507,1.0,0.013007790048748299,2.860217213399965,0.9426646304962207,0.24053030303030304,0.6503762038368788,0.4707696661007357,ALARM CLOCK BAKELIKE CHOCOLATE,ALARM CLOCK BAKELIKE RED ,ALARM CLOCK BAKELIKE CHOCOLATE → ALARM CLOCK BAKELIKE RED 
"frozenset({'JUMBO STORAGE BAG SUKI', 'JUMBO SHOPPER VINTAGE RED PAISLEY'})",frozenset({'JUMBO BAG WOODLAND ANIMALS'}),0.028469948387812864,0.04079027692990732,0.015039680337421611,0.5282651072124757,12.950760499131428,1.0,0.013878383258502556,2.033366065846932,0.9498259531892703,0.27737973387922216,0.5082046382123119,0.4484862951028365,"JUMBO SHOPPER VINTAGE RED PAISLEY, JUMBO STORAGE BAG SUKI",JUMBO BAG WOODLAND ANIMALS,"JUMBO SHOPPER VINTAGE RED PAISLEY, JUMBO STORAGE BAG SUKI → JUMBO BAG WOODLAND ANIMALS"
frozenset({'ALARM CLOCK BAKELIKE ORANGE'}),frozenset({'ALARM CLOCK BAKELIKE RED '}),0.022032299239691435,0.051612187135801096,0.01470669848493257,0.6675062972292192,12.933113945992796,1.0,0.013569563333541647,2.8523481947506593,0.9434658220963075,0.2495291902071563,0.6494116665558722,0.47622626689417946,ALARM CLOCK BAKELIKE ORANGE,ALARM CLOCK BAKELIKE RED ,ALARM CLOCK BAKELIKE ORANGE → ALARM CLOCK BAKELIKE RED 
frozenset({'PICNIC BASKET WICKER SMALL'}),frozenset({'DOTCOM POSTAGE'}),0.02497363893667795,0.03918086464287696,0.012653310394583495,0.5066666666666667,12.931482530689332,1.0,0.011674821627765435,1.947606355453628,0.9463019493066436,0.2456896551724138,0.48654922120179445,0.41480642115203026,PICNIC BASKET WICKER SMALL,DOTCOM POSTAGE,PICNIC BASKET WICKER SMALL → DOTCOM POSTAGE
frozenset({'DOTCOM POSTAGE'}),frozenset({'PICNIC BASKET WICKER SMALL'}),0.03918086464287696,0.02497363893667795,0.012653310394583495,0.32294617563739375,12.93148253068933,1.0,0.011674821627765435,1.4401016964659108,0.9602945155298575,0.2456896551724138,0.30560459552679137,0.41480642115203026,DOTCOM POSTAGE,PICNIC BASKET WICKER SMALL,DOTCOM POSTAGE → PICNIC BASKET WICKER SMALL
"frozenset({'JUMBO BAG RED RETROSPOT', 'RED RETROSPOT CHARLOTTE BAG'})",frozenset({'WOODLAND CHARLOTTE BAG'}),0.021366335534713357,0.037793440257505966,0.0104334313779899,0.48831168831168836,12.920540839483571,1.0,0.009625924052436884,1.8804544441668032,0.9427469057599077,0.21412300683371302,0.4682136527678113,0.3821881495890307,"JUMBO BAG RED RETROSPOT, RED RETROSPOT CHARLOTTE BAG",WOODLAND CHARLOTTE BAG,"JUMBO BAG RED RETROSPOT, RED RETROSPOT CHARLOTTE BAG → WOODLAND CHARLOTTE BAG"
"frozenset({'JUMBO BAG TOYS ', 'JUMBO SHOPPER VINTAGE RED PAISLEY'})",frozenset({'JUMBO STORAGE BAG SUKI'}),0.014595704534102891,0.06271158221876907,0.011820855763360897,0.8098859315589354,12.91445539890306,1.0,0.010905536038429644,4.930137077529276,0.9362323599931043,0.1805084745762712,0.7971658831642168,0.49919075339008717,"JUMBO BAG TOYS , JUMBO SHOPPER VINTAGE RED PAISLEY",JUMBO STORAGE BAG SUKI,"JUMBO BAG TOYS , JUMBO SHOPPER VINTAGE RED PAISLEY → JUMBO STORAGE BAG SUKI"
"frozenset({'JUMBO BAG PINK VINTAGE PAISLEY', 'JUMBO STORAGE BAG SUKI'})",frozenset({'JUMBO BAG WOODLAND ANIMALS'}),0.01981242022309784,0.04079027692990732,0.0104334313779899,0.5266106442577031,12.910200270584426,1.0,0.009625277270438043,2.0262595925208466,0.9411891017378337,0.2079646017699115,0.5064798194214043,0.3911964785914366,"JUMBO BAG PINK VINTAGE PAISLEY, JUMBO STORAGE BAG SUKI",JUMBO BAG WOODLAND ANIMALS,"JUMBO BAG PINK VINTAGE PAISLEY, JUMBO STORAGE BAG SUKI → JUMBO BAG WOODLAND ANIMALS"
frozenset({'CHARLOTTE BAG VINTAGE ALPHABET '}),frozenset({'WOODLAND CHARLOTTE BAG'}),0.022531772018424996,0.037793440257505966,0.010988401132138299,0.4876847290640394,12.903951737158483,1.0,0.010136847952464209,1.8781531887281373,0.9437691512295499,0.22272215973003373,0.4675620678858534,0.38921681387122675,CHARLOTTE BAG VINTAGE ALPHABET ,WOODLAND CHARLOTTE BAG,CHARLOTTE BAG VINTAGE ALPHABET  → WOODLAND CHARLOTTE BAG
"frozenset({'LUNCH BAG  BLACK SKULL.', 'LUNCH BAG VINTAGE LEAF DESIGN'})",frozenset({'LUNCH BAG APPLE DESIGN'}),0.01603862589488873,0.0507797325045785,0.01048892835340474,0.6539792387543252,12.87874524930512,1.0,0.009674491220721284,2.7432465730617674,0.9373870849336162,0.18620689655172412,0.6354684227732803,0.43026830790175274,"LUNCH BAG  BLACK SKULL., LUNCH BAG VINTAGE LEAF DESIGN",LUNCH BAG APPLE DESIGN,"LUNCH BAG  BLACK SKULL., LUNCH BAG VINTAGE LEAF DESIGN → LUNCH BAG APPLE DESIGN"
frozenset({'CHARLOTTE BAG VINTAGE ALPHABET '}),frozenset({'CHARLOTTE BAG PINK POLKADOT'}),0.022531772018424996,0.03734946445418725,0.010821910205893778,0.480295566502463,12.85950343656446,1.0,0.009980360587801763,1.8523038740834121,0.943495116515045,0.2205882352941176,0.46013177751688467,0.38502148310264306,CHARLOTTE BAG VINTAGE ALPHABET ,CHARLOTTE BAG PINK POLKADOT,CHARLOTTE BAG VINTAGE ALPHABET  → CHARLOTTE BAG PINK POLKADOT
"frozenset({'JUMBO BAG WOODLAND ANIMALS', 'JUMBO STORAGE BAG SUKI'})",frozenset({'JUMBO BAG SPACEBOY DESIGN'}),0.023586214551306953,0.034519118708030413,0.0104334313779899,0.4423529411764706,12.814722905239266,1.0,0.00961925603802026,1.7313475719370763,0.9442357041447882,0.2188591385331781,0.42241522372011403,0.37230187251749575,"JUMBO BAG WOODLAND ANIMALS, JUMBO STORAGE BAG SUKI",JUMBO BAG SPACEBOY DESIGN,"JUMBO BAG WOODLAND ANIMALS, JUMBO STORAGE BAG SUKI → JUMBO BAG SPACEBOY DESIGN"
frozenset({'CHARLOTTE BAG VINTAGE ALPHABET '}),frozenset({'CHARLOTTE BAG SUKI DESIGN'}),0.022531772018424996,0.044619568233531276,0.012875298296242855,0.5714285714285714,12.806680881307745,1.0,0.01186994035724437,2.2292210074550933,0.9431669789360132,0.2372188139059305,0.5514128044479482,0.42999289267945984,CHARLOTTE BAG VINTAGE ALPHABET ,CHARLOTTE BAG SUKI DESIGN,CHARLOTTE BAG VINTAGE ALPHABET  → CHARLOTTE BAG SUKI DESIGN
"frozenset({'SET 3 RETROSPOT TEA,COFFEE,SUGAR'})",frozenset({'DOTCOM POSTAGE'}),0.020811365780564958,0.03918086464287696,0.0104334313779899,0.5013333333333334,12.795361661945233,1.0,0.009618024072308183,1.9267763409567977,0.941439317566818,0.2105263157894737,0.48099840197154364,0.3838111425873466,"SET 3 RETROSPOT TEA,COFFEE,SUGAR",DOTCOM POSTAGE,"SET 3 RETROSPOT TEA,COFFEE,SUGAR → DOTCOM POSTAGE"
frozenset({'CHARLOTTE BAG SUKI DESIGN'}),frozenset({'CHARLOTTE BAG PINK POLKADOT'}),0.044619568233531276,0.03734946445418725,0.02131083855929852,0.47761194029850745,12.787651637799117,1.0,0.01964432158159906,1.8427881680448417,0.9648507841998258,0.35132662397072284,0.4573440304530616,0.5240957175489566,CHARLOTTE BAG SUKI DESIGN,CHARLOTTE BAG PINK POLKADOT,CHARLOTTE BAG SUKI DESIGN → CHARLOTTE BAG PINK POLKADOT
frozenset({'CHARLOTTE BAG PINK POLKADOT'}),frozenset({'CHARLOTTE BAG SUKI DESIGN'}),0.03734946445418725,0.044619568233531276,0.02131083855929852,0.5705794947994056,12.787651637799115,1.0,0.01964432158159906,2.2248132545980392,0.9575640637610976,0.35132662397072284,0.5505240730055468,0.5240957175489566,CHARLOTTE BAG PINK POLKADOT,CHARLOTTE BAG SUKI DESIGN,CHARLOTTE BAG PINK POLKADOT → CHARLOTTE BAG SUKI DESIGN
"frozenset({'JUMBO BAG PINK POLKADOT', 'JUMBO SHOPPER VINTAGE RED PAISLEY'})",frozenset({'JUMBO BAG SCANDINAVIAN BLUE PAISLEY'}),0.02519562683833731,0.03524057938842333,0.011321382984627338,0.44933920704845814,12.75061916819869,1.0,0.010433474496789823,1.752003107830623,0.9453921847702931,0.23050847457627116,0.4292247567767008,0.3852995247840716,"JUMBO BAG PINK POLKADOT, JUMBO SHOPPER VINTAGE RED PAISLEY",JUMBO BAG SCANDINAVIAN BLUE PAISLEY,"JUMBO BAG PINK POLKADOT, JUMBO SHOPPER VINTAGE RED PAISLEY → JUMBO BAG SCANDINAVIAN BLUE PAISLEY"
"frozenset({'JUMBO BAG OWLS', 'JUMBO BAG RED RETROSPOT'})",frozenset({'JUMBO BAG WOODLAND ANIMALS'}),0.02053388090349076,0.04079027692990732,0.01065541927964926,0.518918918918919,12.721632653061226,1.0,0.009817836591150136,1.993862907505249,0.9407101677148846,0.21029572836801755,0.4984610043971303,0.39007170435741867,"JUMBO BAG OWLS, JUMBO BAG RED RETROSPOT",JUMBO BAG WOODLAND ANIMALS,"JUMBO BAG OWLS, JUMBO BAG RED RETROSPOT → JUMBO BAG WOODLAND ANIMALS"
"frozenset({'JUMBO STORAGE BAG SKULLS', 'JUMBO STORAGE BAG SUKI'})",frozenset({'JUMBO BAG WOODLAND ANIMALS'}),0.02025639602641656,0.04079027692990732,0.01048892835340474,0.5178082191780822,12.69440313111546,1.0,0.009662664349885334,1.989270164321499,0.9402716413025691,0.2074643249176729,0.4973030722847641,0.38747553816046965,"JUMBO STORAGE BAG SKULLS, JUMBO STORAGE BAG SUKI",JUMBO BAG WOODLAND ANIMALS,"JUMBO STORAGE BAG SKULLS, JUMBO STORAGE BAG SUKI → JUMBO BAG WOODLAND ANIMALS"
"frozenset({'JUMBO STORAGE BAG SUKI', 'JUMBO SHOPPER VINTAGE RED PAISLEY'})",frozenset({'DOTCOM POSTAGE'}),0.028469948387812864,0.03918086464287696,0.014151728730784172,0.49707602339181284,12.686703775491608,1.0,0.013036251536611582,1.9104659551868373,0.9481717192760801,0.26452282157676343,0.47656748486669415,0.4291329125457648,"JUMBO SHOPPER VINTAGE RED PAISLEY, JUMBO STORAGE BAG SUKI",DOTCOM POSTAGE,"JUMBO SHOPPER VINTAGE RED PAISLEY, JUMBO STORAGE BAG SUKI → DOTCOM POSTAGE"
frozenset({'ALARM CLOCK BAKELIKE ORANGE'}),frozenset({'ALARM CLOCK BAKELIKE PINK'}),0.022032299239691435,0.03640601587213497,0.0101559465009157,0.4609571788413099,12.66156616698409,1.0,0.009353838265095867,1.7876019238259926,0.9417701916320447,0.2103448275862069,0.44059133822159546,0.3699602967377281,ALARM CLOCK BAKELIKE ORANGE,ALARM CLOCK BAKELIKE PINK,ALARM CLOCK BAKELIKE ORANGE → ALARM CLOCK BAKELIKE PINK
frozenset({'ALARM CLOCK BAKELIKE IVORY'}),frozenset({'ALARM CLOCK BAKELIKE RED '}),0.029080415117376104,0.051612187135801096,0.01897996559187524,0.6526717557251908,12.645690716572272,1.0,0.017479061764850447,2.7305231535210996,0.9485045852699769,0.30755395683453235,0.6337698148757804,0.5102068456045309,ALARM CLOCK BAKELIKE IVORY,ALARM CLOCK BAKELIKE RED ,ALARM CLOCK BAKELIKE IVORY → ALARM CLOCK BAKELIKE RED 
frozenset({'ALARM CLOCK BAKELIKE RED '}),frozenset({'ALARM CLOCK BAKELIKE IVORY'}),0.051612187135801096,0.029080415117376104,0.01897996559187524,0.36774193548387096,12.645690716572272,1.0,0.017479061764850447,1.535638118947007,0.9710391315640614,0.30755395683453235,0.3488049120025077,0.5102068456045309,ALARM CLOCK BAKELIKE RED ,ALARM CLOCK BAKELIKE IVORY,ALARM CLOCK BAKELIKE RED  → ALARM CLOCK BAKELIKE IVORY
frozenset({'CHARLOTTE BAG SUKI DESIGN'}),frozenset({'CHARLOTTE BAG APPLES DESIGN'}),0.044619568233531276,0.027471002830345745,0.01548365614074033,0.3470149253731343,12.632044323835368,1.0,0.014257911855508187,1.4893586928083846,0.9638424854543581,0.27352941176470585,0.3285700719184265,0.45532564450474894,CHARLOTTE BAG SUKI DESIGN,CHARLOTTE BAG APPLES DESIGN,CHARLOTTE BAG SUKI DESIGN → CHARLOTTE BAG APPLES DESIGN
frozenset({'CHARLOTTE BAG APPLES DESIGN'}),frozenset({'CHARLOTTE BAG SUKI DESIGN'}),0.027471002830345745,0.044619568233531276,0.01548365614074033,0.5636363636363636,12.632044323835366,1.0,0.014257911855508187,2.189413489464824,0.9468470889692293,0.27352941176470585,0.5432566736197291,0.45532564450474894,CHARLOTTE BAG APPLES DESIGN,CHARLOTTE BAG SUKI DESIGN,CHARLOTTE BAG APPLES DESIGN → CHARLOTTE BAG SUKI DESIGN
"frozenset({'PACK OF 60 PINK PAISLEY CAKE CASES', 'PACK OF 72 RETROSPOT CAKE CASES'})",frozenset({'60 TEATIME FAIRY CAKE CASES'}),0.02103335368222432,0.04178922248737444,0.011099395082967978,0.5277044854881267,12.627765104927693,1.0,0.01022042758628587,2.0288373445658383,0.940593253968254,0.21459227467811157,0.5071068645899777,0.39665436757806066,"PACK OF 60 PINK PAISLEY CAKE CASES, PACK OF 72 RETROSPOT CAKE CASES",60 TEATIME FAIRY CAKE CASES,"PACK OF 60 PINK PAISLEY CAKE CASES, PACK OF 72 RETROSPOT CAKE CASES → 60 TEATIME FAIRY CAKE CASES"
"frozenset({'JAM MAKING SET PRINTED', 'DOTCOM POSTAGE'})",frozenset({'GREEN REGENCY TEACUP AND SAUCER'}),0.01642710472279261,0.05172318108663078,0.0107109162550641,0.652027027027027,12.60608905579399,1.0,0.00986125414275805,2.7251450329937597,0.9360498447759258,0.18647342995169078,0.6330470533153859,0.42955428604570234,"DOTCOM POSTAGE, JAM MAKING SET PRINTED",GREEN REGENCY TEACUP AND SAUCER,"DOTCOM POSTAGE, JAM MAKING SET PRINTED → GREEN REGENCY TEACUP AND SAUCER"
frozenset({'PACK OF 60 SPACEBOY CAKE CASES'}),frozenset({'PACK OF 72 SKULL CAKE CASES'}),0.024474166157944392,0.03346467617514846,0.010322437427160219,0.42176870748299317,12.603400232398098,1.0,0.009503417382027833,1.671537560026508,0.9437539226085393,0.21678321678321677,0.40174841181304854,0.3651132094628896,PACK OF 60 SPACEBOY CAKE CASES,PACK OF 72 SKULL CAKE CASES,PACK OF 60 SPACEBOY CAKE CASES → PACK OF 72 SKULL CAKE CASES
frozenset({'PACK OF 72 SKULL CAKE CASES'}),frozenset({'PACK OF 60 SPACEBOY CAKE CASES'}),0.03346467617514846,0.024474166157944392,0.010322437427160219,0.308457711442786,12.603400232398098,1.0,0.009503417382027833,1.4106524647644112,0.9525325247825508,0.21678321678321677,0.2911081751329822,0.3651132094628896,PACK OF 72 SKULL CAKE CASES,PACK OF 60 SPACEBOY CAKE CASES,PACK OF 72 SKULL CAKE CASES → PACK OF 60 SPACEBOY CAKE CASES
frozenset({'WOODLAND CHARLOTTE BAG'}),frozenset({'RED RETROSPOT CHARLOTTE BAG'}),0.037793440257505966,0.050113768799600424,0.023863699428381152,0.631424375917768,12.599818194531851,1.0,0.021969727701174988,2.577181368316622,0.956794324604914,0.3726169844020797,0.6119791907958788,0.5538074260541221,WOODLAND CHARLOTTE BAG,RED RETROSPOT CHARLOTTE BAG,WOODLAND CHARLOTTE BAG → RED RETROSPOT CHARLOTTE BAG
frozenset({'RED RETROSPOT CHARLOTTE BAG'}),frozenset({'WOODLAND CHARLOTTE BAG'}),0.050113768799600424,0.037793440257505966,0.023863699428381152,0.47619047619047616,12.599818194531851,1.0,0.021969727701174988,1.836939795872034,0.9692042533302174,0.3726169844020797,0.45561634504995907,0.5538074260541221,RED RETROSPOT CHARLOTTE BAG,WOODLAND CHARLOTTE BAG,RED RETROSPOT CHARLOTTE BAG → WOODLAND CHARLOTTE BAG
"frozenset({'DOTCOM POSTAGE', 'JUMBO STORAGE BAG SUKI'})",frozenset({'RED TOADSTOOL LED NIGHT LIGHT'}),0.021921305288861756,0.036572506798379485,0.01010044952550086,0.46075949367088614,12.598520965790133,1.0,0.009298732438794612,1.7866378395053526,0.9412592344106189,0.20871559633027528,0.4402894767543605,0.3684677589750486,"DOTCOM POSTAGE, JUMBO STORAGE BAG SUKI",RED TOADSTOOL LED NIGHT LIGHT,"DOTCOM POSTAGE, JUMBO STORAGE BAG SUKI → RED TOADSTOOL LED NIGHT LIGHT"
"frozenset({'JUMBO STORAGE BAG SUKI', 'JUMBO BAG APPLES'})",frozenset({'JUMBO BAG WOODLAND ANIMALS'}),0.0200344081247572,0.04079027692990732,0.01026694045174538,0.5124653739612188,12.563419827764902,1.0,0.009449731396209748,1.9674699433426333,0.9392205661318812,0.20307354555433588,0.4917330232242075,0.38208302711666386,"JUMBO BAG APPLES, JUMBO STORAGE BAG SUKI",JUMBO BAG WOODLAND ANIMALS,"JUMBO BAG APPLES, JUMBO STORAGE BAG SUKI → JUMBO BAG WOODLAND ANIMALS"
frozenset({'ALARM CLOCK BAKELIKE ORANGE'}),frozenset({'ALARM CLOCK BAKELIKE GREEN'}),0.022032299239691435,0.048615350463399744,0.013430268050391254,0.6095717884130983,12.538669013031528,1.0,0.012359160101339159,2.4367722959098734,0.9409786414615089,0.23472356935014554,0.589621073056969,0.4429137480878277,ALARM CLOCK BAKELIKE ORANGE,ALARM CLOCK BAKELIKE GREEN,ALARM CLOCK BAKELIKE ORANGE → ALARM CLOCK BAKELIKE GREEN
frozenset({'DOTCOM POSTAGE'}),frozenset({'JUMBO BAG WOODLAND ANIMALS'}),0.03918086464287696,0.04079027692990732,0.0200344081247572,0.5113314447592068,12.535620820566187,1.0,0.018436209805621037,1.9629045347463345,0.9577529126832622,0.33425925925925926,0.4905508738206519,0.5012439536721204,DOTCOM POSTAGE,JUMBO BAG WOODLAND ANIMALS,DOTCOM POSTAGE → JUMBO BAG WOODLAND ANIMALS
frozenset({'JUMBO BAG WOODLAND ANIMALS'}),frozenset({'DOTCOM POSTAGE'}),0.04079027692990732,0.03918086464287696,0.0200344081247572,0.49115646258503404,12.535620820566187,1.0,0.018436209805621037,1.8882408141376614,0.9593598806575631,0.33425925925925926,0.47040653262402404,0.5012439536721204,JUMBO BAG WOODLAND ANIMALS,DOTCOM POSTAGE,JUMBO BAG WOODLAND ANIMALS → DOTCOM POSTAGE
"frozenset({'LUNCH BAG SUKI DESIGN ', 'LUNCH BAG ALPHABET DESIGN'})",frozenset({'LUNCH BAG APPLE DESIGN'}),0.016704589599866808,0.0507797325045785,0.010599922304234418,0.6345514950166112,12.496156708966469,1.0,0.009751667712754418,2.597411822873835,0.9356042809128942,0.18634146341463417,0.6150013674406173,0.4216473322077592,"LUNCH BAG ALPHABET DESIGN, LUNCH BAG SUKI DESIGN ",LUNCH BAG APPLE DESIGN,"LUNCH BAG ALPHABET DESIGN, LUNCH BAG SUKI DESIGN  → LUNCH BAG APPLE DESIGN"
"frozenset({'ALARM CLOCK BAKELIKE GREEN', 'ALARM CLOCK BAKELIKE RED '})",frozenset({'ALARM CLOCK BAKELIKE PINK'}),0.031244797158554858,0.03640601587213497,0.014207225706199013,0.4547069271758437,12.489884330459645,1.0,0.013069727124923027,1.7671120946709706,0.9496054365261228,0.26583592938733125,0.43410494273924594,0.42247541480743406,"ALARM CLOCK BAKELIKE GREEN, ALARM CLOCK BAKELIKE RED ",ALARM CLOCK BAKELIKE PINK,"ALARM CLOCK BAKELIKE GREEN, ALARM CLOCK BAKELIKE RED  → ALARM CLOCK BAKELIKE PINK"
"frozenset({'JUMBO BAG PINK POLKADOT', 'JUMBO SHOPPER VINTAGE RED PAISLEY'})",frozenset({'DOTCOM POSTAGE'}),0.02519562683833731,0.03918086464287696,0.012320328542094456,0.4889867841409692,12.480244849059666,1.0,0.011333142097349124,1.880223652810922,0.9436492000112837,0.23667377398720685,0.46814837771825357,0.40171718810447893,"JUMBO BAG PINK POLKADOT, JUMBO SHOPPER VINTAGE RED PAISLEY",DOTCOM POSTAGE,"JUMBO BAG PINK POLKADOT, JUMBO SHOPPER VINTAGE RED PAISLEY → DOTCOM POSTAGE"
"frozenset({'LUNCH BAG  BLACK SKULL.', 'LUNCH BAG ALPHABET DESIGN'})",frozenset({'LUNCH BAG APPLE DESIGN'}),0.016205116821133247,0.0507797325045785,0.01026694045174538,0.6335616438356164,12.476663672430572,1.0,0.009444048954362788,2.5903954963426457,0.935002187836847,0.18101761252446183,0.6139585629252791,0.4178737180926716,"LUNCH BAG  BLACK SKULL., LUNCH BAG ALPHABET DESIGN",LUNCH BAG APPLE DESIGN,"LUNCH BAG  BLACK SKULL., LUNCH BAG ALPHABET DESIGN → LUNCH BAG APPLE DESIGN"
frozenset({'SKULL SHOULDER BAG'}),frozenset({'WOODLAND CHARLOTTE BAG'}),0.022365281092180476,0.037793440257505966,0.010544425328819579,0.47146401985111663,12.474757964313174,1.0,0.00969916441401993,1.8205128806395545,0.9408811965199103,0.21252796420581654,0.45070424349390187,0.3752327441399489,SKULL SHOULDER BAG,WOODLAND CHARLOTTE BAG,SKULL SHOULDER BAG → WOODLAND CHARLOTTE BAG
frozenset({'JUMBO BAG VINTAGE DOILY '}),frozenset({'LUNCH BAG VINTAGE DOILY '}),0.03635051889672013,0.03024585160108774,0.013707752927465454,0.3770992366412214,12.467800266125082,1.0,0.012608300527292721,1.5568357039247243,0.9544895810308824,0.2591815320041973,0.3576714630329729,0.4151551229077667,JUMBO BAG VINTAGE DOILY ,LUNCH BAG VINTAGE DOILY ,JUMBO BAG VINTAGE DOILY  → LUNCH BAG VINTAGE DOILY 
frozenset({'LUNCH BAG VINTAGE DOILY '}),frozenset({'JUMBO BAG VINTAGE DOILY '}),0.03024585160108774,0.03635051889672013,0.013707752927465454,0.45321100917431195,12.46780026612508,1.0,0.012608300527292721,1.7623790845680791,0.9484810052088957,0.2591815320041973,0.43258518626537246,0.4151551229077667,LUNCH BAG VINTAGE DOILY ,JUMBO BAG VINTAGE DOILY ,LUNCH BAG VINTAGE DOILY  → JUMBO BAG VINTAGE DOILY 
frozenset({'ALARM CLOCK BAKELIKE GREEN'}),frozenset({'ALARM CLOCK BAKELIKE RED '}),0.048615350463399744,0.051612187135801096,0.031244797158554858,0.6426940639269406,12.452370255805961,1.0,0.028735652592765316,2.6542738788148186,0.9666899756297176,0.4529364440868866,0.6232491273860111,0.624035204006481,ALARM CLOCK BAKELIKE GREEN,ALARM CLOCK BAKELIKE RED ,ALARM CLOCK BAKELIKE GREEN → ALARM CLOCK BAKELIKE RED 
frozenset({'ALARM CLOCK BAKELIKE RED '}),frozenset({'ALARM CLOCK BAKELIKE GREEN'}),0.051612187135801096,0.048615350463399744,0.031244797158554858,0.6053763440860215,12.45237025580596,1.0,0.028735652592765316,2.4108657331581425,0.9697446458084293,0.4529364440868866,0.5852112433113237,0.624035204006481,ALARM CLOCK BAKELIKE RED ,ALARM CLOCK BAKELIKE GREEN,ALARM CLOCK BAKELIKE RED  → ALARM CLOCK BAKELIKE GREEN
frozenset({'VINTAGE HEADS AND TAILS CARD GAME '}),frozenset({'VINTAGE SNAP CARDS'}),0.03057883345357678,0.0485598534879849,0.018480492813141684,0.604355716878403,12.445583614207935,1.0,0.016995589140802504,2.4047867923308277,0.9486591010520482,0.30466605672461117,0.584162719460566,0.49246357272491575,VINTAGE HEADS AND TAILS CARD GAME ,VINTAGE SNAP CARDS,VINTAGE HEADS AND TAILS CARD GAME  → VINTAGE SNAP CARDS
frozenset({'VINTAGE SNAP CARDS'}),frozenset({'VINTAGE HEADS AND TAILS CARD GAME '}),0.0485598534879849,0.03057883345357678,0.018480492813141684,0.38057142857142856,12.445583614207933,1.0,0.016995589140802504,1.5650249459928418,0.9665875628311466,0.30466605672461117,0.3610325493146652,0.49246357272491575,VINTAGE SNAP CARDS,VINTAGE HEADS AND TAILS CARD GAME ,VINTAGE SNAP CARDS → VINTAGE HEADS AND TAILS CARD GAME 
frozenset({'SET/6 RED SPOTTY PAPER PLATES'}),frozenset({'DOTCOM POSTAGE'}),0.023197735723403074,0.03918086464287696,0.011265886009212498,0.4856459330143541,12.394977431991,1.0,0.010356978665812611,1.8680111561826858,0.9411548213085744,0.22041259500542887,0.46467129134093726,0.3865906718896133,SET/6 RED SPOTTY PAPER PLATES,DOTCOM POSTAGE,SET/6 RED SPOTTY PAPER PLATES → DOTCOM POSTAGE
"frozenset({'LUNCH BAG RED RETROSPOT', 'LUNCH BAG ALPHABET DESIGN'})",frozenset({'LUNCH BAG APPLE DESIGN'}),0.01614961984571841,0.0507797325045785,0.0101559465009157,0.6288659793814433,12.384192439862543,1.0,0.009335873125099488,2.557621276307108,0.934341155234657,0.17888563049853373,0.6090116979931143,0.4144329896907216,"LUNCH BAG ALPHABET DESIGN, LUNCH BAG RED RETROSPOT",LUNCH BAG APPLE DESIGN,"LUNCH BAG ALPHABET DESIGN, LUNCH BAG RED RETROSPOT → LUNCH BAG APPLE DESIGN"
frozenset({'REGENCY TEA PLATE GREEN '}),frozenset({'GREEN REGENCY TEACUP AND SAUCER'}),0.018646983739386204,0.05172318108663078,0.011931849714190576,0.6398809523809523,12.371260601880236,1.0,0.010967368397518844,2.633231497147868,0.9366328716715174,0.20417853751187082,0.6202384784311102,0.4352838238299611,REGENCY TEA PLATE GREEN ,GREEN REGENCY TEACUP AND SAUCER,REGENCY TEA PLATE GREEN  → GREEN REGENCY TEACUP AND SAUCER
frozenset({'CHARLOTTE BAG APPLES DESIGN'}),frozenset({'CHARLOTTE BAG PINK POLKADOT'}),0.027471002830345745,0.03734946445418725,0.012653310394583495,0.46060606060606063,12.332333738574452,1.0,0.011627283150850619,1.7846891951130237,0.9448688415286104,0.24255319148936166,0.43967834694226954,0.39969381782160385,CHARLOTTE BAG APPLES DESIGN,CHARLOTTE BAG PINK POLKADOT,CHARLOTTE BAG APPLES DESIGN → CHARLOTTE BAG PINK POLKADOT
frozenset({'CHARLOTTE BAG PINK POLKADOT'}),frozenset({'CHARLOTTE BAG APPLES DESIGN'}),0.03734946445418725,0.027471002830345745,0.012653310394583495,0.33878157503714706,12.332333738574452,1.0,0.011627283150850619,1.470813517067814,0.9545648321772956,0.24255319148936166,0.3201041543365871,0.39969381782160385,CHARLOTTE BAG PINK POLKADOT,CHARLOTTE BAG APPLES DESIGN,CHARLOTTE BAG PINK POLKADOT → CHARLOTTE BAG APPLES DESIGN
"frozenset({'LUNCH BAG RED RETROSPOT', 'LUNCH BAG SPACEBOY DESIGN '})",frozenset({'LUNCH BAG DOLLY GIRL DESIGN'}),0.027803984682834786,0.033353682224318774,0.011432376935457018,0.4111776447105789,12.327803627354278,1.0,0.01050501166577592,1.6416603566292076,0.9451618141451179,0.2299107142857143,0.39086060282695606,0.3769698539692662,"LUNCH BAG RED RETROSPOT, LUNCH BAG SPACEBOY DESIGN ",LUNCH BAG DOLLY GIRL DESIGN,"LUNCH BAG RED RETROSPOT, LUNCH BAG SPACEBOY DESIGN  → LUNCH BAG DOLLY GIRL DESIGN"
"frozenset({'JUMBO BAG SPACEBOY DESIGN', 'JUMBO BAG RED RETROSPOT'})",frozenset({'JUMBO BAG WOODLAND ANIMALS'}),0.021643820411787557,0.04079027692990732,0.010821910205893778,0.5,12.257823129251701,1.0,0.009939052777475784,1.9184194461401853,0.9387373078450282,0.20967741935483872,0.47873756074982643,0.38265306122448983,"JUMBO BAG RED RETROSPOT, JUMBO BAG SPACEBOY DESIGN",JUMBO BAG WOODLAND ANIMALS,"JUMBO BAG RED RETROSPOT, JUMBO BAG SPACEBOY DESIGN → JUMBO BAG WOODLAND ANIMALS"
"frozenset({'JUMBO BAG RED RETROSPOT', 'JUMBO BAG SCANDINAVIAN BLUE PAISLEY'})",frozenset({'JUMBO BAG PINK VINTAGE PAISLEY'}),0.023752705477551473,0.04523003496309451,0.013152783173317055,0.5537383177570093,12.242712573820308,1.0,0.012078447474099314,2.1394845289832225,0.9406620234215473,0.23558648111332012,0.5325976951676094,0.4222679318846396,"JUMBO BAG RED RETROSPOT, JUMBO BAG SCANDINAVIAN BLUE PAISLEY",JUMBO BAG PINK VINTAGE PAISLEY,"JUMBO BAG RED RETROSPOT, JUMBO BAG SCANDINAVIAN BLUE PAISLEY → JUMBO BAG PINK VINTAGE PAISLEY"
"frozenset({'LUNCH BAG  BLACK SKULL.', 'LUNCH BAG APPLE DESIGN'})",frozenset({'LUNCH BAG ALPHABET DESIGN'}),0.022032299239691435,0.03818191908540985,0.01026694045174538,0.4659949622166247,12.20459770956593,1.0,0.009425704984909944,1.801140462844775,0.938746407285733,0.20555555555555555,0.4447962162703456,0.367445155526917,"LUNCH BAG  BLACK SKULL., LUNCH BAG APPLE DESIGN",LUNCH BAG ALPHABET DESIGN,"LUNCH BAG  BLACK SKULL., LUNCH BAG APPLE DESIGN → LUNCH BAG ALPHABET DESIGN"
frozenset({'REGENCY TEA PLATE ROSES '}),frozenset({'PINK REGENCY TEACUP AND SAUCER'}),0.021144347633054,0.038958876741217605,0.01004495255008602,0.4750656167979002,12.194027562793966,1.0,0.009221192516876413,1.8307833398079802,0.9378222809992739,0.2006651884700665,0.4537857220697213,0.366450187316329,REGENCY TEA PLATE ROSES ,PINK REGENCY TEACUP AND SAUCER,REGENCY TEA PLATE ROSES  → PINK REGENCY TEACUP AND SAUCER
frozenset({'PACK OF 60 DINOSAUR CAKE CASES'}),frozenset({'72 SWEETHEART FAIRY CAKE CASES'}),0.0301903546256729,0.030800821355236138,0.011321382984627338,0.375,12.175,1.0,0.01039149526515076,1.5507186858316222,0.9464377682403434,0.22793296089385473,0.35513771186440674,0.3712837837837838,PACK OF 60 DINOSAUR CAKE CASES,72 SWEETHEART FAIRY CAKE CASES,PACK OF 60 DINOSAUR CAKE CASES → 72 SWEETHEART FAIRY CAKE CASES
frozenset({'72 SWEETHEART FAIRY CAKE CASES'}),frozenset({'PACK OF 60 DINOSAUR CAKE CASES'}),0.030800821355236138,0.0301903546256729,0.011321382984627338,0.3675675675675676,12.175,1.0,0.01039149526515076,1.533459695677355,0.9470338983050847,0.22793296089385473,0.3478798283261803,0.3712837837837838,72 SWEETHEART FAIRY CAKE CASES,PACK OF 60 DINOSAUR CAKE CASES,72 SWEETHEART FAIRY CAKE CASES → PACK OF 60 DINOSAUR CAKE CASES
"frozenset({'JUMBO BAG SCANDINAVIAN BLUE PAISLEY', 'JUMBO SHOPPER VINTAGE RED PAISLEY'})",frozenset({'JUMBO BAG PINK VINTAGE PAISLEY'}),0.018757977690215883,0.04523003496309451,0.010322437427160219,0.5502958579881656,12.166602533851234,1.0,0.009474013440394807,2.1231068959373287,0.9353531188633933,0.1923474663908997,0.5289921567710274,0.38925835844193557,"JUMBO BAG SCANDINAVIAN BLUE PAISLEY, JUMBO SHOPPER VINTAGE RED PAISLEY",JUMBO BAG PINK VINTAGE PAISLEY,"JUMBO BAG SCANDINAVIAN BLUE PAISLEY, JUMBO SHOPPER VINTAGE RED PAISLEY → JUMBO BAG PINK VINTAGE PAISLEY"
frozenset({'DOTCOM POSTAGE'}),frozenset({'RECYCLING BAG RETROSPOT '}),0.03918086464287696,0.03940285254453632,0.018757977690215883,0.47875354107648727,12.150225431911585,1.0,0.017214139858125165,1.8428847448466232,0.9551194044082891,0.313543599257885,0.4573724684648,0.47740493955232816,DOTCOM POSTAGE,RECYCLING BAG RETROSPOT ,DOTCOM POSTAGE → RECYCLING BAG RETROSPOT 
frozenset({'RECYCLING BAG RETROSPOT '}),frozenset({'DOTCOM POSTAGE'}),0.03940285254453632,0.03918086464287696,0.018757977690215883,0.47605633802816905,12.150225431911585,1.0,0.017214139858125165,1.8338214680203155,0.9553401264383101,0.313543599257885,0.454690646042256,0.47740493955232816,RECYCLING BAG RETROSPOT ,DOTCOM POSTAGE,RECYCLING BAG RETROSPOT  → DOTCOM POSTAGE
frozenset({'RED TOADSTOOL LED NIGHT LIGHT'}),frozenset({'DOTCOM POSTAGE'}),0.036572506798379485,0.03918086464287696,0.017370553304844886,0.4749620637329287,12.1222966379655,1.0,0.015937610866326883,1.8299994514460813,0.9523367220741744,0.2975285171102662,0.453551748767033,0.45915241996844736,RED TOADSTOOL LED NIGHT LIGHT,DOTCOM POSTAGE,RED TOADSTOOL LED NIGHT LIGHT → DOTCOM POSTAGE
frozenset({'DOTCOM POSTAGE'}),frozenset({'RED TOADSTOOL LED NIGHT LIGHT'}),0.03918086464287696,0.036572506798379485,0.017370553304844886,0.443342776203966,12.1222966379655,1.0,0.015937610866326883,1.7307374305352266,0.9549220525158938,0.2975285171102662,0.4222116062453493,0.45915241996844736,DOTCOM POSTAGE,RED TOADSTOOL LED NIGHT LIGHT,DOTCOM POSTAGE → RED TOADSTOOL LED NIGHT LIGHT
frozenset({'JUMBO BAG VINTAGE LEAF'}),frozenset({'JUMBO BAG PEARS'}),0.04528553193850935,0.03041234252733226,0.01659359564903713,0.366421568627451,12.048449352368687,1.0,0.015216356540190738,1.5303356450632435,0.9604984508224338,0.2807511737089202,0.3465485802242596,0.4560210032918277,JUMBO BAG VINTAGE LEAF,JUMBO BAG PEARS,JUMBO BAG VINTAGE LEAF → JUMBO BAG PEARS
frozenset({'JUMBO BAG PEARS'}),frozenset({'JUMBO BAG VINTAGE LEAF'}),0.03041234252733226,0.04528553193850935,0.01659359564903713,0.5456204379562044,12.048449352368685,1.0,0.015216356540190738,2.1011386686654494,0.9457646871672102,0.2807511737089202,0.5240675853939921,0.4560210032918277,JUMBO BAG PEARS,JUMBO BAG VINTAGE LEAF,JUMBO BAG PEARS → JUMBO BAG VINTAGE LEAF
"frozenset({'JUMBO BAG WOODLAND ANIMALS', 'JUMBO BAG TOYS '})",frozenset({'JUMBO STORAGE BAG SUKI'}),0.015650147066984848,0.06271158221876907,0.011820855763360897,0.7553191489361702,12.044332517416683,1.0,0.010839410278833849,3.830657011801553,0.9315523291408824,0.17764804003336113,0.7389481760128398,0.4719073620787046,"JUMBO BAG TOYS , JUMBO BAG WOODLAND ANIMALS",JUMBO STORAGE BAG SUKI,"JUMBO BAG TOYS , JUMBO BAG WOODLAND ANIMALS → JUMBO STORAGE BAG SUKI"
frozenset({'ALARM CLOCK BAKELIKE IVORY'}),frozenset({'ALARM CLOCK BAKELIKE GREEN'}),0.029080415117376104,0.048615350463399744,0.016982074476941007,0.583969465648855,12.012038586217715,1.0,0.01556831990438862,2.286814478702654,0.9442081491070279,0.2797074954296161,0.5627104825017044,0.46664226707100287,ALARM CLOCK BAKELIKE IVORY,ALARM CLOCK BAKELIKE GREEN,ALARM CLOCK BAKELIKE IVORY → ALARM CLOCK BAKELIKE GREEN
frozenset({'ALARM CLOCK BAKELIKE GREEN'}),frozenset({'ALARM CLOCK BAKELIKE IVORY'}),0.048615350463399744,0.029080415117376104,0.016982074476941007,0.3493150684931507,12.012038586217715,1.0,0.01556831990438862,1.4921500988722431,0.963595728205533,0.2797074954296161,0.3298261342771125,0.46664226707100287,ALARM CLOCK BAKELIKE GREEN,ALARM CLOCK BAKELIKE IVORY,ALARM CLOCK BAKELIKE GREEN → ALARM CLOCK BAKELIKE IVORY
"frozenset({'JUMBO BAG RED RETROSPOT', 'JUMBO STORAGE BAG SUKI'})",frozenset({'JUMBO BAG TOYS '}),0.038736888839558246,0.028081469559908985,0.013041789222487374,0.3366762177650429,11.98926633973974,1.0,0.01195400045769374,1.4652249119809577,0.9535287997474471,0.24251805985552113,0.3175109214816598,0.4005515476176993,"JUMBO BAG RED RETROSPOT, JUMBO STORAGE BAG SUKI",JUMBO BAG TOYS ,"JUMBO BAG RED RETROSPOT, JUMBO STORAGE BAG SUKI → JUMBO BAG TOYS "
"frozenset({'LUNCH BAG APPLE DESIGN', 'LUNCH BAG SUKI DESIGN '})",frozenset({'LUNCH BAG ALPHABET DESIGN'}),0.023197735723403074,0.03818191908540985,0.010599922304234418,0.4569377990430622,11.967386919995548,1.0,0.009714188235878721,1.7711011357810515,0.9382037729293702,0.20874316939890708,0.43537950498857175,0.3672770390564148,"LUNCH BAG APPLE DESIGN, LUNCH BAG SUKI DESIGN ",LUNCH BAG ALPHABET DESIGN,"LUNCH BAG APPLE DESIGN, LUNCH BAG SUKI DESIGN  → LUNCH BAG ALPHABET DESIGN"
frozenset({'LOVE HOT WATER BOTTLE'}),frozenset({'HOT WATER BOTTLE KEEP CALM'}),0.02525112381375215,0.041900216438204116,0.012653310394583495,0.5010989010989011,11.959339203842516,1.0,0.01159528284147939,1.9204202710159346,0.9401224893821893,0.23217922606924643,0.4792806475267087,0.40154282803289426,LOVE HOT WATER BOTTLE,HOT WATER BOTTLE KEEP CALM,LOVE HOT WATER BOTTLE → HOT WATER BOTTLE KEEP CALM
frozenset({'HOT WATER BOTTLE KEEP CALM'}),frozenset({'LOVE HOT WATER BOTTLE'}),0.041900216438204116,0.02525112381375215,0.012653310394583495,0.3019867549668874,11.959339203842516,1.0,0.01159528284147939,1.396461862467964,0.9564591869502299,0.23217922606924643,0.2839045398399194,0.40154282803289426,HOT WATER BOTTLE KEEP CALM,LOVE HOT WATER BOTTLE,HOT WATER BOTTLE KEEP CALM → LOVE HOT WATER BOTTLE
frozenset({'CHARLOTTE BAG DOLLY GIRL DESIGN'}),frozenset({'RED RETROSPOT CHARLOTTE BAG'}),0.019090959542704924,0.050113768799600424,0.011432376935457018,0.5988372093023255,11.949554456720492,1.0,0.010475657002771378,2.3678323444415756,0.9341486659068126,0.19788664745437082,0.577672801730463,0.41348283499446287,CHARLOTTE BAG DOLLY GIRL DESIGN,RED RETROSPOT CHARLOTTE BAG,CHARLOTTE BAG DOLLY GIRL DESIGN → RED RETROSPOT CHARLOTTE BAG
"frozenset({'JUMBO STORAGE BAG SKULLS', 'JUMBO BAG RED RETROSPOT'})",frozenset({'JUMBO BAG WOODLAND ANIMALS'}),0.022476275043010155,0.04079027692990732,0.010932904156723459,0.4864197530864198,11.924894599815238,1.0,0.01001609067336631,1.8676920088624402,0.9372067327616069,0.20890774125132558,0.46457981548624155,0.3772234819853868,"JUMBO BAG RED RETROSPOT, JUMBO STORAGE BAG SKULLS",JUMBO BAG WOODLAND ANIMALS,"JUMBO BAG RED RETROSPOT, JUMBO STORAGE BAG SKULLS → JUMBO BAG WOODLAND ANIMALS"
"frozenset({'JUMBO BAG RED RETROSPOT', 'JUMBO BAG WOODLAND ANIMALS'})",frozenset({'JUMBO BAG SPACEBOY DESIGN'}),0.02630556634663411,0.034519118708030413,0.010821910205893778,0.4113924050632911,11.917813097806178,1.0,0.009913865238492345,1.640279346711088,0.9408413530043623,0.2164261931187569,0.3903477465560408,0.36244861410720824,"JUMBO BAG RED RETROSPOT, JUMBO BAG WOODLAND ANIMALS",JUMBO BAG SPACEBOY DESIGN,"JUMBO BAG RED RETROSPOT, JUMBO BAG WOODLAND ANIMALS → JUMBO BAG SPACEBOY DESIGN"
frozenset({'HOT WATER BOTTLE TEA AND SYMPATHY'}),frozenset({'HOT WATER BOTTLE I AM SO POORLY'}),0.034297130806371055,0.03524057938842333,0.014373716632443531,0.41909385113268605,11.892365517417119,1.0,0.013165065871466472,1.660783626568118,0.9484412536535978,0.2605633802816901,0.3978746032880735,0.4134839334403588,HOT WATER BOTTLE TEA AND SYMPATHY,HOT WATER BOTTLE I AM SO POORLY,HOT WATER BOTTLE TEA AND SYMPATHY → HOT WATER BOTTLE I AM SO POORLY
frozenset({'HOT WATER BOTTLE I AM SO POORLY'}),frozenset({'HOT WATER BOTTLE TEA AND SYMPATHY'}),0.03524057938842333,0.034297130806371055,0.014373716632443531,0.4078740157480315,11.892365517417119,1.0,0.013165065871466472,1.6309077711115807,0.9493687445252101,0.2605633802816901,0.3868445428287903,0.4134839334403588,HOT WATER BOTTLE I AM SO POORLY,HOT WATER BOTTLE TEA AND SYMPATHY,HOT WATER BOTTLE I AM SO POORLY → HOT WATER BOTTLE TEA AND SYMPATHY
"frozenset({'JUMBO STORAGE BAG SUKI', 'JUMBO SHOPPER VINTAGE RED PAISLEY'})",frozenset({'JUMBO BAG SCANDINAVIAN BLUE PAISLEY'}),0.028469948387812864,0.03524057938842333,0.011876352738775737,0.4171539961013645,11.837319457874782,1.0,0.010873055262430702,1.6552561296780564,0.9423500727654389,0.2291220556745182,0.39586388953925944,0.3770809350585563,"JUMBO SHOPPER VINTAGE RED PAISLEY, JUMBO STORAGE BAG SUKI",JUMBO BAG SCANDINAVIAN BLUE PAISLEY,"JUMBO SHOPPER VINTAGE RED PAISLEY, JUMBO STORAGE BAG SUKI → JUMBO BAG SCANDINAVIAN BLUE PAISLEY"
"frozenset({'JUMBO BAG RED RETROSPOT', 'JUMBO BAG WOODLAND ANIMALS'})",frozenset({'JUMBO BAG OWLS'}),0.02630556634663411,0.034241633830956214,0.01065541927964926,0.4050632911392405,11.82955501302751,1.0,0.00975467370909189,1.6232959771777542,0.940198418352807,0.21357063403781978,0.3839693967956542,0.3581232176927969,"JUMBO BAG RED RETROSPOT, JUMBO BAG WOODLAND ANIMALS",JUMBO BAG OWLS,"JUMBO BAG RED RETROSPOT, JUMBO BAG WOODLAND ANIMALS → JUMBO BAG OWLS"
"frozenset({'LUNCH BAG CARS BLUE', 'LUNCH BAG APPLE DESIGN'})",frozenset({'LUNCH BAG SUKI DESIGN '}),0.019090959542704924,0.05666241189855153,0.012764304345413174,0.6686046511627907,11.7997915859964,1.0,0.011682564532265845,2.846562546551739,0.93306586310805,0.2026431718061674,0.6486990945583201,0.44693699747169896,"LUNCH BAG APPLE DESIGN, LUNCH BAG CARS BLUE",LUNCH BAG SUKI DESIGN ,"LUNCH BAG APPLE DESIGN, LUNCH BAG CARS BLUE → LUNCH BAG SUKI DESIGN "
frozenset({'CHARLOTTE BAG SUKI DESIGN'}),frozenset({'RED RETROSPOT CHARLOTTE BAG'}),0.044619568233531276,0.050113768799600424,0.026361063322048947,0.5907960199004975,11.789095772521664,1.0,0.024125008595655764,2.321302522447177,0.9579177278077563,0.38555194805194803,0.5692073780431797,0.5584101915670815,CHARLOTTE BAG SUKI DESIGN,RED RETROSPOT CHARLOTTE BAG,CHARLOTTE BAG SUKI DESIGN → RED RETROSPOT CHARLOTTE BAG
frozenset({'RED RETROSPOT CHARLOTTE BAG'}),frozenset({'CHARLOTTE BAG SUKI DESIGN'}),0.050113768799600424,0.044619568233531276,0.026361063322048947,0.5260243632336655,11.789095772521664,1.0,0.024125008595655764,2.01567413524561,0.963458383045719,0.38555194805194803,0.5038880628003147,0.5584101915670815,RED RETROSPOT CHARLOTTE BAG,CHARLOTTE BAG SUKI DESIGN,RED RETROSPOT CHARLOTTE BAG → CHARLOTTE BAG SUKI DESIGN
"frozenset({'JUMBO STORAGE BAG SUKI', 'JUMBO BAG PINK POLKADOT'})",frozenset({'DOTCOM POSTAGE'}),0.028025972584494144,0.03918086464287696,0.012930795271657695,0.4613861386138614,11.7758028777382,1.0,0.011832713433339649,1.783873762335835,0.9414655890247949,0.238241308793456,0.4394222163509021,0.39570723361287974,"JUMBO BAG PINK POLKADOT, JUMBO STORAGE BAG SUKI",DOTCOM POSTAGE,"JUMBO BAG PINK POLKADOT, JUMBO STORAGE BAG SUKI → DOTCOM POSTAGE"
frozenset({'CHARLOTTE BAG APPLES DESIGN'}),frozenset({'RED RETROSPOT CHARLOTTE BAG'}),0.027471002830345745,0.050113768799600424,0.016205116821133247,0.5898989898989899,11.77119590142846,1.0,0.014828441336600131,2.316225046523142,0.9408941709686598,0.26401446654611205,0.5682630228435324,0.4566327729118427,CHARLOTTE BAG APPLES DESIGN,RED RETROSPOT CHARLOTTE BAG,CHARLOTTE BAG APPLES DESIGN → RED RETROSPOT CHARLOTTE BAG
frozenset({'RED RETROSPOT CHARLOTTE BAG'}),frozenset({'CHARLOTTE BAG APPLES DESIGN'}),0.050113768799600424,0.027471002830345745,0.016205116821133247,0.32336655592469543,11.77119590142846,1.0,0.014828441336600131,1.4373055391885396,0.9633225900943441,0.26401446654611205,0.3042537075557571,0.4566327729118427,RED RETROSPOT CHARLOTTE BAG,CHARLOTTE BAG APPLES DESIGN,RED RETROSPOT CHARLOTTE BAG → CHARLOTTE BAG APPLES DESIGN
frozenset({'60 CAKE CASES DOLLY GIRL DESIGN'}),frozenset({'PACK OF 60 PINK PAISLEY CAKE CASES'}),0.0205893778789056,0.043343137798989954,0.01048892835340474,0.5094339622641509,11.753509047423478,1.0,0.009596520110803858,1.9501082191020591,0.9341526476612604,0.19626168224299065,0.4872079455875238,0.37571570072234434,60 CAKE CASES DOLLY GIRL DESIGN,PACK OF 60 PINK PAISLEY CAKE CASES,60 CAKE CASES DOLLY GIRL DESIGN → PACK OF 60 PINK PAISLEY CAKE CASES
"frozenset({'JUMBO BAG PINK POLKADOT', 'JUMBO  BAG BAROQUE BLACK WHITE'})",frozenset({'JUMBO BAG WOODLAND ANIMALS'}),0.022587268993839837,0.04079027692990732,0.010821910205893778,0.4791154791154791,11.74582560296846,1.0,0.009900569248544742,1.8415016853279607,0.9360051712992888,0.20591341077085532,0.4569649281521533,0.37221080078222935,"JUMBO  BAG BAROQUE BLACK WHITE, JUMBO BAG PINK POLKADOT",JUMBO BAG WOODLAND ANIMALS,"JUMBO  BAG BAROQUE BLACK WHITE, JUMBO BAG PINK POLKADOT → JUMBO BAG WOODLAND ANIMALS"
"frozenset({'JUMBO BAG WOODLAND ANIMALS', 'JUMBO STORAGE BAG SUKI'})",frozenset({'JUMBO STORAGE BAG SKULLS'}),0.023586214551306953,0.03795993118375048,0.01048892835340474,0.4447058823529412,11.71513931888545,1.0,0.009593597272151953,1.732487412063161,0.936734384557506,0.20543478260869566,0.42279522896554067,0.3605108359133127,"JUMBO BAG WOODLAND ANIMALS, JUMBO STORAGE BAG SUKI",JUMBO STORAGE BAG SKULLS,"JUMBO BAG WOODLAND ANIMALS, JUMBO STORAGE BAG SUKI → JUMBO STORAGE BAG SKULLS"
"frozenset({'RECYCLING BAG RETROSPOT ', 'JUMBO BAG RED RETROSPOT'})",frozenset({'JUMBO BAG WOODLAND ANIMALS'}),0.022309784116765638,0.04079027692990732,0.01065541927964926,0.47761194029850745,11.708965377195655,1.0,0.009745397007279942,1.8362014698770348,0.9354653885451553,0.2031746031746032,0.4553974515296694,0.36941821504721295,"JUMBO BAG RED RETROSPOT, RECYCLING BAG RETROSPOT ",JUMBO BAG WOODLAND ANIMALS,"JUMBO BAG RED RETROSPOT, RECYCLING BAG RETROSPOT  → JUMBO BAG WOODLAND ANIMALS"
"frozenset({'JUMBO BAG SPACEBOY DESIGN', 'JUMBO SHOPPER VINTAGE RED PAISLEY'})",frozenset({'JUMBO STORAGE BAG SUKI'}),0.014651201509517731,0.06271158221876907,0.0107109162550641,0.7310606060606061,11.657505363368196,1.0,0.009792116226996224,3.485128764707676,0.9278119131588124,0.16069941715237301,0.7130665557822288,0.4509285331187986,"JUMBO BAG SPACEBOY DESIGN, JUMBO SHOPPER VINTAGE RED PAISLEY",JUMBO STORAGE BAG SUKI,"JUMBO BAG SPACEBOY DESIGN, JUMBO SHOPPER VINTAGE RED PAISLEY → JUMBO STORAGE BAG SUKI"
"frozenset({'JUMBO BAG RED RETROSPOT', 'JUMBO SHOPPER VINTAGE RED PAISLEY'})",frozenset({'JUMBO BAG TOYS '}),0.03646151284754981,0.028081469559908985,0.011931849714190576,0.3272450532724505,11.653416235012422,1.0,0.010907956851053877,1.4446843314460176,0.9487822911839009,0.22679324894514769,0.30780726402765296,0.3760731195216007,"JUMBO BAG RED RETROSPOT, JUMBO SHOPPER VINTAGE RED PAISLEY",JUMBO BAG TOYS ,"JUMBO BAG RED RETROSPOT, JUMBO SHOPPER VINTAGE RED PAISLEY → JUMBO BAG TOYS "
"frozenset({'JUMBO BAG RED RETROSPOT', 'WHITE HANGING HEART T-LIGHT HOLDER'})",frozenset({'DOTCOM POSTAGE'}),0.024196681280870193,0.03918086464287696,0.011043898107553138,0.45642201834862384,11.649105309665515,1.0,0.010095851213480528,1.7675828819228085,0.9368245424357754,0.2110286320254507,0.4342556661828599,0.3691458533669465,"JUMBO BAG RED RETROSPOT, WHITE HANGING HEART T-LIGHT HOLDER",DOTCOM POSTAGE,"JUMBO BAG RED RETROSPOT, WHITE HANGING HEART T-LIGHT HOLDER → DOTCOM POSTAGE"
"frozenset({'JUMBO BAG RED RETROSPOT', 'RED RETROSPOT CHARLOTTE BAG'})",frozenset({'CHARLOTTE BAG SUKI DESIGN'}),0.021366335534713357,0.044619568233531276,0.011099395082967978,0.5194805194805194,11.642437164825223,1.0,0.010146038416676311,1.9882241417842725,0.9340648746739254,0.20222446916076844,0.49703859892648733,0.384118369192996,"JUMBO BAG RED RETROSPOT, RED RETROSPOT CHARLOTTE BAG",CHARLOTTE BAG SUKI DESIGN,"JUMBO BAG RED RETROSPOT, RED RETROSPOT CHARLOTTE BAG → CHARLOTTE BAG SUKI DESIGN"
frozenset({'REGENCY TEA PLATE ROSES '}),frozenset({'ROSES REGENCY TEACUP AND SAUCER '}),0.021144347633054,0.053055108496586935,0.013041789222487374,0.6167979002624672,11.625608122206481,1.0,0.011919973564726143,2.4711370113890436,0.9337260219111058,0.2132486388384755,0.5953279824667055,0.43130689992202853,REGENCY TEA PLATE ROSES ,ROSES REGENCY TEACUP AND SAUCER ,REGENCY TEA PLATE ROSES  → ROSES REGENCY TEACUP AND SAUCER 
"frozenset({'LUNCH BAG PINK POLKADOT', 'LUNCH BAG SPACEBOY DESIGN '})",frozenset({'LUNCH BAG WOODLAND'}),0.021865808313446918,0.0482823686109107,0.012264831566679617,0.5609137055837563,11.617360989555984,1.0,0.011209098549714257,2.167495646053764,0.9343522993485446,0.21188878235858102,0.5386380582490935,0.40746834704475177,"LUNCH BAG PINK POLKADOT, LUNCH BAG SPACEBOY DESIGN ",LUNCH BAG WOODLAND,"LUNCH BAG PINK POLKADOT, LUNCH BAG SPACEBOY DESIGN  → LUNCH BAG WOODLAND"
frozenset({'ALARM CLOCK BAKELIKE PINK'}),frozenset({'ALARM CLOCK BAKELIKE RED '}),0.03640601587213497,0.051612187135801096,0.021810311338032077,0.5990853658536586,11.607440007867822,1.0,0.019931317233970503,2.3655604761935916,0.9483749114661212,0.3294216261525566,0.5772672015517043,0.5108330055074745,ALARM CLOCK BAKELIKE PINK,ALARM CLOCK BAKELIKE RED ,ALARM CLOCK BAKELIKE PINK → ALARM CLOCK BAKELIKE RED 
frozenset({'ALARM CLOCK BAKELIKE RED '}),frozenset({'ALARM CLOCK BAKELIKE PINK'}),0.051612187135801096,0.03640601587213497,0.021810311338032077,0.42258064516129035,11.60744000786782,1.0,0.019931317233970503,1.6687940507242356,0.9635808758725648,0.3294216261525566,0.40076488194213505,0.5108330055074745,ALARM CLOCK BAKELIKE RED ,ALARM CLOCK BAKELIKE PINK,ALARM CLOCK BAKELIKE RED  → ALARM CLOCK BAKELIKE PINK
"frozenset({'JUMBO BAG RED RETROSPOT', 'JUMBO BAG ALPHABET'})",frozenset({'JUMBO BAG APPLES'}),0.022032299239691435,0.0491148232421333,0.012542316443753816,0.5692695214105794,11.590584752878227,1.0,0.011460203960978584,2.2076106150460415,0.9343080300870894,0.21401515151515155,0.5470215656762711,0.41231837652449876,"JUMBO BAG ALPHABET, JUMBO BAG RED RETROSPOT",JUMBO BAG APPLES,"JUMBO BAG ALPHABET, JUMBO BAG RED RETROSPOT → JUMBO BAG APPLES"
"frozenset({'LUNCH BAG  BLACK SKULL.', 'LUNCH BAG APPLE DESIGN'})",frozenset({'LUNCH BAG SUKI DESIGN '}),0.022032299239691435,0.05666241189855153,0.014429213607858371,0.6549118387909321,11.558135576076205,1.0,0.013180810393266832,2.7336133027465337,0.9340603528805776,0.22452504317789293,0.6341838112233089,0.45478207022798317,"LUNCH BAG  BLACK SKULL., LUNCH BAG APPLE DESIGN",LUNCH BAG SUKI DESIGN ,"LUNCH BAG  BLACK SKULL., LUNCH BAG APPLE DESIGN → LUNCH BAG SUKI DESIGN "
frozenset({'CHOCOLATE HOT WATER BOTTLE'}),frozenset({'HOT WATER BOTTLE TEA AND SYMPATHY'}),0.04550751984016871,0.034297130806371055,0.018036517009822964,0.39634146341463417,11.556111374220539,1.0,0.016475739649191173,1.5997502075530823,0.9570171789952009,0.29200359389038627,0.3749024095895807,0.46111571552608727,CHOCOLATE HOT WATER BOTTLE,HOT WATER BOTTLE TEA AND SYMPATHY,CHOCOLATE HOT WATER BOTTLE → HOT WATER BOTTLE TEA AND SYMPATHY
frozenset({'HOT WATER BOTTLE TEA AND SYMPATHY'}),frozenset({'CHOCOLATE HOT WATER BOTTLE'}),0.034297130806371055,0.04550751984016871,0.018036517009822964,0.5258899676375404,11.556111374220537,1.0,0.016475739649191173,2.013229872828586,0.9459076180414036,0.29200359389038627,0.5032857332903564,0.46111571552608727,HOT WATER BOTTLE TEA AND SYMPATHY,CHOCOLATE HOT WATER BOTTLE,HOT WATER BOTTLE TEA AND SYMPATHY → CHOCOLATE HOT WATER BOTTLE
"frozenset({'JUMBO BAG WOODLAND ANIMALS', 'JUMBO SHOPPER VINTAGE RED PAISLEY'})",frozenset({'JUMBO STORAGE BAG SUKI'}),0.02075586880515012,0.06271158221876907,0.015039680337421611,0.7245989304812834,11.554467370214377,1.0,0.013738046964325455,3.4033579441765087,0.932814769349167,0.21978913219789134,0.7061725459377255,0.4822109696654205,"JUMBO BAG WOODLAND ANIMALS, JUMBO SHOPPER VINTAGE RED PAISLEY",JUMBO STORAGE BAG SUKI,"JUMBO BAG WOODLAND ANIMALS, JUMBO SHOPPER VINTAGE RED PAISLEY → JUMBO STORAGE BAG SUKI"
"frozenset({'LUNCH BAG  BLACK SKULL.', 'LUNCH BAG ALPHABET DESIGN'})",frozenset({'LUNCH BAG SUKI DESIGN '}),0.016205116821133247,0.05666241189855153,0.010599922304234418,0.654109589041096,11.54397716447748,1.0,0.009681701300051221,2.7272730269863663,0.9284198948744735,0.17023172905525846,0.6333333736281627,0.42059054378597405,"LUNCH BAG  BLACK SKULL., LUNCH BAG ALPHABET DESIGN",LUNCH BAG SUKI DESIGN ,"LUNCH BAG  BLACK SKULL., LUNCH BAG ALPHABET DESIGN → LUNCH BAG SUKI DESIGN "
"frozenset({'JUMBO BAG SPACEBOY DESIGN', 'JUMBO BAG WOODLAND ANIMALS'})",frozenset({'JUMBO STORAGE BAG SUKI'}),0.014429213607858371,0.06271158221876907,0.0104334313779899,0.7230769230769232,11.530197413206265,1.0,0.009528552562468508,3.3846526197655575,0.9266419304326364,0.15640599001663893,0.7045487048921238,0.4447243022464262,"JUMBO BAG SPACEBOY DESIGN, JUMBO BAG WOODLAND ANIMALS",JUMBO STORAGE BAG SUKI,"JUMBO BAG SPACEBOY DESIGN, JUMBO BAG WOODLAND ANIMALS → JUMBO STORAGE BAG SUKI"
"frozenset({'JUMBO STORAGE BAG SUKI', 'JUMBO  BAG BAROQUE BLACK WHITE'})",frozenset({'JUMBO BAG WOODLAND ANIMALS'}),0.023253232698817915,0.04079027692990732,0.010932904156723459,0.4701670644391408,11.526449434188951,1.0,0.009984398355423101,1.8104003331818415,0.9349844254730043,0.2058516196447231,0.447635983228933,0.3690971376617473,"JUMBO  BAG BAROQUE BLACK WHITE, JUMBO STORAGE BAG SUKI",JUMBO BAG WOODLAND ANIMALS,"JUMBO  BAG BAROQUE BLACK WHITE, JUMBO STORAGE BAG SUKI → JUMBO BAG WOODLAND ANIMALS"
"frozenset({'DOTCOM POSTAGE', 'JUMBO BAG TOYS '})",frozenset({'JUMBO STORAGE BAG SUKI'}),0.01515067428825129,0.06271158221876907,0.010932904156723459,0.7216117216117216,11.50683328470939,1.0,0.009982781400425998,3.3668386586088954,0.9271419426183695,0.1633499170812604,0.7029854705264735,0.44797400239878116,"DOTCOM POSTAGE, JUMBO BAG TOYS ",JUMBO STORAGE BAG SUKI,"DOTCOM POSTAGE, JUMBO BAG TOYS  → JUMBO STORAGE BAG SUKI"
"frozenset({'JUMBO STORAGE BAG SUKI', 'JUMBO BAG SCANDINAVIAN BLUE PAISLEY'})",frozenset({'JUMBO SHOPPER VINTAGE RED PAISLEY'}),0.01642710472279261,0.06287807314501359,0.011876352738775737,0.7229729729729729,11.49801412180053,1.0,0.010843448046455186,3.3827815896228772,0.928277369129612,0.1761316872427984,0.7043852895890086,0.45592602752796924,"JUMBO BAG SCANDINAVIAN BLUE PAISLEY, JUMBO STORAGE BAG SUKI",JUMBO SHOPPER VINTAGE RED PAISLEY,"JUMBO BAG SCANDINAVIAN BLUE PAISLEY, JUMBO STORAGE BAG SUKI → JUMBO SHOPPER VINTAGE RED PAISLEY"
"frozenset({'DOTCOM POSTAGE', 'JUMBO BAG WOODLAND ANIMALS'})",frozenset({'JUMBO STORAGE BAG SUKI'}),0.0200344081247572,0.06271158221876907,0.014429213607858371,0.7202216066481993,11.484666486897261,1.0,0.013172824175538285,3.3501100873170717,0.931591259572911,0.21121039805036554,0.7015023465092015,0.4751550511117103,"DOTCOM POSTAGE, JUMBO BAG WOODLAND ANIMALS",JUMBO STORAGE BAG SUKI,"DOTCOM POSTAGE, JUMBO BAG WOODLAND ANIMALS → JUMBO STORAGE BAG SUKI"
"frozenset({'JUMBO STORAGE BAG SUKI', 'JUMBO BAG TOYS '})",frozenset({'JUMBO SHOPPER VINTAGE RED PAISLEY'}),0.016371607747377767,0.06287807314501359,0.011820855763360897,0.7220338983050848,11.483079270573102,1.0,0.010791440613919807,3.37135327344172,0.9281099975312646,0.17530864197530865,0.7033832058249037,0.4550151839274762,"JUMBO BAG TOYS , JUMBO STORAGE BAG SUKI",JUMBO SHOPPER VINTAGE RED PAISLEY,"JUMBO BAG TOYS , JUMBO STORAGE BAG SUKI → JUMBO SHOPPER VINTAGE RED PAISLEY"
frozenset({'SET OF 72 PINK HEART PAPER DOILIES'}),frozenset({'DOTCOM POSTAGE'}),0.02547311171541151,0.03918086464287696,0.011432376935457018,0.44880174291939,11.454615588759898,1.0,0.010434318393302597,1.7431461783751758,0.9365559413494925,0.21480709071949952,0.426324646546785,0.37029322273448256,SET OF 72 PINK HEART PAPER DOILIES,DOTCOM POSTAGE,SET OF 72 PINK HEART PAPER DOILIES → DOTCOM POSTAGE
"frozenset({'LUNCH BAG SPACEBOY DESIGN ', 'LUNCH BAG ALPHABET DESIGN'})",frozenset({'LUNCH BAG SUKI DESIGN '}),0.015650147066984848,0.05666241189855153,0.0101559465009157,0.6489361702127661,11.452674682726574,1.0,0.009269171421533298,2.6870828267132176,0.9271948885214478,0.16339285714285715,0.6278492087930246,0.41408610665388546,"LUNCH BAG ALPHABET DESIGN, LUNCH BAG SPACEBOY DESIGN ",LUNCH BAG SUKI DESIGN ,"LUNCH BAG ALPHABET DESIGN, LUNCH BAG SPACEBOY DESIGN  → LUNCH BAG SUKI DESIGN "
frozenset({'CHARLOTTE BAG VINTAGE ALPHABET '}),frozenset({'RED RETROSPOT CHARLOTTE BAG'}),0.022531772018424996,0.050113768799600424,0.012930795271657695,0.5738916256157636,11.4517754174645,1.0,0.011801643258081038,2.229212773799782,0.9337155617351502,0.216542750929368,0.5514111475794837,0.4159602092641387,CHARLOTTE BAG VINTAGE ALPHABET ,RED RETROSPOT CHARLOTTE BAG,CHARLOTTE BAG VINTAGE ALPHABET  → RED RETROSPOT CHARLOTTE BAG
"frozenset({'JUMBO BAG RED RETROSPOT', 'JUMBO SHOPPER VINTAGE RED PAISLEY'})",frozenset({'JUMBO BAG SCANDINAVIAN BLUE PAISLEY'}),0.03646151284754981,0.03524057938842333,0.01470669848493257,0.4033485540334855,11.445571015951773,1.0,0.013421773646806474,1.6169564779127703,0.9471650296787824,0.25803310613437197,0.3815541644690161,0.4103356943395774,"JUMBO BAG RED RETROSPOT, JUMBO SHOPPER VINTAGE RED PAISLEY",JUMBO BAG SCANDINAVIAN BLUE PAISLEY,"JUMBO BAG RED RETROSPOT, JUMBO SHOPPER VINTAGE RED PAISLEY → JUMBO BAG SCANDINAVIAN BLUE PAISLEY"
"frozenset({'JUMBO BAG PINK POLKADOT', 'JUMBO BAG TOYS '})",frozenset({'JUMBO STORAGE BAG SUKI'}),0.01548365614074033,0.06271158221876907,0.011099395082967978,0.7168458781362007,11.430837060297524,1.0,0.010128390507850792,3.310170488113461,0.9268686583990982,0.16542597187758476,0.6979007565951921,0.44691851428933926,"JUMBO BAG PINK POLKADOT, JUMBO BAG TOYS ",JUMBO STORAGE BAG SUKI,"JUMBO BAG PINK POLKADOT, JUMBO BAG TOYS  → JUMBO STORAGE BAG SUKI"
"frozenset({'DOTCOM POSTAGE', 'RED TOADSTOOL LED NIGHT LIGHT'})",frozenset({'GREEN REGENCY TEACUP AND SAUCER'}),0.017370553304844886,0.05172318108663078,0.01026694045174538,0.5910543130990416,11.42726144606398,1.0,0.009368480177583915,2.3188331587490985,0.9286206233342797,0.17452830188679244,0.5687486198707573,0.39477608358814736,"DOTCOM POSTAGE, RED TOADSTOOL LED NIGHT LIGHT",GREEN REGENCY TEACUP AND SAUCER,"DOTCOM POSTAGE, RED TOADSTOOL LED NIGHT LIGHT → GREEN REGENCY TEACUP AND SAUCER"
"frozenset({'LUNCH BAG  BLACK SKULL.', 'LUNCH BAG VINTAGE LEAF DESIGN'})",frozenset({'LUNCH BAG SUKI DESIGN '}),0.01603862589488873,0.05666241189855153,0.01037793440257506,0.6470588235294118,11.41954254767529,1.0,0.0094691471758321,2.672789832954104,0.9273034917704968,0.16651825467497777,0.6258590976100995,0.41510629717117015,"LUNCH BAG  BLACK SKULL., LUNCH BAG VINTAGE LEAF DESIGN",LUNCH BAG SUKI DESIGN ,"LUNCH BAG  BLACK SKULL., LUNCH BAG VINTAGE LEAF DESIGN → LUNCH BAG SUKI DESIGN "
"frozenset({'RECYCLING BAG RETROSPOT ', 'JUMBO BAG WOODLAND ANIMALS'})",frozenset({'JUMBO STORAGE BAG SUKI'}),0.014207225706199013,0.06271158221876907,0.0101559465009157,0.71484375,11.39891108960177,1.0,0.009264988897940791,3.2869292459177415,0.9254199725653096,0.1521197007481297,0.6957646711617029,0.4383953263274336,"JUMBO BAG WOODLAND ANIMALS, RECYCLING BAG RETROSPOT ",JUMBO STORAGE BAG SUKI,"JUMBO BAG WOODLAND ANIMALS, RECYCLING BAG RETROSPOT  → JUMBO STORAGE BAG SUKI"
"frozenset({'JUMBO BAG PINK VINTAGE PAISLEY', 'JUMBO BAG WOODLAND ANIMALS'})",frozenset({'JUMBO STORAGE BAG SUKI'}),0.014595704534102891,0.06271158221876907,0.0104334313779899,0.714828897338403,11.398674248797066,1.0,0.009518111653058646,3.286758051686183,0.9257829537992552,0.15601659751037344,0.6957488247463252,0.4406002893771661,"JUMBO BAG PINK VINTAGE PAISLEY, JUMBO BAG WOODLAND ANIMALS",JUMBO STORAGE BAG SUKI,"JUMBO BAG PINK VINTAGE PAISLEY, JUMBO BAG WOODLAND ANIMALS → JUMBO STORAGE BAG SUKI"
"frozenset({'JUMBO STORAGE BAG SKULLS', 'JUMBO SHOPPER VINTAGE RED PAISLEY'})",frozenset({'JUMBO STORAGE BAG SUKI'}),0.016482601698207446,0.06271158221876907,0.011765358787946057,0.7138047138047139,11.382342600041717,1.0,0.010731708756369699,3.274996000953243,0.9274311004550363,0.17448559670781894,0.6946561156993984,0.45070766663687023,"JUMBO SHOPPER VINTAGE RED PAISLEY, JUMBO STORAGE BAG SKULLS",JUMBO STORAGE BAG SUKI,"JUMBO SHOPPER VINTAGE RED PAISLEY, JUMBO STORAGE BAG SKULLS → JUMBO STORAGE BAG SUKI"
"frozenset({'DOTCOM POSTAGE', 'JUMBO BAG RED RETROSPOT'})",frozenset({'JUMBO BAG OWLS'}),0.026916033076197346,0.034241633830956214,0.01048892835340474,0.38969072164948454,11.380611204865579,1.0,0.009567279404627684,1.58240813375671,0.9373613049899123,0.20700985761226723,0.36805178217458123,0.3480058146334943,"DOTCOM POSTAGE, JUMBO BAG RED RETROSPOT",JUMBO BAG OWLS,"DOTCOM POSTAGE, JUMBO BAG RED RETROSPOT → JUMBO BAG OWLS"
"frozenset({'LUNCH BAG SPACEBOY DESIGN ', 'LUNCH BAG APPLE DESIGN'})",frozenset({'LUNCH BAG WOODLAND'}),0.019201953493534603,0.0482823686109107,0.010544425328819579,0.5491329479768786,11.373363896086639,1.0,0.009617309532195176,2.110860900388621,0.9299317722246543,0.1851851851851852,0.5262596413549114,0.38376187628728986,"LUNCH BAG APPLE DESIGN, LUNCH BAG SPACEBOY DESIGN ",LUNCH BAG WOODLAND,"LUNCH BAG APPLE DESIGN, LUNCH BAG SPACEBOY DESIGN  → LUNCH BAG WOODLAND"
"frozenset({'JUMBO  BAG BAROQUE BLACK WHITE', 'JUMBO SHOPPER VINTAGE RED PAISLEY'})",frozenset({'JUMBO BAG WOODLAND ANIMALS'}),0.022975747821743716,0.04079027692990732,0.01065541927964926,0.463768115942029,11.369575076407376,1.0,0.009718232163328618,1.788796510590173,0.9334936807725078,0.20062695924764892,0.44096492022445155,0.3624963028689737,"JUMBO  BAG BAROQUE BLACK WHITE, JUMBO SHOPPER VINTAGE RED PAISLEY",JUMBO BAG WOODLAND ANIMALS,"JUMBO  BAG BAROQUE BLACK WHITE, JUMBO SHOPPER VINTAGE RED PAISLEY → JUMBO BAG WOODLAND ANIMALS"
"frozenset({'LUNCH BAG SPACEBOY DESIGN ', 'LUNCH BAG  BLACK SKULL.'})",frozenset({'LUNCH BAG DOLLY GIRL DESIGN'}),0.026805039125367667,0.033353682224318774,0.0101559465009157,0.37888198757763975,11.359525015243745,1.0,0.009261899743917756,1.5563005716188465,0.937086798492282,0.20310765815760265,0.357450599044752,0.34168725002842054,"LUNCH BAG  BLACK SKULL., LUNCH BAG SPACEBOY DESIGN ",LUNCH BAG DOLLY GIRL DESIGN,"LUNCH BAG  BLACK SKULL., LUNCH BAG SPACEBOY DESIGN  → LUNCH BAG DOLLY GIRL DESIGN"
frozenset({'HAND OVER THE CHOCOLATE   SIGN '}),frozenset({'COOK WITH WINE METAL SIGN '}),0.03707197957711305,0.03823741606082468,0.016094122870303568,0.43413173652694603,11.353584558024734,1.0,0.0146765861630151,1.6996227673845743,0.947030380838628,0.2717900656044986,0.41163414659428965,0.4275157956945325,HAND OVER THE CHOCOLATE   SIGN ,COOK WITH WINE METAL SIGN ,HAND OVER THE CHOCOLATE   SIGN  → COOK WITH WINE METAL SIGN 
frozenset({'COOK WITH WINE METAL SIGN '}),frozenset({'HAND OVER THE CHOCOLATE   SIGN '}),0.03823741606082468,0.03707197957711305,0.016094122870303568,0.420899854862119,11.353584558024734,1.0,0.0146765861630151,1.6628005164695967,0.9481779652585708,0.2717900656044986,0.3986049498449958,0.4275157956945325,COOK WITH WINE METAL SIGN ,HAND OVER THE CHOCOLATE   SIGN ,COOK WITH WINE METAL SIGN  → HAND OVER THE CHOCOLATE   SIGN 
"frozenset({'LUNCH BAG RED RETROSPOT', 'LUNCH BAG DOLLY GIRL DESIGN'})",frozenset({'LUNCH BAG SPACEBOY DESIGN '}),0.017481547255674565,0.05760586048060381,0.011432376935457018,0.6539682539682541,11.352460470379548,1.0,0.010425337363261547,2.7234326050331186,0.9281386686789009,0.17959895379250218,0.6328163222574625,0.4262134140746858,"LUNCH BAG DOLLY GIRL DESIGN, LUNCH BAG RED RETROSPOT",LUNCH BAG SPACEBOY DESIGN ,"LUNCH BAG DOLLY GIRL DESIGN, LUNCH BAG RED RETROSPOT → LUNCH BAG SPACEBOY DESIGN "
frozenset({'JUMBO BAG SCANDINAVIAN BLUE PAISLEY'}),frozenset({'JUMBO BAG PINK VINTAGE PAISLEY'}),0.03524057938842333,0.04523003496309451,0.018036517009822964,0.5118110236220472,11.315733539442538,1.0,0.01644258437196487,1.955738476769145,0.9449272540620907,0.28888888888888886,0.4886841917371349,0.45529201487850823,JUMBO BAG SCANDINAVIAN BLUE PAISLEY,JUMBO BAG PINK VINTAGE PAISLEY,JUMBO BAG SCANDINAVIAN BLUE PAISLEY → JUMBO BAG PINK VINTAGE PAISLEY
frozenset({'JUMBO BAG PINK VINTAGE PAISLEY'}),frozenset({'JUMBO BAG SCANDINAVIAN BLUE PAISLEY'}),0.04523003496309451,0.03524057938842333,0.018036517009822964,0.3987730061349693,11.315733539442538,1.0,0.01644258437196487,1.6046508730580304,0.9548137284710174,0.28888888888888886,0.37681148168120177,0.45529201487850823,JUMBO BAG PINK VINTAGE PAISLEY,JUMBO BAG SCANDINAVIAN BLUE PAISLEY,JUMBO BAG PINK VINTAGE PAISLEY → JUMBO BAG SCANDINAVIAN BLUE PAISLEY
"frozenset({'JUMBO STORAGE BAG SUKI', 'JUMBO BAG PINK POLKADOT'})",frozenset({'JUMBO BAG SPACEBOY DESIGN'}),0.028025972584494144,0.034519118708030413,0.010932904156723459,0.3900990099009901,11.300955079430773,1.0,0.0099654722821713,1.5830124839365087,0.9377945069615085,0.21182795698924733,0.368293042444441,0.35340963356785837,"JUMBO BAG PINK POLKADOT, JUMBO STORAGE BAG SUKI",JUMBO BAG SPACEBOY DESIGN,"JUMBO BAG PINK POLKADOT, JUMBO STORAGE BAG SUKI → JUMBO BAG SPACEBOY DESIGN"
"frozenset({'60 TEATIME FAIRY CAKE CASES', 'PACK OF 72 RETROSPOT CAKE CASES'})",frozenset({'PACK OF 60 PINK PAISLEY CAKE CASES'}),0.022698262944669517,0.043343137798989954,0.011099395082967978,0.4889975550122249,11.282006330045174,1.0,0.010115581144359459,1.8721179743550869,0.932530096536059,0.20202020202020202,0.46584562848156863,0.3725397506175081,"60 TEATIME FAIRY CAKE CASES, PACK OF 72 RETROSPOT CAKE CASES",PACK OF 60 PINK PAISLEY CAKE CASES,"60 TEATIME FAIRY CAKE CASES, PACK OF 72 RETROSPOT CAKE CASES → PACK OF 60 PINK PAISLEY CAKE CASES"
"frozenset({'LUNCH BAG SPACEBOY DESIGN ', 'LUNCH BAG SUKI DESIGN '})",frozenset({'LUNCH BAG ALPHABET DESIGN'}),0.023586214551306953,0.03818191908540985,0.0101559465009157,0.43058823529411766,11.277281121751026,1.0,0.009255379565386582,1.6891433239202516,0.9333401041462843,0.1967741935483871,0.4079839254379266,0.34828830369357044,"LUNCH BAG SPACEBOY DESIGN , LUNCH BAG SUKI DESIGN ",LUNCH BAG ALPHABET DESIGN,"LUNCH BAG SPACEBOY DESIGN , LUNCH BAG SUKI DESIGN  → LUNCH BAG ALPHABET DESIGN"
frozenset({'LOVE BUILDING BLOCK WORD'}),frozenset({'HOME BUILDING BLOCK WORD'}),0.033686664076807815,0.04151173761030024,0.01576114101781453,0.4678747940691928,11.270903628787146,1.0,0.014362749057691757,1.801245743871665,0.9430439748530235,0.26517273576097106,0.4448286673807414,0.4237769692271098,LOVE BUILDING BLOCK WORD,HOME BUILDING BLOCK WORD,LOVE BUILDING BLOCK WORD → HOME BUILDING BLOCK WORD
frozenset({'HOME BUILDING BLOCK WORD'}),frozenset({'LOVE BUILDING BLOCK WORD'}),0.04151173761030024,0.033686664076807815,0.01576114101781453,0.37967914438502676,11.270903628787146,1.0,0.014362749057691757,1.5577637398072148,0.9507429616201056,0.26517273576097106,0.35805412948965065,0.4237769692271098,HOME BUILDING BLOCK WORD,LOVE BUILDING BLOCK WORD,HOME BUILDING BLOCK WORD → LOVE BUILDING BLOCK WORD
"frozenset({'LUNCH BAG  BLACK SKULL.', 'LUNCH BAG DOLLY GIRL DESIGN'})",frozenset({'LUNCH BAG SPACEBOY DESIGN '}),0.01570564404239969,0.05760586048060381,0.0101559465009157,0.6466431095406361,11.225300761861966,1.0,0.009251209361451197,2.6669754148398916,0.9254503205483706,0.16080843585237256,0.6250434126855146,0.4114718437876591,"LUNCH BAG  BLACK SKULL., LUNCH BAG DOLLY GIRL DESIGN",LUNCH BAG SPACEBOY DESIGN ,"LUNCH BAG  BLACK SKULL., LUNCH BAG DOLLY GIRL DESIGN → LUNCH BAG SPACEBOY DESIGN "
"frozenset({'LUNCH BAG RED RETROSPOT', 'LUNCH BAG ALPHABET DESIGN'})",frozenset({'LUNCH BAG SUKI DESIGN '}),0.01614961984571841,0.05666241189855153,0.01026694045174538,0.6357388316151202,11.219762984204555,1.0,0.00935186404004226,2.589728661674731,0.9258232510488827,0.16415261756876662,0.6138591603054978,0.40846686928454345,"LUNCH BAG ALPHABET DESIGN, LUNCH BAG RED RETROSPOT",LUNCH BAG SUKI DESIGN ,"LUNCH BAG ALPHABET DESIGN, LUNCH BAG RED RETROSPOT → LUNCH BAG SUKI DESIGN "
"frozenset({'DOTCOM POSTAGE', 'JUMBO SHOPPER VINTAGE RED PAISLEY'})",frozenset({'JUMBO STORAGE BAG SUKI'}),0.02014540207558688,0.06271158221876907,0.014151728730784172,0.7024793388429752,11.201747970452718,1.0,0.012888378692190844,3.1503305153202485,0.9294524107785389,0.20597738287560582,0.6825729887270751,0.46407152782856725,"DOTCOM POSTAGE, JUMBO SHOPPER VINTAGE RED PAISLEY",JUMBO STORAGE BAG SUKI,"DOTCOM POSTAGE, JUMBO SHOPPER VINTAGE RED PAISLEY → JUMBO STORAGE BAG SUKI"
"frozenset({'LUNCH BAG CARS BLUE', 'LUNCH BAG SPACEBOY DESIGN '})",frozenset({'LUNCH BAG WOODLAND'}),0.02519562683833731,0.0482823686109107,0.013596758976635773,0.539647577092511,11.176907691528685,1.0,0.012380254434244215,2.0673674863667295,0.934064146580921,0.22706209453197404,0.5162930603317951,0.41062838624740494,"LUNCH BAG CARS BLUE, LUNCH BAG SPACEBOY DESIGN ",LUNCH BAG WOODLAND,"LUNCH BAG CARS BLUE, LUNCH BAG SPACEBOY DESIGN  → LUNCH BAG WOODLAND"
"frozenset({'LUNCH BAG SPACEBOY DESIGN ', 'LUNCH BAG APPLE DESIGN'})",frozenset({'LUNCH BAG SUKI DESIGN '}),0.019201953493534603,0.05666241189855153,0.012153837615849936,0.6329479768786127,11.170508908301393,1.0,0.011065808617742447,2.5700378384496156,0.9283038104458288,0.1907665505226481,0.610900670395089,0.423721784717465,"LUNCH BAG APPLE DESIGN, LUNCH BAG SPACEBOY DESIGN ",LUNCH BAG SUKI DESIGN ,"LUNCH BAG APPLE DESIGN, LUNCH BAG SPACEBOY DESIGN  → LUNCH BAG SUKI DESIGN "
frozenset({'LOVEBIRD HANGING DECORATION WHITE '}),frozenset({'DOTCOM POSTAGE'}),0.029801875797769023,0.03918086464287696,0.013041789222487374,0.4376163873370577,11.169135528932639,1.0,0.011874125960751155,1.708476409558858,0.9384346695811132,0.23313492063492064,0.41468316775985925,0.3852387885693787,LOVEBIRD HANGING DECORATION WHITE ,DOTCOM POSTAGE,LOVEBIRD HANGING DECORATION WHITE  → DOTCOM POSTAGE
frozenset({'DOTCOM POSTAGE'}),frozenset({'LOVEBIRD HANGING DECORATION WHITE '}),0.03918086464287696,0.029801875797769023,0.013041789222487374,0.3328611898016997,11.169135528932639,1.0,0.011874125960751155,1.4542672519889068,0.9475951535618912,0.23313492063492064,0.3123684806679343,0.3852387885693787,DOTCOM POSTAGE,LOVEBIRD HANGING DECORATION WHITE ,DOTCOM POSTAGE → LOVEBIRD HANGING DECORATION WHITE 
frozenset({'CHOCOLATE THIS WAY METAL SIGN'}),frozenset({'HAND OVER THE CHOCOLATE   SIGN '}),0.02469615405960375,0.03707197957711305,0.01021144347633054,0.41348314606741576,11.153522169144857,1.0,0.009295908157399672,1.6417738279240794,0.9333934517889569,0.19806243272335844,0.39090270353229006,0.34446612393191145,CHOCOLATE THIS WAY METAL SIGN,HAND OVER THE CHOCOLATE   SIGN ,CHOCOLATE THIS WAY METAL SIGN → HAND OVER THE CHOCOLATE   SIGN 
frozenset({'PICNIC BASKET WICKER LARGE'}),frozenset({'DOTCOM POSTAGE'}),0.023808202452966314,0.03918086464287696,0.01037793440257506,0.4358974358974359,11.125263310815718,1.0,0.009445108444875176,1.703270285405809,0.9323111393505668,0.19725738396624476,0.4128941198773117,0.3503849785719474,PICNIC BASKET WICKER LARGE,DOTCOM POSTAGE,PICNIC BASKET WICKER LARGE → DOTCOM POSTAGE
"frozenset({'JUMBO STORAGE BAG SKULLS', 'JUMBO BAG WOODLAND ANIMALS'})",frozenset({'JUMBO STORAGE BAG SUKI'}),0.015039680337421611,0.06271158221876907,0.01048892835340474,0.6974169741697417,11.121023413773962,1.0,0.00954576620338052,3.097623917301385,0.9239765297349251,0.15594059405940594,0.6771719141195202,0.4323368056689416,"JUMBO BAG WOODLAND ANIMALS, JUMBO STORAGE BAG SKULLS",JUMBO STORAGE BAG SUKI,"JUMBO BAG WOODLAND ANIMALS, JUMBO STORAGE BAG SKULLS → JUMBO STORAGE BAG SUKI"
"frozenset({'LUNCH BAG RED RETROSPOT', 'LUNCH BAG SPACEBOY DESIGN '})",frozenset({'LUNCH BAG WOODLAND'}),0.027803984682834786,0.0482823686109107,0.01492868638659193,0.5369261477045908,11.120542822401175,1.0,0.013586244149283186,2.055217816060059,0.9361037462900612,0.24410163339382937,0.5134335678750377,0.4230607750017207,"LUNCH BAG RED RETROSPOT, LUNCH BAG SPACEBOY DESIGN ",LUNCH BAG WOODLAND,"LUNCH BAG RED RETROSPOT, LUNCH BAG SPACEBOY DESIGN  → LUNCH BAG WOODLAND"
"frozenset({'LUNCH BAG RED RETROSPOT', 'LUNCH BAG APPLE DESIGN'})",frozenset({'LUNCH BAG ALPHABET DESIGN'}),0.023919196403795993,0.03818191908540985,0.0101559465009157,0.4245939675174014,11.120288809151244,1.0,0.009242665679237936,1.6715467454604371,0.9323759617523623,0.19551282051282048,0.40175169930737153,0.34529116980521235,"LUNCH BAG APPLE DESIGN, LUNCH BAG RED RETROSPOT",LUNCH BAG ALPHABET DESIGN,"LUNCH BAG APPLE DESIGN, LUNCH BAG RED RETROSPOT → LUNCH BAG ALPHABET DESIGN"
"frozenset({'DOTCOM POSTAGE', 'SUKI  SHOULDER BAG'})",frozenset({'JAM MAKING SET PRINTED'}),0.018646983739386204,0.05594095121815861,0.011598867861701537,0.6220238095238095,11.119292682350718,1.0,0.010555737853970737,2.497668034572431,0.9273586638912242,0.1841409691629956,0.5996265371706263,0.41468253968253965,"DOTCOM POSTAGE, SUKI  SHOULDER BAG",JAM MAKING SET PRINTED,"DOTCOM POSTAGE, SUKI  SHOULDER BAG → JAM MAKING SET PRINTED"
"frozenset({'JUMBO BAG WOODLAND ANIMALS', 'JUMBO BAG TOYS '})",frozenset({'JUMBO SHOPPER VINTAGE RED PAISLEY'}),0.015650147066984848,0.06287807314501359,0.010932904156723459,0.698581560283688,11.11009808892478,1.0,0.009948853064715366,3.109039804389485,0.9244597244167387,0.16174055829228245,0.6783572861987311,0.43622811465199407,"JUMBO BAG TOYS , JUMBO BAG WOODLAND ANIMALS",JUMBO SHOPPER VINTAGE RED PAISLEY,"JUMBO BAG TOYS , JUMBO BAG WOODLAND ANIMALS → JUMBO SHOPPER VINTAGE RED PAISLEY"
"frozenset({'JUMBO BAG RED RETROSPOT', 'JUMBO STORAGE BAG SUKI'})",frozenset({'JUMBO BAG WOODLAND ANIMALS'}),0.038736888839558246,0.04079027692990732,0.017537044231089406,0.45272206303724927,11.098773950841082,1.0,0.015956955807920788,1.752692111787761,0.9465670193275303,0.28290062667860344,0.42944913526198764,0.44132701791318246,"JUMBO BAG RED RETROSPOT, JUMBO STORAGE BAG SUKI",JUMBO BAG WOODLAND ANIMALS,"JUMBO BAG RED RETROSPOT, JUMBO STORAGE BAG SUKI → JUMBO BAG WOODLAND ANIMALS"
frozenset({'PACK OF 60 DINOSAUR CAKE CASES'}),frozenset({'PACK OF 72 SKULL CAKE CASES'}),0.0301903546256729,0.03346467617514846,0.011210389033797659,0.3713235294117647,11.095984538093845,1.0,0.01020007859263662,1.537412912750641,0.9382019575348093,0.21375661375661378,0.34955665344916104,0.3531576187689006,PACK OF 60 DINOSAUR CAKE CASES,PACK OF 72 SKULL CAKE CASES,PACK OF 60 DINOSAUR CAKE CASES → PACK OF 72 SKULL CAKE CASES
frozenset({'PACK OF 72 SKULL CAKE CASES'}),frozenset({'PACK OF 60 DINOSAUR CAKE CASES'}),0.03346467617514846,0.0301903546256729,0.011210389033797659,0.33499170812603646,11.095984538093843,1.0,0.01020007859263662,1.4583421849394496,0.9413802944373446,0.21375661375661378,0.3142898763217769,0.3531576187689006,PACK OF 72 SKULL CAKE CASES,PACK OF 60 DINOSAUR CAKE CASES,PACK OF 72 SKULL CAKE CASES → PACK OF 60 DINOSAUR CAKE CASES
frozenset({'TOILET SIGN OCCUPIED OR VACANT'}),frozenset({'DOTCOM POSTAGE'}),0.023752705477551473,0.03918086464287696,0.010322437427160219,0.43457943925233644,11.091624526753328,1.0,0.009391785888942152,1.699299958400201,0.9319789017233275,0.1962025316455696,0.41152237716674467,0.34901776495194725,TOILET SIGN OCCUPIED OR VACANT,DOTCOM POSTAGE,TOILET SIGN OCCUPIED OR VACANT → DOTCOM POSTAGE
"frozenset({'JUMBO BAG RED RETROSPOT', 'JUMBO BAG TOYS '})",frozenset({'JUMBO STORAGE BAG SUKI'}),0.018757977690215883,0.06271158221876907,0.013041789222487374,0.6952662721893491,11.0867282819291,1.0,0.011865446762309564,3.075761992330641,0.9271943557635495,0.19059205190592052,0.6748773141441105,0.4516154369796303,"JUMBO BAG RED RETROSPOT, JUMBO BAG TOYS ",JUMBO STORAGE BAG SUKI,"JUMBO BAG RED RETROSPOT, JUMBO BAG TOYS  → JUMBO STORAGE BAG SUKI"
"frozenset({'JUMBO BAG PINK VINTAGE PAISLEY', 'JUMBO SHOPPER VINTAGE RED PAISLEY'})",frozenset({'JUMBO BAG WOODLAND ANIMALS'}),0.022254287141350797,0.04079027692990732,0.01004495255008602,0.4513715710723192,11.065665767553904,1.0,0.009137194014712646,1.7483777225050325,0.9303343077678593,0.18952879581151835,0.4280412137903332,0.3488150372368399,"JUMBO BAG PINK VINTAGE PAISLEY, JUMBO SHOPPER VINTAGE RED PAISLEY",JUMBO BAG WOODLAND ANIMALS,"JUMBO BAG PINK VINTAGE PAISLEY, JUMBO SHOPPER VINTAGE RED PAISLEY → JUMBO BAG WOODLAND ANIMALS"
frozenset({'REGENCY TEA PLATE GREEN '}),frozenset({'ROSES REGENCY TEACUP AND SAUCER '}),0.018646983739386204,0.053055108496586935,0.010932904156723459,0.5863095238095238,11.05095325263997,1.0,0.009943586411296232,2.289017867231272,0.9267919430489177,0.1799086757990868,0.5631314135570421,0.3961882347081092,REGENCY TEA PLATE GREEN ,ROSES REGENCY TEACUP AND SAUCER ,REGENCY TEA PLATE GREEN  → ROSES REGENCY TEACUP AND SAUCER 
"frozenset({'DOTCOM POSTAGE', 'JUMBO BAG RED RETROSPOT'})",frozenset({'BATHROOM METAL SIGN'}),0.026916033076197346,0.034241633830956214,0.0101559465009157,0.377319587628866,11.019321960266673,1.0,0.009234297552138645,1.5509695615628682,0.934400674162486,0.19912948857453752,0.3552420210024444,0.33695801099433575,"DOTCOM POSTAGE, JUMBO BAG RED RETROSPOT",BATHROOM METAL SIGN,"DOTCOM POSTAGE, JUMBO BAG RED RETROSPOT → BATHROOM METAL SIGN"
frozenset({'LUNCH BAG ALPHABET DESIGN'}),frozenset({'LUNCH BAG VINTAGE LEAF DESIGN'}),0.03818191908540985,0.034574615683445255,0.014540207558688052,0.3808139534883721,11.01426425025197,1.0,0.013220082380253602,1.559184658238943,0.9453020907247789,0.24976167778836986,0.3586391485345468,0.40067984993840755,LUNCH BAG ALPHABET DESIGN,LUNCH BAG VINTAGE LEAF DESIGN,LUNCH BAG ALPHABET DESIGN → LUNCH BAG VINTAGE LEAF DESIGN
frozenset({'LUNCH BAG VINTAGE LEAF DESIGN'}),frozenset({'LUNCH BAG ALPHABET DESIGN'}),0.034574615683445255,0.03818191908540985,0.014540207558688052,0.420545746388443,11.014264250251967,1.0,0.013220082380253602,1.6598688764814118,0.9417699778311764,0.24976167778836986,0.3975427733064078,0.40067984993840755,LUNCH BAG VINTAGE LEAF DESIGN,LUNCH BAG ALPHABET DESIGN,LUNCH BAG VINTAGE LEAF DESIGN → LUNCH BAG ALPHABET DESIGN
"frozenset({'LUNCH BAG WOODLAND', 'LUNCH BAG APPLE DESIGN'})",frozenset({'LUNCH BAG SUKI DESIGN '}),0.017537044231089406,0.05666241189855153,0.010932904156723459,0.6234177215189873,11.002315302694058,1.0,0.009939212933018355,2.504997292773594,0.9253377284701236,0.17280701754385966,0.6007979717643624,0.4081829058133624,"LUNCH BAG APPLE DESIGN, LUNCH BAG WOODLAND",LUNCH BAG SUKI DESIGN ,"LUNCH BAG APPLE DESIGN, LUNCH BAG WOODLAND → LUNCH BAG SUKI DESIGN "
frozenset({'ALARM CLOCK BAKELIKE PINK'}),frozenset({'ALARM CLOCK BAKELIKE GREEN'}),0.03640601587213497,0.048615350463399744,0.01942394139519396,0.5335365853658537,10.974652661766344,1.0,0.017654050174594024,2.0395697061961107,0.9432198188265687,0.29610829103214886,0.5097005035120642,0.46653998218064374,ALARM CLOCK BAKELIKE PINK,ALARM CLOCK BAKELIKE GREEN,ALARM CLOCK BAKELIKE PINK → ALARM CLOCK BAKELIKE GREEN
frozenset({'ALARM CLOCK BAKELIKE GREEN'}),frozenset({'ALARM CLOCK BAKELIKE PINK'}),0.048615350463399744,0.03640601587213497,0.01942394139519396,0.3995433789954338,10.974652661766344,1.0,0.017654050174594024,1.6047686883954557,0.9553243722968974,0.29610829103214886,0.3768572335494282,0.46653998218064374,ALARM CLOCK BAKELIKE GREEN,ALARM CLOCK BAKELIKE PINK,ALARM CLOCK BAKELIKE GREEN → ALARM CLOCK BAKELIKE PINK
"frozenset({'JUMBO BAG WOODLAND ANIMALS', 'JUMBO BAG TOYS '})",frozenset({'JUMBO BAG PINK POLKADOT'}),0.015650147066984848,0.06432099450579944,0.011043898107553138,0.7056737588652483,10.971126368414934,1.0,0.010037265084042653,3.1790539704742726,0.9233014596577634,0.16022544283413848,0.6854410119212876,0.43868675001070867,"JUMBO BAG TOYS , JUMBO BAG WOODLAND ANIMALS",JUMBO BAG PINK POLKADOT,"JUMBO BAG TOYS , JUMBO BAG WOODLAND ANIMALS → JUMBO BAG PINK POLKADOT"
frozenset({'PACK OF 60 SPACEBOY CAKE CASES'}),frozenset({'60 TEATIME FAIRY CAKE CASES'}),0.024474166157944392,0.04178922248737444,0.011210389033797659,0.4580498866213152,10.960957379853225,1.0,0.01018763265903035,1.7680793007659743,0.9315664044502072,0.20362903225806453,0.4344145086893014,0.3631550893929949,PACK OF 60 SPACEBOY CAKE CASES,60 TEATIME FAIRY CAKE CASES,PACK OF 60 SPACEBOY CAKE CASES → 60 TEATIME FAIRY CAKE CASES
"frozenset({'JUMBO BAG PINK POLKADOT', 'JUMBO SHOPPER VINTAGE RED PAISLEY'})",frozenset({'JUMBO BAG PINK VINTAGE PAISLEY'}),0.02519562683833731,0.04523003496309451,0.012486819468338975,0.49559471365638763,10.957203859355152,1.0,0.011347220385523896,1.8928627254443453,0.9322238036499351,0.21551724137931033,0.4716996713191379,0.3858341666441447,"JUMBO BAG PINK POLKADOT, JUMBO SHOPPER VINTAGE RED PAISLEY",JUMBO BAG PINK VINTAGE PAISLEY,"JUMBO BAG PINK POLKADOT, JUMBO SHOPPER VINTAGE RED PAISLEY → JUMBO BAG PINK VINTAGE PAISLEY"
"frozenset({'JUMBO BAG RED RETROSPOT', 'JUMBO BAG WOODLAND ANIMALS'})",frozenset({'JUMBO STORAGE BAG SKULLS'}),0.02630556634663411,0.03795993118375048,0.010932904156723459,0.4156118143459916,10.948697781725764,1.0,0.009934346668455645,1.646234630393149,0.9332136507573707,0.20499479708636842,0.39255317465823036,0.3518117551262122,"JUMBO BAG RED RETROSPOT, JUMBO BAG WOODLAND ANIMALS",JUMBO STORAGE BAG SKULLS,"JUMBO BAG RED RETROSPOT, JUMBO BAG WOODLAND ANIMALS → JUMBO STORAGE BAG SKULLS"
"frozenset({'JUMBO BAG RED RETROSPOT', 'JUMBO BAG APPLES'})",frozenset({'JUMBO BAG SCANDINAVIAN BLUE PAISLEY'}),0.028192463510738664,0.03524057938842333,0.010877407181308618,0.3858267716535433,10.948366296732594,1.0,0.009883888432803203,1.5708262361239773,0.935022767030403,0.20696937697993664,0.36339234919611113,0.34724409448818894,"JUMBO BAG APPLES, JUMBO BAG RED RETROSPOT",JUMBO BAG SCANDINAVIAN BLUE PAISLEY,"JUMBO BAG APPLES, JUMBO BAG RED RETROSPOT → JUMBO BAG SCANDINAVIAN BLUE PAISLEY"
"frozenset({'JUMBO BAG PINK VINTAGE PAISLEY', 'JUMBO BAG WOODLAND ANIMALS'})",frozenset({'JUMBO SHOPPER VINTAGE RED PAISLEY'}),0.014595704534102891,0.06287807314501359,0.01004495255008602,0.6882129277566539,10.945197480359353,1.0,0.00912720277278769,3.0056471556446502,0.9220943445776324,0.14897119341563786,0.6672929494994164,0.4239828981236932,"JUMBO BAG PINK VINTAGE PAISLEY, JUMBO BAG WOODLAND ANIMALS",JUMBO SHOPPER VINTAGE RED PAISLEY,"JUMBO BAG PINK VINTAGE PAISLEY, JUMBO BAG WOODLAND ANIMALS → JUMBO SHOPPER VINTAGE RED PAISLEY"
"frozenset({'JUMBO BAG TOYS ', 'JUMBO SHOPPER VINTAGE RED PAISLEY'})",frozenset({'JUMBO BAG PINK POLKADOT'}),0.014595704534102891,0.06432099450579944,0.01026694045174538,0.7034220532319392,10.936119048478266,1.0,0.009328130220599076,3.1549176723714716,0.922017376691853,0.14955537590945836,0.6830345182198287,0.4315212078066512,"JUMBO BAG TOYS , JUMBO SHOPPER VINTAGE RED PAISLEY",JUMBO BAG PINK POLKADOT,"JUMBO BAG TOYS , JUMBO SHOPPER VINTAGE RED PAISLEY → JUMBO BAG PINK POLKADOT"
"frozenset({'JAM MAKING SET PRINTED', 'RECIPE BOX PANTRY YELLOW DESIGN'})",frozenset({'JAM MAKING SET WITH JARS'}),0.016760086575281646,0.055441478439425054,0.0101559465009157,0.6059602649006623,10.92972774098602,1.0,0.009226742522409325,2.3971149034562496,0.9239926087475491,0.16368515205724507,0.5828318456665708,0.39457172404192276,"JAM MAKING SET PRINTED, RECIPE BOX PANTRY YELLOW DESIGN",JAM MAKING SET WITH JARS,"JAM MAKING SET PRINTED, RECIPE BOX PANTRY YELLOW DESIGN → JAM MAKING SET WITH JARS"
"frozenset({'JUMBO BAG WOODLAND ANIMALS', 'JUMBO STORAGE BAG SUKI'})",frozenset({'RECYCLING BAG RETROSPOT '}),0.023586214551306953,0.03940285254453632,0.0101559465009157,0.43058823529411766,10.927844241922122,1.0,0.009226582366866756,1.6869991225974055,0.9304361086833502,0.19222689075630253,0.4072314640802303,0.34416735708367857,"JUMBO BAG WOODLAND ANIMALS, JUMBO STORAGE BAG SUKI",RECYCLING BAG RETROSPOT ,"JUMBO BAG WOODLAND ANIMALS, JUMBO STORAGE BAG SUKI → RECYCLING BAG RETROSPOT "
"frozenset({'JUMBO BAG WOODLAND ANIMALS', 'JUMBO BAG APPLES'})",frozenset({'JUMBO STORAGE BAG SUKI'}),0.01498418336200677,0.06271158221876907,0.01026694045174538,0.6851851851851852,10.925975090134383,1.0,0.00932725860485778,2.9772690917756752,0.9222948228526008,0.1522633744855967,0.6641217272693382,0.42445099967223865,"JUMBO BAG APPLES, JUMBO BAG WOODLAND ANIMALS",JUMBO STORAGE BAG SUKI,"JUMBO BAG APPLES, JUMBO BAG WOODLAND ANIMALS → JUMBO STORAGE BAG SUKI"
"frozenset({'JUMBO BAG WOODLAND ANIMALS', 'JUMBO BAG PINK POLKADOT'})",frozenset({'JUMBO STORAGE BAG SUKI'}),0.022032299239691435,0.06271158221876907,0.01509517731283645,0.6851385390428212,10.925231269922651,1.0,0.013713496967598018,2.9768280148731896,0.9289353381802159,0.21673306772908368,0.6640719601523237,0.46292325182229555,"JUMBO BAG PINK POLKADOT, JUMBO BAG WOODLAND ANIMALS",JUMBO STORAGE BAG SUKI,"JUMBO BAG PINK POLKADOT, JUMBO BAG WOODLAND ANIMALS → JUMBO STORAGE BAG SUKI"
"frozenset({'JUMBO STORAGE BAG SUKI', 'JUMBO BAG PINK POLKADOT'})",frozenset({'JUMBO BAG SCANDINAVIAN BLUE PAISLEY'}),0.028025972584494144,0.03524057938842333,0.010766413230478939,0.38415841584158417,10.901024401652764,1.0,0.009778761718677297,1.566570763372496,0.9344544982570645,0.20507399577167018,0.3616630519471643,0.3448351134326031,"JUMBO BAG PINK POLKADOT, JUMBO STORAGE BAG SUKI",JUMBO BAG SCANDINAVIAN BLUE PAISLEY,"JUMBO BAG PINK POLKADOT, JUMBO STORAGE BAG SUKI → JUMBO BAG SCANDINAVIAN BLUE PAISLEY"
"frozenset({'JUMBO STORAGE BAG SUKI', 'JUMBO SHOPPER VINTAGE RED PAISLEY'})",frozenset({'JUMBO BAG SPACEBOY DESIGN'}),0.028469948387812864,0.034519118708030413,0.0107109162550641,0.3762183235867447,10.8988391844205,1.0,0.009728158727053689,1.5477865378211888,0.9348625992923819,0.20488322717622082,0.35391607591593677,0.3432538563271344,"JUMBO SHOPPER VINTAGE RED PAISLEY, JUMBO STORAGE BAG SUKI",JUMBO BAG SPACEBOY DESIGN,"JUMBO SHOPPER VINTAGE RED PAISLEY, JUMBO STORAGE BAG SUKI → JUMBO BAG SPACEBOY DESIGN"
"frozenset({'WOODEN FRAME ANTIQUE WHITE ', 'WHITE HANGING HEART T-LIGHT HOLDER'})",frozenset({'WOODEN PICTURE FRAME WHITE FINISH'}),0.018424995837726842,0.05971474554636772,0.011987346689605417,0.6506024096385543,10.895171765127426,1.0,0.010887102751462674,2.6911612455052243,0.9252642137246649,0.1812080536912752,0.6284131983283427,0.42567295203117306,"WHITE HANGING HEART T-LIGHT HOLDER, WOODEN FRAME ANTIQUE WHITE ",WOODEN PICTURE FRAME WHITE FINISH,"WHITE HANGING HEART T-LIGHT HOLDER, WOODEN FRAME ANTIQUE WHITE  → WOODEN PICTURE FRAME WHITE FINISH"
"frozenset({'JUMBO STORAGE BAG SUKI', 'JUMBO SHOPPER VINTAGE RED PAISLEY'})",frozenset({'JUMBO STORAGE BAG SKULLS'}),0.028469948387812864,0.03795993118375048,0.011765358787946057,0.4132553606237817,10.886620384619771,1.0,0.010684641506339753,1.6396231073180596,0.9347566009713112,0.21522842639593912,0.3901037405872468,0.36159844054580903,"JUMBO SHOPPER VINTAGE RED PAISLEY, JUMBO STORAGE BAG SUKI",JUMBO STORAGE BAG SKULLS,"JUMBO SHOPPER VINTAGE RED PAISLEY, JUMBO STORAGE BAG SUKI → JUMBO STORAGE BAG SKULLS"
"frozenset({'JUMBO BAG RED RETROSPOT', 'JUMBO SHOPPER VINTAGE RED PAISLEY'})",frozenset({'DOTCOM POSTAGE'}),0.03646151284754981,0.03918086464287696,0.015539153116155169,0.426179604261796,10.877238369962186,1.0,0.0141105595166008,1.6744248592297872,0.9424272220119473,0.25854108956602034,0.4027800086174148,0.411390085417017,"JUMBO BAG RED RETROSPOT, JUMBO SHOPPER VINTAGE RED PAISLEY",DOTCOM POSTAGE,"JUMBO BAG RED RETROSPOT, JUMBO SHOPPER VINTAGE RED PAISLEY → DOTCOM POSTAGE"
"frozenset({'JAM MAKING SET PRINTED', 'SET OF 3 CAKE TINS PANTRY DESIGN '})",frozenset({'JAM MAKING SET WITH JARS'}),0.017426050280259727,0.055441478439425054,0.01048892835340474,0.6019108280254777,10.85668789808917,1.0,0.009522802362507382,2.3727310061601643,0.9239924153790292,0.16814946619217078,0.57854472445306,0.3955500086073334,"JAM MAKING SET PRINTED, SET OF 3 CAKE TINS PANTRY DESIGN ",JAM MAKING SET WITH JARS,"JAM MAKING SET PRINTED, SET OF 3 CAKE TINS PANTRY DESIGN  → JAM MAKING SET WITH JARS"
"frozenset({'LUNCH BAG  BLACK SKULL.', 'LUNCH BAG SUKI DESIGN '})",frozenset({'LUNCH BAG VINTAGE LEAF DESIGN'}),0.027692990732005106,0.034574615683445255,0.01037793440257506,0.374749498997996,10.83886231532085,1.0,0.009420459890890772,1.5440617524806437,0.9335933875418162,0.2,0.35235750876321503,0.3374550063208278,"LUNCH BAG  BLACK SKULL., LUNCH BAG SUKI DESIGN ",LUNCH BAG VINTAGE LEAF DESIGN,"LUNCH BAG  BLACK SKULL., LUNCH BAG SUKI DESIGN  → LUNCH BAG VINTAGE LEAF DESIGN"
frozenset({'JUMBO BAG TOYS '}),frozenset({'JUMBO BAG SPACEBOY DESIGN'}),0.028081469559908985,0.034519118708030413,0.01048892835340474,0.37351778656126483,10.820606102970146,1.0,0.009519580772170298,1.5411145928509045,0.93380639083831,0.20127795527156545,0.35111898580487616,0.3386881537307932,JUMBO BAG TOYS ,JUMBO BAG SPACEBOY DESIGN,JUMBO BAG TOYS  → JUMBO BAG SPACEBOY DESIGN
frozenset({'JUMBO BAG SPACEBOY DESIGN'}),frozenset({'JUMBO BAG TOYS '}),0.034519118708030413,0.028081469559908985,0.01048892835340474,0.3038585209003215,10.820606102970144,1.0,0.009519580772170298,1.3961508682072439,0.9400328403030017,0.20127795527156545,0.28374502872739643,0.3386881537307932,JUMBO BAG SPACEBOY DESIGN,JUMBO BAG TOYS ,JUMBO BAG SPACEBOY DESIGN → JUMBO BAG TOYS 
"frozenset({'LUNCH BAG WOODLAND', 'LUNCH BAG SUKI DESIGN '})",frozenset({'LUNCH BAG APPLE DESIGN'}),0.019923414173927522,0.0507797325045785,0.010932904156723459,0.5487465181058496,10.80640820737629,1.0,0.009921198514393492,2.1035189878447924,0.9259095952308408,0.1829155060352832,0.5246061453314607,0.38202353227696856,"LUNCH BAG SUKI DESIGN , LUNCH BAG WOODLAND",LUNCH BAG APPLE DESIGN,"LUNCH BAG SUKI DESIGN , LUNCH BAG WOODLAND → LUNCH BAG APPLE DESIGN"
frozenset({'RETROSPOT HEART HOT WATER BOTTLE'}),frozenset({'SCOTTIE DOG HOT WATER BOTTLE'}),0.03152228203562906,0.04073477995449248,0.013874243853709972,0.4401408450704225,10.805037993629352,1.0,0.01259019063132517,1.713404543980655,0.9369865337229958,0.23764258555133078,0.41636666979021947,0.39037015005564724,RETROSPOT HEART HOT WATER BOTTLE,SCOTTIE DOG HOT WATER BOTTLE,RETROSPOT HEART HOT WATER BOTTLE → SCOTTIE DOG HOT WATER BOTTLE
frozenset({'SCOTTIE DOG HOT WATER BOTTLE'}),frozenset({'RETROSPOT HEART HOT WATER BOTTLE'}),0.04073477995449248,0.03152228203562906,0.013874243853709972,0.34059945504087197,10.805037993629352,1.0,0.01259019063132517,1.468724473111257,0.9459850737633786,0.23764258555133078,0.31913710276668794,0.39037015005564724,SCOTTIE DOG HOT WATER BOTTLE,RETROSPOT HEART HOT WATER BOTTLE,SCOTTIE DOG HOT WATER BOTTLE → RETROSPOT HEART HOT WATER BOTTLE
frozenset({'SKULL SHOULDER BAG'}),frozenset({'CHARLOTTE BAG SUKI DESIGN'}),0.022365281092180476,0.044619568233531276,0.010766413230478939,0.4813895781637717,10.788754737478857,1.0,0.009768484044724284,1.8421928899611812,0.9280673848516343,0.19151036525172754,0.4571686789969795,0.36134155525104006,SKULL SHOULDER BAG,CHARLOTTE BAG SUKI DESIGN,SKULL SHOULDER BAG → CHARLOTTE BAG SUKI DESIGN
"frozenset({'JUMBO BAG RED RETROSPOT', 'JUMBO BAG VINTAGE LEAF'})",frozenset({'JUMBO BAG APPLES'}),0.022420778067595317,0.0491148232421333,0.011876352738775737,0.5297029702970296,10.784991889019409,1.0,0.010775160187034694,2.0218821653167267,0.9280869904313709,0.19906976744186045,0.505411335460615,0.3857554399507747,"JUMBO BAG RED RETROSPOT, JUMBO BAG VINTAGE LEAF",JUMBO BAG APPLES,"JUMBO BAG RED RETROSPOT, JUMBO BAG VINTAGE LEAF → JUMBO BAG APPLES"
"frozenset({'JUMBO BAG RED RETROSPOT', 'JUMBO SHOPPER VINTAGE RED PAISLEY'})",frozenset({'JUMBO BAG WOODLAND ANIMALS'}),0.03646151284754981,0.04079027692990732,0.01603862589488873,0.4398782343987824,10.783899191335593,1.0,0.0145513506885538,1.7125021414593775,0.9416013734006855,0.2620126926563917,0.4160591243711907,0.41653775665517356,"JUMBO BAG RED RETROSPOT, JUMBO SHOPPER VINTAGE RED PAISLEY",JUMBO BAG WOODLAND ANIMALS,"JUMBO BAG RED RETROSPOT, JUMBO SHOPPER VINTAGE RED PAISLEY → JUMBO BAG WOODLAND ANIMALS"
"frozenset({'DOTCOM POSTAGE', 'JUMBO BAG TOYS '})",frozenset({'JUMBO SHOPPER VINTAGE RED PAISLEY'}),0.01515067428825129,0.06287807314501359,0.01026694045174538,0.6776556776556776,10.777297136520437,1.0,0.009314295245652438,2.907207795811491,0.9211686836165592,0.15151515151515152,0.656027339552153,0.42046949813940104,"DOTCOM POSTAGE, JUMBO BAG TOYS ",JUMBO SHOPPER VINTAGE RED PAISLEY,"DOTCOM POSTAGE, JUMBO BAG TOYS  → JUMBO SHOPPER VINTAGE RED PAISLEY"
frozenset({'PAPER CHAIN KIT VINTAGE CHRISTMAS'}),"frozenset({""PAPER CHAIN KIT 50'S CHRISTMAS ""})",0.04439758033187191,0.062434097341694875,0.02985737277318386,0.6725,10.771357777777778,1.0,0.027085449921008052,2.862796649338336,0.949308179712434,0.38788752703677,0.6506912217355274,0.5753611111111111,PAPER CHAIN KIT VINTAGE CHRISTMAS,PAPER CHAIN KIT 50'S CHRISTMAS ,PAPER CHAIN KIT VINTAGE CHRISTMAS → PAPER CHAIN KIT 50'S CHRISTMAS 
"frozenset({""PAPER CHAIN KIT 50'S CHRISTMAS ""})",frozenset({'PAPER CHAIN KIT VINTAGE CHRISTMAS'}),0.062434097341694875,0.04439758033187191,0.02985737277318386,0.4782222222222222,10.771357777777778,1.0,0.027085449921008052,1.8314356424644704,0.9675705899413047,0.38788752703677,0.45398026727581287,0.5753611111111111,PAPER CHAIN KIT 50'S CHRISTMAS ,PAPER CHAIN KIT VINTAGE CHRISTMAS,PAPER CHAIN KIT 50'S CHRISTMAS  → PAPER CHAIN KIT VINTAGE CHRISTMAS
"frozenset({'DOTCOM POSTAGE', 'JUMBO BAG PINK POLKADOT'})",frozenset({'JUMBO STORAGE BAG SUKI'}),0.01914645651811976,0.06271158221876907,0.012930795271657695,0.6753623188405797,10.769339489547262,1.0,0.011730090689523541,2.8871830726296848,0.9248514221078853,0.18760064412238325,0.6536416379411691,0.44077850455303325,"DOTCOM POSTAGE, JUMBO BAG PINK POLKADOT",JUMBO STORAGE BAG SUKI,"DOTCOM POSTAGE, JUMBO BAG PINK POLKADOT → JUMBO STORAGE BAG SUKI"
"frozenset({'JAM MAKING SET WITH JARS', 'RECIPE BOX PANTRY YELLOW DESIGN'})",frozenset({'JAM MAKING SET PRINTED'}),0.016871080526111328,0.05594095121815861,0.0101559465009157,0.6019736842105263,10.760876801378446,1.0,0.00921216220820688,2.3718508333031387,0.9226366467243189,0.16209034543844109,0.5783883261295323,0.3917606516290727,"JAM MAKING SET WITH JARS, RECIPE BOX PANTRY YELLOW DESIGN",JAM MAKING SET PRINTED,"JAM MAKING SET WITH JARS, RECIPE BOX PANTRY YELLOW DESIGN → JAM MAKING SET PRINTED"
frozenset({'72 SWEETHEART FAIRY CAKE CASES'}),frozenset({'60 TEATIME FAIRY CAKE CASES'}),0.030800821355236138,0.04178922248737444,0.013818746878295133,0.4486486486486487,10.735989375830012,1.0,0.012531604501887296,1.7379313121552524,0.9356749030018378,0.23512747875354104,0.42460326653538755,0.389662969742651,72 SWEETHEART FAIRY CAKE CASES,60 TEATIME FAIRY CAKE CASES,72 SWEETHEART FAIRY CAKE CASES → 60 TEATIME FAIRY CAKE CASES
frozenset({'60 TEATIME FAIRY CAKE CASES'}),frozenset({'72 SWEETHEART FAIRY CAKE CASES'}),0.04178922248737444,0.030800821355236138,0.013818746878295133,0.33067729083665337,10.735989375830012,1.0,0.012531604501887296,1.4480297252371173,0.9464048711933335,0.23512747875354104,0.30940644202849615,0.389662969742651,60 TEATIME FAIRY CAKE CASES,72 SWEETHEART FAIRY CAKE CASES,60 TEATIME FAIRY CAKE CASES → 72 SWEETHEART FAIRY CAKE CASES
"frozenset({'JUMBO BAG WOODLAND ANIMALS', 'JUMBO SHOPPER VINTAGE RED PAISLEY'})",frozenset({'JUMBO BAG PINK VINTAGE PAISLEY'}),0.02075586880515012,0.04523003496309451,0.01004495255008602,0.48395721925133683,10.699908139496735,1.0,0.009106163878339677,1.8501759944238476,0.925756126428378,0.17956349206349204,0.4595108773360752,0.3530215544109445,"JUMBO BAG WOODLAND ANIMALS, JUMBO SHOPPER VINTAGE RED PAISLEY",JUMBO BAG PINK VINTAGE PAISLEY,"JUMBO BAG WOODLAND ANIMALS, JUMBO SHOPPER VINTAGE RED PAISLEY → JUMBO BAG PINK VINTAGE PAISLEY"
frozenset({'LADIES & GENTLEMEN METAL SIGN'}),frozenset({'PLEASE ONE PERSON METAL SIGN'}),0.02558410566624119,0.04523003496309451,0.012375825517509296,0.4837310195227766,10.694907043902958,1.0,0.011218655523725703,1.8493653524454348,0.9302984037018629,0.21177587844254514,0.45927396191472397,0.37867532571230855,LADIES & GENTLEMEN METAL SIGN,PLEASE ONE PERSON METAL SIGN,LADIES & GENTLEMEN METAL SIGN → PLEASE ONE PERSON METAL SIGN
"frozenset({'LUNCH BAG CARS BLUE', 'LUNCH BAG  BLACK SKULL.'})",frozenset({'LUNCH BAG PINK POLKADOT'}),0.027914978633664465,0.05582995726732893,0.016649092624451967,0.5964214711729622,10.682821559707362,1.0,0.01509060056021608,2.3394952290371105,0.9324202633782447,0.24813895781637715,0.5725573672524308,0.4473161033797216,"LUNCH BAG  BLACK SKULL., LUNCH BAG CARS BLUE",LUNCH BAG PINK POLKADOT,"LUNCH BAG  BLACK SKULL., LUNCH BAG CARS BLUE → LUNCH BAG PINK POLKADOT"
"frozenset({'JUMBO BAG PINK POLKADOT', 'JUMBO SHOPPER VINTAGE RED PAISLEY'})",frozenset({'JUMBO STORAGE BAG SUKI'}),0.02519562683833731,0.06271158221876907,0.016871080526111328,0.6696035242290749,10.677509648746637,1.0,0.015291022902085514,2.8368596111511923,0.9297713754925315,0.23750000000000002,0.6474975370408964,0.4693150364508206,"JUMBO BAG PINK POLKADOT, JUMBO SHOPPER VINTAGE RED PAISLEY",JUMBO STORAGE BAG SUKI,"JUMBO BAG PINK POLKADOT, JUMBO SHOPPER VINTAGE RED PAISLEY → JUMBO STORAGE BAG SUKI"
"frozenset({'JUMBO BAG PINK POLKADOT', 'JUMBO BAG SCANDINAVIAN BLUE PAISLEY'})",frozenset({'JUMBO SHOPPER VINTAGE RED PAISLEY'}),0.016871080526111328,0.06287807314501359,0.011321382984627338,0.6710526315789473,10.672283643796163,1.0,0.010260561949271095,2.8488506576391583,0.9218519809843215,0.16545012165450124,0.6489812488701322,0.42555279416546665,"JUMBO BAG PINK POLKADOT, JUMBO BAG SCANDINAVIAN BLUE PAISLEY",JUMBO SHOPPER VINTAGE RED PAISLEY,"JUMBO BAG PINK POLKADOT, JUMBO BAG SCANDINAVIAN BLUE PAISLEY → JUMBO SHOPPER VINTAGE RED PAISLEY"
"frozenset({'JUMBO BAG RED RETROSPOT', 'JUMBO BAG TOYS '})",frozenset({'JUMBO BAG PINK POLKADOT'}),0.018757977690215883,0.06432099450579944,0.012875298296242855,0.6863905325443788,10.6713295995834,1.0,0.011668766516290572,2.983580225066414,0.9236161357701332,0.18339920948616603,0.6648322067566524,0.4432815475491523,"JUMBO BAG RED RETROSPOT, JUMBO BAG TOYS ",JUMBO BAG PINK POLKADOT,"JUMBO BAG RED RETROSPOT, JUMBO BAG TOYS  → JUMBO BAG PINK POLKADOT"
"frozenset({'LUNCH BAG PINK POLKADOT', 'LUNCH BAG SPACEBOY DESIGN '})",frozenset({'LUNCH BAG CARS BLUE'}),0.021865808313446918,0.05910427881680448,0.013763249902880293,0.6294416243654822,10.649679464264436,1.0,0.012470887071767526,2.539129548946432,0.9263559826126745,0.20478943022295623,0.6061642461626533,0.4311527370653702,"LUNCH BAG PINK POLKADOT, LUNCH BAG SPACEBOY DESIGN ",LUNCH BAG CARS BLUE,"LUNCH BAG PINK POLKADOT, LUNCH BAG SPACEBOY DESIGN  → LUNCH BAG CARS BLUE"
"frozenset({'LUNCH BAG RED RETROSPOT', 'LUNCH BAG APPLE DESIGN'})",frozenset({'LUNCH BAG SUKI DESIGN '}),0.023919196403795993,0.05666241189855153,0.014429213607858371,0.6032482598607888,10.646356899541189,1.0,0.01307389424894413,2.377652049542247,0.9282747415195676,0.2181208053691275,0.5794170134387312,0.42895028076291153,"LUNCH BAG APPLE DESIGN, LUNCH BAG RED RETROSPOT",LUNCH BAG SUKI DESIGN ,"LUNCH BAG APPLE DESIGN, LUNCH BAG RED RETROSPOT → LUNCH BAG SUKI DESIGN "
"frozenset({'JUMBO BAG RED RETROSPOT', 'JUMBO BAG WOODLAND ANIMALS'})",frozenset({'JUMBO STORAGE BAG SUKI'}),0.02630556634663411,0.06271158221876907,0.017537044231089406,0.6666666666666666,10.630678466076697,1.0,0.015887380544331177,2.8118652533436927,0.9304075235109719,0.2453416149068323,0.6443641818145933,0.4731563421828908,"JUMBO BAG RED RETROSPOT, JUMBO BAG WOODLAND ANIMALS",JUMBO STORAGE BAG SUKI,"JUMBO BAG RED RETROSPOT, JUMBO BAG WOODLAND ANIMALS → JUMBO STORAGE BAG SUKI"
frozenset({'LUNCH BAG VINTAGE LEAF DESIGN'}),frozenset({'LUNCH BAG APPLE DESIGN'}),0.034574615683445255,0.0507797325045785,0.018646983739386204,0.5393258426966292,10.620887824645424,1.0,0.01689129400353225,2.060502531880305,0.9382868188089214,0.2795341098169717,0.5146814990382694,0.45326947872536383,LUNCH BAG VINTAGE LEAF DESIGN,LUNCH BAG APPLE DESIGN,LUNCH BAG VINTAGE LEAF DESIGN → LUNCH BAG APPLE DESIGN
frozenset({'LUNCH BAG APPLE DESIGN'}),frozenset({'LUNCH BAG VINTAGE LEAF DESIGN'}),0.0507797325045785,0.034574615683445255,0.018646983739386204,0.3672131147540984,10.620887824645424,1.0,0.01689129400353225,1.5256722394639857,0.9543052794667913,0.2795341098169717,0.34455122526753845,0.45326947872536383,LUNCH BAG APPLE DESIGN,LUNCH BAG VINTAGE LEAF DESIGN,LUNCH BAG APPLE DESIGN → LUNCH BAG VINTAGE LEAF DESIGN
"frozenset({'JUMBO BAG WOODLAND ANIMALS', 'JUMBO  BAG BAROQUE BLACK WHITE'})",frozenset({'JUMBO STORAGE BAG SUKI'}),0.01642710472279261,0.06271158221876907,0.010932904156723459,0.6655405405405406,10.612721238938054,1.0,0.00990273442828372,2.802397693568125,0.9209012006824708,0.16029292107404397,0.6431627094558588,0.41993841186319064,"JUMBO  BAG BAROQUE BLACK WHITE, JUMBO BAG WOODLAND ANIMALS",JUMBO STORAGE BAG SUKI,"JUMBO  BAG BAROQUE BLACK WHITE, JUMBO BAG WOODLAND ANIMALS → JUMBO STORAGE BAG SUKI"
"frozenset({'JUMBO STORAGE BAG SUKI', 'JUMBO BAG PINK POLKADOT'})",frozenset({'JUMBO STORAGE BAG SKULLS'}),0.028025972584494144,0.03795993118375048,0.011265886009212498,0.401980198019802,10.589592380290663,1.0,0.010202022018547422,1.6087093865967086,0.9316788652118417,0.20588235294117652,0.37838368549863355,0.34938191187539813,"JUMBO BAG PINK POLKADOT, JUMBO STORAGE BAG SUKI",JUMBO STORAGE BAG SKULLS,"JUMBO BAG PINK POLKADOT, JUMBO STORAGE BAG SUKI → JUMBO STORAGE BAG SKULLS"
"frozenset({'LUNCH BAG SUKI DESIGN ', 'LUNCH BAG ALPHABET DESIGN'})",frozenset({'LUNCH BAG SPACEBOY DESIGN '}),0.016704589599866808,0.05760586048060381,0.0101559465009157,0.6079734219269103,10.554020317631018,1.0,0.009193664243040028,2.4039036948757477,0.9206280914657504,0.15830449826989618,0.5840099575820621,0.3921369999807962,"LUNCH BAG ALPHABET DESIGN, LUNCH BAG SUKI DESIGN ",LUNCH BAG SPACEBOY DESIGN ,"LUNCH BAG ALPHABET DESIGN, LUNCH BAG SUKI DESIGN  → LUNCH BAG SPACEBOY DESIGN "
"frozenset({'JUMBO BAG PINK POLKADOT', 'JUMBO BAG TOYS '})",frozenset({'JUMBO SHOPPER VINTAGE RED PAISLEY'}),0.01548365614074033,0.06287807314501359,0.01026694045174538,0.6630824372759857,10.545527305627527,1.0,0.00929335798837567,2.7814576339632047,0.9194088790030165,0.15077424612876936,0.6404762784126488,0.4131828779495551,"JUMBO BAG PINK POLKADOT, JUMBO BAG TOYS ",JUMBO SHOPPER VINTAGE RED PAISLEY,"JUMBO BAG PINK POLKADOT, JUMBO BAG TOYS  → JUMBO SHOPPER VINTAGE RED PAISLEY"
"frozenset({'JUMBO STORAGE BAG SUKI', 'JUMBO BAG TOYS '})",frozenset({'JUMBO BAG PINK POLKADOT'}),0.016371607747377767,0.06432099450579944,0.011099395082967978,0.6779661016949152,10.540354776911714,1.0,0.010046356990997788,2.9055295433767276,0.9201915481832542,0.15948963317384368,0.6558286587449986,0.42526432781035667,"JUMBO BAG TOYS , JUMBO STORAGE BAG SUKI",JUMBO BAG PINK POLKADOT,"JUMBO BAG TOYS , JUMBO STORAGE BAG SUKI → JUMBO BAG PINK POLKADOT"
"frozenset({'LUNCH BAG WOODLAND', 'LUNCH BAG PINK POLKADOT'})",frozenset({'LUNCH BAG SPACEBOY DESIGN '}),0.02020089905100172,0.05760586048060381,0.012264831566679617,0.6071428571428571,10.539602257087806,1.0,0.01110114139436485,2.398821446049372,0.9237809652323122,0.18712955122777308,0.5831286227464308,0.41002614918799885,"LUNCH BAG PINK POLKADOT, LUNCH BAG WOODLAND",LUNCH BAG SPACEBOY DESIGN ,"LUNCH BAG PINK POLKADOT, LUNCH BAG WOODLAND → LUNCH BAG SPACEBOY DESIGN "
"frozenset({'LUNCH BAG  BLACK SKULL.', 'LUNCH BAG APPLE DESIGN'})",frozenset({'LUNCH BAG WOODLAND'}),0.022032299239691435,0.0482823686109107,0.011210389033797659,0.5088161209068011,10.538342163930631,1.0,0.010146617440560989,1.9375994854434282,0.9254992915021838,0.18967136150234742,0.4838974682266982,0.37050001447638903,"LUNCH BAG  BLACK SKULL., LUNCH BAG APPLE DESIGN",LUNCH BAG WOODLAND,"LUNCH BAG  BLACK SKULL., LUNCH BAG APPLE DESIGN → LUNCH BAG WOODLAND"
"frozenset({'JUMBO BAG RED RETROSPOT', 'JUMBO STORAGE BAG SUKI'})",frozenset({'DOTCOM POSTAGE'}),0.038736888839558246,0.03918086464287696,0.01598312891947389,0.4126074498567335,10.53084084839728,1.0,0.014465384121164986,1.6357359914128582,0.941512069485339,0.25806451612903225,0.3886544006797482,0.4102697305940891,"JUMBO BAG RED RETROSPOT, JUMBO STORAGE BAG SUKI",DOTCOM POSTAGE,"JUMBO BAG RED RETROSPOT, JUMBO STORAGE BAG SUKI → DOTCOM POSTAGE"
"frozenset({'DOTCOM POSTAGE', 'SUKI  SHOULDER BAG'})",frozenset({'GREEN REGENCY TEACUP AND SAUCER'}),0.018646983739386204,0.05172318108663078,0.0101559465009157,0.5446428571428571,10.529956698344574,1.0,0.009191465184243968,2.0824902689862226,0.9222296491119099,0.16866359447004606,0.5198056793385113,0.3704973942366646,"DOTCOM POSTAGE, SUKI  SHOULDER BAG",GREEN REGENCY TEACUP AND SAUCER,"DOTCOM POSTAGE, SUKI  SHOULDER BAG → GREEN REGENCY TEACUP AND SAUCER"
"frozenset({'LUNCH BAG PINK POLKADOT', 'LUNCH BAG SUKI DESIGN '})",frozenset({'LUNCH BAG WOODLAND'}),0.021643820411787557,0.0482823686109107,0.010988401132138299,0.5076923076923078,10.51506631299735,1.0,0.009943386216868019,1.933176438759088,0.9249171045642769,0.1864406779661017,0.48271664192126035,0.36763925729442976,"LUNCH BAG PINK POLKADOT, LUNCH BAG SUKI DESIGN ",LUNCH BAG WOODLAND,"LUNCH BAG PINK POLKADOT, LUNCH BAG SUKI DESIGN  → LUNCH BAG WOODLAND"
frozenset({'PACK OF 60 DINOSAUR CAKE CASES'}),frozenset({'60 TEATIME FAIRY CAKE CASES'}),0.0301903546256729,0.04178922248737444,0.013263777124146734,0.43933823529411764,10.513194769939847,1.0,0.012002145677721754,1.7090710261208797,0.9330505623694338,0.22589792060491493,0.41488681001764777,0.37836765682368567,PACK OF 60 DINOSAUR CAKE CASES,60 TEATIME FAIRY CAKE CASES,PACK OF 60 DINOSAUR CAKE CASES → 60 TEATIME FAIRY CAKE CASES
frozenset({'60 TEATIME FAIRY CAKE CASES'}),frozenset({'PACK OF 60 DINOSAUR CAKE CASES'}),0.04178922248737444,0.0301903546256729,0.013263777124146734,0.31739707835325365,10.513194769939847,1.0,0.012002145677721754,1.4207522625814557,0.9443448730108802,0.22589792060491493,0.2961475224519186,0.37836765682368567,60 TEATIME FAIRY CAKE CASES,PACK OF 60 DINOSAUR CAKE CASES,60 TEATIME FAIRY CAKE CASES → PACK OF 60 DINOSAUR CAKE CASES
frozenset({'REGENCY TEAPOT ROSES '}),frozenset({'ROSES REGENCY TEACUP AND SAUCER '}),0.01970142627226816,0.053055108496586935,0.010988401132138299,0.5577464788732395,10.512587659850317,1.0,0.009943139823725603,2.141181124100074,0.9230615713292344,0.1778975741239892,0.5329680479878628,0.3824297247922683,REGENCY TEAPOT ROSES ,ROSES REGENCY TEACUP AND SAUCER ,REGENCY TEAPOT ROSES  → ROSES REGENCY TEACUP AND SAUCER 
"frozenset({'LUNCH BAG SPACEBOY DESIGN ', 'LUNCH BAG  BLACK SKULL.'})",frozenset({'LUNCH BAG WOODLAND'}),0.026805039125367667,0.0482823686109107,0.013596758976635773,0.5072463768115942,10.505830418124273,1.0,0.012302548196954888,1.9314269578190342,0.9297363790406674,0.22111913357400723,0.4822480881548846,0.3944277861069465,"LUNCH BAG  BLACK SKULL., LUNCH BAG SPACEBOY DESIGN ",LUNCH BAG WOODLAND,"LUNCH BAG  BLACK SKULL., LUNCH BAG SPACEBOY DESIGN  → LUNCH BAG WOODLAND"
"frozenset({'LUNCH BAG WOODLAND', 'LUNCH BAG CARS BLUE'})",frozenset({'LUNCH BAG SPACEBOY DESIGN '}),0.022476275043010155,0.05760586048060381,0.013596758976635773,0.6049382716049383,10.501332096386689,1.0,0.012301993812384452,2.3854351656584716,0.9255775206642212,0.20450751252086813,0.5807892771950641,0.420484550060658,"LUNCH BAG CARS BLUE, LUNCH BAG WOODLAND",LUNCH BAG SPACEBOY DESIGN ,"LUNCH BAG CARS BLUE, LUNCH BAG WOODLAND → LUNCH BAG SPACEBOY DESIGN "
"frozenset({'DOTCOM POSTAGE', 'JUMBO BAG WOODLAND ANIMALS'})",frozenset({'JUMBO SHOPPER VINTAGE RED PAISLEY'}),0.0200344081247572,0.06287807314501359,0.013208280148731894,0.6592797783933518,10.485050597413776,1.0,0.011948555169246356,2.750414760932115,0.9231202844712469,0.1894904458598726,0.6364184725139054,0.4346707806353344,"DOTCOM POSTAGE, JUMBO BAG WOODLAND ANIMALS",JUMBO SHOPPER VINTAGE RED PAISLEY,"DOTCOM POSTAGE, JUMBO BAG WOODLAND ANIMALS → JUMBO SHOPPER VINTAGE RED PAISLEY"
frozenset({'TOY TIDY PINK POLKADOT'}),frozenset({'DOTCOM POSTAGE'}),0.02486264498584827,0.03918086464287696,0.01021144347633054,0.4107142857142857,10.482522258195063,1.0,0.009237303548476116,1.6304809569696632,0.9276673768289152,0.18969072164948453,0.3866840359432631,0.33566875758802106,TOY TIDY PINK POLKADOT,DOTCOM POSTAGE,TOY TIDY PINK POLKADOT → DOTCOM POSTAGE
"frozenset({'LUNCH BAG PINK POLKADOT', 'LUNCH BAG APPLE DESIGN'})",frozenset({'LUNCH BAG SUKI DESIGN '}),0.018036517009822964,0.05666241189855153,0.0107109162550641,0.5938461538461539,10.48042492277556,1.0,0.009688923699038279,2.3226114858558393,0.9211992473078606,0.16738941890719863,0.5694501615574684,0.39143825811798394,"LUNCH BAG APPLE DESIGN, LUNCH BAG PINK POLKADOT",LUNCH BAG SUKI DESIGN ,"LUNCH BAG APPLE DESIGN, LUNCH BAG PINK POLKADOT → LUNCH BAG SUKI DESIGN "
"frozenset({'LUNCH BAG RED RETROSPOT', 'LUNCH BAG DOLLY GIRL DESIGN'})",frozenset({'LUNCH BAG PINK POLKADOT'}),0.017481547255674565,0.05582995726732893,0.01021144347633054,0.5841269841269842,10.462608476127363,1.0,0.009235449440079438,2.2703325455022245,0.9205135415234091,0.16182937554969218,0.5595358917876992,0.38351478431001296,"LUNCH BAG DOLLY GIRL DESIGN, LUNCH BAG RED RETROSPOT",LUNCH BAG PINK POLKADOT,"LUNCH BAG DOLLY GIRL DESIGN, LUNCH BAG RED RETROSPOT → LUNCH BAG PINK POLKADOT"
"frozenset({'WHITE HANGING HEART T-LIGHT HOLDER', 'HEART OF WICKER SMALL'})",frozenset({'HEART OF WICKER LARGE'}),0.020811365780564958,0.050724235529163664,0.011043898107553138,0.5306666666666667,10.461797228300512,1.0,0.009988257488016183,2.022604611798657,0.9236362611060288,0.18256880733944952,0.5055879957127547,0.3741954777534646,"HEART OF WICKER SMALL, WHITE HANGING HEART T-LIGHT HOLDER",HEART OF WICKER LARGE,"HEART OF WICKER SMALL, WHITE HANGING HEART T-LIGHT HOLDER → HEART OF WICKER LARGE"
"frozenset({'LUNCH BAG RED RETROSPOT', 'LUNCH BAG CARS BLUE'})",frozenset({'LUNCH BAG PINK POLKADOT'}),0.028247960486153505,0.05582995726732893,0.016482601698207446,0.5834970530451866,10.451325446144352,1.0,0.014905519271376299,2.2668988290138183,0.9306060798350917,0.2438423645320197,0.5588687120920013,0.43936284063790143,"LUNCH BAG CARS BLUE, LUNCH BAG RED RETROSPOT",LUNCH BAG PINK POLKADOT,"LUNCH BAG CARS BLUE, LUNCH BAG RED RETROSPOT → LUNCH BAG PINK POLKADOT"
frozenset({'JUMBO BAG OWLS'}),frozenset({'JUMBO BAG WOODLAND ANIMALS'}),0.034241633830956214,0.04079027692990732,0.014595704534102891,0.42625607779578606,10.449943218778598,1.0,0.013198978807605705,1.6718429354074777,0.9363684869926668,0.24150596877869604,0.4018576872137392,0.39203960352374334,JUMBO BAG OWLS,JUMBO BAG WOODLAND ANIMALS,JUMBO BAG OWLS → JUMBO BAG WOODLAND ANIMALS
frozenset({'JUMBO BAG WOODLAND ANIMALS'}),frozenset({'JUMBO BAG OWLS'}),0.04079027692990732,0.034241633830956214,0.014595704534102891,0.3578231292517007,10.449943218778596,1.0,0.013198978807605705,1.5038822015556084,0.9427611901554263,0.24150596877869604,0.3350543021483964,0.39203960352374334,JUMBO BAG WOODLAND ANIMALS,JUMBO BAG OWLS,JUMBO BAG WOODLAND ANIMALS → JUMBO BAG OWLS
frozenset({'COOK WITH WINE METAL SIGN '}),frozenset({'GIN + TONIC DIET METAL SIGN'}),0.03823741606082468,0.04056828902824796,0.016205116821133247,0.42380261248185774,10.446647434077422,1.0,0.01465389027468434,1.6651094429711262,0.9402273751274612,0.25886524822695034,0.3994388751914967,0.41162770842971136,COOK WITH WINE METAL SIGN ,GIN + TONIC DIET METAL SIGN,COOK WITH WINE METAL SIGN  → GIN + TONIC DIET METAL SIGN
frozenset({'GIN + TONIC DIET METAL SIGN'}),frozenset({'COOK WITH WINE METAL SIGN '}),0.04056828902824796,0.03823741606082468,0.016205116821133247,0.399452804377565,10.446647434077422,1.0,0.01465389027468434,1.601477104463638,0.9425115924895248,0.25886524822695034,0.37557646174722115,0.41162770842971136,GIN + TONIC DIET METAL SIGN,COOK WITH WINE METAL SIGN ,GIN + TONIC DIET METAL SIGN → COOK WITH WINE METAL SIGN 
"frozenset({'LUNCH BAG WOODLAND', 'LUNCH BAG APPLE DESIGN'})",frozenset({'LUNCH BAG SPACEBOY DESIGN '}),0.017537044231089406,0.05760586048060381,0.010544425328819579,0.6012658227848101,10.43758079071242,1.0,0.009534188805601265,2.3634646673661046,0.9203322660149781,0.16323024054982815,0.5768923420740529,0.3921550693885515,"LUNCH BAG APPLE DESIGN, LUNCH BAG WOODLAND",LUNCH BAG SPACEBOY DESIGN ,"LUNCH BAG APPLE DESIGN, LUNCH BAG WOODLAND → LUNCH BAG SPACEBOY DESIGN "
frozenset({'BATHROOM METAL SIGN'}),frozenset({'DOTCOM POSTAGE'}),0.034241633830956214,0.03918086464287696,0.013985237804539653,0.40842787682333875,10.424167014843826,1.0,0.012643620984258001,1.6241791959324516,0.9361234705735338,0.23529411764705888,0.3843043904857472,0.3826841933691765,BATHROOM METAL SIGN,DOTCOM POSTAGE,BATHROOM METAL SIGN → DOTCOM POSTAGE
frozenset({'DOTCOM POSTAGE'}),frozenset({'BATHROOM METAL SIGN'}),0.03918086464287696,0.034241633830956214,0.013985237804539653,0.3569405099150142,10.424167014843826,1.0,0.012643620984258001,1.5018180760249888,0.9409357497210555,0.23529411764705888,0.33414038892993,0.3826841933691765,DOTCOM POSTAGE,BATHROOM METAL SIGN,DOTCOM POSTAGE → BATHROOM METAL SIGN
"frozenset({'DOTCOM POSTAGE', 'GREEN REGENCY TEACUP AND SAUCER'})",frozenset({'JAM MAKING SET PRINTED'}),0.018369498862312005,0.05594095121815861,0.0107109162550641,0.5830815709969789,10.423161535510479,1.0,0.009683309015305484,2.264373515556446,0.9209777185668455,0.16841186736474695,0.5583767460933845,0.3872749124826164,"DOTCOM POSTAGE, GREEN REGENCY TEACUP AND SAUCER",JAM MAKING SET PRINTED,"DOTCOM POSTAGE, GREEN REGENCY TEACUP AND SAUCER → JAM MAKING SET PRINTED"
"frozenset({'LUNCH BAG WOODLAND', 'LUNCH BAG PINK POLKADOT'})",frozenset({'LUNCH BAG CARS BLUE'}),0.02020089905100172,0.05910427881680448,0.012431322492924135,0.6153846153846153,10.41184543156374,1.0,0.011237362923063609,2.4463288750763077,0.9225927499291986,0.18589211618257262,0.5912242175660837,0.41285662694113395,"LUNCH BAG PINK POLKADOT, LUNCH BAG WOODLAND",LUNCH BAG CARS BLUE,"LUNCH BAG PINK POLKADOT, LUNCH BAG WOODLAND → LUNCH BAG CARS BLUE"
"frozenset({'LUNCH BAG RED RETROSPOT', 'LUNCH BAG CARS BLUE'})",frozenset({'LUNCH BAG WOODLAND'}),0.028247960486153505,0.0482823686109107,0.014151728730784172,0.5009823182711198,10.376092405663574,1.0,0.012787850290085268,1.907182182586797,0.9298921624617865,0.22686832740213522,0.475666242517191,0.3970428832734909,"LUNCH BAG CARS BLUE, LUNCH BAG RED RETROSPOT",LUNCH BAG WOODLAND,"LUNCH BAG CARS BLUE, LUNCH BAG RED RETROSPOT → LUNCH BAG WOODLAND"
"frozenset({'JUMBO BAG RED RETROSPOT', 'JUMBO BAG WOODLAND ANIMALS'})",frozenset({'JUMBO BAG PINK POLKADOT'}),0.02630556634663411,0.06432099450579944,0.017537044231089406,0.6666666666666666,10.364682197296519,1.0,0.015845044042635613,2.8070370164826013,0.9279281846679968,0.2399392558845862,0.6437524713325424,0.46965775093471385,"JUMBO BAG RED RETROSPOT, JUMBO BAG WOODLAND ANIMALS",JUMBO BAG PINK POLKADOT,"JUMBO BAG RED RETROSPOT, JUMBO BAG WOODLAND ANIMALS → JUMBO BAG PINK POLKADOT"
frozenset({'SUKI  SHOULDER BAG'}),frozenset({'RECYCLING BAG RETROSPOT '}),0.028136966535323826,0.03940285254453632,0.011487873910871858,0.40828402366863903,10.36178848237353,1.0,0.010379197167429941,1.6234091791997336,0.9296490687958899,0.20495049504950497,0.38401235325467714,0.34991665972164343,SUKI  SHOULDER BAG,RECYCLING BAG RETROSPOT ,SUKI  SHOULDER BAG → RECYCLING BAG RETROSPOT 
"frozenset({'JUMBO BAG PINK VINTAGE PAISLEY', 'JUMBO STORAGE BAG SUKI'})",frozenset({'JUMBO SHOPPER VINTAGE RED PAISLEY'}),0.01981242022309784,0.06287807314501359,0.012875298296242855,0.6498599439775911,10.335239479728344,1.0,0.011629531488275162,2.6764202230978413,0.9215008160906524,0.18441971383147857,0.6263665954359952,0.42731302582816005,"JUMBO BAG PINK VINTAGE PAISLEY, JUMBO STORAGE BAG SUKI",JUMBO SHOPPER VINTAGE RED PAISLEY,"JUMBO BAG PINK VINTAGE PAISLEY, JUMBO STORAGE BAG SUKI → JUMBO SHOPPER VINTAGE RED PAISLEY"
"frozenset({'JUMBO BAG WOODLAND ANIMALS', 'JUMBO  BAG BAROQUE BLACK WHITE'})",frozenset({'JUMBO SHOPPER VINTAGE RED PAISLEY'}),0.01642710472279261,0.06287807314501359,0.01065541927964926,0.6486486486486487,10.315975286849074,1.0,0.009622514587328709,2.667193176433423,0.9181454418928324,0.15521422797089737,0.6250740258202061,0.40905512750172945,"JUMBO  BAG BAROQUE BLACK WHITE, JUMBO BAG WOODLAND ANIMALS",JUMBO SHOPPER VINTAGE RED PAISLEY,"JUMBO  BAG BAROQUE BLACK WHITE, JUMBO BAG WOODLAND ANIMALS → JUMBO SHOPPER VINTAGE RED PAISLEY"
frozenset({'DOTCOM POSTAGE'}),frozenset({'JUMBO BAG OWLS'}),0.03918086464287696,0.034241633830956214,0.013818746878295133,0.3526912181303116,10.300069788476637,1.0,0.01247713005801348,1.491959314037954,0.9397328237457424,0.23184357541899442,0.32974043555281496,0.3781284291624005,DOTCOM POSTAGE,JUMBO BAG OWLS,DOTCOM POSTAGE → JUMBO BAG OWLS
frozenset({'JUMBO BAG OWLS'}),frozenset({'DOTCOM POSTAGE'}),0.034241633830956214,0.03918086464287696,0.013818746878295133,0.40356564019448943,10.300069788476636,1.0,0.01247713005801348,1.610938604661263,0.9349266967883025,0.23184357541899442,0.37924387862672587,0.3781284291624005,JUMBO BAG OWLS,DOTCOM POSTAGE,JUMBO BAG OWLS → DOTCOM POSTAGE
"frozenset({'JUMBO BAG PINK POLKADOT', 'JUMBO SHOPPER VINTAGE RED PAISLEY'})",frozenset({'JUMBO  BAG BAROQUE BLACK WHITE'}),0.02519562683833731,0.0505022476275043,0.013097286197902215,0.5198237885462555,10.293082248148329,1.0,0.01182485041218231,1.9773944017298766,0.9261831357620847,0.20921985815602837,0.49428399355982106,0.38958222394345743,"JUMBO BAG PINK POLKADOT, JUMBO SHOPPER VINTAGE RED PAISLEY",JUMBO  BAG BAROQUE BLACK WHITE,"JUMBO BAG PINK POLKADOT, JUMBO SHOPPER VINTAGE RED PAISLEY → JUMBO  BAG BAROQUE BLACK WHITE"
"frozenset({'JUMBO BAG RED RETROSPOT', 'JUMBO BAG WOODLAND ANIMALS'})",frozenset({'RECYCLING BAG RETROSPOT '}),0.02630556634663411,0.03940285254453632,0.01065541927964926,0.4050632911392405,10.280049919771796,1.0,0.00961890492779232,1.6146207372123749,0.9271124251923626,0.19354838709677422,0.3806595091015065,0.33774291317525407,"JUMBO BAG RED RETROSPOT, JUMBO BAG WOODLAND ANIMALS",RECYCLING BAG RETROSPOT ,"JUMBO BAG RED RETROSPOT, JUMBO BAG WOODLAND ANIMALS → RECYCLING BAG RETROSPOT "
"frozenset({'DOTCOM POSTAGE', 'JUMBO STORAGE BAG SUKI'})",frozenset({'JUMBO SHOPPER VINTAGE RED PAISLEY'}),0.021921305288861756,0.06287807314501359,0.014151728730784172,0.6455696202531646,10.267007049727955,1.0,0.012773359293396949,2.6440225793408545,0.922830276005091,0.20031421838177535,0.6217884038458944,0.43531790809657345,"DOTCOM POSTAGE, JUMBO STORAGE BAG SUKI",JUMBO SHOPPER VINTAGE RED PAISLEY,"DOTCOM POSTAGE, JUMBO STORAGE BAG SUKI → JUMBO SHOPPER VINTAGE RED PAISLEY"
"frozenset({'LUNCH BAG  BLACK SKULL.', 'LUNCH BAG SUKI DESIGN '})",frozenset({'LUNCH BAG APPLE DESIGN'}),0.027692990732005106,0.0507797325045785,0.014429213607858371,0.5210420841683366,10.260827666261484,1.0,0.01302297094623538,1.9818448262770516,0.9282479364243064,0.22530329289428075,0.49541962784315113,0.40259754481640875,"LUNCH BAG  BLACK SKULL., LUNCH BAG SUKI DESIGN ",LUNCH BAG APPLE DESIGN,"LUNCH BAG  BLACK SKULL., LUNCH BAG SUKI DESIGN  → LUNCH BAG APPLE DESIGN"
frozenset({'JUMBO BAG SPACEBOY DESIGN'}),frozenset({'JUMBO BAG WOODLAND ANIMALS'}),0.034519118708030413,0.04079027692990732,0.014429213607858371,0.4180064308681672,10.247697792943544,1.0,0.013021169196381466,1.6481448832861814,0.934681487966537,0.23701002734731083,0.3932572250528526,0.3858739637334033,JUMBO BAG SPACEBOY DESIGN,JUMBO BAG WOODLAND ANIMALS,JUMBO BAG SPACEBOY DESIGN → JUMBO BAG WOODLAND ANIMALS
frozenset({'JUMBO BAG WOODLAND ANIMALS'}),frozenset({'JUMBO BAG SPACEBOY DESIGN'}),0.04079027692990732,0.034519118708030413,0.014429213607858371,0.35374149659863946,10.247697792943544,1.0,0.013021169196381466,1.4939546268412582,0.9407922845495167,0.23701002734731083,0.33063562839632604,0.3858739637334033,JUMBO BAG WOODLAND ANIMALS,JUMBO BAG SPACEBOY DESIGN,JUMBO BAG WOODLAND ANIMALS → JUMBO BAG SPACEBOY DESIGN
"frozenset({'JUMBO BAG WOODLAND ANIMALS', 'JUMBO  BAG BAROQUE BLACK WHITE'})",frozenset({'JUMBO BAG PINK POLKADOT'}),0.01642710472279261,0.06432099450579944,0.010821910205893778,0.6587837837837838,10.242126833477135,1.0,0.009765302493272843,2.742187976497855,0.9174348268293988,0.15476190476190474,0.6353276986951364,0.4135161369307184,"JUMBO  BAG BAROQUE BLACK WHITE, JUMBO BAG WOODLAND ANIMALS",JUMBO BAG PINK POLKADOT,"JUMBO  BAG BAROQUE BLACK WHITE, JUMBO BAG WOODLAND ANIMALS → JUMBO BAG PINK POLKADOT"
"frozenset({'LUNCH BAG RED RETROSPOT', 'LUNCH BAG WOODLAND'})",frozenset({'LUNCH BAG SPACEBOY DESIGN '}),0.02530662078916699,0.05760586048060381,0.01492868638659193,0.5899122807017544,10.240490737923807,1.0,0.013470876720175629,2.298030628988474,0.9257767099514504,0.21959183673469387,0.5648447904107481,0.4245322482506845,"LUNCH BAG RED RETROSPOT, LUNCH BAG WOODLAND",LUNCH BAG SPACEBOY DESIGN ,"LUNCH BAG RED RETROSPOT, LUNCH BAG WOODLAND → LUNCH BAG SPACEBOY DESIGN "
"frozenset({'DOTCOM POSTAGE', 'JUMBO BAG PINK POLKADOT'})",frozenset({'JUMBO SHOPPER VINTAGE RED PAISLEY'}),0.01914645651811976,0.06287807314501359,0.012320328542094456,0.6434782608695653,10.233746498330714,1.0,0.011116436248680299,2.628512721666426,0.9198968403732463,0.17675159235668791,0.6195567205145504,0.4197091216086573,"DOTCOM POSTAGE, JUMBO BAG PINK POLKADOT",JUMBO SHOPPER VINTAGE RED PAISLEY,"DOTCOM POSTAGE, JUMBO BAG PINK POLKADOT → JUMBO SHOPPER VINTAGE RED PAISLEY"
"frozenset({'WHITE HANGING HEART T-LIGHT HOLDER', 'WOODEN PICTURE FRAME WHITE FINISH'})",frozenset({'WOODEN FRAME ANTIQUE WHITE '}),0.022420778067595317,0.05227815084077918,0.011987346689605417,0.5346534653465347,10.22709213596519,1.0,0.010815229871820035,2.036593760959177,0.9229129214369066,0.19115044247787613,0.5089840599683322,0.38197641420192974,"WHITE HANGING HEART T-LIGHT HOLDER, WOODEN PICTURE FRAME WHITE FINISH",WOODEN FRAME ANTIQUE WHITE ,"WHITE HANGING HEART T-LIGHT HOLDER, WOODEN PICTURE FRAME WHITE FINISH → WOODEN FRAME ANTIQUE WHITE "
"frozenset({'JUMBO BAG WOODLAND ANIMALS', 'JUMBO SHOPPER VINTAGE RED PAISLEY'})",frozenset({'JUMBO BAG PINK POLKADOT'}),0.02075586880515012,0.06432099450579944,0.013652255952050614,0.6577540106951871,10.226116927279186,1.0,0.01231721782867146,2.733937094178367,0.921334264065225,0.19114219114219116,0.634227136341434,0.4350029760119594,"JUMBO BAG WOODLAND ANIMALS, JUMBO SHOPPER VINTAGE RED PAISLEY",JUMBO BAG PINK POLKADOT,"JUMBO BAG WOODLAND ANIMALS, JUMBO SHOPPER VINTAGE RED PAISLEY → JUMBO BAG PINK POLKADOT"
"frozenset({'LUNCH BAG RED RETROSPOT', 'LUNCH BAG  BLACK SKULL.'})",frozenset({'LUNCH BAG PINK POLKADOT'}),0.033686664076807815,0.05582995726732893,0.019201953493534603,0.5700164744645799,10.209867647492311,1.0,0.017321228477647558,2.1958284135583575,0.9335021093684643,0.27308602999210735,0.5445910100145339,0.45697642808716077,"LUNCH BAG  BLACK SKULL., LUNCH BAG RED RETROSPOT",LUNCH BAG PINK POLKADOT,"LUNCH BAG  BLACK SKULL., LUNCH BAG RED RETROSPOT → LUNCH BAG PINK POLKADOT"
"frozenset({'JUMBO BAG RED RETROSPOT', 'JUMBO STORAGE BAG SUKI'})",frozenset({'JUMBO BAG SPACEBOY DESIGN'}),0.038736888839558246,0.034519118708030413,0.013652255952050614,0.3524355300859599,10.209864656943587,1.0,0.012315092687818125,1.4909417149154751,0.938406455249819,0.22905027932960897,0.32928296928314715,0.37396696118445905,"JUMBO BAG RED RETROSPOT, JUMBO STORAGE BAG SUKI",JUMBO BAG SPACEBOY DESIGN,"JUMBO BAG RED RETROSPOT, JUMBO STORAGE BAG SUKI → JUMBO BAG SPACEBOY DESIGN"
"frozenset({'JUMBO BAG RED RETROSPOT', 'JUMBO  BAG BAROQUE BLACK WHITE'})",frozenset({'JUMBO BAG SCANDINAVIAN BLUE PAISLEY'}),0.031633275986458737,0.03524057938842333,0.011376879960042177,0.35964912280701755,10.205539439149055,1.0,0.010262104986325472,1.5066106020509555,0.9314797549373853,0.205,0.3362584873366112,0.34124188423815444,"JUMBO  BAG BAROQUE BLACK WHITE, JUMBO BAG RED RETROSPOT",JUMBO BAG SCANDINAVIAN BLUE PAISLEY,"JUMBO  BAG BAROQUE BLACK WHITE, JUMBO BAG RED RETROSPOT → JUMBO BAG SCANDINAVIAN BLUE PAISLEY"
"frozenset({'LUNCH BAG CARS BLUE', 'LUNCH BAG SUKI DESIGN '})",frozenset({'LUNCH BAG APPLE DESIGN'}),0.024640657084188913,0.0507797325045785,0.012764304345413174,0.518018018018018,10.20127504553734,1.0,0.011513058369941015,1.9694102746166686,0.9247597254004578,0.2037201062887511,0.4922337854692858,0.38469206911829856,"LUNCH BAG CARS BLUE, LUNCH BAG SUKI DESIGN ",LUNCH BAG APPLE DESIGN,"LUNCH BAG CARS BLUE, LUNCH BAG SUKI DESIGN  → LUNCH BAG APPLE DESIGN"
frozenset({'JUMBO BAG DOILEY PATTERNS'}),frozenset({'JUMBO BAG VINTAGE LEAF'}),0.02619457239580443,0.04528553193850935,0.012098340640435096,0.461864406779661,10.198939639415087,1.0,0.010912105495589299,1.7741150745079668,0.9262123272594756,0.20373831775700932,0.43633870521203927,0.36451063476237955,JUMBO BAG DOILEY PATTERNS,JUMBO BAG VINTAGE LEAF,JUMBO BAG DOILEY PATTERNS → JUMBO BAG VINTAGE LEAF
"frozenset({'JUMBO STORAGE BAG SKULLS', 'JUMBO BAG RED RETROSPOT'})",frozenset({'JUMBO STORAGE BAG SUKI'}),0.022476275043010155,0.06271158221876907,0.014373716632443531,0.6395061728395062,10.19757675079209,1.0,0.012964193862112132,2.600012391790401,0.9226758023737699,0.20297805642633232,0.6153864484809676,0.43435485633125753,"JUMBO BAG RED RETROSPOT, JUMBO STORAGE BAG SKULLS",JUMBO STORAGE BAG SUKI,"JUMBO BAG RED RETROSPOT, JUMBO STORAGE BAG SKULLS → JUMBO STORAGE BAG SUKI"
"frozenset({'LUNCH BAG APPLE DESIGN', 'LUNCH BAG VINTAGE LEAF DESIGN'})",frozenset({'LUNCH BAG SUKI DESIGN '}),0.018646983739386204,0.05666241189855153,0.010766413230478939,0.5773809523809523,10.18984072571242,1.0,0.009709830157172245,2.232122743676667,0.9189996099696196,0.16680997420464316,0.5519959631105059,0.3836953733501236,"LUNCH BAG APPLE DESIGN, LUNCH BAG VINTAGE LEAF DESIGN",LUNCH BAG SUKI DESIGN ,"LUNCH BAG APPLE DESIGN, LUNCH BAG VINTAGE LEAF DESIGN → LUNCH BAG SUKI DESIGN "
"frozenset({'JUMBO STORAGE BAG SUKI', 'JUMBO BAG SCANDINAVIAN BLUE PAISLEY'})",frozenset({'JUMBO BAG PINK POLKADOT'}),0.01642710472279261,0.06432099450579944,0.010766413230478939,0.6554054054054054,10.18960310612597,1.0,0.009709805517858003,2.715303780649837,0.9169231431461593,0.15384615384615383,0.6317170818505338,0.41139554135671474,"JUMBO BAG SCANDINAVIAN BLUE PAISLEY, JUMBO STORAGE BAG SUKI",JUMBO BAG PINK POLKADOT,"JUMBO BAG SCANDINAVIAN BLUE PAISLEY, JUMBO STORAGE BAG SUKI → JUMBO BAG PINK POLKADOT"
"frozenset({'JUMBO BAG PINK POLKADOT', 'JUMBO BAG SCANDINAVIAN BLUE PAISLEY'})",frozenset({'JUMBO STORAGE BAG SUKI'}),0.016871080526111328,0.06271158221876907,0.010766413230478939,0.638157894736842,10.176077084303678,1.0,0.009708401076946234,2.5903243545954013,0.917204535733303,0.15645161290322582,0.6139479605224203,0.40491965533302277,"JUMBO BAG PINK POLKADOT, JUMBO BAG SCANDINAVIAN BLUE PAISLEY",JUMBO STORAGE BAG SUKI,"JUMBO BAG PINK POLKADOT, JUMBO BAG SCANDINAVIAN BLUE PAISLEY → JUMBO STORAGE BAG SUKI"
"frozenset({'LUNCH BAG SPACEBOY DESIGN ', 'RED RETROSPOT CHARLOTTE BAG'})",frozenset({'LUNCH BAG  BLACK SKULL.'}),0.01487318941117709,0.06748432210444531,0.01021144347633054,0.6865671641791045,10.173728397486252,1.0,0.009207736371386239,2.975169067571531,0.9153213658507909,0.14153846153846153,0.6638846474643387,0.4189414768263943,"LUNCH BAG SPACEBOY DESIGN , RED RETROSPOT CHARLOTTE BAG",LUNCH BAG  BLACK SKULL.,"LUNCH BAG SPACEBOY DESIGN , RED RETROSPOT CHARLOTTE BAG → LUNCH BAG  BLACK SKULL."
"frozenset({'JUMBO BAG OWLS', 'JUMBO BAG RED RETROSPOT'})",frozenset({'JUMBO  BAG BAROQUE BLACK WHITE'}),0.02053388090349076,0.0505022476275043,0.010544425328819579,0.5135135135135135,10.168131868131868,1.0,0.009507418190677807,1.9517453798767965,0.9205561072492552,0.1743119266055046,0.4876380852183061,0.36115236115236116,"JUMBO BAG OWLS, JUMBO BAG RED RETROSPOT",JUMBO  BAG BAROQUE BLACK WHITE,"JUMBO BAG OWLS, JUMBO BAG RED RETROSPOT → JUMBO  BAG BAROQUE BLACK WHITE"
"frozenset({'JUMBO BAG WOODLAND ANIMALS', 'JUMBO SHOPPER VINTAGE RED PAISLEY'})",frozenset({'JUMBO  BAG BAROQUE BLACK WHITE'}),0.02075586880515012,0.0505022476275043,0.01065541927964926,0.5133689839572193,10.165270024093555,1.0,0.009607201253527577,1.9511657109193046,0.9207365164824786,0.17582417582417584,0.48748586836899493,0.36217899747311516,"JUMBO BAG WOODLAND ANIMALS, JUMBO SHOPPER VINTAGE RED PAISLEY",JUMBO  BAG BAROQUE BLACK WHITE,"JUMBO BAG WOODLAND ANIMALS, JUMBO SHOPPER VINTAGE RED PAISLEY → JUMBO  BAG BAROQUE BLACK WHITE"
"frozenset({'LUNCH BAG SPACEBOY DESIGN ', 'LUNCH BAG SUKI DESIGN '})",frozenset({'LUNCH BAG APPLE DESIGN'}),0.023586214551306953,0.0507797325045785,0.012153837615849936,0.5152941176470588,10.147633558341369,1.0,0.010956135950138971,1.9583427848813306,0.9232303665166051,0.19536128456735058,0.489364166620811,0.3773191899710704,"LUNCH BAG SPACEBOY DESIGN , LUNCH BAG SUKI DESIGN ",LUNCH BAG APPLE DESIGN,"LUNCH BAG SPACEBOY DESIGN , LUNCH BAG SUKI DESIGN  → LUNCH BAG APPLE DESIGN"
"frozenset({'JUMBO BAG WOODLAND ANIMALS', 'JUMBO STORAGE BAG SUKI'})",frozenset({'JUMBO SHOPPER VINTAGE RED PAISLEY'}),0.023586214551306953,0.06287807314501359,0.015039680337421611,0.6376470588235295,10.141008255023106,1.0,0.013556624613650549,2.586213109827073,0.9231644300073784,0.2105672105672106,0.6133342622848026,0.4384175276465397,"JUMBO BAG WOODLAND ANIMALS, JUMBO STORAGE BAG SUKI",JUMBO SHOPPER VINTAGE RED PAISLEY,"JUMBO BAG WOODLAND ANIMALS, JUMBO STORAGE BAG SUKI → JUMBO SHOPPER VINTAGE RED PAISLEY"
"frozenset({'LUNCH BAG WOODLAND', 'LUNCH BAG RED RETROSPOT'})",frozenset({'LUNCH BAG PINK POLKADOT'}),0.02530662078916699,0.05582995726732893,0.014318219657028692,0.5657894736842105,10.134155592759233,1.0,0.012905352099789002,2.1744522196267573,0.9247254733457891,0.21428571428571427,0.5401140613834002,0.4111253531442921,"LUNCH BAG RED RETROSPOT, LUNCH BAG WOODLAND",LUNCH BAG PINK POLKADOT,"LUNCH BAG RED RETROSPOT, LUNCH BAG WOODLAND → LUNCH BAG PINK POLKADOT"
"frozenset({'LUNCH BAG CARS BLUE', 'LUNCH BAG  BLACK SKULL.'})",frozenset({'LUNCH BAG WOODLAND'}),0.027914978633664465,0.0482823686109107,0.013652255952050614,0.48906560636182905,10.129279495441148,1.0,0.01230445466389433,1.8627002668821475,0.9271578877012794,0.21827861579414376,0.46314497411124833,0.3859121135257421,"LUNCH BAG  BLACK SKULL., LUNCH BAG CARS BLUE",LUNCH BAG WOODLAND,"LUNCH BAG  BLACK SKULL., LUNCH BAG CARS BLUE → LUNCH BAG WOODLAND"
"frozenset({'JUMBO BAG RED RETROSPOT', 'JUMBO BAG TOYS '})",frozenset({'JUMBO SHOPPER VINTAGE RED PAISLEY'}),0.018757977690215883,0.06287807314501359,0.011931849714190576,0.636094674556213,10.11631945351139,1.0,0.01075238422093265,2.5751805794876863,0.9183767097251945,0.1711783439490446,0.6116777176849699,0.41292818458613834,"JUMBO BAG RED RETROSPOT, JUMBO BAG TOYS ",JUMBO SHOPPER VINTAGE RED PAISLEY,"JUMBO BAG RED RETROSPOT, JUMBO BAG TOYS  → JUMBO SHOPPER VINTAGE RED PAISLEY"
"frozenset({'LUNCH BAG WOODLAND', 'LUNCH BAG  BLACK SKULL.'})",frozenset({'LUNCH BAG SPACEBOY DESIGN '}),0.023364226649647594,0.05760586048060381,0.013596758976635773,0.5819477434679334,10.10223158916059,1.0,0.012250842596018968,2.254249617827646,0.9225670356789152,0.20181219110378912,0.5563934037776747,0.40898928599215556,"LUNCH BAG  BLACK SKULL., LUNCH BAG WOODLAND",LUNCH BAG SPACEBOY DESIGN ,"LUNCH BAG  BLACK SKULL., LUNCH BAG WOODLAND → LUNCH BAG SPACEBOY DESIGN "
"frozenset({'JUMBO BAG SCANDINAVIAN BLUE PAISLEY', 'JUMBO SHOPPER VINTAGE RED PAISLEY'})",frozenset({'JUMBO STORAGE BAG SUKI'}),0.018757977690215883,0.06271158221876907,0.011876352738775737,0.6331360946745562,10.095999371629052,1.0,0.010700010278597927,2.55486681621013,0.9181739519744253,0.17065390749601278,0.6085901646006767,0.41125831282400377,"JUMBO BAG SCANDINAVIAN BLUE PAISLEY, JUMBO SHOPPER VINTAGE RED PAISLEY",JUMBO STORAGE BAG SUKI,"JUMBO BAG SCANDINAVIAN BLUE PAISLEY, JUMBO SHOPPER VINTAGE RED PAISLEY → JUMBO STORAGE BAG SUKI"
"frozenset({'JUMBO BAG RED RETROSPOT', 'JUMBO BAG APPLES'})",frozenset({'JUMBO BAG WOODLAND ANIMALS'}),0.028192463510738664,0.04079027692990732,0.011598867861701537,0.41141732283464566,10.086161551234667,1.0,0.0104488894677622,1.6296941114368129,0.9269883400700422,0.2021276595744681,0.38638791600077993,0.3478855321656221,"JUMBO BAG APPLES, JUMBO BAG RED RETROSPOT",JUMBO BAG WOODLAND ANIMALS,"JUMBO BAG APPLES, JUMBO BAG RED RETROSPOT → JUMBO BAG WOODLAND ANIMALS"
"frozenset({'LUNCH BAG WOODLAND', 'LUNCH BAG  BLACK SKULL.'})",frozenset({'LUNCH BAG PINK POLKADOT'}),0.023364226649647594,0.05582995726732893,0.013152783173317055,0.5629453681710214,10.083213309218324,1.0,0.011848359397883042,2.1603021086437746,0.9223758645377327,0.19915966386554623,0.5371017803487705,0.3992659246421707,"LUNCH BAG  BLACK SKULL., LUNCH BAG WOODLAND",LUNCH BAG PINK POLKADOT,"LUNCH BAG  BLACK SKULL., LUNCH BAG WOODLAND → LUNCH BAG PINK POLKADOT"
"frozenset({'JUMBO BAG SPACEBOY DESIGN', 'JUMBO BAG RED RETROSPOT'})",frozenset({'JUMBO STORAGE BAG SUKI'}),0.021643820411787557,0.06271158221876907,0.013652255952050614,0.6307692307692309,10.058257317903337,1.0,0.012294937728768527,2.538489464824168,0.920502387280382,0.19309262166405025,0.606064939856165,0.4242341729067393,"JUMBO BAG RED RETROSPOT, JUMBO BAG SPACEBOY DESIGN",JUMBO STORAGE BAG SUKI,"JUMBO BAG RED RETROSPOT, JUMBO BAG SPACEBOY DESIGN → JUMBO STORAGE BAG SUKI"
frozenset({'REGENCY TEA PLATE ROSES '}),frozenset({'GREEN REGENCY TEACUP AND SAUCER'}),0.021144347633054,0.05172318108663078,0.010988401132138299,0.5196850393700787,10.047429961812712,1.0,0.009894748210555174,1.9742812459343915,0.9199232373628564,0.17757847533632287,0.4934865526077982,0.36606569565070457,REGENCY TEA PLATE ROSES ,GREEN REGENCY TEACUP AND SAUCER,REGENCY TEA PLATE ROSES  → GREEN REGENCY TEACUP AND SAUCER
frozenset({'HOT WATER BOTTLE TEA AND SYMPATHY'}),frozenset({'HOT WATER BOTTLE KEEP CALM'}),0.034297130806371055,0.041900216438204116,0.014429213607858371,0.4207119741100323,10.040806703958507,1.0,0.012992156403862025,1.6539264420144966,0.9323845225517543,0.2336028751123091,0.3953781893818739,0.3825414175185923,HOT WATER BOTTLE TEA AND SYMPATHY,HOT WATER BOTTLE KEEP CALM,HOT WATER BOTTLE TEA AND SYMPATHY → HOT WATER BOTTLE KEEP CALM
frozenset({'HOT WATER BOTTLE KEEP CALM'}),frozenset({'HOT WATER BOTTLE TEA AND SYMPATHY'}),0.041900216438204116,0.034297130806371055,0.014429213607858371,0.3443708609271523,10.040806703958506,1.0,0.012992156403862025,1.4729407398811916,0.9397835424538389,0.2336028751123091,0.32108606074629953,0.3825414175185923,HOT WATER BOTTLE KEEP CALM,HOT WATER BOTTLE TEA AND SYMPATHY,HOT WATER BOTTLE KEEP CALM → HOT WATER BOTTLE TEA AND SYMPATHY
frozenset({'SUKI  SHOULDER BAG'}),frozenset({'RED TOADSTOOL LED NIGHT LIGHT'}),0.028136966535323826,0.036572506798379485,0.010322437427160219,0.3668639053254437,10.031139165491913,1.0,0.009293398027261313,1.521675199542746,0.9263758307667369,0.18979591836734697,0.34282953398958355,0.324554866168033,SUKI  SHOULDER BAG,RED TOADSTOOL LED NIGHT LIGHT,SUKI  SHOULDER BAG → RED TOADSTOOL LED NIGHT LIGHT
"frozenset({'LUNCH BAG  BLACK SKULL.', 'LUNCH BAG SUKI DESIGN '})",frozenset({'LUNCH BAG ALPHABET DESIGN'}),0.027692990732005106,0.03818191908540985,0.010599922304234418,0.3827655310621242,10.02478503518665,1.0,0.009542550772871994,1.5582702025207158,0.9258878409715747,0.19176706827309237,0.35826277215442937,0.3301909050659458,"LUNCH BAG  BLACK SKULL., LUNCH BAG SUKI DESIGN ",LUNCH BAG ALPHABET DESIGN,"LUNCH BAG  BLACK SKULL., LUNCH BAG SUKI DESIGN  → LUNCH BAG ALPHABET DESIGN"
"frozenset({'JUMBO STORAGE BAG SUKI', 'JUMBO SHOPPER VINTAGE RED PAISLEY'})",frozenset({'JUMBO BAG PINK VINTAGE PAISLEY'}),0.028469948387812864,0.04523003496309451,0.012875298296242855,0.45224171539961017,9.998703643908682,1.0,0.011587601535264584,1.743049793821824,0.9263604695139008,0.21167883211678837,0.42629292430746196,0.3684521460433634,"JUMBO SHOPPER VINTAGE RED PAISLEY, JUMBO STORAGE BAG SUKI",JUMBO BAG PINK VINTAGE PAISLEY,"JUMBO SHOPPER VINTAGE RED PAISLEY, JUMBO STORAGE BAG SUKI → JUMBO BAG PINK VINTAGE PAISLEY"
"frozenset({'LUNCH BAG WOODLAND', 'LUNCH BAG SUKI DESIGN '})",frozenset({'LUNCH BAG CARS BLUE'}),0.019923414173927522,0.05910427881680448,0.011765358787946057,0.5905292479108635,9.991311284606432,1.0,0.01058779976162757,2.2978337680596406,0.9182068527105279,0.17491749174917492,0.5648075096204936,0.39479514038735664,"LUNCH BAG SUKI DESIGN , LUNCH BAG WOODLAND",LUNCH BAG CARS BLUE,"LUNCH BAG SUKI DESIGN , LUNCH BAG WOODLAND → LUNCH BAG CARS BLUE"
"frozenset({'60 TEATIME FAIRY CAKE CASES', 'PACK OF 60 PINK PAISLEY CAKE CASES'})",frozenset({'PACK OF 72 RETROSPOT CAKE CASES'}),0.017759032132748764,0.06265608524335424,0.011099395082967978,0.625,9.975088573959255,1.0,0.009986683651819005,2.499583772684389,0.9160178541160519,0.16012810248198558,0.5999333925399645,0.4010739592559787,"60 TEATIME FAIRY CAKE CASES, PACK OF 60 PINK PAISLEY CAKE CASES",PACK OF 72 RETROSPOT CAKE CASES,"60 TEATIME FAIRY CAKE CASES, PACK OF 60 PINK PAISLEY CAKE CASES → PACK OF 72 RETROSPOT CAKE CASES"
frozenset({'LUNCH BAG DOLLY GIRL DESIGN'}),frozenset({'LUNCH BAG SPACEBOY DESIGN '}),0.033353682224318774,0.05760586048060381,0.01914645651811976,0.5740432612312811,9.965014955805833,1.0,0.017225088953391258,2.2124174916060824,0.9306908894846411,0.2666151468315301,0.5480057431321156,0.4532066017139065,LUNCH BAG DOLLY GIRL DESIGN,LUNCH BAG SPACEBOY DESIGN ,LUNCH BAG DOLLY GIRL DESIGN → LUNCH BAG SPACEBOY DESIGN 
frozenset({'LUNCH BAG SPACEBOY DESIGN '}),frozenset({'LUNCH BAG DOLLY GIRL DESIGN'}),0.05760586048060381,0.033353682224318774,0.01914645651811976,0.33236994219653176,9.965014955805833,1.0,0.017225088953391258,1.4478771686163885,0.9546418887605841,0.2666151468315301,0.30933367714084886,0.4532066017139065,LUNCH BAG SPACEBOY DESIGN ,LUNCH BAG DOLLY GIRL DESIGN,LUNCH BAG SPACEBOY DESIGN  → LUNCH BAG DOLLY GIRL DESIGN
"frozenset({'JUMBO STORAGE BAG SKULLS', 'JUMBO BAG PINK POLKADOT'})",frozenset({'JUMBO STORAGE BAG SUKI'}),0.018036517009822964,0.06271158221876907,0.011265886009212498,0.6246153846153847,9.960127978216475,1.0,0.010134787489810759,2.4968748834336076,0.9161233581726794,0.1621405750798722,0.5994993555204344,0.40213070115724986,"JUMBO BAG PINK POLKADOT, JUMBO STORAGE BAG SKULLS",JUMBO STORAGE BAG SUKI,"JUMBO BAG PINK POLKADOT, JUMBO STORAGE BAG SKULLS → JUMBO STORAGE BAG SUKI"
"frozenset({'LUNCH BAG RED RETROSPOT', 'LUNCH BAG PINK POLKADOT'})",frozenset({'LUNCH BAG DOLLY GIRL DESIGN'}),0.0307453243798213,0.033353682224318774,0.01021144347633054,0.33212996389891697,9.957819999159042,1.0,0.00918597369708238,1.447356919047912,0.9281115025081219,0.18949536560247168,0.3090854185035357,0.3191431849444668,"LUNCH BAG PINK POLKADOT, LUNCH BAG RED RETROSPOT",LUNCH BAG DOLLY GIRL DESIGN,"LUNCH BAG PINK POLKADOT, LUNCH BAG RED RETROSPOT → LUNCH BAG DOLLY GIRL DESIGN"
"frozenset({'JUMBO BAG WOODLAND ANIMALS', 'JUMBO STORAGE BAG SUKI'})",frozenset({'JUMBO BAG PINK POLKADOT'}),0.023586214551306953,0.06432099450579944,0.01509517731283645,0.64,9.950094909404658,1.0,0.013578088536269229,2.5991083485950015,0.921226696601114,0.20731707317073172,0.6152526690391459,0.4373425366695427,"JUMBO BAG WOODLAND ANIMALS, JUMBO STORAGE BAG SUKI",JUMBO BAG PINK POLKADOT,"JUMBO BAG WOODLAND ANIMALS, JUMBO STORAGE BAG SUKI → JUMBO BAG PINK POLKADOT"
frozenset({'CHARLOTTE BAG APPLES DESIGN'}),frozenset({'LUNCH BAG APPLE DESIGN'}),0.027471002830345745,0.0507797325045785,0.013874243853709972,0.5050505050505051,9.945907159021914,1.0,0.012479273678352496,1.9178123771846274,0.9248630449669025,0.21551724137931033,0.4785725590800427,0.389137274383176,CHARLOTTE BAG APPLES DESIGN,LUNCH BAG APPLE DESIGN,CHARLOTTE BAG APPLES DESIGN → LUNCH BAG APPLE DESIGN
"frozenset({'LUNCH BAG APPLE DESIGN', 'LUNCH BAG ALPHABET DESIGN'})",frozenset({'LUNCH BAG SUKI DESIGN '}),0.018813474665630724,0.05666241189855153,0.010599922304234418,0.5634218289085545,9.943484755243139,1.0,0.009533905453487486,2.1607529889621016,0.9166775248158063,0.1633875106928999,0.5371983724616569,0.3752466637197033,"LUNCH BAG ALPHABET DESIGN, LUNCH BAG APPLE DESIGN",LUNCH BAG SUKI DESIGN ,"LUNCH BAG ALPHABET DESIGN, LUNCH BAG APPLE DESIGN → LUNCH BAG SUKI DESIGN "
"frozenset({'LUNCH BAG SPACEBOY DESIGN ', 'LUNCH BAG SUKI DESIGN '})",frozenset({'LUNCH BAG WOODLAND'}),0.023586214551306953,0.0482823686109107,0.011321382984627338,0.48000000000000004,9.941517241379312,1.0,0.01018258467952511,1.830226214209787,0.9211378879163351,0.18698441796516957,0.45361945302933127,0.35724137931034483,"LUNCH BAG SPACEBOY DESIGN , LUNCH BAG SUKI DESIGN ",LUNCH BAG WOODLAND,"LUNCH BAG SPACEBOY DESIGN , LUNCH BAG SUKI DESIGN  → LUNCH BAG WOODLAND"
"frozenset({'LUNCH BAG CARS BLUE', 'RED RETROSPOT CHARLOTTE BAG'})",frozenset({'LUNCH BAG  BLACK SKULL.'}),0.015650147066984848,0.06748432210444531,0.01048892835340474,0.6702127659574468,9.931384728443449,1.0,0.009432788787754394,2.827628184586521,0.9136071936432764,0.1443850267379679,0.6463467136694182,0.4128201987681971,"LUNCH BAG CARS BLUE, RED RETROSPOT CHARLOTTE BAG",LUNCH BAG  BLACK SKULL.,"LUNCH BAG CARS BLUE, RED RETROSPOT CHARLOTTE BAG → LUNCH BAG  BLACK SKULL."
frozenset({'HAND OVER THE CHOCOLATE   SIGN '}),frozenset({'GIN + TONIC DIET METAL SIGN'}),0.03707197957711305,0.04056828902824796,0.01492868638659193,0.4026946107784431,9.92633952341555,1.0,0.013424739604258303,1.606266623882532,0.9338786597046461,0.23805309734513275,0.3774383498158703,0.3853418334329972,HAND OVER THE CHOCOLATE   SIGN ,GIN + TONIC DIET METAL SIGN,HAND OVER THE CHOCOLATE   SIGN  → GIN + TONIC DIET METAL SIGN
frozenset({'GIN + TONIC DIET METAL SIGN'}),frozenset({'HAND OVER THE CHOCOLATE   SIGN '}),0.04056828902824796,0.03707197957711305,0.01492868638659193,0.3679890560875513,9.926339523415548,1.0,0.013424739604258303,1.523593902444005,0.9372818501003769,0.23805309734513275,0.3436571264850202,0.3853418334329972,GIN + TONIC DIET METAL SIGN,HAND OVER THE CHOCOLATE   SIGN ,GIN + TONIC DIET METAL SIGN → HAND OVER THE CHOCOLATE   SIGN 
"frozenset({'LUNCH BAG RED RETROSPOT', 'LUNCH BAG SUKI DESIGN '})",frozenset({'LUNCH BAG APPLE DESIGN'}),0.028636439314057384,0.0507797325045785,0.014429213607858371,0.5038759689922481,9.922777142373025,1.0,0.012975062879606942,1.913272101670459,0.9257314130764397,0.22203245089666948,0.47733518973756534,0.39401448722836446,"LUNCH BAG RED RETROSPOT, LUNCH BAG SUKI DESIGN ",LUNCH BAG APPLE DESIGN,"LUNCH BAG RED RETROSPOT, LUNCH BAG SUKI DESIGN  → LUNCH BAG APPLE DESIGN"
"frozenset({'LUNCH BAG RED RETROSPOT', 'LUNCH BAG SUKI DESIGN '})",frozenset({'LUNCH BAG WOODLAND'}),0.028636439314057384,0.0482823686109107,0.013707752927465454,0.4786821705426357,9.914223024146843,1.0,0.01232511780880016,1.825599620062342,0.9256418969009593,0.2168568920105356,0.4522347676836989,0.3812951082598236,"LUNCH BAG RED RETROSPOT, LUNCH BAG SUKI DESIGN ",LUNCH BAG WOODLAND,"LUNCH BAG RED RETROSPOT, LUNCH BAG SUKI DESIGN  → LUNCH BAG WOODLAND"
"frozenset({'LUNCH BAG SPACEBOY DESIGN ', 'LUNCH BAG SUKI DESIGN '})",frozenset({'LUNCH BAG CARS BLUE'}),0.023586214551306953,0.05910427881680448,0.013818746878295133,0.5858823529411765,9.912689312344657,1.0,0.012424700677221715,2.272049326720785,0.9208382923532256,0.20064464141821114,0.5598687104899764,0.4098425849212925,"LUNCH BAG SPACEBOY DESIGN , LUNCH BAG SUKI DESIGN ",LUNCH BAG CARS BLUE,"LUNCH BAG SPACEBOY DESIGN , LUNCH BAG SUKI DESIGN  → LUNCH BAG CARS BLUE"
"frozenset({'JAM MAKING SET WITH JARS', 'SET OF 3 CAKE TINS PANTRY DESIGN '})",frozenset({'JAM MAKING SET PRINTED'}),0.018924468616460403,0.05594095121815861,0.01048892835340474,0.5542521994134897,9.907807917888562,1.0,0.009430275577701755,2.1179219449645257,0.9164121129841234,0.1629310344827586,0.5278390677345053,0.37087609970674484,"JAM MAKING SET WITH JARS, SET OF 3 CAKE TINS PANTRY DESIGN ",JAM MAKING SET PRINTED,"JAM MAKING SET WITH JARS, SET OF 3 CAKE TINS PANTRY DESIGN  → JAM MAKING SET PRINTED"
"frozenset({'LUNCH BAG WOODLAND', 'LUNCH BAG CARS BLUE'})",frozenset({'LUNCH BAG PINK POLKADOT'}),0.022476275043010155,0.05582995726732893,0.012431322492924135,0.5530864197530865,9.90662445082591,1.0,0.011176473017744147,2.1126456757278,0.9197295373809795,0.18871103622577928,0.5266598599618448,0.3878752178288295,"LUNCH BAG CARS BLUE, LUNCH BAG WOODLAND",LUNCH BAG PINK POLKADOT,"LUNCH BAG CARS BLUE, LUNCH BAG WOODLAND → LUNCH BAG PINK POLKADOT"
"frozenset({'DOTCOM POSTAGE', 'JUMBO BAG WOODLAND ANIMALS'})",frozenset({'JUMBO BAG PINK POLKADOT'}),0.0200344081247572,0.06432099450579944,0.012764304345413174,0.6371191135734071,9.905305701017449,1.0,0.011475671290493723,2.578474205980201,0.9174240521601245,0.17829457364341086,0.6121737430296099,0.41778302529403744,"DOTCOM POSTAGE, JUMBO BAG WOODLAND ANIMALS",JUMBO BAG PINK POLKADOT,"DOTCOM POSTAGE, JUMBO BAG WOODLAND ANIMALS → JUMBO BAG PINK POLKADOT"
frozenset({'ASSORTED COLOURS SILK FAN'}),frozenset({'DOTCOM POSTAGE'}),0.027471002830345745,0.03918086464287696,0.01065541927964926,0.38787878787878793,9.899699545025326,1.0,0.009579081636149393,1.5696550231081714,0.9243804924674732,0.19028741328047571,0.3629173383462069,0.32991673104987557,ASSORTED COLOURS SILK FAN,DOTCOM POSTAGE,ASSORTED COLOURS SILK FAN → DOTCOM POSTAGE
"frozenset({'JUMBO SHOPPER VINTAGE RED PAISLEY', 'JUMBO BAG APPLES'})",frozenset({'JUMBO STORAGE BAG SUKI'}),0.018147510960652643,0.06271158221876907,0.011265886009212498,0.6207951070336392,9.899209764282428,1.0,0.010127826883537517,2.471720263019859,0.9155976540007507,0.16188197767145135,0.5954234728899961,0.4002205623663771,"JUMBO BAG APPLES, JUMBO SHOPPER VINTAGE RED PAISLEY",JUMBO STORAGE BAG SUKI,"JUMBO BAG APPLES, JUMBO SHOPPER VINTAGE RED PAISLEY → JUMBO STORAGE BAG SUKI"
"frozenset({'JUMBO BAG PINK VINTAGE PAISLEY', 'JUMBO BAG RED RETROSPOT'})",frozenset({'JUMBO BAG WOODLAND ANIMALS'}),0.027082524002441866,0.04079027692990732,0.010932904156723459,0.40368852459016397,9.896685067469612,1.0,0.009828200502702993,1.6085716318151384,0.9239797695568719,0.1920077972709552,0.37833045154999795,0.3358578677372589,"JUMBO BAG PINK VINTAGE PAISLEY, JUMBO BAG RED RETROSPOT",JUMBO BAG WOODLAND ANIMALS,"JUMBO BAG PINK VINTAGE PAISLEY, JUMBO BAG RED RETROSPOT → JUMBO BAG WOODLAND ANIMALS"
frozenset({'SCANDINAVIAN REDS RIBBONS'}),frozenset({'6 RIBBONS RUSTIC CHARM'}),0.022809256895499196,0.047449913979688105,0.0107109162550641,0.46958637469586373,9.896464193736572,1.0,0.009628618977432054,1.795862776854808,0.91993688690727,0.17986952469711093,0.443164582011464,0.34765868442395526,SCANDINAVIAN REDS RIBBONS,6 RIBBONS RUSTIC CHARM,SCANDINAVIAN REDS RIBBONS → 6 RIBBONS RUSTIC CHARM
"frozenset({'LUNCH BAG WOODLAND', 'LUNCH BAG SPACEBOY DESIGN '})",frozenset({'LUNCH BAG CARS BLUE'}),0.023253232698817915,0.05910427881680448,0.013596758976635773,0.58472553699284,9.89311685546853,1.0,0.012222393427812804,2.265720156182522,0.9203200371057514,0.19774011299435026,0.5586392267945018,0.40738624267482376,"LUNCH BAG SPACEBOY DESIGN , LUNCH BAG WOODLAND",LUNCH BAG CARS BLUE,"LUNCH BAG SPACEBOY DESIGN , LUNCH BAG WOODLAND → LUNCH BAG CARS BLUE"
"frozenset({'LUNCH BAG CARS BLUE', 'LUNCH BAG SUKI DESIGN '})",frozenset({'LUNCH BAG WOODLAND'}),0.024640657084188913,0.0482823686109107,0.011765358787946057,0.4774774774774775,9.889272030651341,1.0,0.0105756494997922,1.8213906393825674,0.921588877855015,0.19237749546279492,0.45096895834548173,0.36057781919850884,"LUNCH BAG CARS BLUE, LUNCH BAG SUKI DESIGN ",LUNCH BAG WOODLAND,"LUNCH BAG CARS BLUE, LUNCH BAG SUKI DESIGN  → LUNCH BAG WOODLAND"
"frozenset({'LUNCH BAG WOODLAND', 'LUNCH BAG  BLACK SKULL.'})",frozenset({'LUNCH BAG CARS BLUE'}),0.023364226649647594,0.05910427881680448,0.013652255952050614,0.5843230403800476,9.886306915124955,1.0,0.012271330185810829,2.263526277817859,0.9203533383782525,0.19838709677419356,0.5582114465381667,0.40765447793650267,"LUNCH BAG  BLACK SKULL., LUNCH BAG WOODLAND",LUNCH BAG CARS BLUE,"LUNCH BAG  BLACK SKULL., LUNCH BAG WOODLAND → LUNCH BAG CARS BLUE"
"frozenset({'LUNCH BAG WOODLAND', 'LUNCH BAG SUKI DESIGN '})",frozenset({'LUNCH BAG PINK POLKADOT'}),0.019923414173927522,0.05582995726732893,0.010988401132138299,0.5515320334261838,9.87878301223301,1.0,0.009876077770188629,2.105323262987757,0.9170435956392919,0.16966580976863754,0.5250135608244523,0.3741755594566307,"LUNCH BAG SUKI DESIGN , LUNCH BAG WOODLAND",LUNCH BAG PINK POLKADOT,"LUNCH BAG SUKI DESIGN , LUNCH BAG WOODLAND → LUNCH BAG PINK POLKADOT"
"frozenset({'JUMBO BAG SPACEBOY DESIGN', 'JUMBO BAG PINK POLKADOT'})",frozenset({'JUMBO STORAGE BAG SUKI'}),0.017648038181919085,0.06271158221876907,0.010932904156723459,0.619496855345912,9.878507819892025,1.0,0.009826167759278064,2.4632869161523265,0.9149166197556304,0.15747402078337333,0.5940383584864698,0.3969165692658764,"JUMBO BAG PINK POLKADOT, JUMBO BAG SPACEBOY DESIGN",JUMBO STORAGE BAG SUKI,"JUMBO BAG PINK POLKADOT, JUMBO BAG SPACEBOY DESIGN → JUMBO STORAGE BAG SUKI"
"frozenset({'LUNCH BAG CARS BLUE', 'LUNCH BAG PINK POLKADOT'})",frozenset({'LUNCH BAG WOODLAND'}),0.026083578444974748,0.0482823686109107,0.012431322492924135,0.4765957446808511,9.871010026901445,1.0,0.01117194554375226,1.8183223038734633,0.922762184251443,0.2007168458781362,0.45004249363836113,0.3670335045243336,"LUNCH BAG CARS BLUE, LUNCH BAG PINK POLKADOT",LUNCH BAG WOODLAND,"LUNCH BAG CARS BLUE, LUNCH BAG PINK POLKADOT → LUNCH BAG WOODLAND"
"frozenset({'JUMBO BAG RED RETROSPOT', 'JUMBO BAG PINK POLKADOT'})",frozenset({'JUMBO BAG WOODLAND ANIMALS'}),0.04356512570064931,0.04079027692990732,0.017537044231089406,0.40254777070063696,9.868718748645955,1.0,0.0157600106892737,1.6055002827505815,0.9396036756896509,0.26245847176079734,0.37714118723992,0.4162398717448763,"JUMBO BAG PINK POLKADOT, JUMBO BAG RED RETROSPOT",JUMBO BAG WOODLAND ANIMALS,"JUMBO BAG PINK POLKADOT, JUMBO BAG RED RETROSPOT → JUMBO BAG WOODLAND ANIMALS"
"frozenset({'LUNCH BAG WOODLAND', 'LUNCH BAG SUKI DESIGN '})",frozenset({'LUNCH BAG SPACEBOY DESIGN '}),0.019923414173927522,0.05760586048060381,0.011321382984627338,0.5682451253481894,9.864363115268809,1.0,0.010173677567426785,2.1827064263707303,0.9168926120844715,0.1709974853310981,0.541853183772983,0.3823884586278519,"LUNCH BAG SUKI DESIGN , LUNCH BAG WOODLAND",LUNCH BAG SPACEBOY DESIGN ,"LUNCH BAG SUKI DESIGN , LUNCH BAG WOODLAND → LUNCH BAG SPACEBOY DESIGN "
"frozenset({'LUNCH BAG SUKI DESIGN ', 'LUNCH BAG VINTAGE LEAF DESIGN'})",frozenset({'LUNCH BAG  BLACK SKULL.'}),0.01559465009157001,0.06748432210444531,0.01037793440257506,0.6654804270462633,9.861259716238996,1.0,0.009325540012689431,2.7876266541345833,0.912828315655745,0.14274809160305346,0.6412719047162184,0.4096316608915527,"LUNCH BAG SUKI DESIGN , LUNCH BAG VINTAGE LEAF DESIGN",LUNCH BAG  BLACK SKULL.,"LUNCH BAG SUKI DESIGN , LUNCH BAG VINTAGE LEAF DESIGN → LUNCH BAG  BLACK SKULL."
"frozenset({'JUMBO BAG WOODLAND ANIMALS', 'JUMBO BAG PINK POLKADOT'})",frozenset({'JUMBO SHOPPER VINTAGE RED PAISLEY'}),0.022032299239691435,0.06287807314501359,0.013652255952050614,0.619647355163728,9.85474465374688,1.0,0.012266907428904468,2.463823873916753,0.9187686216324199,0.19158878504672897,0.5941268324467142,0.4183850191529144,"JUMBO BAG PINK POLKADOT, JUMBO BAG WOODLAND ANIMALS",JUMBO SHOPPER VINTAGE RED PAISLEY,"JUMBO BAG PINK POLKADOT, JUMBO BAG WOODLAND ANIMALS → JUMBO SHOPPER VINTAGE RED PAISLEY"
"frozenset({'LUNCH BAG WOODLAND', 'LUNCH BAG  BLACK SKULL.'})",frozenset({'LUNCH BAG SUKI DESIGN '}),0.023364226649647594,0.05666241189855153,0.013041789222487374,0.5581947743467933,9.851235689475876,1.0,0.011717915788373928,2.1351888418855367,0.9199846210763796,0.19469759734879866,0.5316573502150176,0.3941806388874025,"LUNCH BAG  BLACK SKULL., LUNCH BAG WOODLAND",LUNCH BAG SUKI DESIGN ,"LUNCH BAG  BLACK SKULL., LUNCH BAG WOODLAND → LUNCH BAG SUKI DESIGN "
"frozenset({'JUMBO BAG RED RETROSPOT', 'JUMBO BAG SCANDINAVIAN BLUE PAISLEY'})",frozenset({'JUMBO SHOPPER VINTAGE RED PAISLEY'}),0.023752705477551473,0.06287807314501359,0.01470669848493257,0.6191588785046729,9.846976020984732,1.0,0.013213174132523124,2.4606637097787374,0.9203057309537575,0.20447530864197533,0.5936055804675886,0.42652559988781746,"JUMBO BAG RED RETROSPOT, JUMBO BAG SCANDINAVIAN BLUE PAISLEY",JUMBO SHOPPER VINTAGE RED PAISLEY,"JUMBO BAG RED RETROSPOT, JUMBO BAG SCANDINAVIAN BLUE PAISLEY → JUMBO SHOPPER VINTAGE RED PAISLEY"
"frozenset({'JUMBO BAG PINK VINTAGE PAISLEY', 'JUMBO BAG PINK POLKADOT'})",frozenset({'JUMBO SHOPPER VINTAGE RED PAISLEY'}),0.02020089905100172,0.06287807314501359,0.012486819468338975,0.618131868131868,9.830642658312561,1.0,0.011216625860215053,2.4540459091742086,0.9167973819188773,0.17688679245283018,0.5925096607762721,0.40835984403945563,"JUMBO BAG PINK POLKADOT, JUMBO BAG PINK VINTAGE PAISLEY",JUMBO SHOPPER VINTAGE RED PAISLEY,"JUMBO BAG PINK POLKADOT, JUMBO BAG PINK VINTAGE PAISLEY → JUMBO SHOPPER VINTAGE RED PAISLEY"
"frozenset({'RECYCLING BAG RETROSPOT ', 'DOTCOM POSTAGE'})",frozenset({'JUMBO STORAGE BAG SUKI'}),0.018757977690215883,0.06271158221876907,0.011543370886286698,0.6153846153846154,9.812933968686183,1.0,0.010367028426108888,2.4369498862312007,0.9152621458062327,0.16507936507936508,0.5896509790168385,0.3997277059223962,"DOTCOM POSTAGE, RECYCLING BAG RETROSPOT ",JUMBO STORAGE BAG SUKI,"DOTCOM POSTAGE, RECYCLING BAG RETROSPOT  → JUMBO STORAGE BAG SUKI"
"frozenset({'JUMBO BAG SPACEBOY DESIGN', 'JUMBO BAG RED RETROSPOT'})",frozenset({'JUMBO BAG PINK POLKADOT'}),0.021643820411787557,0.06432099450579944,0.013652255952050614,0.6307692307692309,9.806583925134401,1.0,0.012260103898259517,2.5341306398801273,0.9178944339219329,0.18879508825786648,0.6053873528606626,0.4215105860489813,"JUMBO BAG RED RETROSPOT, JUMBO BAG SPACEBOY DESIGN",JUMBO BAG PINK POLKADOT,"JUMBO BAG RED RETROSPOT, JUMBO BAG SPACEBOY DESIGN → JUMBO BAG PINK POLKADOT"
"frozenset({'JUMBO BAG RED RETROSPOT', 'JUMBO  BAG BAROQUE BLACK WHITE'})",frozenset({'JUMBO BAG WOODLAND ANIMALS'}),0.031633275986458737,0.04079027692990732,0.012653310394583495,0.4,9.806258503401361,1.0,0.011362980306895656,1.5986828717834878,0.9273597340821824,0.2116991643454039,0.3744850728997917,0.35510204081632657,"JUMBO  BAG BAROQUE BLACK WHITE, JUMBO BAG RED RETROSPOT",JUMBO BAG WOODLAND ANIMALS,"JUMBO  BAG BAROQUE BLACK WHITE, JUMBO BAG RED RETROSPOT → JUMBO BAG WOODLAND ANIMALS"
frozenset({'60 TEATIME FAIRY CAKE CASES'}),frozenset({'PACK OF 60 PINK PAISLEY CAKE CASES'}),0.04178922248737444,0.043343137798989954,0.017759032132748764,0.42496679946879146,9.804707758806854,1.0,0.015947756103965843,1.6636550051671144,0.9371718623305919,0.26359143327841844,0.39891383917091033,0.4173489567126287,60 TEATIME FAIRY CAKE CASES,PACK OF 60 PINK PAISLEY CAKE CASES,60 TEATIME FAIRY CAKE CASES → PACK OF 60 PINK PAISLEY CAKE CASES
frozenset({'PACK OF 60 PINK PAISLEY CAKE CASES'}),frozenset({'60 TEATIME FAIRY CAKE CASES'}),0.043343137798989954,0.04178922248737444,0.017759032132748764,0.40973111395646605,9.804707758806854,1.0,0.015947756103965843,1.623346241295793,0.9386941277990485,0.26359143327841844,0.3839884711213693,0.4173489567126287,PACK OF 60 PINK PAISLEY CAKE CASES,60 TEATIME FAIRY CAKE CASES,PACK OF 60 PINK PAISLEY CAKE CASES → 60 TEATIME FAIRY CAKE CASES
"frozenset({'LUNCH BAG RED RETROSPOT', 'LUNCH BAG APPLE DESIGN'})",frozenset({'LUNCH BAG WOODLAND'}),0.023919196403795993,0.0482823686109107,0.011321382984627338,0.4733178654292343,9.803120249619969,1.0,0.01016650752698249,1.8070057230339094,0.9199972574883947,0.1859617137648131,0.4465983216029724,0.35390031202496197,"LUNCH BAG APPLE DESIGN, LUNCH BAG RED RETROSPOT",LUNCH BAG WOODLAND,"LUNCH BAG APPLE DESIGN, LUNCH BAG RED RETROSPOT → LUNCH BAG WOODLAND"
"frozenset({'JUMBO BAG RED RETROSPOT', 'JUMBO BAG APPLES'})",frozenset({'DOTCOM POSTAGE'}),0.028192463510738664,0.03918086464287696,0.010821910205893778,0.3838582677165354,9.797085164283642,1.0,0.009717305109130278,1.5594125263943084,0.9239780416412249,0.19136408243375858,0.3587328669776614,0.33003111686110054,"JUMBO BAG APPLES, JUMBO BAG RED RETROSPOT",DOTCOM POSTAGE,"JUMBO BAG APPLES, JUMBO BAG RED RETROSPOT → DOTCOM POSTAGE"
"frozenset({'LUNCH BAG CARS BLUE', 'LUNCH BAG APPLE DESIGN'})",frozenset({'LUNCH BAG SPACEBOY DESIGN '}),0.019090959542704924,0.05760586048060381,0.010766413230478939,0.563953488372093,9.789863108840795,1.0,0.009666662078621028,2.1612238932978154,0.9153280158649149,0.1632996632996633,0.5372992112936072,0.37542568445579605,"LUNCH BAG APPLE DESIGN, LUNCH BAG CARS BLUE",LUNCH BAG SPACEBOY DESIGN ,"LUNCH BAG APPLE DESIGN, LUNCH BAG CARS BLUE → LUNCH BAG SPACEBOY DESIGN "
"frozenset({'LUNCH BAG CARS BLUE', 'LUNCH BAG SPACEBOY DESIGN '})",frozenset({'LUNCH BAG PINK POLKADOT'}),0.02519562683833731,0.05582995726732893,0.013763249902880293,0.5462555066079295,9.784272339531096,1.0,0.012356579133172355,2.080840773789479,0.9210003397518892,0.20462046204620463,0.5194250263662072,0.3963881906797103,"LUNCH BAG CARS BLUE, LUNCH BAG SPACEBOY DESIGN ",LUNCH BAG PINK POLKADOT,"LUNCH BAG CARS BLUE, LUNCH BAG SPACEBOY DESIGN  → LUNCH BAG PINK POLKADOT"
"frozenset({'JUMBO BAG PINK VINTAGE PAISLEY', 'JUMBO BAG RED RETROSPOT'})",frozenset({'DOTCOM POSTAGE'}),0.027082524002441866,0.03918086464287696,0.01037793440257506,0.3831967213114754,9.780200738401524,1.0,0.00931681769544792,1.557739993535801,0.9227428143331736,0.18570009930486595,0.3580443436326157,0.3240346212789672,"JUMBO BAG PINK VINTAGE PAISLEY, JUMBO BAG RED RETROSPOT",DOTCOM POSTAGE,"JUMBO BAG PINK VINTAGE PAISLEY, JUMBO BAG RED RETROSPOT → DOTCOM POSTAGE"
"frozenset({'JUMBO BAG WOODLAND ANIMALS', 'JUMBO STORAGE BAG SUKI'})",frozenset({'JUMBO BAG PINK VINTAGE PAISLEY'}),0.023586214551306953,0.04523003496309451,0.0104334313779899,0.4423529411764706,9.780070732587514,1.0,0.009366626069187239,1.7121402326611175,0.9194372960801435,0.17870722433460076,0.41593569210990605,0.33651389390111874,"JUMBO BAG WOODLAND ANIMALS, JUMBO STORAGE BAG SUKI",JUMBO BAG PINK VINTAGE PAISLEY,"JUMBO BAG WOODLAND ANIMALS, JUMBO STORAGE BAG SUKI → JUMBO BAG PINK VINTAGE PAISLEY"
"frozenset({'JUMBO BAG RED RETROSPOT', 'JUMBO STORAGE BAG SUKI'})",frozenset({'JUMBO STORAGE BAG SKULLS'}),0.038736888839558246,0.03795993118375048,0.014373716632443531,0.37106017191977075,9.77504859330753,1.0,0.012903266997821308,1.529621795065472,0.933874095296646,0.23063223508459482,0.34624362491043265,0.37485757134000236,"JUMBO BAG RED RETROSPOT, JUMBO STORAGE BAG SUKI",JUMBO STORAGE BAG SKULLS,"JUMBO BAG RED RETROSPOT, JUMBO STORAGE BAG SUKI → JUMBO STORAGE BAG SKULLS"
"frozenset({'LUNCH BAG PINK POLKADOT', 'LUNCH BAG DOLLY GIRL DESIGN'})",frozenset({'LUNCH BAG RED RETROSPOT'}),0.013541262001220933,0.07725178977745713,0.01021144347633054,0.7540983606557378,9.76156491426418,1.0,0.009165356750890752,3.752509388238342,0.9098783097902525,0.12672176308539945,0.7335116593886893,0.4431411343508574,"LUNCH BAG DOLLY GIRL DESIGN, LUNCH BAG PINK POLKADOT",LUNCH BAG RED RETROSPOT,"LUNCH BAG DOLLY GIRL DESIGN, LUNCH BAG PINK POLKADOT → LUNCH BAG RED RETROSPOT"
"frozenset({'JUMBO BAG RED RETROSPOT', 'JUMBO  BAG BAROQUE BLACK WHITE'})",frozenset({'DOTCOM POSTAGE'}),0.031633275986458737,0.03918086464287696,0.012098340640435096,0.3824561403508772,9.76129914020178,1.0,0.010858921535798887,1.5558718953226143,0.9268747032636658,0.20604914933837432,0.35727356281305706,0.3456190050196313,"JUMBO  BAG BAROQUE BLACK WHITE, JUMBO BAG RED RETROSPOT",DOTCOM POSTAGE,"JUMBO  BAG BAROQUE BLACK WHITE, JUMBO BAG RED RETROSPOT → DOTCOM POSTAGE"
"frozenset({'LUNCH BAG SUKI DESIGN ', 'LUNCH BAG APPLE DESIGN'})",frozenset({'LUNCH BAG WOODLAND'}),0.023197735723403074,0.0482823686109107,0.010932904156723459,0.47129186602870815,9.761158774679647,1.0,0.00981286252958762,1.8000813118580967,0.9188688229239398,0.1805682859761687,0.44446953956331525,0.34886432381895177,"LUNCH BAG APPLE DESIGN, LUNCH BAG SUKI DESIGN ",LUNCH BAG WOODLAND,"LUNCH BAG APPLE DESIGN, LUNCH BAG SUKI DESIGN  → LUNCH BAG WOODLAND"
"frozenset({'LUNCH BAG  BLACK SKULL.', 'LUNCH BAG SUKI DESIGN '})",frozenset({'LUNCH BAG WOODLAND'}),0.027692990732005106,0.0482823686109107,0.013041789222487374,0.47094188376753504,9.753910119088752,1.0,0.01170470603602617,1.798890522966498,0.9230387156319829,0.2072310405643739,0.44410180206468103,0.37052841314813534,"LUNCH BAG  BLACK SKULL., LUNCH BAG SUKI DESIGN ",LUNCH BAG WOODLAND,"LUNCH BAG  BLACK SKULL., LUNCH BAG SUKI DESIGN  → LUNCH BAG WOODLAND"
"frozenset({'LUNCH BAG PINK POLKADOT', 'LUNCH BAG SUKI DESIGN '})",frozenset({'LUNCH BAG APPLE DESIGN'}),0.021643820411787557,0.0507797325045785,0.0107109162550641,0.4948717948717949,9.74545887627855,1.0,0.009611848844176391,1.879167027021393,0.9172406982489111,0.1735611510791367,0.4678493259936197,0.35290037831021437,"LUNCH BAG PINK POLKADOT, LUNCH BAG SUKI DESIGN ",LUNCH BAG APPLE DESIGN,"LUNCH BAG PINK POLKADOT, LUNCH BAG SUKI DESIGN  → LUNCH BAG APPLE DESIGN"
"frozenset({'LUNCH BAG CARS BLUE', 'LUNCH BAG SUKI DESIGN '})",frozenset({'LUNCH BAG SPACEBOY DESIGN '}),0.024640657084188913,0.05760586048060381,0.013818746878295133,0.5608108108108107,9.735308285163775,1.0,0.012399300624152945,2.145758963828779,0.9199492707672797,0.20194647201946472,0.533964430834462,0.40034760193719726,"LUNCH BAG CARS BLUE, LUNCH BAG SUKI DESIGN ",LUNCH BAG SPACEBOY DESIGN ,"LUNCH BAG CARS BLUE, LUNCH BAG SUKI DESIGN  → LUNCH BAG SPACEBOY DESIGN "
"frozenset({'JUMBO BAG RED RETROSPOT', 'JUMBO  BAG BAROQUE BLACK WHITE'})",frozenset({'JUMBO BAG OWLS'}),0.031633275986458737,0.034241633830956214,0.010544425328819579,0.3333333333333333,9.734737979470555,1.0,0.009461250275617679,1.4486375492535655,0.9265860507765488,0.1905717151454363,0.3096962035015133,0.32063749324689356,"JUMBO  BAG BAROQUE BLACK WHITE, JUMBO BAG RED RETROSPOT",JUMBO BAG OWLS,"JUMBO  BAG BAROQUE BLACK WHITE, JUMBO BAG RED RETROSPOT → JUMBO BAG OWLS"
"frozenset({'LUNCH BAG PINK POLKADOT', 'LUNCH BAG SUKI DESIGN '})",frozenset({'LUNCH BAG  BLACK SKULL.'}),0.021643820411787557,0.06748432210444531,0.014207225706199013,0.6564102564102565,9.726855600539812,1.0,0.012746607157959174,2.714038167009451,0.9170401043734756,0.18962962962962965,0.6315453437038869,0.4334682860998651,"LUNCH BAG PINK POLKADOT, LUNCH BAG SUKI DESIGN ",LUNCH BAG  BLACK SKULL.,"LUNCH BAG PINK POLKADOT, LUNCH BAG SUKI DESIGN  → LUNCH BAG  BLACK SKULL."
"frozenset({'JUMBO BAG WOODLAND ANIMALS', 'JUMBO BAG PINK POLKADOT'})",frozenset({'JUMBO  BAG BAROQUE BLACK WHITE'}),0.022032299239691435,0.0505022476275043,0.010821910205893778,0.491183879093199,9.725980568549838,1.0,0.009709229573887607,1.8660921172865388,0.9173949230129006,0.17535971223021582,0.4641207737085951,0.3527347966894566,"JUMBO BAG PINK POLKADOT, JUMBO BAG WOODLAND ANIMALS",JUMBO  BAG BAROQUE BLACK WHITE,"JUMBO BAG PINK POLKADOT, JUMBO BAG WOODLAND ANIMALS → JUMBO  BAG BAROQUE BLACK WHITE"
"frozenset({'LUNCH BAG PINK POLKADOT', 'LUNCH BAG  BLACK SKULL.'})",frozenset({'LUNCH BAG CARS BLUE'}),0.028969421166546425,0.05910427881680448,0.016649092624451967,0.5747126436781609,9.723706222006367,1.0,0.01493687587866297,2.212376425484811,0.9239241012745043,0.2331002331002331,0.5479973532167501,0.4282013922616157,"LUNCH BAG  BLACK SKULL., LUNCH BAG PINK POLKADOT",LUNCH BAG CARS BLUE,"LUNCH BAG  BLACK SKULL., LUNCH BAG PINK POLKADOT → LUNCH BAG CARS BLUE"
"frozenset({'LUNCH BAG PINK POLKADOT', 'LUNCH BAG SUKI DESIGN '})",frozenset({'LUNCH BAG CARS BLUE'}),0.021643820411787557,0.05910427881680448,0.012431322492924135,0.5743589743589744,9.717722402792827,1.0,0.011152080096645,2.2105381401291946,0.9169413425929678,0.18196588139723804,0.5476214674397994,0.3923438064283135,"LUNCH BAG PINK POLKADOT, LUNCH BAG SUKI DESIGN ",LUNCH BAG CARS BLUE,"LUNCH BAG PINK POLKADOT, LUNCH BAG SUKI DESIGN  → LUNCH BAG CARS BLUE"
frozenset({'JUMBO STORAGE BAG SKULLS'}),frozenset({'JUMBO BAG WOODLAND ANIMALS'}),0.03795993118375048,0.04079027692990732,0.015039680337421611,0.3961988304093568,9.713070374348572,1.0,0.013491284232196204,1.5886185244066426,0.9324413526800397,0.23606271777003493,0.37052225903414715,0.38245315670127705,JUMBO STORAGE BAG SKULLS,JUMBO BAG WOODLAND ANIMALS,JUMBO STORAGE BAG SKULLS → JUMBO BAG WOODLAND ANIMALS
frozenset({'JUMBO BAG WOODLAND ANIMALS'}),frozenset({'JUMBO STORAGE BAG SKULLS'}),0.04079027692990732,0.03795993118375048,0.015039680337421611,0.36870748299319733,9.713070374348572,1.0,0.013491284232196204,1.523921229698154,0.9351927128389543,0.23606271777003493,0.34379810418542966,0.38245315670127705,JUMBO BAG WOODLAND ANIMALS,JUMBO STORAGE BAG SKULLS,JUMBO BAG WOODLAND ANIMALS → JUMBO STORAGE BAG SKULLS
frozenset({'LUNCH BAG APPLE DESIGN'}),frozenset({'LUNCH BAG ALPHABET DESIGN'}),0.0507797325045785,0.03818191908540985,0.018813474665630724,0.3704918032786886,9.7033311094167,1.0,0.016874607027962153,1.5278880972861981,0.944925681101352,0.2681962025316456,0.3455018062015284,0.4316121807091117,LUNCH BAG APPLE DESIGN,LUNCH BAG ALPHABET DESIGN,LUNCH BAG APPLE DESIGN → LUNCH BAG ALPHABET DESIGN
frozenset({'LUNCH BAG ALPHABET DESIGN'}),frozenset({'LUNCH BAG APPLE DESIGN'}),0.03818191908540985,0.0507797325045785,0.018813474665630724,0.49273255813953487,9.703331109416698,1.0,0.016874607027962153,1.8712422465239256,0.9325491229333288,0.2681962025316456,0.4655956481008114,0.4316121807091117,LUNCH BAG ALPHABET DESIGN,LUNCH BAG APPLE DESIGN,LUNCH BAG ALPHABET DESIGN → LUNCH BAG APPLE DESIGN
"frozenset({'LUNCH BAG WOODLAND', 'LUNCH BAG SUKI DESIGN '})",frozenset({'LUNCH BAG  BLACK SKULL.'}),0.019923414173927522,0.06748432210444531,0.013041789222487374,0.6545961002785514,9.699972969505936,1.0,0.011697271122953778,2.6997832932621293,0.9151396351895135,0.1753731343283582,0.6295999006676913,0.4239263396129599,"LUNCH BAG SUKI DESIGN , LUNCH BAG WOODLAND",LUNCH BAG  BLACK SKULL.,"LUNCH BAG SUKI DESIGN , LUNCH BAG WOODLAND → LUNCH BAG  BLACK SKULL."
"frozenset({'JUMBO BAG OWLS', 'JUMBO BAG RED RETROSPOT'})",frozenset({'JUMBO STORAGE BAG SUKI'}),0.02053388090349076,0.06271158221876907,0.012486819468338975,0.6081081081081081,9.696902654867257,1.0,0.011199107307789303,2.3917014798555547,0.9156766829722804,0.17647058823529413,0.5818876191604003,0.40361157617794785,"JUMBO BAG OWLS, JUMBO BAG RED RETROSPOT",JUMBO STORAGE BAG SUKI,"JUMBO BAG OWLS, JUMBO BAG RED RETROSPOT → JUMBO STORAGE BAG SUKI"
"frozenset({'JUMBO BAG RED RETROSPOT', 'JUMBO BAG WOODLAND ANIMALS'})",frozenset({'JUMBO SHOPPER VINTAGE RED PAISLEY'}),0.02630556634663411,0.06287807314501359,0.01603862589488873,0.609704641350211,9.696617769187514,1.0,0.014384582570024063,2.4010583423203435,0.9211013498655459,0.2192716236722307,0.5835169923303003,0.43238983170776213,"JUMBO BAG RED RETROSPOT, JUMBO BAG WOODLAND ANIMALS",JUMBO SHOPPER VINTAGE RED PAISLEY,"JUMBO BAG RED RETROSPOT, JUMBO BAG WOODLAND ANIMALS → JUMBO SHOPPER VINTAGE RED PAISLEY"
"frozenset({'LUNCH BAG CARS BLUE', 'LUNCH BAG SPACEBOY DESIGN '})",frozenset({'LUNCH BAG SUKI DESIGN '}),0.02519562683833731,0.05666241189855153,0.013818746878295133,0.5484581497797356,9.679400000862934,1.0,0.012391101892339064,2.089147634136866,0.9198643706622676,0.20309951060358894,0.521335886626724,0.39616835011024,"LUNCH BAG CARS BLUE, LUNCH BAG SPACEBOY DESIGN ",LUNCH BAG SUKI DESIGN ,"LUNCH BAG CARS BLUE, LUNCH BAG SPACEBOY DESIGN  → LUNCH BAG SUKI DESIGN "
"frozenset({'JUMBO BAG RED RETROSPOT', 'JUMBO STORAGE BAG SUKI'})",frozenset({'JUMBO BAG SCANDINAVIAN BLUE PAISLEY'}),0.038736888839558246,0.03524057938842333,0.013208280148731894,0.34097421203438394,9.67561311283081,1.0,0.011843169742320912,1.4639175556236532,0.9327803865614139,0.217351598173516,0.31690142237963437,0.3578886808203416,"JUMBO BAG RED RETROSPOT, JUMBO STORAGE BAG SUKI",JUMBO BAG SCANDINAVIAN BLUE PAISLEY,"JUMBO BAG RED RETROSPOT, JUMBO STORAGE BAG SUKI → JUMBO BAG SCANDINAVIAN BLUE PAISLEY"
"frozenset({'LUNCH BAG RED RETROSPOT', 'LUNCH BAG VINTAGE LEAF DESIGN'})",frozenset({'LUNCH BAG  BLACK SKULL.'}),0.01614961984571841,0.06748432210444531,0.010544425328819579,0.6529209621993126,9.67515034364261,1.0,0.009454579181286775,2.6867530917584785,0.911360559566787,0.1442672741078208,0.6278035361464865,0.4045854810996563,"LUNCH BAG RED RETROSPOT, LUNCH BAG VINTAGE LEAF DESIGN",LUNCH BAG  BLACK SKULL.,"LUNCH BAG RED RETROSPOT, LUNCH BAG VINTAGE LEAF DESIGN → LUNCH BAG  BLACK SKULL."
"frozenset({'LUNCH BAG  BLACK SKULL.', 'LUNCH BAG APPLE DESIGN'})",frozenset({'LUNCH BAG SPACEBOY DESIGN '}),0.022032299239691435,0.05760586048060381,0.012264831566679617,0.5566750629722923,9.663514412040207,1.0,0.010995642010611038,2.125741326075002,0.9167153255058079,0.18204283360790774,0.5295758765501287,0.3847922521027165,"LUNCH BAG  BLACK SKULL., LUNCH BAG APPLE DESIGN",LUNCH BAG SPACEBOY DESIGN ,"LUNCH BAG  BLACK SKULL., LUNCH BAG APPLE DESIGN → LUNCH BAG SPACEBOY DESIGN "
frozenset({'SMALL GLASS HEART TRINKET POT'}),frozenset({'DOTCOM POSTAGE'}),0.029357899994450303,0.03918086464287696,0.011099395082967978,0.37807183364839314,9.649399958230022,1.0,0.009949127177086303,1.5449037161213315,0.9234779874213837,0.1932367149758454,0.3527104701964071,0.33067897631428156,SMALL GLASS HEART TRINKET POT,DOTCOM POSTAGE,SMALL GLASS HEART TRINKET POT → DOTCOM POSTAGE
"frozenset({'LUNCH BAG CARS BLUE', 'LUNCH BAG  BLACK SKULL.'})",frozenset({'LUNCH BAG SUKI DESIGN '}),0.027914978633664465,0.05666241189855153,0.01526166823908097,0.5467196819085487,9.648718852409539,1.0,0.013679938221601008,2.0811351176097745,0.922099690672424,0.22017614091273016,0.5194929961354359,0.40803173125789827,"LUNCH BAG  BLACK SKULL., LUNCH BAG CARS BLUE",LUNCH BAG SUKI DESIGN ,"LUNCH BAG  BLACK SKULL., LUNCH BAG CARS BLUE → LUNCH BAG SUKI DESIGN "
"frozenset({'LUNCH BAG WOODLAND', 'LUNCH BAG PINK POLKADOT'})",frozenset({'LUNCH BAG  BLACK SKULL.'}),0.02020089905100172,0.06748432210444531,0.013152783173317055,0.6510989010989011,9.648150574754192,1.0,0.011789539194959871,2.6727221004250543,0.9148336553754749,0.1764705882352941,0.6258496160745759,0.4230001084441874,"LUNCH BAG PINK POLKADOT, LUNCH BAG WOODLAND",LUNCH BAG  BLACK SKULL.,"LUNCH BAG PINK POLKADOT, LUNCH BAG WOODLAND → LUNCH BAG  BLACK SKULL."
"frozenset({'LUNCH BAG SPACEBOY DESIGN ', 'LUNCH BAG  BLACK SKULL.'})",frozenset({'LUNCH BAG SUKI DESIGN '}),0.026805039125367667,0.05666241189855153,0.014651201509517731,0.546583850931677,9.646321655179127,1.0,0.013132363341639358,2.080511666908674,0.921021560841075,0.21290322580645163,0.5193490063500346,0.4025769401573175,"LUNCH BAG  BLACK SKULL., LUNCH BAG SPACEBOY DESIGN ",LUNCH BAG SUKI DESIGN ,"LUNCH BAG  BLACK SKULL., LUNCH BAG SPACEBOY DESIGN  → LUNCH BAG SUKI DESIGN "
"frozenset({'LUNCH BAG RED RETROSPOT', 'LUNCH BAG PINK POLKADOT'})",frozenset({'LUNCH BAG WOODLAND'}),0.0307453243798213,0.0482823686109107,0.014318219657028692,0.4657039711191336,9.645425121374332,1.0,0.01283376257226014,1.7812552965863357,0.9247558239402393,0.22126929674099483,0.43859816056887685,0.38112784762853236,"LUNCH BAG PINK POLKADOT, LUNCH BAG RED RETROSPOT",LUNCH BAG WOODLAND,"LUNCH BAG PINK POLKADOT, LUNCH BAG RED RETROSPOT → LUNCH BAG WOODLAND"
"frozenset({'JUMBO BAG PINK VINTAGE PAISLEY', 'JUMBO BAG RED RETROSPOT'})",frozenset({'JUMBO BAG STRAWBERRY'}),0.027082524002441866,0.04378711360230867,0.011432376935457018,0.42213114754098363,9.640533773816204,1.0,0.010246511380324844,1.6547230090853668,0.9212202738782285,0.19234360410831,0.39566924826122946,0.3416105674333562,"JUMBO BAG PINK VINTAGE PAISLEY, JUMBO BAG RED RETROSPOT",JUMBO BAG STRAWBERRY,"JUMBO BAG PINK VINTAGE PAISLEY, JUMBO BAG RED RETROSPOT → JUMBO BAG STRAWBERRY"
"frozenset({'LUNCH BAG RED RETROSPOT', 'LUNCH BAG SPACEBOY DESIGN '})",frozenset({'LUNCH BAG PINK POLKADOT'}),0.027803984682834786,0.05582995726732893,0.01492868638659193,0.5369261477045908,9.61716924004873,1.0,0.013376391109887796,2.038918928487363,0.9216446938698422,0.2172859450726979,0.5095440107852244,0.4021608869735678,"LUNCH BAG RED RETROSPOT, LUNCH BAG SPACEBOY DESIGN ",LUNCH BAG PINK POLKADOT,"LUNCH BAG RED RETROSPOT, LUNCH BAG SPACEBOY DESIGN  → LUNCH BAG PINK POLKADOT"
"frozenset({'LUNCH BAG WOODLAND', 'LUNCH BAG PINK POLKADOT'})",frozenset({'LUNCH BAG SUKI DESIGN '}),0.02020089905100172,0.05666241189855153,0.010988401132138299,0.5439560439560439,9.599945108759995,1.0,0.00984376946938938,2.068523385957393,0.9143024696125801,0.16680707666385847,0.5165633578093867,0.36894178299663116,"LUNCH BAG PINK POLKADOT, LUNCH BAG WOODLAND",LUNCH BAG SUKI DESIGN ,"LUNCH BAG PINK POLKADOT, LUNCH BAG WOODLAND → LUNCH BAG SUKI DESIGN "
"frozenset({'DOTCOM POSTAGE', 'SUKI  SHOULDER BAG'})",frozenset({'JUMBO STORAGE BAG SUKI'}),0.018646983739386204,0.06271158221876907,0.011210389033797659,0.6011904761904762,9.586593973872734,1.0,0.010041007179893091,2.3502157341380117,0.9127068958663102,0.15981012658227853,0.5745071460996027,0.3899757690686894,"DOTCOM POSTAGE, SUKI  SHOULDER BAG",JUMBO STORAGE BAG SUKI,"DOTCOM POSTAGE, SUKI  SHOULDER BAG → JUMBO STORAGE BAG SUKI"
"frozenset({'JUMBO STORAGE BAG SUKI', 'JUMBO BAG PINK POLKADOT'})",frozenset({'JUMBO SHOPPER VINTAGE RED PAISLEY'}),0.028025972584494144,0.06287807314501359,0.016871080526111328,0.6019801980198021,9.573769804164884,1.0,0.01510886137198336,2.3544605624963593,0.9213702346393563,0.2278860569715143,0.575274261999219,0.4351472040407925,"JUMBO BAG PINK POLKADOT, JUMBO STORAGE BAG SUKI",JUMBO SHOPPER VINTAGE RED PAISLEY,"JUMBO BAG PINK POLKADOT, JUMBO STORAGE BAG SUKI → JUMBO SHOPPER VINTAGE RED PAISLEY"
"frozenset({'LUNCH BAG RED RETROSPOT', 'LUNCH BAG WOODLAND'})",frozenset({'LUNCH BAG SUKI DESIGN '}),0.02530662078916699,0.05666241189855153,0.013707752927465454,0.5416666666666666,9.559541299379692,1.0,0.012273818756549227,2.0581911013122514,0.9186401482136836,0.20081300813008132,0.5141364670353374,0.39179317662422464,"LUNCH BAG RED RETROSPOT, LUNCH BAG WOODLAND",LUNCH BAG SUKI DESIGN ,"LUNCH BAG RED RETROSPOT, LUNCH BAG WOODLAND → LUNCH BAG SUKI DESIGN "
"frozenset({'JUMBO STORAGE BAG SKULLS', 'JUMBO BAG RED RETROSPOT'})",frozenset({'JUMBO BAG PINK POLKADOT'}),0.022476275043010155,0.06432099450579944,0.013818746878295133,0.6148148148148148,9.558540248617902,1.0,0.012373050514742839,2.4291666488791748,0.9159690881158334,0.18935361216730037,0.5883361890953824,0.4148275972262167,"JUMBO BAG RED RETROSPOT, JUMBO STORAGE BAG SKULLS",JUMBO BAG PINK POLKADOT,"JUMBO BAG RED RETROSPOT, JUMBO STORAGE BAG SKULLS → JUMBO BAG PINK POLKADOT"
frozenset({'SKULL SHOULDER BAG'}),frozenset({'RED RETROSPOT CHARLOTTE BAG'}),0.022365281092180476,0.050113768799600424,0.0107109162550641,0.47890818858560796,9.556419324611372,1.0,0.009590107729272492,1.822876910351243,0.9158413453619648,0.17340521114106017,0.45141660727530203,0.3463200965076434,SKULL SHOULDER BAG,RED RETROSPOT CHARLOTTE BAG,SKULL SHOULDER BAG → RED RETROSPOT CHARLOTTE BAG
"frozenset({'LUNCH BAG PINK POLKADOT', 'LUNCH BAG SPACEBOY DESIGN '})",frozenset({'LUNCH BAG  BLACK SKULL.'}),0.021865808313446918,0.06748432210444531,0.014096231755369332,0.6446700507614213,9.552886220945764,1.0,0.012620632504070622,2.6243655506489176,0.9153341151504997,0.18731563421828906,0.6189555225061031,0.4267758148543948,"LUNCH BAG PINK POLKADOT, LUNCH BAG SPACEBOY DESIGN ",LUNCH BAG  BLACK SKULL.,"LUNCH BAG PINK POLKADOT, LUNCH BAG SPACEBOY DESIGN  → LUNCH BAG  BLACK SKULL."
"frozenset({'JUMBO BAG PINK VINTAGE PAISLEY', 'JUMBO BAG PINK POLKADOT'})",frozenset({'JUMBO STORAGE BAG SUKI'}),0.02020089905100172,0.06271158221876907,0.012098340640435096,0.5989010989010989,9.550087523096373,1.0,0.010831510298705148,2.336801260769644,0.9137474375063332,0.17084639498432602,0.5720645924032743,0.3959107264416999,"JUMBO BAG PINK POLKADOT, JUMBO BAG PINK VINTAGE PAISLEY",JUMBO STORAGE BAG SUKI,"JUMBO BAG PINK POLKADOT, JUMBO BAG PINK VINTAGE PAISLEY → JUMBO STORAGE BAG SUKI"
"frozenset({'JUMBO BAG PINK POLKADOT', 'JUMBO BAG APPLES'})",frozenset({'JUMBO STORAGE BAG SUKI'}),0.019368444419779123,0.06271158221876907,0.011598867861701537,0.5988538681948423,9.549334381418465,1.0,0.0103842420670209,2.3365261271832107,0.912963339046799,0.1645669291338583,0.5720142016106853,0.39190481020361584,"JUMBO BAG APPLES, JUMBO BAG PINK POLKADOT",JUMBO STORAGE BAG SUKI,"JUMBO BAG APPLES, JUMBO BAG PINK POLKADOT → JUMBO STORAGE BAG SUKI"
"frozenset({'JUMBO STORAGE BAG SUKI', 'JUMBO BAG PINK POLKADOT'})",frozenset({'JUMBO BAG PINK VINTAGE PAISLEY'}),0.028025972584494144,0.04523003496309451,0.012098340640435096,0.43168316831683173,9.544170564295696,1.0,0.010830724920563698,1.6799959315109314,0.9210369581137187,0.19782214156079855,0.4047604632586021,0.34958391544675943,"JUMBO BAG PINK POLKADOT, JUMBO STORAGE BAG SUKI",JUMBO BAG PINK VINTAGE PAISLEY,"JUMBO BAG PINK POLKADOT, JUMBO STORAGE BAG SUKI → JUMBO BAG PINK VINTAGE PAISLEY"
"frozenset({'LUNCH BAG RED RETROSPOT', 'LUNCH BAG CARS BLUE'})",frozenset({'LUNCH BAG SUKI DESIGN '}),0.028247960486153505,0.05666241189855153,0.01526166823908097,0.5402750491159135,9.534981498550094,1.0,0.013661070666720532,2.0519608219813557,0.9211434504958206,0.21912350597609562,0.512661260737713,0.4048094148615806,"LUNCH BAG CARS BLUE, LUNCH BAG RED RETROSPOT",LUNCH BAG SUKI DESIGN ,"LUNCH BAG CARS BLUE, LUNCH BAG RED RETROSPOT → LUNCH BAG SUKI DESIGN "
"frozenset({'JUMBO BAG RED RETROSPOT', 'JUMBO BAG WOODLAND ANIMALS'})",frozenset({'JUMBO  BAG BAROQUE BLACK WHITE'}),0.02630556634663411,0.0505022476275043,0.012653310394583495,0.4810126582278481,9.524579218250105,1.0,0.011324820168964037,1.829520059449443,0.9191882527635703,0.1972318339100346,0.45340856207888214,0.36578105438864933,"JUMBO BAG RED RETROSPOT, JUMBO BAG WOODLAND ANIMALS",JUMBO  BAG BAROQUE BLACK WHITE,"JUMBO BAG RED RETROSPOT, JUMBO BAG WOODLAND ANIMALS → JUMBO  BAG BAROQUE BLACK WHITE"
"frozenset({""YOU'RE CONFUSING ME METAL SIGN ""})",frozenset({'PLEASE ONE PERSON METAL SIGN'}),0.023863699428381152,0.04523003496309451,0.01026694045174538,0.43023255813953487,9.512098730204023,1.0,0.009187584492250921,1.6757187141464054,0.9167477216257703,0.17452830188679244,0.4032411337547244,0.32861321158510487,YOU'RE CONFUSING ME METAL SIGN ,PLEASE ONE PERSON METAL SIGN,YOU'RE CONFUSING ME METAL SIGN  → PLEASE ONE PERSON METAL SIGN
"frozenset({'LUNCH BAG RED RETROSPOT', 'LUNCH BAG SUKI DESIGN '})",frozenset({'LUNCH BAG PINK POLKADOT'}),0.028636439314057384,0.05582995726732893,0.01520617126366613,0.5310077519379844,9.511161711899147,1.0,0.013607400080473848,2.0131890167357778,0.9212414472430378,0.21955128205128208,0.5032756528637243,0.4016867785534852,"LUNCH BAG RED RETROSPOT, LUNCH BAG SUKI DESIGN ",LUNCH BAG PINK POLKADOT,"LUNCH BAG RED RETROSPOT, LUNCH BAG SUKI DESIGN  → LUNCH BAG PINK POLKADOT"
"frozenset({'DOTCOM POSTAGE', 'JUMBO SHOPPER VINTAGE RED PAISLEY'})",frozenset({'JUMBO BAG PINK POLKADOT'}),0.02014540207558688,0.06432099450579944,0.012320328542094456,0.6115702479338844,9.508096891734825,1.0,0.011024556245873512,2.4088757375489,0.9132237414124591,0.17076923076923078,0.5848685822965992,0.40155734139576016,"DOTCOM POSTAGE, JUMBO SHOPPER VINTAGE RED PAISLEY",JUMBO BAG PINK POLKADOT,"DOTCOM POSTAGE, JUMBO SHOPPER VINTAGE RED PAISLEY → JUMBO BAG PINK POLKADOT"
"frozenset({'JUMBO BAG PINK VINTAGE PAISLEY', 'JUMBO STORAGE BAG SUKI'})",frozenset({'JUMBO BAG PINK POLKADOT'}),0.01981242022309784,0.06432099450579944,0.012098340640435096,0.6106442577030813,9.493700500044712,1.0,0.010823986068118631,2.4031467982836667,0.9127507975968726,0.16795069337442217,0.5838789371027178,0.39936872074110064,"JUMBO BAG PINK VINTAGE PAISLEY, JUMBO STORAGE BAG SUKI",JUMBO BAG PINK POLKADOT,"JUMBO BAG PINK VINTAGE PAISLEY, JUMBO STORAGE BAG SUKI → JUMBO BAG PINK POLKADOT"
"frozenset({'LUNCH BAG SPACEBOY DESIGN ', 'LUNCH BAG  BLACK SKULL.'})",frozenset({'LUNCH BAG CARS BLUE'}),0.026805039125367667,0.05910427881680448,0.015039680337421611,0.5610766045548654,9.492994683074292,1.0,0.013455387831260528,2.14364449684662,0.9193010645891131,0.21221613155833988,0.5335047385557461,0.40776834922578953,"LUNCH BAG  BLACK SKULL., LUNCH BAG SPACEBOY DESIGN ",LUNCH BAG CARS BLUE,"LUNCH BAG  BLACK SKULL., LUNCH BAG SPACEBOY DESIGN  → LUNCH BAG CARS BLUE"
"frozenset({'LUNCH BAG SPACEBOY DESIGN ', 'LUNCH BAG APPLE DESIGN'})",frozenset({'LUNCH BAG CARS BLUE'}),0.019201953493534603,0.05910427881680448,0.010766413230478939,0.5606936416184971,9.48651523786263,1.0,0.009631495617369756,2.1417757863775373,0.9121013416120227,0.15940838126540674,0.5330977190234576,0.37142663301582135,"LUNCH BAG APPLE DESIGN, LUNCH BAG SPACEBOY DESIGN ",LUNCH BAG CARS BLUE,"LUNCH BAG APPLE DESIGN, LUNCH BAG SPACEBOY DESIGN  → LUNCH BAG CARS BLUE"
"frozenset({'JUMBO BAG RED RETROSPOT', 'JUMBO BAG SCANDINAVIAN BLUE PAISLEY'})",frozenset({'JUMBO  BAG BAROQUE BLACK WHITE'}),0.023752705477551473,0.0505022476275043,0.011376879960042177,0.4789719626168224,9.484171202629147,1.0,0.010177314946191694,1.822354430562458,0.9163263919604121,0.18093556928508386,0.451259325173448,0.3521233439457738,"JUMBO BAG RED RETROSPOT, JUMBO BAG SCANDINAVIAN BLUE PAISLEY",JUMBO  BAG BAROQUE BLACK WHITE,"JUMBO BAG RED RETROSPOT, JUMBO BAG SCANDINAVIAN BLUE PAISLEY → JUMBO  BAG BAROQUE BLACK WHITE"
frozenset({'PACK OF 60 MUSHROOM CAKE CASES'}),frozenset({'PACK OF 72 RETROSPOT CAKE CASES'}),0.017759032132748764,0.06265608524335424,0.010544425328819579,0.59375,9.476334145261292,1.0,0.009431713897670606,2.3073080978625127,0.9106461560421196,0.15091342335186655,0.5665945085849615,0.3810202612931798,PACK OF 60 MUSHROOM CAKE CASES,PACK OF 72 RETROSPOT CAKE CASES,PACK OF 60 MUSHROOM CAKE CASES → PACK OF 72 RETROSPOT CAKE CASES
"frozenset({'LUNCH BAG WOODLAND', 'LUNCH BAG APPLE DESIGN'})",frozenset({'LUNCH BAG  BLACK SKULL.'}),0.017537044231089406,0.06748432210444531,0.011210389033797659,0.6392405063291139,9.472429838441037,1.0,0.010026913492146917,2.584868019429783,0.9103961234964371,0.15187969924812028,0.6131330526420462,0.4026794636908727,"LUNCH BAG APPLE DESIGN, LUNCH BAG WOODLAND",LUNCH BAG  BLACK SKULL.,"LUNCH BAG APPLE DESIGN, LUNCH BAG WOODLAND → LUNCH BAG  BLACK SKULL."
"frozenset({'DOTCOM POSTAGE', 'JUMBO BAG RED RETROSPOT'})",frozenset({'JUMBO STORAGE BAG SUKI'}),0.026916033076197346,0.06271158221876907,0.01598312891947389,0.5938144329896907,9.468975458443573,1.0,0.014295181898212831,2.3075374752482083,0.9191313226366552,0.21703089675960813,0.566637590623556,0.42434084481342943,"DOTCOM POSTAGE, JUMBO BAG RED RETROSPOT",JUMBO STORAGE BAG SUKI,"DOTCOM POSTAGE, JUMBO BAG RED RETROSPOT → JUMBO STORAGE BAG SUKI"
"frozenset({'LUNCH BAG SPACEBOY DESIGN ', 'LUNCH BAG APPLE DESIGN'})",frozenset({'LUNCH BAG  BLACK SKULL.'}),0.019201953493534603,0.06748432210444531,0.012264831566679617,0.638728323699422,9.464840184818984,1.0,0.010969000752087349,2.5812033964148955,0.9118552138612649,0.16480238627889635,0.61258380436469,0.41023587237602677,"LUNCH BAG APPLE DESIGN, LUNCH BAG SPACEBOY DESIGN ",LUNCH BAG  BLACK SKULL.,"LUNCH BAG APPLE DESIGN, LUNCH BAG SPACEBOY DESIGN  → LUNCH BAG  BLACK SKULL."
"frozenset({'LUNCH BAG RED RETROSPOT', 'LUNCH BAG WOODLAND'})",frozenset({'LUNCH BAG CARS BLUE'}),0.02530662078916699,0.05910427881680448,0.014151728730784172,0.5592105263157895,9.46142204101804,1.0,0.012655999159750105,2.13456939731113,0.9175271543451977,0.20142180094786727,0.5315214388158671,0.3993235730170497,"LUNCH BAG RED RETROSPOT, LUNCH BAG WOODLAND",LUNCH BAG CARS BLUE,"LUNCH BAG RED RETROSPOT, LUNCH BAG WOODLAND → LUNCH BAG CARS BLUE"
"frozenset({'LUNCH BAG CARS BLUE', 'LUNCH BAG PINK POLKADOT'})",frozenset({'LUNCH BAG  BLACK SKULL.'}),0.026083578444974748,0.06748432210444531,0.016649092624451967,0.6382978723404256,9.458461646136618,1.0,0.014888860015034724,2.5781315800641806,0.9182251600281117,0.21645021645021642,0.6121222020890393,0.4425041993281075,"LUNCH BAG CARS BLUE, LUNCH BAG PINK POLKADOT",LUNCH BAG  BLACK SKULL.,"LUNCH BAG CARS BLUE, LUNCH BAG PINK POLKADOT → LUNCH BAG  BLACK SKULL."
"frozenset({'JUMBO BAG RED RETROSPOT', 'JUMBO BAG APPLES'})",frozenset({'JUMBO BAG ALPHABET'}),0.028192463510738664,0.04706143515178423,0.012542316443753816,0.44488188976377957,9.453215532610312,1.0,0.011215538650474146,1.7166411026343749,0.9201573928499053,0.2,0.41746705326734285,0.3556956618630219,"JUMBO BAG APPLES, JUMBO BAG RED RETROSPOT",JUMBO BAG ALPHABET,"JUMBO BAG APPLES, JUMBO BAG RED RETROSPOT → JUMBO BAG ALPHABET"
frozenset({'SPACEBOY LUNCH BOX '}),frozenset({'LUNCH BOX I LOVE LONDON'}),0.03890337976580276,0.03607303401964593,0.013263777124146734,0.340941512125535,9.4514232415231,1.0,0.011860414182375725,1.4625818250048233,0.9303911909199367,0.2149280575539568,0.31627756963498266,0.35431690990892134,SPACEBOY LUNCH BOX ,LUNCH BOX I LOVE LONDON,SPACEBOY LUNCH BOX  → LUNCH BOX I LOVE LONDON
frozenset({'LUNCH BOX I LOVE LONDON'}),frozenset({'SPACEBOY LUNCH BOX '}),0.03607303401964593,0.03890337976580276,0.013263777124146734,0.3676923076923077,9.451423241523099,1.0,0.011860414182375725,1.51998248942148,0.927659315121853,0.2149280575539568,0.342097684045946,0.35431690990892134,LUNCH BOX I LOVE LONDON,SPACEBOY LUNCH BOX ,LUNCH BOX I LOVE LONDON → SPACEBOY LUNCH BOX 
"frozenset({'LUNCH BAG WOODLAND', 'LUNCH BAG  BLACK SKULL.'})",frozenset({'LUNCH BAG APPLE DESIGN'}),0.023364226649647594,0.0507797325045785,0.011210389033797659,0.4798099762470309,9.44884804589645,1.0,0.01002395985435221,1.824756769934121,0.9155583048928827,0.17813051146384484,0.45198175643096644,0.3502875017847177,"LUNCH BAG  BLACK SKULL., LUNCH BAG WOODLAND",LUNCH BAG APPLE DESIGN,"LUNCH BAG  BLACK SKULL., LUNCH BAG WOODLAND → LUNCH BAG APPLE DESIGN"
"frozenset({'LUNCH BAG WOODLAND', 'LUNCH BAG SPACEBOY DESIGN '})",frozenset({'LUNCH BAG PINK POLKADOT'}),0.023253232698817915,0.05582995726732893,0.012264831566679617,0.5274463007159904,9.447370668589892,1.0,0.010966604578777357,1.9980164035605512,0.9154373200329083,0.18355481727574752,0.49950360857000126,0.3735641046323491,"LUNCH BAG SPACEBOY DESIGN , LUNCH BAG WOODLAND",LUNCH BAG PINK POLKADOT,"LUNCH BAG SPACEBOY DESIGN , LUNCH BAG WOODLAND → LUNCH BAG PINK POLKADOT"
"frozenset({'JUMBO BAG RED RETROSPOT', 'JUMBO BAG APPLES'})",frozenset({'JUMBO STORAGE BAG SKULLS'}),0.028192463510738664,0.03795993118375048,0.01010044952550086,0.3582677165354331,9.438049684578903,1.0,0.009030265550732825,1.4991299231860575,0.9199824788312025,0.18019801980198022,0.3329464080906818,0.3121747939402312,"JUMBO BAG APPLES, JUMBO BAG RED RETROSPOT",JUMBO STORAGE BAG SKULLS,"JUMBO BAG APPLES, JUMBO BAG RED RETROSPOT → JUMBO STORAGE BAG SKULLS"
frozenset({'72 SWEETHEART FAIRY CAKE CASES'}),frozenset({'PACK OF 60 PINK PAISLEY CAKE CASES'}),0.030800821355236138,0.043343137798989954,0.012597813419168656,0.40900900900900905,9.436534357661118,1.0,0.011262809174846584,1.6187334101267092,0.9224408272978422,0.20468890892696126,0.3822330510113316,0.34983100898593855,72 SWEETHEART FAIRY CAKE CASES,PACK OF 60 PINK PAISLEY CAKE CASES,72 SWEETHEART FAIRY CAKE CASES → PACK OF 60 PINK PAISLEY CAKE CASES
"frozenset({'LUNCH BAG CARS BLUE', 'LUNCH BAG APPLE DESIGN'})",frozenset({'LUNCH BAG PINK POLKADOT'}),0.019090959542704924,0.05582995726732893,0.01004495255008602,0.5261627906976744,9.424381039345322,1.0,0.008979105094624499,1.992604261963428,0.9112896293575687,0.15483319076133445,0.49814420299661405,0.35304163391742566,"LUNCH BAG APPLE DESIGN, LUNCH BAG CARS BLUE",LUNCH BAG PINK POLKADOT,"LUNCH BAG APPLE DESIGN, LUNCH BAG CARS BLUE → LUNCH BAG PINK POLKADOT"
"frozenset({'LUNCH BAG PINK POLKADOT', 'LUNCH BAG APPLE DESIGN'})",frozenset({'LUNCH BAG CARS BLUE'}),0.018036517009822964,0.05910427881680448,0.01004495255008602,0.5569230769230769,9.422720115565186,1.0,0.008978917219853406,2.1235493707259616,0.9102920301978321,0.1497105045492142,0.5290902986361284,0.3634380642831347,"LUNCH BAG APPLE DESIGN, LUNCH BAG PINK POLKADOT",LUNCH BAG CARS BLUE,"LUNCH BAG APPLE DESIGN, LUNCH BAG PINK POLKADOT → LUNCH BAG CARS BLUE"
"frozenset({'JUMBO BAG RED RETROSPOT', 'JUMBO SHOPPER VINTAGE RED PAISLEY'})",frozenset({'JUMBO BAG PINK VINTAGE PAISLEY'}),0.03646151284754981,0.04523003496309451,0.015539153116155169,0.426179604261796,9.42249115238442,1.0,0.01388999761525317,1.6638829364171004,0.9276961590995112,0.2348993288590604,0.39899618049251934,0.3848689432351925,"JUMBO BAG RED RETROSPOT, JUMBO SHOPPER VINTAGE RED PAISLEY",JUMBO BAG PINK VINTAGE PAISLEY,"JUMBO BAG RED RETROSPOT, JUMBO SHOPPER VINTAGE RED PAISLEY → JUMBO BAG PINK VINTAGE PAISLEY"
frozenset({'60 CAKE CASES VINTAGE CHRISTMAS'}),frozenset({'PAPER CHAIN KIT VINTAGE CHRISTMAS'}),0.03224374271602198,0.04439758033187191,0.013485765025806094,0.41824440619621345,9.420432444061962,1.0,0.012054220868371298,1.642618360435451,0.923629016994719,0.21353251318101932,0.39121586359542193,0.36099720309810673,60 CAKE CASES VINTAGE CHRISTMAS,PAPER CHAIN KIT VINTAGE CHRISTMAS,60 CAKE CASES VINTAGE CHRISTMAS → PAPER CHAIN KIT VINTAGE CHRISTMAS
frozenset({'PAPER CHAIN KIT VINTAGE CHRISTMAS'}),frozenset({'60 CAKE CASES VINTAGE CHRISTMAS'}),0.04439758033187191,0.03224374271602198,0.013485765025806094,0.30375,9.420432444061962,1.0,0.012054220868371298,1.3899551271583168,0.9353762006129224,0.21353251318101932,0.2805523139121459,0.36099720309810673,PAPER CHAIN KIT VINTAGE CHRISTMAS,60 CAKE CASES VINTAGE CHRISTMAS,PAPER CHAIN KIT VINTAGE CHRISTMAS → 60 CAKE CASES VINTAGE CHRISTMAS
"frozenset({'LUNCH BAG SPACEBOY DESIGN ', 'LUNCH BAG  BLACK SKULL.'})",frozenset({'LUNCH BAG PINK POLKADOT'}),0.026805039125367667,0.05582995726732893,0.014096231755369332,0.525879917184265,9.419314341693111,1.0,0.012599707566450975,1.9914154176413976,0.9184543651934018,0.20566801619433198,0.49784460281803744,0.3891825033237428,"LUNCH BAG  BLACK SKULL., LUNCH BAG SPACEBOY DESIGN ",LUNCH BAG PINK POLKADOT,"LUNCH BAG  BLACK SKULL., LUNCH BAG SPACEBOY DESIGN  → LUNCH BAG PINK POLKADOT"
"frozenset({'JUMBO BAG RED RETROSPOT', 'JUMBO STORAGE BAG SUKI'})",frozenset({'JUMBO BAG OWLS'}),0.038736888839558246,0.034241633830956214,0.012486819468338975,0.32234957020057303,9.413965811092586,1.0,0.011160405104944367,1.4251571661437472,0.9297920956578078,0.2064220183486238,0.2983230034159364,0.34350865868213415,"JUMBO BAG RED RETROSPOT, JUMBO STORAGE BAG SUKI",JUMBO BAG OWLS,"JUMBO BAG RED RETROSPOT, JUMBO STORAGE BAG SUKI → JUMBO BAG OWLS"
"frozenset({'LUNCH BAG PINK POLKADOT', 'LUNCH BAG  BLACK SKULL.'})",frozenset({'LUNCH BAG WOODLAND'}),0.028969421166546425,0.0482823686109107,0.013152783173317055,0.4540229885057471,9.403494517109262,1.0,0.011754070902109141,1.7431459774915952,0.9203176240700938,0.2051948051948052,0.42632458043530574,0.3632183908045977,"LUNCH BAG  BLACK SKULL., LUNCH BAG PINK POLKADOT",LUNCH BAG WOODLAND,"LUNCH BAG  BLACK SKULL., LUNCH BAG PINK POLKADOT → LUNCH BAG WOODLAND"
"frozenset({'LUNCH BAG SUKI DESIGN ', 'LUNCH BAG ALPHABET DESIGN'})",frozenset({'LUNCH BAG  BLACK SKULL.'}),0.016704589599866808,0.06748432210444531,0.010599922304234418,0.6345514950166112,9.402946865710787,1.0,0.00947262439905444,2.551701991332381,0.9088320275355201,0.14404223227752638,0.6081047068204677,0.3958119317188319,"LUNCH BAG ALPHABET DESIGN, LUNCH BAG SUKI DESIGN ",LUNCH BAG  BLACK SKULL.,"LUNCH BAG ALPHABET DESIGN, LUNCH BAG SUKI DESIGN  → LUNCH BAG  BLACK SKULL."
"frozenset({'LUNCH BAG RED RETROSPOT', 'LUNCH BAG SUKI DESIGN '})",frozenset({'LUNCH BAG ALPHABET DESIGN'}),0.028636439314057384,0.03818191908540985,0.01026694045174538,0.3585271317829457,9.389971493600143,1.0,0.00917354624296179,1.4993901200964608,0.9198444745379556,0.18155053974484786,0.333062165345156,0.31371124031007747,"LUNCH BAG RED RETROSPOT, LUNCH BAG SUKI DESIGN ",LUNCH BAG ALPHABET DESIGN,"LUNCH BAG RED RETROSPOT, LUNCH BAG SUKI DESIGN  → LUNCH BAG ALPHABET DESIGN"
frozenset({'JUMBO BAG PEARS'}),frozenset({'JUMBO BAG VINTAGE DOILY '}),0.03041234252733226,0.03635051889672013,0.01037793440257506,0.34124087591240876,9.38751044742854,1.0,0.009272429970841744,1.4628252510930677,0.9215004727467396,0.18405511811023625,0.31639134664050295,0.31336852955925787,JUMBO BAG PEARS,JUMBO BAG VINTAGE DOILY ,JUMBO BAG PEARS → JUMBO BAG VINTAGE DOILY 
frozenset({'WOODEN FRAME ANTIQUE WHITE '}),frozenset({'WOODEN PICTURE FRAME WHITE FINISH'}),0.05227815084077918,0.05971474554636772,0.029302403019035462,0.5605095541401274,9.386451353207208,1.0,0.026180626543943705,2.139489636945221,0.9427486198874616,0.3543624161073825,0.5325988110754267,0.5256079369213649,WOODEN FRAME ANTIQUE WHITE ,WOODEN PICTURE FRAME WHITE FINISH,WOODEN FRAME ANTIQUE WHITE  → WOODEN PICTURE FRAME WHITE FINISH
frozenset({'WOODEN PICTURE FRAME WHITE FINISH'}),frozenset({'WOODEN FRAME ANTIQUE WHITE '}),0.05971474554636772,0.05227815084077918,0.029302403019035462,0.49070631970260226,9.386451353207208,1.0,0.026180626543943705,1.8608553096629958,0.9502046970322955,0.3543624161073825,0.46261270566968377,0.5256079369213649,WOODEN PICTURE FRAME WHITE FINISH,WOODEN FRAME ANTIQUE WHITE ,WOODEN PICTURE FRAME WHITE FINISH → WOODEN FRAME ANTIQUE WHITE 
"frozenset({'JUMBO BAG SCANDINAVIAN BLUE PAISLEY', 'JUMBO SHOPPER VINTAGE RED PAISLEY'})",frozenset({'JUMBO BAG PINK POLKADOT'}),0.018757977690215883,0.06432099450579944,0.011321382984627338,0.6035502958579881,9.383410509978505,1.0,0.010114851204675054,2.3601455511719385,0.910508233608471,0.1577726218097448,0.5762973179753907,0.3897820504311511,"JUMBO BAG SCANDINAVIAN BLUE PAISLEY, JUMBO SHOPPER VINTAGE RED PAISLEY",JUMBO BAG PINK POLKADOT,"JUMBO BAG SCANDINAVIAN BLUE PAISLEY, JUMBO SHOPPER VINTAGE RED PAISLEY → JUMBO BAG PINK POLKADOT"
"frozenset({'JUMBO STORAGE BAG SUKI', 'JUMBO SHOPPER VINTAGE RED PAISLEY'})",frozenset({'JUMBO  BAG BAROQUE BLACK WHITE'}),0.028469948387812864,0.0505022476275043,0.013485765025806094,0.4736842105263158,9.379467900520533,1.0,0.012047968642382502,1.804045729507742,0.9195640859641774,0.2059322033898305,0.44569032611337217,0.37035858877964145,"JUMBO SHOPPER VINTAGE RED PAISLEY, JUMBO STORAGE BAG SUKI",JUMBO  BAG BAROQUE BLACK WHITE,"JUMBO SHOPPER VINTAGE RED PAISLEY, JUMBO STORAGE BAG SUKI → JUMBO  BAG BAROQUE BLACK WHITE"
"frozenset({'LUNCH BAG RED RETROSPOT', 'LUNCH BAG CARS BLUE'})",frozenset({'LUNCH BAG SPACEBOY DESIGN '}),0.028247960486153505,0.05760586048060381,0.01526166823908097,0.5402750491159135,9.378820915240507,1.0,0.013634420168454002,2.0499086197238148,0.9193464513784331,0.2161949685534591,0.5121733767163091,0.4026038058681687,"LUNCH BAG CARS BLUE, LUNCH BAG RED RETROSPOT",LUNCH BAG SPACEBOY DESIGN ,"LUNCH BAG CARS BLUE, LUNCH BAG RED RETROSPOT → LUNCH BAG SPACEBOY DESIGN "
"frozenset({'JUMBO  BAG BAROQUE BLACK WHITE', 'JUMBO SHOPPER VINTAGE RED PAISLEY'})",frozenset({'JUMBO STORAGE BAG SUKI'}),0.022975747821743716,0.06271158221876907,0.013485765025806094,0.5869565217391304,9.359619084263178,1.0,0.012044919527245108,2.269224590417717,0.9141615912987682,0.1867794004611837,0.5593208339876482,0.4010003847633705,"JUMBO  BAG BAROQUE BLACK WHITE, JUMBO SHOPPER VINTAGE RED PAISLEY",JUMBO STORAGE BAG SUKI,"JUMBO  BAG BAROQUE BLACK WHITE, JUMBO SHOPPER VINTAGE RED PAISLEY → JUMBO STORAGE BAG SUKI"
"frozenset({'LUNCH BAG CARS BLUE', 'LUNCH BAG  BLACK SKULL.'})",frozenset({'LUNCH BAG SPACEBOY DESIGN '}),0.027914978633664465,0.05760586048060381,0.015039680337421611,0.5387673956262425,9.352649038332624,1.0,0.013431613972931699,2.0432079835269668,0.918724598869647,0.21338582677165358,0.5105735646775376,0.3999231968497301,"LUNCH BAG  BLACK SKULL., LUNCH BAG CARS BLUE",LUNCH BAG SPACEBOY DESIGN ,"LUNCH BAG  BLACK SKULL., LUNCH BAG CARS BLUE → LUNCH BAG SPACEBOY DESIGN "
"frozenset({'LUNCH BAG  BLACK SKULL.', 'RED RETROSPOT CHARLOTTE BAG'})",frozenset({'LUNCH BAG CARS BLUE'}),0.01897996559187524,0.05910427881680448,0.01048892835340474,0.5526315789473685,9.35011119347665,1.0,0.00936713117512919,2.1031786708800846,0.9103273826360323,0.15517241379310345,0.5245292214847607,0.3650481838398814,"LUNCH BAG  BLACK SKULL., RED RETROSPOT CHARLOTTE BAG",LUNCH BAG CARS BLUE,"LUNCH BAG  BLACK SKULL., RED RETROSPOT CHARLOTTE BAG → LUNCH BAG CARS BLUE"
"frozenset({'LUNCH BAG CARS BLUE', 'LUNCH BAG APPLE DESIGN'})",frozenset({'LUNCH BAG  BLACK SKULL.'}),0.019090959542704924,0.06748432210444531,0.012042843665020257,0.6308139534883721,9.347563016370868,1.0,0.010754503201957423,2.5258692377643372,0.9104006674531837,0.16157855547282202,0.6040966867765861,0.40463395042839656,"LUNCH BAG APPLE DESIGN, LUNCH BAG CARS BLUE",LUNCH BAG  BLACK SKULL.,"LUNCH BAG APPLE DESIGN, LUNCH BAG CARS BLUE → LUNCH BAG  BLACK SKULL."
"frozenset({'LUNCH BAG  BLACK SKULL.', 'RED RETROSPOT CHARLOTTE BAG'})",frozenset({'LUNCH BAG SPACEBOY DESIGN '}),0.01897996559187524,0.05760586048060381,0.01021144347633054,0.5380116959064328,9.339530586260128,1.0,0.009118086226518314,2.039865795668567,0.9102038758298059,0.15384615384615385,0.50977167119357,0.3576378325389582,"LUNCH BAG  BLACK SKULL., RED RETROSPOT CHARLOTTE BAG",LUNCH BAG SPACEBOY DESIGN ,"LUNCH BAG  BLACK SKULL., RED RETROSPOT CHARLOTTE BAG → LUNCH BAG SPACEBOY DESIGN "
"frozenset({'LUNCH BAG RED RETROSPOT', 'LUNCH BAG SPACEBOY DESIGN '})",frozenset({'LUNCH BAG SUKI DESIGN '}),0.027803984682834786,0.05666241189855153,0.01470669848493257,0.5289421157684631,9.334973539698272,1.0,0.013131257652412768,2.0025937781306173,0.9184114668039557,0.21081941129673826,0.5006476046612505,0.3942457885404509,"LUNCH BAG RED RETROSPOT, LUNCH BAG SPACEBOY DESIGN ",LUNCH BAG SUKI DESIGN ,"LUNCH BAG RED RETROSPOT, LUNCH BAG SPACEBOY DESIGN  → LUNCH BAG SUKI DESIGN "
frozenset({'PACK OF 60 DINOSAUR CAKE CASES'}),frozenset({'PACK OF 60 PINK PAISLEY CAKE CASES'}),0.0301903546256729,0.043343137798989954,0.012209334591264775,0.4044117647058823,9.33046810273405,1.0,0.01090078989052386,1.6062386822140413,0.9206180257510729,0.19909502262443438,0.37742751991154966,0.34305095277547637,PACK OF 60 DINOSAUR CAKE CASES,PACK OF 60 PINK PAISLEY CAKE CASES,PACK OF 60 DINOSAUR CAKE CASES → PACK OF 60 PINK PAISLEY CAKE CASES
"frozenset({'LUNCH BAG  BLACK SKULL.', 'LUNCH BAG SUKI DESIGN '})",frozenset({'LUNCH BAG CARS BLUE'}),0.027692990732005106,0.05910427881680448,0.01526166823908097,0.5511022044088176,9.324235325110315,1.0,0.013624893993585357,2.0960132360286363,0.9181797426317975,0.21334367726920092,0.5229037761733211,0.40465908342506607,"LUNCH BAG  BLACK SKULL., LUNCH BAG SUKI DESIGN ",LUNCH BAG CARS BLUE,"LUNCH BAG  BLACK SKULL., LUNCH BAG SUKI DESIGN  → LUNCH BAG CARS BLUE"
"frozenset({'JUMBO BAG RED RETROSPOT', 'JUMBO BAG SCANDINAVIAN BLUE PAISLEY'})",frozenset({'JUMBO BAG APPLES'}),0.023752705477551473,0.0491148232421333,0.010877407181308618,0.45794392523364486,9.3239452980622,1.0,0.009710797250256226,1.7542192053981331,0.9144704098454799,0.1754700089525515,0.42994581468338083,0.33970642589365857,"JUMBO BAG RED RETROSPOT, JUMBO BAG SCANDINAVIAN BLUE PAISLEY",JUMBO BAG APPLES,"JUMBO BAG RED RETROSPOT, JUMBO BAG SCANDINAVIAN BLUE PAISLEY → JUMBO BAG APPLES"
"frozenset({'JUMBO BAG RED RETROSPOT', 'JUMBO SHOPPER VINTAGE RED PAISLEY'})",frozenset({'JUMBO STORAGE BAG SUKI'}),0.03646151284754981,0.06271158221876907,0.02131083855929852,0.5844748858447488,9.320046874368611,1.0,0.019024279398538693,2.2556721263086765,0.9264854639442461,0.2736992159657876,0.5566731581524382,0.46214894734715317,"JUMBO BAG RED RETROSPOT, JUMBO SHOPPER VINTAGE RED PAISLEY",JUMBO STORAGE BAG SUKI,"JUMBO BAG RED RETROSPOT, JUMBO SHOPPER VINTAGE RED PAISLEY → JUMBO STORAGE BAG SUKI"
"frozenset({'LUNCH BAG SUKI DESIGN ', 'LUNCH BAG APPLE DESIGN'})",frozenset({'LUNCH BAG CARS BLUE'}),0.023197735723403074,0.05910427881680448,0.012764304345413174,0.5502392344497608,9.309634521643417,1.0,0.011393218905298614,2.0919915502902966,0.9137820726589152,0.18355945730247408,0.5219865970007219,0.3831008378821574,"LUNCH BAG APPLE DESIGN, LUNCH BAG SUKI DESIGN ",LUNCH BAG CARS BLUE,"LUNCH BAG APPLE DESIGN, LUNCH BAG SUKI DESIGN  → LUNCH BAG CARS BLUE"
"frozenset({'JUMBO BAG RED RETROSPOT', 'JUMBO BAG APPLES'})",frozenset({'JUMBO BAG VINTAGE LEAF'}),0.028192463510738664,0.04528553193850935,0.011876352738775737,0.42125984251968507,9.302305272502702,1.0,0.010599642032034921,1.6496426863103308,0.9183914836975636,0.19279279279279277,0.39380812081393973,0.3417573722402347,"JUMBO BAG APPLES, JUMBO BAG RED RETROSPOT",JUMBO BAG VINTAGE LEAF,"JUMBO BAG APPLES, JUMBO BAG RED RETROSPOT → JUMBO BAG VINTAGE LEAF"
frozenset({'JUMBO BAG TOYS '}),frozenset({'JUMBO STORAGE BAG SUKI'}),0.028081469559908985,0.06271158221876907,0.016371607747377767,0.5830039525691699,9.296591346322012,1.0,0.014610574360247673,2.2477153525938522,0.9182186211308403,0.21998508575689785,0.5551038084755683,0.42203294973591243,JUMBO BAG TOYS ,JUMBO STORAGE BAG SUKI,JUMBO BAG TOYS  → JUMBO STORAGE BAG SUKI
"frozenset({'LUNCH BAG RED RETROSPOT', 'LUNCH BAG SPACEBOY DESIGN '})",frozenset({'LUNCH BAG CARS BLUE'}),0.027803984682834786,0.05910427881680448,0.01526166823908097,0.5489021956087824,9.287012828802489,1.0,0.01361833377616854,2.0857909571361986,0.9178424270101402,0.21301316808675447,0.5205655693449717,0.4035590790250485,"LUNCH BAG RED RETROSPOT, LUNCH BAG SPACEBOY DESIGN ",LUNCH BAG CARS BLUE,"LUNCH BAG RED RETROSPOT, LUNCH BAG SPACEBOY DESIGN  → LUNCH BAG CARS BLUE"
"frozenset({'LUNCH BAG RED RETROSPOT', 'LUNCH BAG  BLACK SKULL.'})",frozenset({'LUNCH BAG WOODLAND'}),0.033686664076807815,0.0482823686109107,0.01509517731283645,0.44810543657331137,9.280933174269538,1.0,0.013468705380608091,1.7244555291139618,0.9233570323374009,0.22572614107883818,0.4201068203168988,0.38037455736711545,"LUNCH BAG  BLACK SKULL., LUNCH BAG RED RETROSPOT",LUNCH BAG WOODLAND,"LUNCH BAG  BLACK SKULL., LUNCH BAG RED RETROSPOT → LUNCH BAG WOODLAND"
"frozenset({'JUMBO BAG SPACEBOY DESIGN', 'JUMBO STORAGE BAG SUKI'})",frozenset({'JUMBO SHOPPER VINTAGE RED PAISLEY'}),0.018369498862312005,0.06287807314501359,0.0107109162550641,0.5830815709969789,9.2732099097922,1.0,0.009555877561962401,2.2477344767318876,0.9088577367519445,0.15184893784421713,0.5551075937341325,0.37671289494244353,"JUMBO BAG SPACEBOY DESIGN, JUMBO STORAGE BAG SUKI",JUMBO SHOPPER VINTAGE RED PAISLEY,"JUMBO BAG SPACEBOY DESIGN, JUMBO STORAGE BAG SUKI → JUMBO SHOPPER VINTAGE RED PAISLEY"
"frozenset({'DOTCOM POSTAGE', 'RED TOADSTOOL LED NIGHT LIGHT'})",frozenset({'JUMBO STORAGE BAG SUKI'}),0.017370553304844886,0.06271158221876907,0.01010044952550086,0.5814696485623003,9.272125307472646,1.0,0.00901111464373857,2.239475379889506,0.9079209506183414,0.1443298969072165,0.5534668480930837,0.3712657977324776,"DOTCOM POSTAGE, RED TOADSTOOL LED NIGHT LIGHT",JUMBO STORAGE BAG SUKI,"DOTCOM POSTAGE, RED TOADSTOOL LED NIGHT LIGHT → JUMBO STORAGE BAG SUKI"
"frozenset({'JUMBO BAG RED RETROSPOT', 'JUMBO BAG SCANDINAVIAN BLUE PAISLEY'})",frozenset({'JUMBO BAG PINK POLKADOT'}),0.023752705477551473,0.06432099450579944,0.014151728730784172,0.5957943925233644,9.262829300154015,1.0,0.012623931092264711,2.3148590424943225,0.9137455539318792,0.19144144144144143,0.5680082537887606,0.4079058243893785,"JUMBO BAG RED RETROSPOT, JUMBO BAG SCANDINAVIAN BLUE PAISLEY",JUMBO BAG PINK POLKADOT,"JUMBO BAG RED RETROSPOT, JUMBO BAG SCANDINAVIAN BLUE PAISLEY → JUMBO BAG PINK POLKADOT"
"frozenset({'LUNCH BAG RED RETROSPOT', 'LUNCH BAG PINK POLKADOT'})",frozenset({'LUNCH BAG  BLACK SKULL.'}),0.0307453243798213,0.06748432210444531,0.019201953493534603,0.6245487364620939,9.254723422952688,1.0,0.017127126119881087,2.4837196420871983,0.9202401499944564,0.24297752808988765,0.5973780683396102,0.4545441050731522,"LUNCH BAG PINK POLKADOT, LUNCH BAG RED RETROSPOT",LUNCH BAG  BLACK SKULL.,"LUNCH BAG PINK POLKADOT, LUNCH BAG RED RETROSPOT → LUNCH BAG  BLACK SKULL."
"frozenset({'JUMBO BAG SPACEBOY DESIGN', 'JUMBO STORAGE BAG SUKI'})",frozenset({'JUMBO BAG PINK POLKADOT'}),0.018369498862312005,0.06432099450579944,0.010932904156723459,0.595166163141994,9.253062203326651,1.0,0.009751359721326399,2.311266797153585,0.9086185362986634,0.1523588553750967,0.5673368382951121,0.38257013937945256,"JUMBO BAG SPACEBOY DESIGN, JUMBO STORAGE BAG SUKI",JUMBO BAG PINK POLKADOT,"JUMBO BAG SPACEBOY DESIGN, JUMBO STORAGE BAG SUKI → JUMBO BAG PINK POLKADOT"
"frozenset({'LUNCH BAG  BLACK SKULL.', 'LUNCH BAG APPLE DESIGN'})",frozenset({'LUNCH BAG CARS BLUE'}),0.022032299239691435,0.05910427881680448,0.012042843665020257,0.5465994962216625,9.248052884899659,1.0,0.010740640507782265,2.075197785054048,0.9119617445097692,0.1742971887550201,0.5181182212114036,0.3751776823831317,"LUNCH BAG  BLACK SKULL., LUNCH BAG APPLE DESIGN",LUNCH BAG CARS BLUE,"LUNCH BAG  BLACK SKULL., LUNCH BAG APPLE DESIGN → LUNCH BAG CARS BLUE"
"frozenset({'JUMBO STORAGE BAG SKULLS', 'JUMBO BAG RED RETROSPOT'})",frozenset({'JUMBO  BAG BAROQUE BLACK WHITE'}),0.022476275043010155,0.0505022476275043,0.01048892835340474,0.4666666666666667,9.240512820512821,1.0,0.009353825945438746,1.7803082856984294,0.9122856818439878,0.16785079928952043,0.43829953046155046,0.3371794871794872,"JUMBO BAG RED RETROSPOT, JUMBO STORAGE BAG SKULLS",JUMBO  BAG BAROQUE BLACK WHITE,"JUMBO BAG RED RETROSPOT, JUMBO STORAGE BAG SKULLS → JUMBO  BAG BAROQUE BLACK WHITE"
"frozenset({'LUNCH BAG WOODLAND', 'LUNCH BAG CARS BLUE'})",frozenset({'LUNCH BAG SUKI DESIGN '}),0.022476275043010155,0.05666241189855153,0.011765358787946057,0.5234567901234568,9.238166406693994,1.0,0.010491798833513883,1.9795426071558895,0.9122575631305287,0.17462932454695226,0.49483279804886265,0.36554817958670394,"LUNCH BAG CARS BLUE, LUNCH BAG WOODLAND",LUNCH BAG SUKI DESIGN ,"LUNCH BAG CARS BLUE, LUNCH BAG WOODLAND → LUNCH BAG SUKI DESIGN "
"frozenset({'JUMBO STORAGE BAG SKULLS', 'JUMBO STORAGE BAG SUKI'})",frozenset({'JUMBO SHOPPER VINTAGE RED PAISLEY'}),0.02025639602641656,0.06287807314501359,0.011765358787946057,0.5808219178082192,9.237272848178556,1.0,0.010491675636942675,2.2356176686409808,0.9101799047091793,0.16485225505443238,0.5526963245876053,0.38396788741249444,"JUMBO STORAGE BAG SKULLS, JUMBO STORAGE BAG SUKI",JUMBO SHOPPER VINTAGE RED PAISLEY,"JUMBO STORAGE BAG SKULLS, JUMBO STORAGE BAG SUKI → JUMBO SHOPPER VINTAGE RED PAISLEY"
frozenset({'JUMBO BAG SPACEBOY DESIGN'}),frozenset({'JUMBO STORAGE BAG SKULLS'}),0.034519118708030413,0.03795993118375048,0.012098340640435096,0.3504823151125402,9.232954438615296,1.0,0.010787997269754547,1.4811607000091762,0.9235732407728211,0.20036764705882354,0.32485381228802207,0.33459788270246893,JUMBO BAG SPACEBOY DESIGN,JUMBO STORAGE BAG SKULLS,JUMBO BAG SPACEBOY DESIGN → JUMBO STORAGE BAG SKULLS
frozenset({'JUMBO STORAGE BAG SKULLS'}),frozenset({'JUMBO BAG SPACEBOY DESIGN'}),0.03795993118375048,0.034519118708030413,0.012098340640435096,0.31871345029239767,9.232954438615295,1.0,0.010787997269754547,1.4171436111667537,0.9268764735924298,0.20036764705882354,0.29435521416443716,0.33459788270246893,JUMBO STORAGE BAG SKULLS,JUMBO BAG SPACEBOY DESIGN,JUMBO STORAGE BAG SKULLS → JUMBO BAG SPACEBOY DESIGN
"frozenset({'JUMBO BAG PINK VINTAGE PAISLEY', 'JUMBO SHOPPER VINTAGE RED PAISLEY'})",frozenset({'JUMBO STORAGE BAG SUKI'}),0.022254287141350797,0.06271158221876907,0.012875298296242855,0.5785536159600998,9.22562619998676,1.0,0.01147969673845794,2.2239802102383055,0.911899957332039,0.17859892224788299,0.5503557111720669,0.3919316752366871,"JUMBO BAG PINK VINTAGE PAISLEY, JUMBO SHOPPER VINTAGE RED PAISLEY",JUMBO STORAGE BAG SUKI,"JUMBO BAG PINK VINTAGE PAISLEY, JUMBO SHOPPER VINTAGE RED PAISLEY → JUMBO STORAGE BAG SUKI"
"frozenset({'JUMBO STORAGE BAG SUKI', 'JUMBO  BAG BAROQUE BLACK WHITE'})",frozenset({'JUMBO SHOPPER VINTAGE RED PAISLEY'}),0.023253232698817915,0.06287807314501359,0.013485765025806094,0.5799522673031026,9.223442104620128,1.0,0.012023646559311799,2.2309891326831774,0.912806303778526,0.18563789152024446,0.5517683231395597,0.39721355642295464,"JUMBO  BAG BAROQUE BLACK WHITE, JUMBO STORAGE BAG SUKI",JUMBO SHOPPER VINTAGE RED PAISLEY,"JUMBO  BAG BAROQUE BLACK WHITE, JUMBO STORAGE BAG SUKI → JUMBO SHOPPER VINTAGE RED PAISLEY"
"frozenset({'RECYCLING BAG RETROSPOT ', 'DOTCOM POSTAGE'})",frozenset({'JUMBO SHOPPER VINTAGE RED PAISLEY'}),0.018757977690215883,0.06287807314501359,0.010877407181308618,0.5798816568047337,9.222319129712707,1.0,0.009697941688050691,2.230614163922432,0.9086111114317341,0.15372549019607842,0.5516929748883392,0.37643685664596793,"DOTCOM POSTAGE, RECYCLING BAG RETROSPOT ",JUMBO SHOPPER VINTAGE RED PAISLEY,"DOTCOM POSTAGE, RECYCLING BAG RETROSPOT  → JUMBO SHOPPER VINTAGE RED PAISLEY"
"frozenset({'JUMBO BAG PINK POLKADOT', 'JUMBO  BAG BAROQUE BLACK WHITE'})",frozenset({'JUMBO SHOPPER VINTAGE RED PAISLEY'}),0.022587268993839837,0.06287807314501359,0.013097286197902215,0.5798525798525799,9.221856695819627,1.0,0.011677042245961456,2.2304597908185935,0.9121652898447514,0.18098159509202455,0.5516619469598268,0.39407456883185044,"JUMBO  BAG BAROQUE BLACK WHITE, JUMBO BAG PINK POLKADOT",JUMBO SHOPPER VINTAGE RED PAISLEY,"JUMBO  BAG BAROQUE BLACK WHITE, JUMBO BAG PINK POLKADOT → JUMBO SHOPPER VINTAGE RED PAISLEY"
frozenset({'JUMBO BAG WOODLAND ANIMALS'}),frozenset({'JUMBO STORAGE BAG SUKI'}),0.04079027692990732,0.06271158221876907,0.023586214551306953,0.5782312925170068,9.22048642465836,1.0,0.021028191745890712,2.2222806034490477,0.9294587309582477,0.2951388888888889,0.5500118218878528,0.47716874360363615,JUMBO BAG WOODLAND ANIMALS,JUMBO STORAGE BAG SUKI,JUMBO BAG WOODLAND ANIMALS → JUMBO STORAGE BAG SUKI
frozenset({'JUMBO STORAGE BAG SUKI'}),frozenset({'JUMBO BAG WOODLAND ANIMALS'}),0.06271158221876907,0.04079027692990732,0.023586214551306953,0.37610619469026546,9.22048642465836,1.0,0.021028191745890712,1.537456719247099,0.9511969155001689,0.2951388888888889,0.34957518642234975,0.47716874360363615,JUMBO STORAGE BAG SUKI,JUMBO BAG WOODLAND ANIMALS,JUMBO STORAGE BAG SUKI → JUMBO BAG WOODLAND ANIMALS
"frozenset({'LUNCH BAG PINK POLKADOT', 'JUMBO BAG RED RETROSPOT'})",frozenset({'JUMBO BAG PINK POLKADOT'}),0.018813474665630724,0.06432099450579944,0.011154892058382819,0.5929203539823009,9.218146556002658,1.0,0.009944790657779787,2.2985158178444496,0.9086124805835079,0.15497301464919044,0.5649366464061139,0.383172860338864,"JUMBO BAG RED RETROSPOT, LUNCH BAG PINK POLKADOT",JUMBO BAG PINK POLKADOT,"JUMBO BAG RED RETROSPOT, LUNCH BAG PINK POLKADOT → JUMBO BAG PINK POLKADOT"
"frozenset({'JUMBO BAG RED RETROSPOT', 'JUMBO BAG PINK POLKADOT'})",frozenset({'JUMBO BAG SCANDINAVIAN BLUE PAISLEY'}),0.04356512570064931,0.03524057938842333,0.014151728730784172,0.3248407643312102,9.21780430312453,1.0,0.012616468459963798,1.4289361229812974,0.9321223209023658,0.21888412017167383,0.30017865465278853,0.36320778374040824,"JUMBO BAG PINK POLKADOT, JUMBO BAG RED RETROSPOT",JUMBO BAG SCANDINAVIAN BLUE PAISLEY,"JUMBO BAG PINK POLKADOT, JUMBO BAG RED RETROSPOT → JUMBO BAG SCANDINAVIAN BLUE PAISLEY"
"frozenset({'LUNCH BAG APPLE DESIGN', 'LUNCH BAG SUKI DESIGN '})",frozenset({'LUNCH BAG  BLACK SKULL.'}),0.023197735723403074,0.06748432210444531,0.014429213607858371,0.6220095693779905,9.217097393603625,1.0,0.01286373013820644,2.467035147850265,0.912678038398168,0.18922852983988353,0.5946551467370118,0.4179126794258373,"LUNCH BAG APPLE DESIGN, LUNCH BAG SUKI DESIGN ",LUNCH BAG  BLACK SKULL.,"LUNCH BAG APPLE DESIGN, LUNCH BAG SUKI DESIGN  → LUNCH BAG  BLACK SKULL."
"frozenset({'JUMBO STORAGE BAG SUKI', 'JUMBO SHOPPER VINTAGE RED PAISLEY'})",frozenset({'JUMBO BAG PINK POLKADOT'}),0.028469948387812864,0.06432099450579944,0.016871080526111328,0.5925925925925927,9.213050842041351,1.0,0.015039865132278424,2.296666649849402,0.9175818290871702,0.22222222222222227,0.5645863538508854,0.42744383727990287,"JUMBO SHOPPER VINTAGE RED PAISLEY, JUMBO STORAGE BAG SUKI",JUMBO BAG PINK POLKADOT,"JUMBO SHOPPER VINTAGE RED PAISLEY, JUMBO STORAGE BAG SUKI → JUMBO BAG PINK POLKADOT"
"frozenset({'LUNCH BAG SPACEBOY DESIGN ', 'LUNCH BAG SUKI DESIGN '})",frozenset({'LUNCH BAG  BLACK SKULL.'}),0.023586214551306953,0.06748432210444531,0.014651201509517731,0.6211764705882353,9.204752321981424,1.0,0.013059501809512777,2.4616097087305016,0.9128921360932273,0.19172113289760348,0.5937617582294479,0.419140866873065,"LUNCH BAG SPACEBOY DESIGN , LUNCH BAG SUKI DESIGN ",LUNCH BAG  BLACK SKULL.,"LUNCH BAG SPACEBOY DESIGN , LUNCH BAG SUKI DESIGN  → LUNCH BAG  BLACK SKULL."
"frozenset({'RECYCLING BAG RETROSPOT ', 'JUMBO BAG RED RETROSPOT'})",frozenset({'JUMBO BAG PINK POLKADOT'}),0.022309784116765638,0.06432099450579944,0.013208280148731894,0.5920398009950248,9.204456578196162,1.0,0.01177329264713184,2.293554635418711,0.9116967329589496,0.17989417989417988,0.5639955619293804,0.3986946200833623,"JUMBO BAG RED RETROSPOT, RECYCLING BAG RETROSPOT ",JUMBO BAG PINK POLKADOT,"JUMBO BAG RED RETROSPOT, RECYCLING BAG RETROSPOT  → JUMBO BAG PINK POLKADOT"
frozenset({'LUNCH BOX I LOVE LONDON'}),frozenset({'DOLLY GIRL LUNCH BOX'}),0.03607303401964593,0.03879238581497308,0.012875298296242855,0.35692307692307695,9.2008539672059,1.0,0.011475939243036101,1.4947008354551852,0.9246700919791702,0.20769919427036712,0.330969799253864,0.3444128975459448,LUNCH BOX I LOVE LONDON,DOLLY GIRL LUNCH BOX,LUNCH BOX I LOVE LONDON → DOLLY GIRL LUNCH BOX
frozenset({'DOLLY GIRL LUNCH BOX'}),frozenset({'LUNCH BOX I LOVE LONDON'}),0.03879238581497308,0.03607303401964593,0.012875298296242855,0.3319027181688126,9.2008539672059,1.0,0.011475939243036101,1.442794323812136,0.9272860754957395,0.20769919427036712,0.30690051693729253,0.3444128975459448,DOLLY GIRL LUNCH BOX,LUNCH BOX I LOVE LONDON,DOLLY GIRL LUNCH BOX → LUNCH BOX I LOVE LONDON
"frozenset({'JUMBO BAG RED RETROSPOT', 'JUMBO SHOPPER VINTAGE RED PAISLEY'})",frozenset({'JUMBO  BAG BAROQUE BLACK WHITE'}),0.03646151284754981,0.0505022476275043,0.016926577501526166,0.4642313546423135,9.192290966263569,1.0,0.015085189150825776,1.772215975308891,0.924937823511305,0.24167987321711568,0.43573468813489086,0.39969809490357433,"JUMBO BAG RED RETROSPOT, JUMBO SHOPPER VINTAGE RED PAISLEY",JUMBO  BAG BAROQUE BLACK WHITE,"JUMBO BAG RED RETROSPOT, JUMBO SHOPPER VINTAGE RED PAISLEY → JUMBO  BAG BAROQUE BLACK WHITE"
"frozenset({'LUNCH BAG  BLACK SKULL.', 'LUNCH BAG SUKI DESIGN '})",frozenset({'LUNCH BAG PINK POLKADOT'}),0.027692990732005106,0.05582995726732893,0.014207225706199013,0.5130260521042084,9.18908194121842,1.0,0.012661127217026632,1.9388512400148263,0.9165574165239727,0.2049639711769416,0.48423067259541125,0.3837496065690028,"LUNCH BAG  BLACK SKULL., LUNCH BAG SUKI DESIGN ",LUNCH BAG PINK POLKADOT,"LUNCH BAG  BLACK SKULL., LUNCH BAG SUKI DESIGN  → LUNCH BAG PINK POLKADOT"
"frozenset({'JUMBO BAG RED RETROSPOT', 'JUMBO BAG WOODLAND ANIMALS'})",frozenset({'JUMBO BAG PINK VINTAGE PAISLEY'}),0.02630556634663411,0.04523003496309451,0.010932904156723459,0.4156118143459916,9.188845745644691,1.0,0.009743102471141196,1.6337940917960043,0.915248534225986,0.1804029304029304,0.3879277657928634,0.3286648028785173,"JUMBO BAG RED RETROSPOT, JUMBO BAG WOODLAND ANIMALS",JUMBO BAG PINK VINTAGE PAISLEY,"JUMBO BAG RED RETROSPOT, JUMBO BAG WOODLAND ANIMALS → JUMBO BAG PINK VINTAGE PAISLEY"
"frozenset({'LUNCH BAG  BLACK SKULL.', 'LUNCH BAG SUKI DESIGN '})",frozenset({'LUNCH BAG SPACEBOY DESIGN '}),0.027692990732005106,0.05760586048060381,0.014651201509517731,0.5290581162324649,9.184102308663569,1.0,0.01305592294911919,2.0010837260433134,0.9164967310087173,0.20738413197172037,0.5002707847825679,0.3916966881740359,"LUNCH BAG  BLACK SKULL., LUNCH BAG SUKI DESIGN ",LUNCH BAG SPACEBOY DESIGN ,"LUNCH BAG  BLACK SKULL., LUNCH BAG SUKI DESIGN  → LUNCH BAG SPACEBOY DESIGN "
"frozenset({'DOTCOM POSTAGE', 'JUMBO BAG RED RETROSPOT'})",frozenset({'JUMBO SHOPPER VINTAGE RED PAISLEY'}),0.026916033076197346,0.06287807314501359,0.015539153116155169,0.5773195876288659,9.181572506164638,1.0,0.013846724819616426,2.2170933391447236,0.9157341247209503,0.20926756352765322,0.5489589985481781,0.41222554844814874,"DOTCOM POSTAGE, JUMBO BAG RED RETROSPOT",JUMBO SHOPPER VINTAGE RED PAISLEY,"DOTCOM POSTAGE, JUMBO BAG RED RETROSPOT → JUMBO SHOPPER VINTAGE RED PAISLEY"
"frozenset({'JUMBO BAG WOODLAND ANIMALS', 'JUMBO STORAGE BAG SUKI'})",frozenset({'JUMBO  BAG BAROQUE BLACK WHITE'}),0.023586214551306953,0.0505022476275043,0.010932904156723459,0.4635294117647059,9.178391725921138,1.0,0.00974174730885791,1.7698971261329417,0.9125725832929892,0.17311072056239019,0.4349954100525008,0.3400064641241112,"JUMBO BAG WOODLAND ANIMALS, JUMBO STORAGE BAG SUKI",JUMBO  BAG BAROQUE BLACK WHITE,"JUMBO BAG WOODLAND ANIMALS, JUMBO STORAGE BAG SUKI → JUMBO  BAG BAROQUE BLACK WHITE"
"frozenset({'LUNCH BAG CARS BLUE', 'LUNCH BAG SUKI DESIGN '})",frozenset({'LUNCH BAG  BLACK SKULL.'}),0.024640657084188913,0.06748432210444531,0.01526166823908097,0.6193693693693694,9.17797423245614,1.0,0.013598810199546382,2.4499228460687945,0.9135540669856459,0.19855595667870032,0.591823880656232,0.4227603425794215,"LUNCH BAG CARS BLUE, LUNCH BAG SUKI DESIGN ",LUNCH BAG  BLACK SKULL.,"LUNCH BAG CARS BLUE, LUNCH BAG SUKI DESIGN  → LUNCH BAG  BLACK SKULL."
"frozenset({'JUMBO STORAGE BAG SUKI', 'JUMBO BAG PINK POLKADOT'})",frozenset({'JUMBO  BAG BAROQUE BLACK WHITE'}),0.028025972584494144,0.0505022476275043,0.012986292247072534,0.4633663366336634,9.175162659123057,1.0,0.011570917639608765,1.7693592802513294,0.9167015593874107,0.19813717188823032,0.4348236612193571,0.3602545968882603,"JUMBO BAG PINK POLKADOT, JUMBO STORAGE BAG SUKI",JUMBO  BAG BAROQUE BLACK WHITE,"JUMBO BAG PINK POLKADOT, JUMBO STORAGE BAG SUKI → JUMBO  BAG BAROQUE BLACK WHITE"
"frozenset({'LUNCH BAG WOODLAND', 'LUNCH BAG PINK POLKADOT'})",frozenset({'LUNCH BAG RED RETROSPOT'}),0.02020089905100172,0.07725178977745713,0.014318219657028692,0.7087912087912087,9.175078154604016,1.0,0.012757664050225074,3.168682533217033,0.9093793839283951,0.17222963951935913,0.6844114266679973,0.4470680181887078,"LUNCH BAG PINK POLKADOT, LUNCH BAG WOODLAND",LUNCH BAG RED RETROSPOT,"LUNCH BAG PINK POLKADOT, LUNCH BAG WOODLAND → LUNCH BAG RED RETROSPOT"
"frozenset({'DOTCOM POSTAGE', 'JUMBO STORAGE BAG SUKI'})",frozenset({'JUMBO BAG PINK POLKADOT'}),0.021921305288861756,0.06432099450579944,0.012930795271657695,0.589873417721519,9.170775766975023,1.0,0.011520795114612865,2.2814395504333906,0.9109266723683466,0.17638152914458743,0.5616802558673815,0.3954543965225369,"DOTCOM POSTAGE, JUMBO STORAGE BAG SUKI",JUMBO BAG PINK POLKADOT,"DOTCOM POSTAGE, JUMBO STORAGE BAG SUKI → JUMBO BAG PINK POLKADOT"
"frozenset({'JUMBO BAG PINK POLKADOT', 'JUMBO  BAG BAROQUE BLACK WHITE'})",frozenset({'JUMBO STORAGE BAG SUKI'}),0.022587268993839837,0.06271158221876907,0.012986292247072534,0.5749385749385749,9.167980691874497,1.0,0.011569808870467893,2.205065815242549,0.911513323278029,0.17958557175748274,0.5464987969576756,0.391009110478137,"JUMBO  BAG BAROQUE BLACK WHITE, JUMBO BAG PINK POLKADOT",JUMBO STORAGE BAG SUKI,"JUMBO  BAG BAROQUE BLACK WHITE, JUMBO BAG PINK POLKADOT → JUMBO STORAGE BAG SUKI"
frozenset({'PAINTED METAL PEARS ASSORTED'}),frozenset({'ASSORTED COLOUR BIRD ORNAMENT'}),0.01942394139519396,0.0760863532937455,0.013541262001220933,0.6971428571428572,9.162521621340002,1.0,0.012063365133869198,3.0506582674263125,0.9085065164607088,0.16519972918077183,0.6722018946934853,0.43755757007398144,PAINTED METAL PEARS ASSORTED,ASSORTED COLOUR BIRD ORNAMENT,PAINTED METAL PEARS ASSORTED → ASSORTED COLOUR BIRD ORNAMENT
"frozenset({'LUNCH BAG CARS BLUE', 'LUNCH BAG PINK POLKADOT'})",frozenset({'LUNCH BAG SPACEBOY DESIGN '}),0.026083578444974748,0.05760586048060381,0.013763249902880293,0.5276595744680851,9.159824539827,1.0,0.012260682922144193,1.9951587638473702,0.9146858841327233,0.1968253968253968,0.49878675415702406,0.38329028819743366,"LUNCH BAG CARS BLUE, LUNCH BAG PINK POLKADOT",LUNCH BAG SPACEBOY DESIGN ,"LUNCH BAG CARS BLUE, LUNCH BAG PINK POLKADOT → LUNCH BAG SPACEBOY DESIGN "
"frozenset({'JUMBO STORAGE BAG SKULLS', 'JUMBO BAG RED RETROSPOT'})",frozenset({'JUMBO BAG APPLES'}),0.022476275043010155,0.0491148232421333,0.01010044952550086,0.44938271604938274,9.149635209597546,1.0,0.008996531249621844,1.7269439308831211,0.9111860944777942,0.16425992779783397,0.420942404604519,0.3275162167817535,"JUMBO BAG RED RETROSPOT, JUMBO STORAGE BAG SKULLS",JUMBO BAG APPLES,"JUMBO BAG RED RETROSPOT, JUMBO STORAGE BAG SKULLS → JUMBO BAG APPLES"
frozenset({'COOK WITH WINE METAL SIGN '}),frozenset({'PLEASE ONE PERSON METAL SIGN'}),0.03823741606082468,0.04523003496309451,0.015816637993229368,0.41364296081277213,9.145315964276492,1.0,0.014087158327899876,1.6283081829466035,0.9260647290470839,0.23379819524200163,0.38586564234395143,0.3816681061732572,COOK WITH WINE METAL SIGN ,PLEASE ONE PERSON METAL SIGN,COOK WITH WINE METAL SIGN  → PLEASE ONE PERSON METAL SIGN
frozenset({'PLEASE ONE PERSON METAL SIGN'}),frozenset({'COOK WITH WINE METAL SIGN '}),0.04523003496309451,0.03823741606082468,0.015816637993229368,0.3496932515337423,9.145315964276492,1.0,0.014087158327899876,1.478936803604581,0.9328471142981845,0.23379819524200163,0.32383858623118883,0.3816681061732572,PLEASE ONE PERSON METAL SIGN,COOK WITH WINE METAL SIGN ,PLEASE ONE PERSON METAL SIGN → COOK WITH WINE METAL SIGN 
"frozenset({'LUNCH BAG RED RETROSPOT', 'LUNCH BAG APPLE DESIGN'})",frozenset({'LUNCH BAG PINK POLKADOT'}),0.023919196403795993,0.05582995726732893,0.012209334591264775,0.5104408352668213,9.142776750171821,1.0,0.010873926878171998,1.9286127413164984,0.9124490871875452,0.18077239112571897,0.48149258864826033,0.3645643540151204,"LUNCH BAG APPLE DESIGN, LUNCH BAG RED RETROSPOT",LUNCH BAG PINK POLKADOT,"LUNCH BAG APPLE DESIGN, LUNCH BAG RED RETROSPOT → LUNCH BAG PINK POLKADOT"
"frozenset({'JUMBO BAG PINK VINTAGE PAISLEY', 'JUMBO BAG RED RETROSPOT'})",frozenset({'JUMBO SHOPPER VINTAGE RED PAISLEY'}),0.027082524002441866,0.06287807314501359,0.015539153116155169,0.5737704918032787,9.125128412889037,1.0,0.013836256190978042,2.1986322130059297,0.9151983832720811,0.20879940343027592,0.545171769027791,0.4104510005353551,"JUMBO BAG PINK VINTAGE PAISLEY, JUMBO BAG RED RETROSPOT",JUMBO SHOPPER VINTAGE RED PAISLEY,"JUMBO BAG PINK VINTAGE PAISLEY, JUMBO BAG RED RETROSPOT → JUMBO SHOPPER VINTAGE RED PAISLEY"
"frozenset({'LUNCH BAG PINK POLKADOT', 'LUNCH BAG APPLE DESIGN'})",frozenset({'LUNCH BAG  BLACK SKULL.'}),0.018036517009822964,0.06748432210444531,0.011099395082967978,0.6153846153846154,9.118927125506072,1.0,0.009882212959434778,2.4245407625284425,0.9066915338532835,0.14914243102162564,0.5875507578774852,0.3899291497975709,"LUNCH BAG APPLE DESIGN, LUNCH BAG PINK POLKADOT",LUNCH BAG  BLACK SKULL.,"LUNCH BAG APPLE DESIGN, LUNCH BAG PINK POLKADOT → LUNCH BAG  BLACK SKULL."
"frozenset({'JUMBO BAG PINK VINTAGE PAISLEY', 'JUMBO BAG SCANDINAVIAN BLUE PAISLEY'})",frozenset({'JUMBO SHOPPER VINTAGE RED PAISLEY'}),0.018036517009822964,0.06287807314501359,0.010322437427160219,0.5723076923076923,9.101864349242991,1.0,0.009188335991335289,2.1911124189055435,0.9064821803393653,0.14622641509433962,0.5436108200694248,0.3682368117319573,"JUMBO BAG PINK VINTAGE PAISLEY, JUMBO BAG SCANDINAVIAN BLUE PAISLEY",JUMBO SHOPPER VINTAGE RED PAISLEY,"JUMBO BAG PINK VINTAGE PAISLEY, JUMBO BAG SCANDINAVIAN BLUE PAISLEY → JUMBO SHOPPER VINTAGE RED PAISLEY"
"frozenset({'LUNCH BAG APPLE DESIGN', 'LUNCH BAG SUKI DESIGN '})",frozenset({'LUNCH BAG SPACEBOY DESIGN '}),0.023197735723403074,0.05760586048060381,0.012153837615849936,0.5239234449760766,9.094967779406478,1.0,0.010817512088301659,1.979501257884963,0.9111865530678908,0.17704122877930475,0.49482224574665357,0.3674530519678071,"LUNCH BAG APPLE DESIGN, LUNCH BAG SUKI DESIGN ",LUNCH BAG SPACEBOY DESIGN ,"LUNCH BAG APPLE DESIGN, LUNCH BAG SUKI DESIGN  → LUNCH BAG SPACEBOY DESIGN "
"frozenset({'LUNCH BAG PINK POLKADOT', 'LUNCH BAG SUKI DESIGN '})",frozenset({'LUNCH BAG RED RETROSPOT'}),0.021643820411787557,0.07725178977745713,0.01520617126366613,0.7025641025641026,9.094470232832302,1.0,0.013534147399233682,3.102343120575791,0.9097331743937185,0.1816976127320955,0.6776629917665583,0.44970159151193634,"LUNCH BAG PINK POLKADOT, LUNCH BAG SUKI DESIGN ",LUNCH BAG RED RETROSPOT,"LUNCH BAG PINK POLKADOT, LUNCH BAG SUKI DESIGN  → LUNCH BAG RED RETROSPOT"
"frozenset({'JUMBO BAG RED RETROSPOT', 'JUMBO BAG PINK POLKADOT'})",frozenset({'JUMBO BAG SPACEBOY DESIGN'}),0.04356512570064931,0.034519118708030413,0.013652255952050614,0.313375796178344,9.078325516619904,1.0,0.012148426206459634,1.4061270720114958,0.9303796333773946,0.21188630490956073,0.2888267213506685,0.35443709423065106,"JUMBO BAG PINK POLKADOT, JUMBO BAG RED RETROSPOT",JUMBO BAG SPACEBOY DESIGN,"JUMBO BAG PINK POLKADOT, JUMBO BAG RED RETROSPOT → JUMBO BAG SPACEBOY DESIGN"
"frozenset({'LUNCH BAG RED RETROSPOT', 'LUNCH BAG  BLACK SKULL.'})",frozenset({'LUNCH BAG SUKI DESIGN '}),0.033686664076807815,0.05666241189855153,0.017315056329430045,0.514003294892916,9.07132749331582,1.0,0.015406288694021822,1.941037003313828,0.9207805772028722,0.23708206686930086,0.48481147021269866,0.40979302844547855,"LUNCH BAG  BLACK SKULL., LUNCH BAG RED RETROSPOT",LUNCH BAG SUKI DESIGN ,"LUNCH BAG  BLACK SKULL., LUNCH BAG RED RETROSPOT → LUNCH BAG SUKI DESIGN "
"frozenset({'LUNCH BAG RED RETROSPOT', 'LUNCH BAG PINK POLKADOT'})",frozenset({'LUNCH BAG CARS BLUE'}),0.0307453243798213,0.05910427881680448,0.016482601698207446,0.5361010830324909,9.07042761987085,1.0,0.014665421473749392,2.028234356169223,0.9179750554500054,0.2246596066565809,0.5069603288405364,0.4074871612345553,"LUNCH BAG PINK POLKADOT, LUNCH BAG RED RETROSPOT",LUNCH BAG CARS BLUE,"LUNCH BAG PINK POLKADOT, LUNCH BAG RED RETROSPOT → LUNCH BAG CARS BLUE"
frozenset({'DOTCOM POSTAGE'}),frozenset({'GREEN REGENCY TEACUP AND SAUCER'}),0.03918086464287696,0.05172318108663078,0.018369498862312005,0.4688385269121813,9.06437920217875,1.0,0.01634293990525771,1.7852891577409031,0.9259578791272053,0.25325172149961744,0.4398666481202432,0.411994370752228,DOTCOM POSTAGE,GREEN REGENCY TEACUP AND SAUCER,DOTCOM POSTAGE → GREEN REGENCY TEACUP AND SAUCER
frozenset({'GREEN REGENCY TEACUP AND SAUCER'}),frozenset({'DOTCOM POSTAGE'}),0.05172318108663078,0.03918086464287696,0.018369498862312005,0.3551502145922747,9.06437920217875,1.0,0.01634293990525771,1.4899890751295153,0.9382049956884944,0.25325172149961744,0.3288541394754345,0.411994370752228,GREEN REGENCY TEACUP AND SAUCER,DOTCOM POSTAGE,GREEN REGENCY TEACUP AND SAUCER → DOTCOM POSTAGE
"frozenset({'LUNCH BAG RED RETROSPOT', 'LUNCH BAG  BLACK SKULL.'})",frozenset({'LUNCH BAG VINTAGE LEAF DESIGN'}),0.033686664076807815,0.034574615683445255,0.010544425328819579,0.3130148270181219,9.053313271331522,1.0,0.009379721864706628,1.4053074539092296,0.9205535807126363,0.18269230769230768,0.2884119434375453,0.30899537498578644,"LUNCH BAG  BLACK SKULL., LUNCH BAG RED RETROSPOT",LUNCH BAG VINTAGE LEAF DESIGN,"LUNCH BAG  BLACK SKULL., LUNCH BAG RED RETROSPOT → LUNCH BAG VINTAGE LEAF DESIGN"
"frozenset({'DOTCOM POSTAGE', 'JUMBO BAG RED RETROSPOT'})",frozenset({'GREEN REGENCY TEACUP AND SAUCER'}),0.026916033076197346,0.05172318108663078,0.012597813419168656,0.4680412371134021,9.048964647581967,1.0,0.011205630566234756,1.7826133998952876,0.914093901389321,0.19075630252100842,0.4390258706353598,0.3558017344365294,"DOTCOM POSTAGE, JUMBO BAG RED RETROSPOT",GREEN REGENCY TEACUP AND SAUCER,"DOTCOM POSTAGE, JUMBO BAG RED RETROSPOT → GREEN REGENCY TEACUP AND SAUCER"
frozenset({'PACK OF 72 SKULL CAKE CASES'}),frozenset({'60 TEATIME FAIRY CAKE CASES'}),0.03346467617514846,0.04178922248737444,0.012653310394583495,0.3781094527363184,9.048013584137744,1.0,0.011254847596432277,1.540802930240302,0.9202752157725503,0.20212765957446807,0.3509877347883541,0.3404491486789162,PACK OF 72 SKULL CAKE CASES,60 TEATIME FAIRY CAKE CASES,PACK OF 72 SKULL CAKE CASES → 60 TEATIME FAIRY CAKE CASES
frozenset({'60 TEATIME FAIRY CAKE CASES'}),frozenset({'PACK OF 72 SKULL CAKE CASES'}),0.04178922248737444,0.03346467617514846,0.012653310394583495,0.30278884462151395,9.048013584137744,1.0,0.011254847596432277,1.3862878073145013,0.9282701933218311,0.20212765957446807,0.27864906931758493,0.3404491486789162,60 TEATIME FAIRY CAKE CASES,PACK OF 72 SKULL CAKE CASES,60 TEATIME FAIRY CAKE CASES → PACK OF 72 SKULL CAKE CASES
"frozenset({'LUNCH BAG CARS BLUE', 'LUNCH BAG SUKI DESIGN '})",frozenset({'LUNCH BAG PINK POLKADOT'}),0.024640657084188913,0.05582995726732893,0.012431322492924135,0.5045045045045045,9.036447978793902,1.0,0.011055635660874962,1.9055068135150268,0.9118045112781954,0.18270799347471453,0.47520523521228863,0.3635842602045385,"LUNCH BAG CARS BLUE, LUNCH BAG SUKI DESIGN ",LUNCH BAG PINK POLKADOT,"LUNCH BAG CARS BLUE, LUNCH BAG SUKI DESIGN  → LUNCH BAG PINK POLKADOT"
frozenset({'GINGERBREAD MAN COOKIE CUTTER'}),frozenset({'SET OF 3 HEART COOKIE CUTTERS'}),0.033020700371829734,0.03479660358510461,0.01037793440257506,0.31428571428571433,9.032080200501253,1.0,0.009228926181633984,1.407588286438389,0.9196510560146923,0.18067632850241547,0.2895649888290183,0.306265664160401,GINGERBREAD MAN COOKIE CUTTER,SET OF 3 HEART COOKIE CUTTERS,GINGERBREAD MAN COOKIE CUTTER → SET OF 3 HEART COOKIE CUTTERS
"frozenset({'LUNCH BAG  BLACK SKULL.', 'LUNCH BAG APPLE DESIGN'})",frozenset({'LUNCH BAG PINK POLKADOT'}),0.022032299239691435,0.05582995726732893,0.011099395082967978,0.5037783375314862,9.023441216679771,1.0,0.009869332757915001,1.9027183094663471,0.9092095108387243,0.1662510390689942,0.47443612907657967,0.3512927472945701,"LUNCH BAG  BLACK SKULL., LUNCH BAG APPLE DESIGN",LUNCH BAG PINK POLKADOT,"LUNCH BAG  BLACK SKULL., LUNCH BAG APPLE DESIGN → LUNCH BAG PINK POLKADOT"
"frozenset({'JUMBO BAG RED RETROSPOT', 'JUMBO STORAGE BAG SUKI'})",frozenset({'JUMBO BAG PINK POLKADOT'}),0.038736888839558246,0.06432099450579944,0.022476275043010155,0.5802292263610315,9.020837299222974,1.0,0.019984679828789164,2.2290237059213376,0.924976247344086,0.27892561983471076,0.5513730978528723,0.4648341990303863,"JUMBO BAG RED RETROSPOT, JUMBO STORAGE BAG SUKI",JUMBO BAG PINK POLKADOT,"JUMBO BAG RED RETROSPOT, JUMBO STORAGE BAG SUKI → JUMBO BAG PINK POLKADOT"
"frozenset({'LUNCH BAG RED RETROSPOT', 'LUNCH BAG SUKI DESIGN '})",frozenset({'LUNCH BAG CARS BLUE'}),0.028636439314057384,0.05910427881680448,0.01526166823908097,0.5329457364341085,9.017041525639625,1.0,0.01356913214554242,2.0145319175540615,0.9153101026836957,0.21056661562021436,0.5036067727265661,0.39558084943771155,"LUNCH BAG RED RETROSPOT, LUNCH BAG SUKI DESIGN ",LUNCH BAG CARS BLUE,"LUNCH BAG RED RETROSPOT, LUNCH BAG SUKI DESIGN  → LUNCH BAG CARS BLUE"
frozenset({'PACK OF 60 SPACEBOY CAKE CASES'}),frozenset({'PACK OF 72 RETROSPOT CAKE CASES'}),0.024474166157944392,0.06265608524335424,0.013818746878295133,0.564625850340136,9.01150858926387,1.0,0.012285291437242954,2.1529618042066705,0.9113349518223081,0.18849356548069646,0.5355235759194145,0.39258750444376156,PACK OF 60 SPACEBOY CAKE CASES,PACK OF 72 RETROSPOT CAKE CASES,PACK OF 60 SPACEBOY CAKE CASES → PACK OF 72 RETROSPOT CAKE CASES
frozenset({'SCOTTIE DOG HOT WATER BOTTLE'}),frozenset({'CHOCOLATE HOT WATER BOTTLE'}),0.04073477995449248,0.04550751984016871,0.016704589599866808,0.41008174386920987,9.011296271682065,1.0,0.014850850792902834,1.6180080379614696,0.9267803685910526,0.24022346368715086,0.3819560987719805,0.3885774573004586,SCOTTIE DOG HOT WATER BOTTLE,CHOCOLATE HOT WATER BOTTLE,SCOTTIE DOG HOT WATER BOTTLE → CHOCOLATE HOT WATER BOTTLE
frozenset({'CHOCOLATE HOT WATER BOTTLE'}),frozenset({'SCOTTIE DOG HOT WATER BOTTLE'}),0.04550751984016871,0.04073477995449248,0.016704589599866808,0.36707317073170737,9.011296271682065,1.0,0.014850850792902834,1.5156020817674687,0.9314145398625701,0.24022346368715086,0.34019620847061816,0.3885774573004586,CHOCOLATE HOT WATER BOTTLE,SCOTTIE DOG HOT WATER BOTTLE,CHOCOLATE HOT WATER BOTTLE → SCOTTIE DOG HOT WATER BOTTLE
"frozenset({'LUNCH BAG SPACEBOY DESIGN ', 'LUNCH BAG  BLACK SKULL.'})",frozenset({'LUNCH BAG APPLE DESIGN'}),0.026805039125367667,0.0507797325045785,0.012264831566679617,0.45755693581780543,9.010621231148674,1.0,0.010903678850118685,1.7498984320621704,0.913506436403871,0.1877655055225149,0.42853826160553293,0.3495434952313071,"LUNCH BAG  BLACK SKULL., LUNCH BAG SPACEBOY DESIGN ",LUNCH BAG APPLE DESIGN,"LUNCH BAG  BLACK SKULL., LUNCH BAG SPACEBOY DESIGN  → LUNCH BAG APPLE DESIGN"
"frozenset({'JUMBO BAG RED RETROSPOT', 'JUMBO BAG PINK POLKADOT'})",frozenset({'DOTCOM POSTAGE'}),0.04356512570064931,0.03918086464287696,0.01537266218991065,0.3528662420382166,9.006086140632613,1.0,0.013665742896683588,1.4847303568018535,0.9294558359786652,0.22817133443163096,0.32647702970522874,0.372608758412876,"JUMBO BAG PINK POLKADOT, JUMBO BAG RED RETROSPOT",DOTCOM POSTAGE,"JUMBO BAG PINK POLKADOT, JUMBO BAG RED RETROSPOT → DOTCOM POSTAGE"
"frozenset({'JUMBO STORAGE BAG SUKI', 'JUMBO BAG APPLES'})",frozenset({'JUMBO BAG PINK POLKADOT'}),0.0200344081247572,0.06432099450579944,0.011598867861701537,0.5789473684210527,9.00090822396803,1.0,0.010310234806782085,2.2222376380487265,0.9070727663999835,0.15942028985507248,0.5500031216832116,0.3796376186367558,"JUMBO BAG APPLES, JUMBO STORAGE BAG SUKI",JUMBO BAG PINK POLKADOT,"JUMBO BAG APPLES, JUMBO STORAGE BAG SUKI → JUMBO BAG PINK POLKADOT"
"frozenset({'LUNCH BAG WOODLAND', 'LUNCH BAG CARS BLUE'})",frozenset({'LUNCH BAG  BLACK SKULL.'}),0.022476275043010155,0.06748432210444531,0.013652255952050614,0.6074074074074075,9.00071881091618,1.0,0.012135459767340012,2.3752757833188665,0.9093362541437383,0.1789090909090909,0.5789962550779073,0.4048550194931774,"LUNCH BAG CARS BLUE, LUNCH BAG WOODLAND",LUNCH BAG  BLACK SKULL.,"LUNCH BAG CARS BLUE, LUNCH BAG WOODLAND → LUNCH BAG  BLACK SKULL."
"frozenset({'JUMBO BAG PINK VINTAGE PAISLEY', 'JUMBO BAG RED RETROSPOT'})",frozenset({'JUMBO BAG PINK POLKADOT'}),0.027082524002441866,0.06432099450579944,0.015650147066984848,0.5778688524590163,8.984140511181204,1.0,0.013908172189420604,2.216559974180436,0.9134307575112132,0.20659340659340658,0.5488504657449,0.41059102674719583,"JUMBO BAG PINK VINTAGE PAISLEY, JUMBO BAG RED RETROSPOT",JUMBO BAG PINK POLKADOT,"JUMBO BAG PINK VINTAGE PAISLEY, JUMBO BAG RED RETROSPOT → JUMBO BAG PINK POLKADOT"
"frozenset({'LUNCH BAG RED RETROSPOT', 'LUNCH BAG APPLE DESIGN'})",frozenset({'LUNCH BAG SPACEBOY DESIGN '}),0.023919196403795993,0.05760586048060381,0.012375825517509296,0.5174013921113689,8.981749214310941,1.0,0.010997939626664063,1.9527493948695183,0.9104401084718382,0.17897271268057785,0.48790151842970125,0.3661188078090563,"LUNCH BAG APPLE DESIGN, LUNCH BAG RED RETROSPOT",LUNCH BAG SPACEBOY DESIGN ,"LUNCH BAG APPLE DESIGN, LUNCH BAG RED RETROSPOT → LUNCH BAG SPACEBOY DESIGN "
"frozenset({'JUMBO BAG RED RETROSPOT', 'JUMBO BAG WOODLAND ANIMALS'})",frozenset({'JUMBO BAG APPLES'}),0.02630556634663411,0.0491148232421333,0.011598867861701537,0.4409282700421941,8.97749886767265,1.0,0.010306874620302393,1.700828580314071,0.912617316238081,0.18173913043478263,0.4120512722009044,0.3385432310662948,"JUMBO BAG RED RETROSPOT, JUMBO BAG WOODLAND ANIMALS",JUMBO BAG APPLES,"JUMBO BAG RED RETROSPOT, JUMBO BAG WOODLAND ANIMALS → JUMBO BAG APPLES"
"frozenset({'LUNCH BAG RED RETROSPOT', 'LUNCH BAG APPLE DESIGN'})",frozenset({'LUNCH BAG  BLACK SKULL.'}),0.023919196403795993,0.06748432210444531,0.014484710583273212,0.605568445475638,8.973468601172303,1.0,0.012870539828679953,2.3642015127822593,0.910334850389982,0.18831168831168835,0.5770242110947761,0.41010330168518744,"LUNCH BAG APPLE DESIGN, LUNCH BAG RED RETROSPOT",LUNCH BAG  BLACK SKULL.,"LUNCH BAG APPLE DESIGN, LUNCH BAG RED RETROSPOT → LUNCH BAG  BLACK SKULL."
"frozenset({'LUNCH BAG RED RETROSPOT', 'LUNCH BAG CARS BLUE'})",frozenset({'LUNCH BAG  BLACK SKULL.'}),0.028247960486153505,0.06748432210444531,0.017093068427770686,0.6051080550098231,8.966646417123357,1.0,0.01518677396352946,2.361445174372325,0.9143027731834128,0.21736062103034576,0.576530503078141,0.4291987643470168,"LUNCH BAG CARS BLUE, LUNCH BAG RED RETROSPOT",LUNCH BAG  BLACK SKULL.,"LUNCH BAG CARS BLUE, LUNCH BAG RED RETROSPOT → LUNCH BAG  BLACK SKULL."
"frozenset({'LUNCH BAG RED RETROSPOT', 'LUNCH BAG SUKI DESIGN '})",frozenset({'LUNCH BAG  BLACK SKULL.'}),0.028636439314057384,0.06748432210444531,0.017315056329430045,0.6046511627906976,8.959876070991431,1.0,0.015382545634835796,2.358716126441697,0.9145816761082716,0.2197183098591549,0.576040546469415,0.43061505507955933,"LUNCH BAG RED RETROSPOT, LUNCH BAG SUKI DESIGN ",LUNCH BAG  BLACK SKULL.,"LUNCH BAG RED RETROSPOT, LUNCH BAG SUKI DESIGN  → LUNCH BAG  BLACK SKULL."
"frozenset({'JUMBO BAG RED RETROSPOT', 'JUMBO SHOPPER VINTAGE RED PAISLEY'})",frozenset({'JUMBO BAG SPACEBOY DESIGN'}),0.03646151284754981,0.034519118708030413,0.011265886009212498,0.3089802130898021,8.950987877275152,1.0,0.01000726671895355,1.3971826850414626,0.92189414286225,0.18866171003717472,0.28427398170173845,0.31767338628766634,"JUMBO BAG RED RETROSPOT, JUMBO SHOPPER VINTAGE RED PAISLEY",JUMBO BAG SPACEBOY DESIGN,"JUMBO BAG RED RETROSPOT, JUMBO SHOPPER VINTAGE RED PAISLEY → JUMBO BAG SPACEBOY DESIGN"
frozenset({'SUKI  SHOULDER BAG'}),frozenset({'JUMBO BAG WOODLAND ANIMALS'}),0.028136966535323826,0.04079027692990732,0.01026694045174538,0.36489151873767256,8.945551396100846,1.0,0.009119225794801986,1.5103084770078787,0.9139277468423197,0.1750236518448439,0.3378836077374521,0.3082960995048907,SUKI  SHOULDER BAG,JUMBO BAG WOODLAND ANIMALS,SUKI  SHOULDER BAG → JUMBO BAG WOODLAND ANIMALS
"frozenset({'JUMBO STORAGE BAG SUKI', 'JUMBO BAG APPLES'})",frozenset({'JUMBO SHOPPER VINTAGE RED PAISLEY'}),0.0200344081247572,0.06287807314501359,0.011265886009212498,0.5623268698060941,8.943131391911749,1.0,0.01000616102972696,2.14114566832057,0.9063403350021509,0.15724244771494963,0.5329603142861549,0.370748607012491,"JUMBO BAG APPLES, JUMBO STORAGE BAG SUKI",JUMBO SHOPPER VINTAGE RED PAISLEY,"JUMBO BAG APPLES, JUMBO STORAGE BAG SUKI → JUMBO SHOPPER VINTAGE RED PAISLEY"
"frozenset({'JUMBO BAG RED RETROSPOT', 'JUMBO STORAGE BAG SUKI'})",frozenset({'JUMBO  BAG BAROQUE BLACK WHITE'}),0.038736888839558246,0.0505022476275043,0.017481547255674565,0.4512893982808022,8.936026008375578,1.0,0.015525247303180088,1.7304162693368195,0.9238817363636947,0.2436194895591647,0.4221043700755027,0.3987216222173242,"JUMBO BAG RED RETROSPOT, JUMBO STORAGE BAG SUKI",JUMBO  BAG BAROQUE BLACK WHITE,"JUMBO BAG RED RETROSPOT, JUMBO STORAGE BAG SUKI → JUMBO  BAG BAROQUE BLACK WHITE"
"frozenset({'LUNCH BAG WOODLAND', 'LUNCH BAG SPACEBOY DESIGN '})",frozenset({'LUNCH BAG APPLE DESIGN'}),0.023253232698817915,0.0507797325045785,0.010544425328819579,0.45346062052505964,8.929952919389125,1.0,0.009363632392506887,1.7367829348497013,0.9091581937799044,0.16608391608391607,0.42422280877227836,0.3305554468745517,"LUNCH BAG SPACEBOY DESIGN , LUNCH BAG WOODLAND",LUNCH BAG APPLE DESIGN,"LUNCH BAG SPACEBOY DESIGN , LUNCH BAG WOODLAND → LUNCH BAG APPLE DESIGN"
frozenset({'DOTCOM POSTAGE'}),frozenset({'JUMBO STORAGE BAG SUKI'}),0.03918086464287696,0.06271158221876907,0.021921305288861756,0.5594900849858356,8.921638797663515,1.0,0.019464211274407516,2.127735122037135,0.9241208223570933,0.2741151977793199,0.5300166878654611,0.4545238035548647,DOTCOM POSTAGE,JUMBO STORAGE BAG SUKI,DOTCOM POSTAGE → JUMBO STORAGE BAG SUKI
frozenset({'JUMBO STORAGE BAG SUKI'}),frozenset({'DOTCOM POSTAGE'}),0.06271158221876907,0.03918086464287696,0.021921305288861756,0.3495575221238938,8.921638797663515,1.0,0.019464211274407516,1.4771777183041483,0.9473209661595331,0.2741151977793199,0.32303338480624055,0.4545238035548647,JUMBO STORAGE BAG SUKI,DOTCOM POSTAGE,JUMBO STORAGE BAG SUKI → DOTCOM POSTAGE
"frozenset({'LUNCH BAG RED RETROSPOT', 'LUNCH BAG SUKI DESIGN '})",frozenset({'LUNCH BAG SPACEBOY DESIGN '}),0.028636439314057384,0.05760586048060381,0.01470669848493257,0.5135658914728682,8.915167435885946,1.0,0.013057071757145704,1.937352095585691,0.9140054696822864,0.2055857253685027,0.4838315645986463,0.38443227136263836,"LUNCH BAG RED RETROSPOT, LUNCH BAG SUKI DESIGN ",LUNCH BAG SPACEBOY DESIGN ,"LUNCH BAG RED RETROSPOT, LUNCH BAG SUKI DESIGN  → LUNCH BAG SPACEBOY DESIGN "
frozenset({'SET OF 20 VINTAGE CHRISTMAS NAPKINS'}),frozenset({'PAPER CHAIN KIT VINTAGE CHRISTMAS'}),0.03168877296187358,0.04439758033187191,0.012542316443753816,0.3957968476357268,8.914829246935202,1.0,0.011135411600560583,1.5815912511029018,0.9168822250084194,0.19737991266375543,0.36772538460701326,0.3391484238178634,SET OF 20 VINTAGE CHRISTMAS NAPKINS,PAPER CHAIN KIT VINTAGE CHRISTMAS,SET OF 20 VINTAGE CHRISTMAS NAPKINS → PAPER CHAIN KIT VINTAGE CHRISTMAS
"frozenset({'LUNCH BAG RED RETROSPOT', 'CHARLOTTE BAG SUKI DESIGN'})",frozenset({'LUNCH BAG  BLACK SKULL.'}),0.017814529108163606,0.06748432210444531,0.0107109162550641,0.6012461059190031,8.909419064600753,1.0,0.00950871483458977,2.3385744734724456,0.9038610960987952,0.14360119047619047,0.5723890723415174,0.37998160559108046,"CHARLOTTE BAG SUKI DESIGN, LUNCH BAG RED RETROSPOT",LUNCH BAG  BLACK SKULL.,"CHARLOTTE BAG SUKI DESIGN, LUNCH BAG RED RETROSPOT → LUNCH BAG  BLACK SKULL."
"frozenset({'LUNCH BAG WOODLAND', 'LUNCH BAG SUKI DESIGN '})",frozenset({'LUNCH BAG RED RETROSPOT'}),0.019923414173927522,0.07725178977745713,0.013707752927465454,0.6880222841225626,8.906230989658374,1.0,0.012168633524051994,2.9577375666954717,0.9057649896149031,0.16422872340425532,0.661903743165,0.4327324064290974,"LUNCH BAG SUKI DESIGN , LUNCH BAG WOODLAND",LUNCH BAG RED RETROSPOT,"LUNCH BAG SUKI DESIGN , LUNCH BAG WOODLAND → LUNCH BAG RED RETROSPOT"
"frozenset({'JUMBO BAG RED RETROSPOT', 'JUMBO SHOPPER VINTAGE RED PAISLEY'})",frozenset({'JUMBO STORAGE BAG SKULLS'}),0.03646151284754981,0.03795993118375048,0.012320328542094456,0.3378995433789954,8.901479345242864,1.0,0.010936252023546032,1.4530122418673008,0.9212492644700916,0.19839142091152814,0.31177455276297195,0.3312304734438837,"JUMBO BAG RED RETROSPOT, JUMBO SHOPPER VINTAGE RED PAISLEY",JUMBO STORAGE BAG SKULLS,"JUMBO BAG RED RETROSPOT, JUMBO SHOPPER VINTAGE RED PAISLEY → JUMBO STORAGE BAG SKULLS"
"frozenset({'DOTCOM POSTAGE', 'JUMBO BAG RED RETROSPOT'})",frozenset({'JUMBO  BAG BAROQUE BLACK WHITE'}),0.026916033076197346,0.0505022476275043,0.012098340640435096,0.44948453608247424,8.90028775348363,1.0,0.010739020472870882,1.7247431082421736,0.9121968013913728,0.18521665250637215,0.4202035101800283,0.3445224878214569,"DOTCOM POSTAGE, JUMBO BAG RED RETROSPOT",JUMBO  BAG BAROQUE BLACK WHITE,"DOTCOM POSTAGE, JUMBO BAG RED RETROSPOT → JUMBO  BAG BAROQUE BLACK WHITE"
frozenset({'JUMBO BAG VINTAGE DOILY '}),frozenset({'JUMBO BAG VINTAGE LEAF'}),0.03635051889672013,0.04528553193850935,0.014651201509517731,0.4030534351145038,8.900269420745397,1.0,0.013005048925038924,1.599329863376666,0.9211273062344244,0.21872410936205466,0.3747381181961428,0.36329142343960485,JUMBO BAG VINTAGE DOILY ,JUMBO BAG VINTAGE LEAF,JUMBO BAG VINTAGE DOILY  → JUMBO BAG VINTAGE LEAF
frozenset({'JUMBO BAG VINTAGE LEAF'}),frozenset({'JUMBO BAG VINTAGE DOILY '}),0.04528553193850935,0.03635051889672013,0.014651201509517731,0.3235294117647059,8.900269420745397,1.0,0.013005048925038924,1.4245253198918049,0.929747982645733,0.21872410936205466,0.29801177554643143,0.36329142343960485,JUMBO BAG VINTAGE LEAF,JUMBO BAG VINTAGE DOILY ,JUMBO BAG VINTAGE LEAF → JUMBO BAG VINTAGE DOILY 
frozenset({'RETROSPOT HEART HOT WATER BOTTLE'}),frozenset({'CHOCOLATE HOT WATER BOTTLE'}),0.03152228203562906,0.04550751984016871,0.012764304345413174,0.4049295774647887,8.89808055650979,1.0,0.01132980347026939,1.6039991974283556,0.9165065911259601,0.19861830742659756,0.3765582915482311,0.3427086911714188,RETROSPOT HEART HOT WATER BOTTLE,CHOCOLATE HOT WATER BOTTLE,RETROSPOT HEART HOT WATER BOTTLE → CHOCOLATE HOT WATER BOTTLE
"frozenset({'JUMBO SHOPPER VINTAGE RED PAISLEY', 'JUMBO BAG APPLES'})",frozenset({'JUMBO BAG PINK POLKADOT'}),0.018147510960652643,0.06432099450579944,0.01037793440257506,0.5718654434250765,8.890805371075455,1.0,0.009210668449780987,2.18547881997574,0.9039282989622791,0.1439568899153195,0.5424343668491373,0.36660571567284883,"JUMBO BAG APPLES, JUMBO SHOPPER VINTAGE RED PAISLEY",JUMBO BAG PINK POLKADOT,"JUMBO BAG APPLES, JUMBO SHOPPER VINTAGE RED PAISLEY → JUMBO BAG PINK POLKADOT"
"frozenset({'DOTCOM POSTAGE', 'JUMBO BAG RED RETROSPOT'})",frozenset({'JUMBO BAG PINK POLKADOT'}),0.026916033076197346,0.06432099450579944,0.01537266218991065,0.5711340206185568,8.879433923663308,1.0,0.013641396174298645,2.181751527234074,0.9119256285570397,0.20263350402340893,0.5416526641474362,0.40506657890289355,"DOTCOM POSTAGE, JUMBO BAG RED RETROSPOT",JUMBO BAG PINK POLKADOT,"DOTCOM POSTAGE, JUMBO BAG RED RETROSPOT → JUMBO BAG PINK POLKADOT"
"frozenset({'JUMBO BAG RED RETROSPOT', 'JUMBO BAG SCANDINAVIAN BLUE PAISLEY'})",frozenset({'JUMBO STORAGE BAG SUKI'}),0.023752705477551473,0.06271158221876907,0.013208280148731894,0.5560747663551402,8.867178066330329,1.0,0.011718710406258218,2.1113654884756152,0.9088112762016864,0.18030303030303033,0.5263728589586874,0.38334711769084445,"JUMBO BAG RED RETROSPOT, JUMBO BAG SCANDINAVIAN BLUE PAISLEY",JUMBO STORAGE BAG SUKI,"JUMBO BAG RED RETROSPOT, JUMBO BAG SCANDINAVIAN BLUE PAISLEY → JUMBO STORAGE BAG SUKI"
"frozenset({'JUMBO BAG WOODLAND ANIMALS', 'JUMBO STORAGE BAG SUKI'})",frozenset({'JUMBO BAG APPLES'}),0.023586214551306953,0.0491148232421333,0.01026694045174538,0.43529411764705883,8.862784978398139,1.0,0.009108507693106905,1.6838591671753889,0.9085990617194436,0.16444444444444445,0.4061261063314085,0.32216683283482883,"JUMBO BAG WOODLAND ANIMALS, JUMBO STORAGE BAG SUKI",JUMBO BAG APPLES,"JUMBO BAG WOODLAND ANIMALS, JUMBO STORAGE BAG SUKI → JUMBO BAG APPLES"
"frozenset({'JUMBO  BAG BAROQUE BLACK WHITE', 'JUMBO SHOPPER VINTAGE RED PAISLEY'})",frozenset({'JUMBO BAG PINK POLKADOT'}),0.022975747821743716,0.06432099450579944,0.013097286197902215,0.5700483091787439,8.862554342615864,1.0,0.011619463248493203,2.176242181317972,0.9080283432576454,0.17651458489154825,0.5404923180955983,0.38683606140559285,"JUMBO  BAG BAROQUE BLACK WHITE, JUMBO SHOPPER VINTAGE RED PAISLEY",JUMBO BAG PINK POLKADOT,"JUMBO  BAG BAROQUE BLACK WHITE, JUMBO SHOPPER VINTAGE RED PAISLEY → JUMBO BAG PINK POLKADOT"
"frozenset({'LUNCH BAG CARS BLUE', 'LUNCH BAG SPACEBOY DESIGN '})",frozenset({'LUNCH BAG  BLACK SKULL.'}),0.02519562683833731,0.06748432210444531,0.015039680337421611,0.5969162995594713,8.845258883028054,1.0,0.013339370540239849,2.3134541954348733,0.909869824573566,0.19370979270907787,0.5677459264275495,0.40988907083236725,"LUNCH BAG CARS BLUE, LUNCH BAG SPACEBOY DESIGN ",LUNCH BAG  BLACK SKULL.,"LUNCH BAG CARS BLUE, LUNCH BAG SPACEBOY DESIGN  → LUNCH BAG  BLACK SKULL."
frozenset({'RECYCLING BAG RETROSPOT '}),frozenset({'JUMBO BAG WOODLAND ANIMALS'}),0.03940285254453632,0.04079027692990732,0.014207225706199013,0.36056338028169016,8.839444284756157,1.0,0.012599972439079073,1.5000856902638011,0.9232493753249754,0.2153069806560135,0.33337141571949636,0.35443135000479065,RECYCLING BAG RETROSPOT ,JUMBO BAG WOODLAND ANIMALS,RECYCLING BAG RETROSPOT  → JUMBO BAG WOODLAND ANIMALS
frozenset({'JUMBO BAG WOODLAND ANIMALS'}),frozenset({'RECYCLING BAG RETROSPOT '}),0.04079027692990732,0.03940285254453632,0.014207225706199013,0.3482993197278912,8.839444284756157,1.0,0.012599972439079073,1.4739851845089056,0.9245847857845406,0.2153069806560135,0.3215671293648894,0.35443135000479065,JUMBO BAG WOODLAND ANIMALS,RECYCLING BAG RETROSPOT ,JUMBO BAG WOODLAND ANIMALS → RECYCLING BAG RETROSPOT 
"frozenset({'LUNCH BAG WOODLAND', 'LUNCH BAG RED RETROSPOT'})",frozenset({'LUNCH BAG  BLACK SKULL.'}),0.02530662078916699,0.06748432210444531,0.01509517731283645,0.5964912280701754,8.838960064635272,1.0,0.013387377164125254,2.3110171147846352,0.9098907797475309,0.19428571428571426,0.5672900933521687,0.4100877192982456,"LUNCH BAG RED RETROSPOT, LUNCH BAG WOODLAND",LUNCH BAG  BLACK SKULL.,"LUNCH BAG RED RETROSPOT, LUNCH BAG WOODLAND → LUNCH BAG  BLACK SKULL."
"frozenset({'LUNCH BAG PINK POLKADOT', 'LUNCH BAG SPACEBOY DESIGN '})",frozenset({'LUNCH BAG RED RETROSPOT'}),0.021865808313446918,0.07725178977745713,0.01492868638659193,0.682741116751269,8.837867947371493,1.0,0.013239513559447354,2.908502358621455,0.9066757362440349,0.17732366512854317,0.6561804404126491,0.4379941215940253,"LUNCH BAG PINK POLKADOT, LUNCH BAG SPACEBOY DESIGN ",LUNCH BAG RED RETROSPOT,"LUNCH BAG PINK POLKADOT, LUNCH BAG SPACEBOY DESIGN  → LUNCH BAG RED RETROSPOT"
frozenset({'JUMBO BAG OWLS'}),frozenset({'JUMBO BAG SPACEBOY DESIGN'}),0.034241633830956214,0.034519118708030413,0.0104334313779899,0.3047001620745543,8.826997138941147,1.0,0.009251440355022213,1.3885820600399656,0.918150151486623,0.17887725975261654,0.27984090477791534,0.3034754829665376,JUMBO BAG OWLS,JUMBO BAG SPACEBOY DESIGN,JUMBO BAG OWLS → JUMBO BAG SPACEBOY DESIGN
frozenset({'JUMBO BAG SPACEBOY DESIGN'}),frozenset({'JUMBO BAG OWLS'}),0.034519118708030413,0.034241633830956214,0.0104334313779899,0.3022508038585209,8.826997138941147,1.0,0.009251440355022213,1.3841053081961872,0.9184140332339032,0.17887725975261654,0.27751162134965446,0.3034754829665376,JUMBO BAG SPACEBOY DESIGN,JUMBO BAG OWLS,JUMBO BAG SPACEBOY DESIGN → JUMBO BAG OWLS
"frozenset({'JUMBO BAG STRAWBERRY', 'JUMBO BAG RED RETROSPOT'})",frozenset({'JUMBO BAG PINK VINTAGE PAISLEY'}),0.028636439314057384,0.04523003496309451,0.011432376935457018,0.39922480620155043,8.826542064964094,1.0,0.01013714978406367,1.5892300063194944,0.9128460086453974,0.1831111111111111,0.3707644607617843,0.32599277119893477,"JUMBO BAG RED RETROSPOT, JUMBO BAG STRAWBERRY",JUMBO BAG PINK VINTAGE PAISLEY,"JUMBO BAG RED RETROSPOT, JUMBO BAG STRAWBERRY → JUMBO BAG PINK VINTAGE PAISLEY"
"frozenset({'LUNCH BAG RED RETROSPOT', 'LUNCH BAG SPACEBOY DESIGN '})",frozenset({'LUNCH BAG  BLACK SKULL.'}),0.027803984682834786,0.06748432210444531,0.016538098673622287,0.5948103792415169,8.814052815421787,1.0,0.014661765615498801,2.301430318353068,0.9118992468724404,0.21000704721634952,0.5654876048058617,0.41993808435760055,"LUNCH BAG RED RETROSPOT, LUNCH BAG SPACEBOY DESIGN ",LUNCH BAG  BLACK SKULL.,"LUNCH BAG RED RETROSPOT, LUNCH BAG SPACEBOY DESIGN  → LUNCH BAG  BLACK SKULL."
frozenset({'PACK OF 72 SKULL CAKE CASES'}),frozenset({'PACK OF 72 RETROSPOT CAKE CASES'}),0.03346467617514846,0.06265608524335424,0.018480492813141684,0.5522388059701492,8.81380960564758,1.0,0.016383727210070337,2.0934014096231754,0.9172367130566489,0.2380271622587562,0.5223085284059276,0.4235950451462792,PACK OF 72 SKULL CAKE CASES,PACK OF 72 RETROSPOT CAKE CASES,PACK OF 72 SKULL CAKE CASES → PACK OF 72 RETROSPOT CAKE CASES
frozenset({'RED RETROSPOT SHOPPER BAG'}),frozenset({'DOTCOM POSTAGE'}),0.02941339696986514,0.03918086464287696,0.0101559465009157,0.34528301886792456,8.812542092041264,1.0,0.009003504175552207,1.4675335496809085,0.9133913057606545,0.1737891737891738,0.3185845732675523,0.3022449088673901,RED RETROSPOT SHOPPER BAG,DOTCOM POSTAGE,RED RETROSPOT SHOPPER BAG → DOTCOM POSTAGE
"frozenset({'JUMBO BAG RED RETROSPOT', 'JUMBO  BAG BAROQUE BLACK WHITE'})",frozenset({'JUMBO STORAGE BAG SUKI'}),0.031633275986458737,0.06271158221876907,0.017481547255674565,0.5526315789473685,8.81227293898463,1.0,0.015497774467800745,2.095115286805105,0.9154815803334344,0.22743682310469315,0.5226992966459016,0.41569632044713556,"JUMBO  BAG BAROQUE BLACK WHITE, JUMBO BAG RED RETROSPOT",JUMBO STORAGE BAG SUKI,"JUMBO  BAG BAROQUE BLACK WHITE, JUMBO BAG RED RETROSPOT → JUMBO STORAGE BAG SUKI"
frozenset({'JUMBO BAG ALPHABET'}),frozenset({'JUMBO BAG APPLES'}),0.04706143515178423,0.0491148232421333,0.02036738997724624,0.4327830188679245,8.811657872295063,1.0,0.018055975908245238,1.6764046359473406,0.9302949955068087,0.2686676427525622,0.40348530506484953,0.4237361422023238,JUMBO BAG ALPHABET,JUMBO BAG APPLES,JUMBO BAG ALPHABET → JUMBO BAG APPLES
frozenset({'JUMBO BAG APPLES'}),frozenset({'JUMBO BAG ALPHABET'}),0.0491148232421333,0.04706143515178423,0.02036738997724624,0.41468926553672314,8.811657872295063,1.0,0.018055975908245238,1.6280900190939593,0.9323039201498432,0.2686676427525622,0.3857833484192076,0.4237361422023238,JUMBO BAG APPLES,JUMBO BAG ALPHABET,JUMBO BAG APPLES → JUMBO BAG ALPHABET
"frozenset({'LUNCH BAG RED RETROSPOT', 'LUNCH BAG WOODLAND'})",frozenset({'LUNCH BAG APPLE DESIGN'}),0.02530662078916699,0.0507797325045785,0.011321382984627338,0.4473684210526316,8.809979867702042,1.0,0.010036319550358632,1.717636674515525,0.9095089610176473,0.17480719794344474,0.4178046994239574,0.33515962036238134,"LUNCH BAG RED RETROSPOT, LUNCH BAG WOODLAND",LUNCH BAG APPLE DESIGN,"LUNCH BAG RED RETROSPOT, LUNCH BAG WOODLAND → LUNCH BAG APPLE DESIGN"
"frozenset({'RECYCLING BAG RETROSPOT ', 'DOTCOM POSTAGE'})",frozenset({'JUMBO BAG PINK POLKADOT'}),0.018757977690215883,0.06432099450579944,0.010599922304234418,0.5650887573964497,8.785448075519092,1.0,0.009393390524282135,2.151425196306393,0.903116043458962,0.1462480857580398,0.5351918338983764,0.3649429981977934,"DOTCOM POSTAGE, RECYCLING BAG RETROSPOT ",JUMBO BAG PINK POLKADOT,"DOTCOM POSTAGE, RECYCLING BAG RETROSPOT  → JUMBO BAG PINK POLKADOT"
"frozenset({'LUNCH BAG PINK POLKADOT', 'LUNCH BAG SPACEBOY DESIGN '})",frozenset({'LUNCH BAG SUKI DESIGN '}),0.021865808313446918,0.05666241189855153,0.010877407181308618,0.4974619289340101,8.779399116025395,1.0,0.009638437744157315,1.8771465136968215,0.905905340859748,0.1607875307629204,0.46727653238392325,0.34471529355613334,"LUNCH BAG PINK POLKADOT, LUNCH BAG SPACEBOY DESIGN ",LUNCH BAG SUKI DESIGN ,"LUNCH BAG PINK POLKADOT, LUNCH BAG SPACEBOY DESIGN  → LUNCH BAG SUKI DESIGN "
frozenset({'60 CAKE CASES DOLLY GIRL DESIGN'}),frozenset({'PACK OF 72 RETROSPOT CAKE CASES'}),0.0205893778789056,0.06265608524335424,0.011321382984627338,0.549865229110512,8.77592698258841,1.0,0.010031333169138996,2.082362828591111,0.904678694914049,0.1574074074074074,0.5197762914945125,0.36527805299635435,60 CAKE CASES DOLLY GIRL DESIGN,PACK OF 72 RETROSPOT CAKE CASES,60 CAKE CASES DOLLY GIRL DESIGN → PACK OF 72 RETROSPOT CAKE CASES
"frozenset({'LUNCH BAG RED RETROSPOT', 'LUNCH BAG SPACEBOY DESIGN '})",frozenset({'LUNCH BAG APPLE DESIGN'}),0.027803984682834786,0.0507797325045785,0.012375825517509296,0.44510978043912175,8.765500692603863,1.0,0.010963946612753548,1.7106451583280797,0.9112528458876635,0.18692372170997487,0.41542522998903963,0.34441281371682864,"LUNCH BAG RED RETROSPOT, LUNCH BAG SPACEBOY DESIGN ",LUNCH BAG APPLE DESIGN,"LUNCH BAG RED RETROSPOT, LUNCH BAG SPACEBOY DESIGN  → LUNCH BAG APPLE DESIGN"
"frozenset({'LUNCH BAG PINK POLKADOT', 'LUNCH BAG APPLE DESIGN'})",frozenset({'LUNCH BAG RED RETROSPOT'}),0.018036517009822964,0.07725178977745713,0.012209334591264775,0.676923076923077,8.762555260831123,1.0,0.010815981370904403,2.856125412593585,0.9021496758017614,0.14696058784235136,0.6498753186429858,0.4174845269672856,"LUNCH BAG APPLE DESIGN, LUNCH BAG PINK POLKADOT",LUNCH BAG RED RETROSPOT,"LUNCH BAG APPLE DESIGN, LUNCH BAG PINK POLKADOT → LUNCH BAG RED RETROSPOT"
"frozenset({'JUMBO BAG RED RETROSPOT', 'JUMBO STORAGE BAG SUKI'})",frozenset({'JUMBO SHOPPER VINTAGE RED PAISLEY'}),0.038736888839558246,0.06287807314501359,0.02131083855929852,0.5501432664756447,8.749365859333313,1.0,0.018875137629434515,2.08315638517446,0.9213980981660027,0.2653766413268832,0.519959227681194,0.4445332395926326,"JUMBO BAG RED RETROSPOT, JUMBO STORAGE BAG SUKI",JUMBO SHOPPER VINTAGE RED PAISLEY,"JUMBO BAG RED RETROSPOT, JUMBO STORAGE BAG SUKI → JUMBO SHOPPER VINTAGE RED PAISLEY"
"frozenset({'JUMBO BAG RED RETROSPOT', 'JUMBO  BAG BAROQUE BLACK WHITE'})",frozenset({'JUMBO STORAGE BAG SKULLS'}),0.031633275986458737,0.03795993118375048,0.01048892835340474,0.3315789473684211,8.734972299168977,1.0,0.00928813137384218,1.439272543898326,0.9144445445093047,0.17746478873239435,0.30520456029025556,0.30394736842105263,"JUMBO  BAG BAROQUE BLACK WHITE, JUMBO BAG RED RETROSPOT",JUMBO STORAGE BAG SKULLS,"JUMBO  BAG BAROQUE BLACK WHITE, JUMBO BAG RED RETROSPOT → JUMBO STORAGE BAG SKULLS"
"frozenset({'LUNCH BAG RED RETROSPOT', 'LUNCH BAG PINK POLKADOT'})",frozenset({'LUNCH BAG SUKI DESIGN '}),0.0307453243798213,0.05666241189855153,0.01520617126366613,0.49458483754512633,8.728623102571627,1.0,0.013464067029702117,1.8664607993150086,0.9135208895371556,0.2106072252113759,0.4642266259398536,0.3814745931114466,"LUNCH BAG PINK POLKADOT, LUNCH BAG RED RETROSPOT",LUNCH BAG SUKI DESIGN ,"LUNCH BAG PINK POLKADOT, LUNCH BAG RED RETROSPOT → LUNCH BAG SUKI DESIGN "
"frozenset({'HEART OF WICKER LARGE', 'WHITE HANGING HEART T-LIGHT HOLDER'})",frozenset({'HEART OF WICKER SMALL'}),0.01959043232143848,0.06459847938287364,0.011043898107553138,0.5637393767705382,8.72682115981815,1.0,0.009778385969135113,2.1441346544015945,0.9031029140949853,0.15098634294385432,0.5336113811942051,0.36735078804162646,"HEART OF WICKER LARGE, WHITE HANGING HEART T-LIGHT HOLDER",HEART OF WICKER SMALL,"HEART OF WICKER LARGE, WHITE HANGING HEART T-LIGHT HOLDER → HEART OF WICKER SMALL"
"frozenset({'LUNCH BAG PINK POLKADOT', 'LUNCH BAG SUKI DESIGN '})",frozenset({'LUNCH BAG SPACEBOY DESIGN '}),0.021643820411787557,0.05760586048060381,0.010877407181308618,0.5025641025641026,8.724183587767403,1.0,0.009630596282399938,1.8945036825389923,0.9049629494999543,0.15909090909090906,0.4721572677759004,0.3456943826886023,"LUNCH BAG PINK POLKADOT, LUNCH BAG SUKI DESIGN ",LUNCH BAG SPACEBOY DESIGN ,"LUNCH BAG PINK POLKADOT, LUNCH BAG SUKI DESIGN  → LUNCH BAG SPACEBOY DESIGN "
"frozenset({'JUMBO BAG PINK VINTAGE PAISLEY', 'JUMBO SHOPPER VINTAGE RED PAISLEY'})",frozenset({'JUMBO BAG PINK POLKADOT'}),0.022254287141350797,0.06432099450579944,0.012486819468338975,0.5610972568578553,8.723392123659787,1.0,0.011055401587389668,2.1318595522907633,0.9055173370668886,0.16853932584269662,0.5309259472907292,0.37761506501218906,"JUMBO BAG PINK VINTAGE PAISLEY, JUMBO SHOPPER VINTAGE RED PAISLEY",JUMBO BAG PINK POLKADOT,"JUMBO BAG PINK VINTAGE PAISLEY, JUMBO SHOPPER VINTAGE RED PAISLEY → JUMBO BAG PINK POLKADOT"
frozenset({'JUMBO BAG VINTAGE DOILY '}),"frozenset({""JUMBO BAG 50'S CHRISTMAS ""})",0.03635051889672013,0.03729396747877241,0.011820855763360897,0.3251908396946565,8.719663304252999,1.0,0.010465200693790115,1.4266345052067966,0.9187123431675054,0.1912028725314183,0.2990496189806892,0.3210775627044711,JUMBO BAG VINTAGE DOILY ,JUMBO BAG 50'S CHRISTMAS ,JUMBO BAG VINTAGE DOILY  → JUMBO BAG 50'S CHRISTMAS 
"frozenset({""JUMBO BAG 50'S CHRISTMAS ""})",frozenset({'JUMBO BAG VINTAGE DOILY '}),0.03729396747877241,0.03635051889672013,0.011820855763360897,0.3169642857142857,8.719663304252999,1.0,0.010465200693790115,1.4108332272361743,0.919612678086157,0.1912028725314183,0.29119900162898604,0.3210775627044711,JUMBO BAG 50'S CHRISTMAS ,JUMBO BAG VINTAGE DOILY ,JUMBO BAG 50'S CHRISTMAS  → JUMBO BAG VINTAGE DOILY 
"frozenset({'JUMBO STORAGE BAG SKULLS', 'JUMBO BAG RED RETROSPOT'})",frozenset({'JUMBO SHOPPER VINTAGE RED PAISLEY'}),0.022476275043010155,0.06287807314501359,0.012320328542094456,0.5481481481481482,8.717635905985421,1.0,0.01090706367591262,2.0739583627118554,0.9056455399421224,0.16869300911854107,0.5178302428924246,0.37204406524794875,"JUMBO BAG RED RETROSPOT, JUMBO STORAGE BAG SKULLS",JUMBO SHOPPER VINTAGE RED PAISLEY,"JUMBO BAG RED RETROSPOT, JUMBO STORAGE BAG SKULLS → JUMBO SHOPPER VINTAGE RED PAISLEY"
frozenset({'BOX OF 24 COCKTAIL PARASOLS'}),frozenset({'WOODLAND CHARLOTTE BAG'}),0.03052333647816194,0.037793440257505966,0.01004495255008602,0.3290909090909091,8.707619810439194,1.0,0.008891370656438854,1.4341832191283788,0.9130266748769486,0.17238095238095236,0.30273901781688145,0.29743825924442663,BOX OF 24 COCKTAIL PARASOLS,WOODLAND CHARLOTTE BAG,BOX OF 24 COCKTAIL PARASOLS → WOODLAND CHARLOTTE BAG
frozenset({'GINGERBREAD MAN COOKIE CUTTER'}),frozenset({'SET OF 3 BUTTERFLY COOKIE CUTTERS'}),0.033020700371829734,0.03518508241300849,0.01010044952550086,0.3058823529411765,8.69352384486918,1.0,0.008938613461582772,1.3899875931338015,0.9151921311012219,0.17382999044890168,0.2805691180700063,0.2964742994989794,GINGERBREAD MAN COOKIE CUTTER,SET OF 3 BUTTERFLY COOKIE CUTTERS,GINGERBREAD MAN COOKIE CUTTER → SET OF 3 BUTTERFLY COOKIE CUTTERS
"frozenset({'RECYCLING BAG RETROSPOT ', 'JUMBO BAG RED RETROSPOT'})",frozenset({'JUMBO STORAGE BAG SUKI'}),0.022309784116765638,0.06271158221876907,0.012153837615849936,0.544776119402985,8.687009642055209,1.0,0.010754755754928399,2.058961442339097,0.9050776763726818,0.16679360243716682,0.514318248299034,0.3692907145687491,"JUMBO BAG RED RETROSPOT, RECYCLING BAG RETROSPOT ",JUMBO STORAGE BAG SUKI,"JUMBO BAG RED RETROSPOT, RECYCLING BAG RETROSPOT  → JUMBO STORAGE BAG SUKI"
"frozenset({'JUMBO STORAGE BAG SUKI', 'JUMBO  BAG BAROQUE BLACK WHITE'})",frozenset({'JUMBO BAG PINK POLKADOT'}),0.023253232698817915,0.06432099450579944,0.012986292247072534,0.558472553699284,8.68258580250854,1.0,0.011490621194409792,2.1191865043355134,0.9058918512043512,0.17410714285714285,0.5281208152495491,0.38018537089623383,"JUMBO  BAG BAROQUE BLACK WHITE, JUMBO STORAGE BAG SUKI",JUMBO BAG PINK POLKADOT,"JUMBO  BAG BAROQUE BLACK WHITE, JUMBO STORAGE BAG SUKI → JUMBO BAG PINK POLKADOT"
"frozenset({'JUMBO BAG RED RETROSPOT', 'JUMBO  BAG BAROQUE BLACK WHITE'})",frozenset({'JUMBO BAG PINK POLKADOT'}),0.031633275986458737,0.06432099450579944,0.017648038181919085,0.5578947368421053,8.673602470369193,1.0,0.015613354410993636,2.1164167981416444,0.913608067500219,0.22537207654145994,0.5275032777673723,0.41613459879206216,"JUMBO  BAG BAROQUE BLACK WHITE, JUMBO BAG RED RETROSPOT",JUMBO BAG PINK POLKADOT,"JUMBO  BAG BAROQUE BLACK WHITE, JUMBO BAG RED RETROSPOT → JUMBO BAG PINK POLKADOT"
frozenset({'PACK OF 72 RETROSPOT CAKE CASES'}),frozenset({'60 TEATIME FAIRY CAKE CASES'}),0.06265608524335424,0.04178922248737444,0.022698262944669517,0.3622674933569531,8.668921597342546,1.0,0.02007991385824709,1.502527733071881,0.9437788885655928,0.27766463000678887,0.3344548802733081,0.4527140919640011,PACK OF 72 RETROSPOT CAKE CASES,60 TEATIME FAIRY CAKE CASES,PACK OF 72 RETROSPOT CAKE CASES → 60 TEATIME FAIRY CAKE CASES
frozenset({'60 TEATIME FAIRY CAKE CASES'}),frozenset({'PACK OF 72 RETROSPOT CAKE CASES'}),0.04178922248737444,0.06265608524335424,0.022698262944669517,0.5431606905710491,8.668921597342544,1.0,0.02007991385824709,2.0518022320109135,0.9232263076493028,0.27766463000678887,0.5126235928596645,0.4527140919640011,60 TEATIME FAIRY CAKE CASES,PACK OF 72 RETROSPOT CAKE CASES,60 TEATIME FAIRY CAKE CASES → PACK OF 72 RETROSPOT CAKE CASES
"frozenset({'LUNCH BAG WOODLAND', 'LUNCH BAG SPACEBOY DESIGN '})",frozenset({'LUNCH BAG  BLACK SKULL.'}),0.023253232698817915,0.06748432210444531,0.013596758976635773,0.58472553699284,8.664613035422684,1.0,0.012027530331219125,2.2455406266565365,0.9056472634508349,0.17625899280575535,0.5546729423956427,0.39310290007536736,"LUNCH BAG SPACEBOY DESIGN , LUNCH BAG WOODLAND",LUNCH BAG  BLACK SKULL.,"LUNCH BAG SPACEBOY DESIGN , LUNCH BAG WOODLAND → LUNCH BAG  BLACK SKULL."
"frozenset({'JUMBO BAG RED RETROSPOT', 'JUMBO SHOPPER VINTAGE RED PAISLEY'})",frozenset({'JUMBO BAG PINK POLKADOT'}),0.03646151284754981,0.06432099450579944,0.0203118930018314,0.5570776255707762,8.660898822398462,1.0,0.017966652234291013,2.112512393847731,0.9180105978573897,0.2524137931034483,0.5266299961542003,0.43643354962749337,"JUMBO BAG RED RETROSPOT, JUMBO SHOPPER VINTAGE RED PAISLEY",JUMBO BAG PINK POLKADOT,"JUMBO BAG RED RETROSPOT, JUMBO SHOPPER VINTAGE RED PAISLEY → JUMBO BAG PINK POLKADOT"
"frozenset({'JUMBO BAG PINK VINTAGE PAISLEY', 'JUMBO BAG SCANDINAVIAN BLUE PAISLEY'})",frozenset({'JUMBO BAG PINK POLKADOT'}),0.018036517009822964,0.06432099450579944,0.01004495255008602,0.5569230769230769,8.658496050972323,1.0,0.008884825838593438,2.1117755332334385,0.9007529474360632,0.13891020721412123,0.5264648234327949,0.35654609411296206,"JUMBO BAG PINK VINTAGE PAISLEY, JUMBO BAG SCANDINAVIAN BLUE PAISLEY",JUMBO BAG PINK POLKADOT,"JUMBO BAG PINK VINTAGE PAISLEY, JUMBO BAG SCANDINAVIAN BLUE PAISLEY → JUMBO BAG PINK POLKADOT"
"frozenset({'LUNCH BAG PINK POLKADOT', 'LUNCH BAG  BLACK SKULL.'})",frozenset({'LUNCH BAG SUKI DESIGN '}),0.028969421166546425,0.05666241189855153,0.014207225706199013,0.4904214559386973,8.655146145503807,1.0,0.012565748431597542,1.8512113571013384,0.9108485561810596,0.1989121989121989,0.45981316711138875,0.370578014942904,"LUNCH BAG  BLACK SKULL., LUNCH BAG PINK POLKADOT",LUNCH BAG SUKI DESIGN ,"LUNCH BAG  BLACK SKULL., LUNCH BAG PINK POLKADOT → LUNCH BAG SUKI DESIGN "
frozenset({'HANGING HEART ZINC T-LIGHT HOLDER'}),frozenset({'DOTCOM POSTAGE'}),0.03207725178977746,0.03918086464287696,0.010877407181308618,0.33910034602076117,8.654743817206935,1.0,0.009620592720817864,1.4538048697288404,0.9137675826021022,0.18014705882352938,0.3121497796423552,0.30836037131066385,HANGING HEART ZINC T-LIGHT HOLDER,DOTCOM POSTAGE,HANGING HEART ZINC T-LIGHT HOLDER → DOTCOM POSTAGE
"frozenset({'JUMBO STORAGE BAG SKULLS', 'JUMBO STORAGE BAG SUKI'})",frozenset({'JUMBO BAG PINK POLKADOT'}),0.02025639602641656,0.06432099450579944,0.011265886009212498,0.5561643835616439,8.646700627607645,1.0,0.009962974471690061,2.108165660527057,0.9026330431540934,0.15367146101438303,0.5256539755277142,0.3656576878981645,"JUMBO STORAGE BAG SKULLS, JUMBO STORAGE BAG SUKI",JUMBO BAG PINK POLKADOT,"JUMBO STORAGE BAG SKULLS, JUMBO STORAGE BAG SUKI → JUMBO BAG PINK POLKADOT"
frozenset({'SCOTTIE DOG HOT WATER BOTTLE'}),frozenset({'HOT WATER BOTTLE I AM SO POORLY'}),0.04073477995449248,0.03524057938842333,0.012375825517509296,0.3038147138964578,8.62116114913429,1.0,0.010940308270653048,1.3857796765731845,0.9215452886260541,0.19458987783595116,0.2783845679763157,0.32749790812933127,SCOTTIE DOG HOT WATER BOTTLE,HOT WATER BOTTLE I AM SO POORLY,SCOTTIE DOG HOT WATER BOTTLE → HOT WATER BOTTLE I AM SO POORLY
frozenset({'HOT WATER BOTTLE I AM SO POORLY'}),frozenset({'SCOTTIE DOG HOT WATER BOTTLE'}),0.03524057938842333,0.04073477995449248,0.012375825517509296,0.35118110236220473,8.621161149134288,1.0,0.010940308270653048,1.4784791619633428,0.9162971878682319,0.19458987783595116,0.3236292903363938,0.32749790812933127,HOT WATER BOTTLE I AM SO POORLY,SCOTTIE DOG HOT WATER BOTTLE,HOT WATER BOTTLE I AM SO POORLY → SCOTTIE DOG HOT WATER BOTTLE
"frozenset({'LUNCH BAG WOODLAND', 'LUNCH BAG SPACEBOY DESIGN '})",frozenset({'LUNCH BAG SUKI DESIGN '}),0.023253232698817915,0.05666241189855153,0.011321382984627338,0.4868735083532219,8.592530604325862,1.0,0.01000379873547405,1.8384113926256131,0.9046560271836007,0.1650485436893204,0.4560521088961469,0.34333881098366287,"LUNCH BAG SPACEBOY DESIGN , LUNCH BAG WOODLAND",LUNCH BAG SUKI DESIGN ,"LUNCH BAG SPACEBOY DESIGN , LUNCH BAG WOODLAND → LUNCH BAG SUKI DESIGN "
"frozenset({'LUNCH BAG RED RETROSPOT', 'LUNCH BAG  BLACK SKULL.'})",frozenset({'LUNCH BAG CARS BLUE'}),0.033686664076807815,0.05910427881680448,0.017093068427770686,0.5074135090609555,8.58505541762381,1.0,0.015102042441767006,1.9101127182548483,0.914318868014595,0.22580645161290322,0.47647068655003877,0.3983076934976139,"LUNCH BAG  BLACK SKULL., LUNCH BAG RED RETROSPOT",LUNCH BAG CARS BLUE,"LUNCH BAG  BLACK SKULL., LUNCH BAG RED RETROSPOT → LUNCH BAG CARS BLUE"
"frozenset({'LUNCH BAG PINK POLKADOT', 'LUNCH BAG  BLACK SKULL.'})",frozenset({'LUNCH BAG RED RETROSPOT'}),0.028969421166546425,0.07725178977745713,0.019201953493534603,0.6628352490421455,8.58019278196151,1.0,0.01696401385960194,2.7367873053191323,0.9098091464730039,0.22066326530612243,0.6346080683521031,0.4556992337164751,"LUNCH BAG  BLACK SKULL., LUNCH BAG PINK POLKADOT",LUNCH BAG RED RETROSPOT,"LUNCH BAG  BLACK SKULL., LUNCH BAG PINK POLKADOT → LUNCH BAG RED RETROSPOT"
frozenset({'SUKI  SHOULDER BAG'}),frozenset({'CHARLOTTE BAG SUKI DESIGN'}),0.028136966535323826,0.044619568233531276,0.010766413230478939,0.38264299802761337,8.575676842611399,1.0,0.009510953932271471,1.5475331594428101,0.908966693825265,0.17367949865711726,0.35381029227183064,0.3119682651829609,SUKI  SHOULDER BAG,CHARLOTTE BAG SUKI DESIGN,SUKI  SHOULDER BAG → CHARLOTTE BAG SUKI DESIGN
frozenset({'JUMBO BAG TOYS '}),frozenset({'JUMBO BAG PINK POLKADOT'}),0.028081469559908985,0.06432099450579944,0.01548365614074033,0.5513833992094862,8.572370552507103,1.0,0.013677428091462648,2.0856985761236366,0.9088685169255731,0.20129870129870128,0.5205443339475523,0.3960540809679873,JUMBO BAG TOYS ,JUMBO BAG PINK POLKADOT,JUMBO BAG TOYS  → JUMBO BAG PINK POLKADOT
frozenset({'WOODEN BOX OF DOMINOES'}),frozenset({'VINTAGE SNAP CARDS'}),0.03013485765025806,0.0485598534879849,0.012542316443753816,0.41620626151012896,8.570995001315445,1.0,0.011078972171376003,1.6297539418171112,0.9107734602397826,0.18959731543624167,0.38641044249597606,0.33724598789792165,WOODEN BOX OF DOMINOES,VINTAGE SNAP CARDS,WOODEN BOX OF DOMINOES → VINTAGE SNAP CARDS
"frozenset({'JUMBO BAG PINK VINTAGE PAISLEY', 'JUMBO BAG RED RETROSPOT'})",frozenset({'JUMBO STORAGE BAG SUKI'}),0.027082524002441866,0.06271158221876907,0.014540207558688052,0.5368852459016393,8.561181633541274,1.0,0.012841819628017132,2.0238794153860207,0.9077786307439689,0.19321533923303838,0.5058994165374883,0.38437182649064267,"JUMBO BAG PINK VINTAGE PAISLEY, JUMBO BAG RED RETROSPOT",JUMBO STORAGE BAG SUKI,"JUMBO BAG PINK VINTAGE PAISLEY, JUMBO BAG RED RETROSPOT → JUMBO STORAGE BAG SUKI"
frozenset({'DOLLY GIRL LUNCH BOX'}),frozenset({'DOTCOM POSTAGE'}),0.03879238581497308,0.03918086464287696,0.012986292247072534,0.3347639484978541,8.544067405074834,1.0,0.011466373029281813,1.4443281196013529,0.91859418487594,0.19982920580700259,0.3076365498748243,0.3331043538523265,DOLLY GIRL LUNCH BOX,DOTCOM POSTAGE,DOLLY GIRL LUNCH BOX → DOTCOM POSTAGE
frozenset({'DOTCOM POSTAGE'}),frozenset({'DOLLY GIRL LUNCH BOX'}),0.03918086464287696,0.03879238581497308,0.012986292247072534,0.3314447592067989,8.544067405074834,1.0,0.011466373029281813,1.4377385076581122,0.9189655912927442,0.19982920580700259,0.3044632284149717,0.3331043538523265,DOTCOM POSTAGE,DOLLY GIRL LUNCH BOX,DOTCOM POSTAGE → DOLLY GIRL LUNCH BOX
frozenset({'SET OF TEA COFFEE SUGAR TINS PANTRY'}),frozenset({'SET OF 3 CAKE TINS PANTRY DESIGN '}),0.021976802264276597,0.06887174648981631,0.012930795271657695,0.5883838383838383,8.54318161469652,1.0,0.011417214517455615,2.26212753613517,0.9027879826377886,0.16595441595441596,0.5579382753509586,0.3880678257189135,SET OF TEA COFFEE SUGAR TINS PANTRY,SET OF 3 CAKE TINS PANTRY DESIGN ,SET OF TEA COFFEE SUGAR TINS PANTRY → SET OF 3 CAKE TINS PANTRY DESIGN 
"frozenset({'JUMBO BAG RED RETROSPOT', 'JUMBO BAG APPLES'})",frozenset({'JUMBO STORAGE BAG SUKI'}),0.028192463510738664,0.06271158221876907,0.01509517731283645,0.5354330708661418,8.538025224723016,1.0,0.013327183319433117,2.017553034885023,0.9084894536879341,0.1991215226939971,0.5043500801667955,0.38807051773395584,"JUMBO BAG APPLES, JUMBO BAG RED RETROSPOT",JUMBO STORAGE BAG SUKI,"JUMBO BAG APPLES, JUMBO BAG RED RETROSPOT → JUMBO STORAGE BAG SUKI"
"frozenset({'LUNCH BAG RED RETROSPOT', 'RED RETROSPOT CHARLOTTE BAG'})",frozenset({'LUNCH BAG  BLACK SKULL.'}),0.0200344081247572,0.06748432210444531,0.011543370886286698,0.5761772853185596,8.537942848811781,1.0,0.010191362435223667,2.2002494099365704,0.9009252724849055,0.15193571950328708,0.5455060705918661,0.3736149584487535,"LUNCH BAG RED RETROSPOT, RED RETROSPOT CHARLOTTE BAG",LUNCH BAG  BLACK SKULL.,"LUNCH BAG RED RETROSPOT, RED RETROSPOT CHARLOTTE BAG → LUNCH BAG  BLACK SKULL."
frozenset({'JUMBO BAG SPACEBOY DESIGN'}),frozenset({'DOTCOM POSTAGE'}),0.034519118708030413,0.03918086464287696,0.011543370886286698,0.33440514469453375,8.534909776559212,1.0,0.010190881968595956,1.4435495222032138,0.9143983710719353,0.1857142857142857,0.3072631145526947,0.31451135421695525,JUMBO BAG SPACEBOY DESIGN,DOTCOM POSTAGE,JUMBO BAG SPACEBOY DESIGN → DOTCOM POSTAGE
"frozenset({'JUMBO BAG RED RETROSPOT', 'JUMBO BAG APPLES'})",frozenset({'JUMBO BAG PINK VINTAGE PAISLEY'}),0.028192463510738664,0.04523003496309451,0.010877407181308618,0.3858267716535433,8.530322206656683,1.0,0.009602261071022142,1.5545613533293203,0.9083806213936663,0.17391304347826086,0.3567317250886536,0.31315878459977775,"JUMBO BAG APPLES, JUMBO BAG RED RETROSPOT",JUMBO BAG PINK VINTAGE PAISLEY,"JUMBO BAG APPLES, JUMBO BAG RED RETROSPOT → JUMBO BAG PINK VINTAGE PAISLEY"
"frozenset({'DOTCOM POSTAGE', 'JUMBO BAG RED RETROSPOT'})",frozenset({'JUMBO BAG PINK VINTAGE PAISLEY'}),0.026916033076197346,0.04523003496309451,0.01037793440257506,0.38556701030927837,8.52457909050661,1.0,0.009160521285470846,1.5539041377278495,0.9071079015925667,0.1680143755615454,0.3564596581471104,0.3075074315350073,"DOTCOM POSTAGE, JUMBO BAG RED RETROSPOT",JUMBO BAG PINK VINTAGE PAISLEY,"DOTCOM POSTAGE, JUMBO BAG RED RETROSPOT → JUMBO BAG PINK VINTAGE PAISLEY"
"frozenset({'LUNCH BAG RED RETROSPOT', 'LUNCH BAG  BLACK SKULL.'})",frozenset({'LUNCH BAG SPACEBOY DESIGN '}),0.033686664076807815,0.05760586048060381,0.016538098673622287,0.49093904448105435,8.522380195090673,1.0,0.014597549402756729,1.8512402675995907,0.9134323778864225,0.22123236822568668,0.459821603115489,0.38901480162395685,"LUNCH BAG  BLACK SKULL., LUNCH BAG RED RETROSPOT",LUNCH BAG SPACEBOY DESIGN ,"LUNCH BAG  BLACK SKULL., LUNCH BAG RED RETROSPOT → LUNCH BAG SPACEBOY DESIGN "
"frozenset({'JUMBO BAG PINK POLKADOT', 'JUMBO BAG APPLES'})",frozenset({'JUMBO SHOPPER VINTAGE RED PAISLEY'}),0.019368444419779123,0.06287807314501359,0.01037793440257506,0.5358166189111748,8.521517790079841,1.0,0.009160083937643058,2.0188614350147547,0.9000832251406505,0.14440154440154443,0.5046713049958818,0.3504325813002476,"JUMBO BAG APPLES, JUMBO BAG PINK POLKADOT",JUMBO SHOPPER VINTAGE RED PAISLEY,"JUMBO BAG APPLES, JUMBO BAG PINK POLKADOT → JUMBO SHOPPER VINTAGE RED PAISLEY"
"frozenset({'LUNCH BAG  BLACK SKULL.', 'LUNCH BAG VINTAGE LEAF DESIGN'})",frozenset({'LUNCH BAG RED RETROSPOT'}),0.01603862589488873,0.07725178977745713,0.010544425328819579,0.657439446366782,8.510345821898738,1.0,0.009305412772868355,2.693679118730453,0.8968806958173776,0.12743125419181756,0.6287605331137934,0.3969668496201726,"LUNCH BAG  BLACK SKULL., LUNCH BAG VINTAGE LEAF DESIGN",LUNCH BAG RED RETROSPOT,"LUNCH BAG  BLACK SKULL., LUNCH BAG VINTAGE LEAF DESIGN → LUNCH BAG RED RETROSPOT"
"frozenset({'LUNCH BAG  BLACK SKULL.', 'LUNCH BAG APPLE DESIGN'})",frozenset({'LUNCH BAG RED RETROSPOT'}),0.022032299239691435,0.07725178977745713,0.014484710583273212,0.6574307304785895,8.51023299748111,1.0,0.012782676034094541,2.6936105842525704,0.9023758181061552,0.17081151832460734,0.6287510875379625,0.42246536523929473,"LUNCH BAG  BLACK SKULL., LUNCH BAG APPLE DESIGN",LUNCH BAG RED RETROSPOT,"LUNCH BAG  BLACK SKULL., LUNCH BAG APPLE DESIGN → LUNCH BAG RED RETROSPOT"
"frozenset({'JUMBO BAG RED RETROSPOT', 'JUMBO  BAG BAROQUE BLACK WHITE'})",frozenset({'JUMBO SHOPPER VINTAGE RED PAISLEY'}),0.031633275986458737,0.06287807314501359,0.016926577501526166,0.5350877192982456,8.509925519889752,1.0,0.014937538060233211,2.0156962200277064,0.911318136508363,0.21816881258941345,0.5038934984031203,0.40214227094656324,"JUMBO  BAG BAROQUE BLACK WHITE, JUMBO BAG RED RETROSPOT",JUMBO SHOPPER VINTAGE RED PAISLEY,"JUMBO  BAG BAROQUE BLACK WHITE, JUMBO BAG RED RETROSPOT → JUMBO SHOPPER VINTAGE RED PAISLEY"
frozenset({'JUMBO STORAGE BAG SKULLS'}),frozenset({'JUMBO STORAGE BAG SUKI'}),0.03795993118375048,0.06271158221876907,0.02025639602641656,0.5336257309941521,8.509205351135954,1.0,0.017875868680967976,2.009734413048157,0.9173008917741051,0.25189786059351277,0.502421815784453,0.4283172902758371,JUMBO STORAGE BAG SKULLS,JUMBO STORAGE BAG SUKI,JUMBO STORAGE BAG SKULLS → JUMBO STORAGE BAG SUKI
frozenset({'JUMBO STORAGE BAG SUKI'}),frozenset({'JUMBO STORAGE BAG SKULLS'}),0.06271158221876907,0.03795993118375048,0.02025639602641656,0.3230088495575221,8.509205351135952,1.0,0.017875868680967976,1.421052650669754,0.9415247177988105,0.25189786059351277,0.2962963057500428,0.4283172902758371,JUMBO STORAGE BAG SUKI,JUMBO STORAGE BAG SKULLS,JUMBO STORAGE BAG SUKI → JUMBO STORAGE BAG SKULLS
"frozenset({'LUNCH BAG CARS BLUE', 'LUNCH BAG  BLACK SKULL.'})",frozenset({'LUNCH BAG APPLE DESIGN'}),0.027914978633664465,0.0507797325045785,0.012042843665020257,0.43141153081510936,8.495742484980827,1.0,0.01062532851713175,1.6694328480776122,0.9076304692589158,0.18068276436303085,0.40099417526645553,0.3342850003802323,"LUNCH BAG  BLACK SKULL., LUNCH BAG CARS BLUE",LUNCH BAG APPLE DESIGN,"LUNCH BAG  BLACK SKULL., LUNCH BAG CARS BLUE → LUNCH BAG APPLE DESIGN"
"frozenset({'ROSES REGENCY TEACUP AND SAUCER ', 'GREEN REGENCY TEACUP AND SAUCER'})",frozenset({'DOTCOM POSTAGE'}),0.03884788279038792,0.03918086464287696,0.012930795271657695,0.33285714285714285,8.49540064751113,1.0,0.011408701634385156,1.4401999887580004,0.9179496481945577,0.19863597612958228,0.3056519873587973,0.33144273573452043,"GREEN REGENCY TEACUP AND SAUCER, ROSES REGENCY TEACUP AND SAUCER ",DOTCOM POSTAGE,"GREEN REGENCY TEACUP AND SAUCER, ROSES REGENCY TEACUP AND SAUCER  → DOTCOM POSTAGE"
frozenset({'JUMBO BAG SPACEBOY DESIGN'}),frozenset({'JUMBO STORAGE BAG SUKI'}),0.034519118708030413,0.06271158221876907,0.018369498862312005,0.5321543408360129,8.485742537631962,1.0,0.016204750311333907,2.0034137314774076,0.9136952285588705,0.23293455313159747,0.5008519786561736,0.41253734740915693,JUMBO BAG SPACEBOY DESIGN,JUMBO STORAGE BAG SUKI,JUMBO BAG SPACEBOY DESIGN → JUMBO STORAGE BAG SUKI
frozenset({'JUMBO BAG SCANDINAVIAN BLUE PAISLEY'}),frozenset({'DOTCOM POSTAGE'}),0.03524057938842333,0.03918086464287696,0.011709861812531218,0.3322834645669292,8.480758849902971,1.0,0.010329105441576843,1.4389626201692765,0.9143067220934213,0.18672566371681418,0.30505491526780437,0.31557516004550423,JUMBO BAG SCANDINAVIAN BLUE PAISLEY,DOTCOM POSTAGE,JUMBO BAG SCANDINAVIAN BLUE PAISLEY → DOTCOM POSTAGE
"frozenset({'LUNCH BAG RED RETROSPOT', 'LUNCH BAG  BLACK SKULL.'})",frozenset({'LUNCH BAG APPLE DESIGN'}),0.033686664076807815,0.0507797325045785,0.014484710583273212,0.42998352553542013,8.467620925270749,1.0,0.012774110792481318,1.6652505848835863,0.9126471108576197,0.20697858842188738,0.39948977704763416,0.35761471358738217,"LUNCH BAG  BLACK SKULL., LUNCH BAG RED RETROSPOT",LUNCH BAG APPLE DESIGN,"LUNCH BAG  BLACK SKULL., LUNCH BAG RED RETROSPOT → LUNCH BAG APPLE DESIGN"
frozenset({'JUMBO BAG SCANDINAVIAN BLUE PAISLEY'}),frozenset({'JUMBO SHOPPER VINTAGE RED PAISLEY'}),0.03524057938842333,0.06287807314501359,0.018757977690215883,0.5322834645669291,8.46532722685922,1.0,0.016542117961757943,2.003610853713523,0.9140839226439602,0.23636363636363636,0.5009010865824645,0.4153032503770215,JUMBO BAG SCANDINAVIAN BLUE PAISLEY,JUMBO SHOPPER VINTAGE RED PAISLEY,JUMBO BAG SCANDINAVIAN BLUE PAISLEY → JUMBO SHOPPER VINTAGE RED PAISLEY
frozenset({'JUMBO BAG APPLES'}),frozenset({'JUMBO BAG VINTAGE LEAF'}),0.0491148232421333,0.04528553193850935,0.018813474665630724,0.3830508474576272,8.458570122964442,1.0,0.016589283769044855,1.5474767476820865,0.9273219629551964,0.24889867841409694,0.35378673605411753,0.3992460119641077,JUMBO BAG APPLES,JUMBO BAG VINTAGE LEAF,JUMBO BAG APPLES → JUMBO BAG VINTAGE LEAF
frozenset({'JUMBO BAG VINTAGE LEAF'}),frozenset({'JUMBO BAG APPLES'}),0.04528553193850935,0.0491148232421333,0.018813474665630724,0.41544117647058826,8.45857012296444,1.0,0.016589283769044855,1.626671497346791,0.9236025410262361,0.24889867841409694,0.38524772725712214,0.3992460119641077,JUMBO BAG VINTAGE LEAF,JUMBO BAG APPLES,JUMBO BAG VINTAGE LEAF → JUMBO BAG APPLES
frozenset({'JUMBO BAG PEARS'}),frozenset({'JUMBO BAG ALPHABET'}),0.03041234252733226,0.04706143515178423,0.012098340640435096,0.3978102189781022,8.452998037460405,1.0,0.010667092154771199,1.5824555561721887,0.9093543744049771,0.18505942275042442,0.3680707201541217,0.3274428453381077,JUMBO BAG PEARS,JUMBO BAG ALPHABET,JUMBO BAG PEARS → JUMBO BAG ALPHABET
"frozenset({'LUNCH BAG PINK POLKADOT', 'LUNCH BAG  BLACK SKULL.'})",frozenset({'LUNCH BAG SPACEBOY DESIGN '}),0.028969421166546425,0.05760586048060381,0.014096231755369332,0.4865900383141762,8.446884297093584,1.0,0.012427423321445408,1.8355587344370325,0.907914922648157,0.19448698315467078,0.4552067546306543,0.36564569353088383,"LUNCH BAG  BLACK SKULL., LUNCH BAG PINK POLKADOT",LUNCH BAG SPACEBOY DESIGN ,"LUNCH BAG  BLACK SKULL., LUNCH BAG PINK POLKADOT → LUNCH BAG SPACEBOY DESIGN "
"frozenset({'JUMBO BAG OWLS', 'JUMBO BAG RED RETROSPOT'})",frozenset({'JUMBO BAG PINK POLKADOT'}),0.02053388090349076,0.06432099450579944,0.011154892058382819,0.5432432432432434,8.445815358067302,1.0,0.00983413241760665,2.048528000194404,0.9000803112320994,0.15135542168674698,0.5118446026097273,0.3583343049693352,"JUMBO BAG OWLS, JUMBO BAG RED RETROSPOT",JUMBO BAG PINK POLKADOT,"JUMBO BAG OWLS, JUMBO BAG RED RETROSPOT → JUMBO BAG PINK POLKADOT"
frozenset({'LUNCH BAG DOLLY GIRL DESIGN'}),frozenset({'LUNCH BAG WOODLAND'}),0.033353682224318774,0.0482823686109107,0.013596758976635773,0.4076539101497504,8.443121617227991,1.0,0.011986364196950034,1.606691844002367,0.9119782256684968,0.19983686786296898,0.37760311429169935,0.34463155277602464,LUNCH BAG DOLLY GIRL DESIGN,LUNCH BAG WOODLAND,LUNCH BAG DOLLY GIRL DESIGN → LUNCH BAG WOODLAND
"frozenset({""BOX OF 6 MINI 50'S CRACKERS""})","frozenset({""PAPER CHAIN KIT 50'S CHRISTMAS ""})",0.0200344081247572,0.062434097341694875,0.010544425328819579,0.5263157894736842,8.429941520467835,1.0,0.009293595141775246,1.979305794500866,0.8993940423604033,0.14660493827160495,0.4947723576729203,0.3476023391812865,BOX OF 6 MINI 50'S CRACKERS,PAPER CHAIN KIT 50'S CHRISTMAS ,BOX OF 6 MINI 50'S CRACKERS → PAPER CHAIN KIT 50'S CHRISTMAS 
"frozenset({'LUNCH BAG RED RETROSPOT', 'LUNCH BAG PINK POLKADOT'})",frozenset({'LUNCH BAG SPACEBOY DESIGN '}),0.0307453243798213,0.05760586048060381,0.01492868638659193,0.48555956678700357,8.42899598644992,1.0,0.013157575519937037,1.8318819413815632,0.909319222619429,0.20332577475434618,0.45411329332401024,0.3723558912933091,"LUNCH BAG PINK POLKADOT, LUNCH BAG RED RETROSPOT",LUNCH BAG SPACEBOY DESIGN ,"LUNCH BAG PINK POLKADOT, LUNCH BAG RED RETROSPOT → LUNCH BAG SPACEBOY DESIGN "
"frozenset({'JUMBO STORAGE BAG SUKI', 'JUMBO BAG PINK POLKADOT'})",frozenset({'JUMBO BAG APPLES'}),0.028025972584494144,0.0491148232421333,0.011598867861701537,0.4138613861386139,8.426404877775914,1.0,0.010222377172025234,1.622287210347036,0.9067376310844695,0.17696867061812024,0.38358633808986137,0.3250097891145047,"JUMBO BAG PINK POLKADOT, JUMBO STORAGE BAG SUKI",JUMBO BAG APPLES,"JUMBO BAG PINK POLKADOT, JUMBO STORAGE BAG SUKI → JUMBO BAG APPLES"
frozenset({'JUMBO BAG SCANDINAVIAN BLUE PAISLEY'}),frozenset({'JUMBO BAG WOODLAND ANIMALS'}),0.03524057938842333,0.04079027692990732,0.012098340640435096,0.34330708661417325,8.41639509347046,1.0,0.010660867648010925,1.460667084291388,0.9133720451580489,0.1892361111111111,0.31538130026040195,0.31995286303497783,JUMBO BAG SCANDINAVIAN BLUE PAISLEY,JUMBO BAG WOODLAND ANIMALS,JUMBO BAG SCANDINAVIAN BLUE PAISLEY → JUMBO BAG WOODLAND ANIMALS
"frozenset({'JUMBO BAG RED RETROSPOT', 'JUMBO BAG APPLES'})",frozenset({'JUMBO BAG PINK POLKADOT'}),0.028192463510738664,0.06432099450579944,0.01526166823908097,0.5413385826771654,8.416203555875619,1.0,0.013448300948501796,2.0400211793607466,0.9067449551191199,0.19755747126436782,0.5098090107508804,0.3893060471625689,"JUMBO BAG APPLES, JUMBO BAG RED RETROSPOT",JUMBO BAG PINK POLKADOT,"JUMBO BAG APPLES, JUMBO BAG RED RETROSPOT → JUMBO BAG PINK POLKADOT"
"frozenset({'LUNCH BAG CARS BLUE', 'LUNCH BAG SPACEBOY DESIGN '})",frozenset({'LUNCH BAG APPLE DESIGN'}),0.02519562683833731,0.0507797325045785,0.010766413230478939,0.42731277533039647,8.415026118774223,1.0,0.009486986039342992,1.657484620934313,0.9039402983322622,0.1651063829787234,0.39667615170009435,0.31966731662694686,"LUNCH BAG CARS BLUE, LUNCH BAG SPACEBOY DESIGN ",LUNCH BAG APPLE DESIGN,"LUNCH BAG CARS BLUE, LUNCH BAG SPACEBOY DESIGN  → LUNCH BAG APPLE DESIGN"
"frozenset({'LUNCH BAG CARS BLUE', 'LUNCH BAG PINK POLKADOT'})",frozenset({'LUNCH BAG SUKI DESIGN '}),0.026083578444974748,0.05666241189855153,0.012431322492924135,0.4765957446808511,8.41114468501886,1.0,0.010953364027286796,1.8023116520637432,0.9047081437281734,0.17679558011049723,0.4451570022005092,0.34799424844228644,"LUNCH BAG CARS BLUE, LUNCH BAG PINK POLKADOT",LUNCH BAG SUKI DESIGN ,"LUNCH BAG CARS BLUE, LUNCH BAG PINK POLKADOT → LUNCH BAG SUKI DESIGN "
"frozenset({'LUNCH BAG RED RETROSPOT', 'LUNCH BAG APPLE DESIGN'})",frozenset({'LUNCH BAG CARS BLUE'}),0.023919196403795993,0.05910427881680448,0.011876352738775737,0.4965197215777262,8.400740716534319,1.0,0.010462625885451871,1.8687836674191578,0.9025511765668607,0.16692667706708272,0.4648925836445116,0.34872934435693825,"LUNCH BAG APPLE DESIGN, LUNCH BAG RED RETROSPOT",LUNCH BAG CARS BLUE,"LUNCH BAG APPLE DESIGN, LUNCH BAG RED RETROSPOT → LUNCH BAG CARS BLUE"
frozenset({'JUMBO BAG WOODLAND ANIMALS'}),frozenset({'JUMBO BAG PINK POLKADOT'}),0.04079027692990732,0.06432099450579944,0.022032299239691435,0.5401360544217687,8.397507821074935,1.0,0.01940862806139283,2.0346865947876847,0.918377941014447,0.2651970607882431,0.5085238175934668,0.4413363619822389,JUMBO BAG WOODLAND ANIMALS,JUMBO BAG PINK POLKADOT,JUMBO BAG WOODLAND ANIMALS → JUMBO BAG PINK POLKADOT
frozenset({'JUMBO BAG PINK POLKADOT'}),frozenset({'JUMBO BAG WOODLAND ANIMALS'}),0.06432099450579944,0.04079027692990732,0.022032299239691435,0.34253666954270917,8.397507821074935,1.0,0.01940862806139283,1.4589554711787893,0.9414735665773252,0.2651970607882431,0.3145781212965793,0.4413363619822389,JUMBO BAG PINK POLKADOT,JUMBO BAG WOODLAND ANIMALS,JUMBO BAG PINK POLKADOT → JUMBO BAG WOODLAND ANIMALS
frozenset({'JUMBO BAG DOLLY GIRL DESIGN'}),frozenset({'JUMBO STORAGE BAG SUKI'}),0.023530717575892115,0.06271158221876907,0.012375825517509296,0.5259433962264151,8.386702704959092,1.0,0.010900176987582104,1.9771656176081687,0.9019880545966357,0.16754320060105182,0.49422547555235796,0.36164426448488896,JUMBO BAG DOLLY GIRL DESIGN,JUMBO STORAGE BAG SUKI,JUMBO BAG DOLLY GIRL DESIGN → JUMBO STORAGE BAG SUKI
"frozenset({'JUMBO BAG PINK POLKADOT', 'JUMBO SHOPPER VINTAGE RED PAISLEY'})",frozenset({'JUMBO BAG APPLES'}),0.02519562683833731,0.0491148232421333,0.01037793440257506,0.4118942731277533,8.386353567784166,1.0,0.009140455643935372,1.6168609372586946,0.9035235055127554,0.1623263888888889,0.38151762037405085,0.311596854078001,"JUMBO BAG PINK POLKADOT, JUMBO SHOPPER VINTAGE RED PAISLEY",JUMBO BAG APPLES,"JUMBO BAG PINK POLKADOT, JUMBO SHOPPER VINTAGE RED PAISLEY → JUMBO BAG APPLES"
"frozenset({'LUNCH BAG WOODLAND', 'LUNCH BAG  BLACK SKULL.'})",frozenset({'LUNCH BAG RED RETROSPOT'}),0.023364226649647594,0.07725178977745713,0.01509517731283645,0.6460807600950119,8.363311218500014,1.0,0.013290248987385013,2.607228164454299,0.9014928166970845,0.17650876054510062,0.6164509061257003,0.4207415294727933,"LUNCH BAG  BLACK SKULL., LUNCH BAG WOODLAND",LUNCH BAG RED RETROSPOT,"LUNCH BAG  BLACK SKULL., LUNCH BAG WOODLAND → LUNCH BAG RED RETROSPOT"
frozenset({'LUNCH BAG WOODLAND'}),frozenset({'LUNCH BAG SPACEBOY DESIGN '}),0.0482823686109107,0.05760586048060381,0.023253232698817915,0.4816091954022989,8.360420127123337,1.0,0.02047188530894471,1.8179221760130264,0.9250525125076005,0.2813969106783076,0.44992144702632497,0.4426350408610724,LUNCH BAG WOODLAND,LUNCH BAG SPACEBOY DESIGN ,LUNCH BAG WOODLAND → LUNCH BAG SPACEBOY DESIGN 
frozenset({'LUNCH BAG SPACEBOY DESIGN '}),frozenset({'LUNCH BAG WOODLAND'}),0.05760586048060381,0.0482823686109107,0.023253232698817915,0.40366088631984587,8.360420127123337,1.0,0.02047188530894471,1.595933604817245,0.934204436546307,0.2813969106783076,0.3734075170912183,0.4426350408610724,LUNCH BAG SPACEBOY DESIGN ,LUNCH BAG WOODLAND,LUNCH BAG SPACEBOY DESIGN  → LUNCH BAG WOODLAND
"frozenset({'WOODLAND CHARLOTTE BAG', 'CHARLOTTE BAG PINK POLKADOT'})",frozenset({'PACK OF 72 RETROSPOT CAKE CASES'}),0.01981242022309784,0.06265608524335424,0.01037793440257506,0.5238095238095238,8.360074233413473,1.0,0.009136565712199486,1.9684222209889564,0.8981789357737721,0.1439568899153195,0.49197891116185966,0.34472141380910204,"CHARLOTTE BAG PINK POLKADOT, WOODLAND CHARLOTTE BAG",PACK OF 72 RETROSPOT CAKE CASES,"CHARLOTTE BAG PINK POLKADOT, WOODLAND CHARLOTTE BAG → PACK OF 72 RETROSPOT CAKE CASES"
"frozenset({'LUNCH BAG WOODLAND', 'LUNCH BAG APPLE DESIGN'})",frozenset({'LUNCH BAG RED RETROSPOT'}),0.017537044231089406,0.07725178977745713,0.011321382984627338,0.6455696202531646,8.356694674814491,1.0,0.009966614930369253,2.60346816455646,0.8960495230120519,0.1356382978723404,0.6158969740387185,0.3960606721955478,"LUNCH BAG APPLE DESIGN, LUNCH BAG WOODLAND",LUNCH BAG RED RETROSPOT,"LUNCH BAG APPLE DESIGN, LUNCH BAG WOODLAND → LUNCH BAG RED RETROSPOT"
"frozenset({'JUMBO BAG RED RETROSPOT', 'JUMBO BAG PINK POLKADOT'})",frozenset({'JUMBO STORAGE BAG SKULLS'}),0.04356512570064931,0.03795993118375048,0.013818746878295133,0.31719745222929935,8.35611241479495,1.0,0.012165017704687045,1.4089579366058875,0.9204255807027577,0.20409836065573775,0.2902556037911592,0.34061626997429884,"JUMBO BAG PINK POLKADOT, JUMBO BAG RED RETROSPOT",JUMBO STORAGE BAG SKULLS,"JUMBO BAG PINK POLKADOT, JUMBO BAG RED RETROSPOT → JUMBO STORAGE BAG SKULLS"
"frozenset({'LUNCH BAG  BLACK SKULL.', 'CHARLOTTE BAG SUKI DESIGN'})",frozenset({'LUNCH BAG RED RETROSPOT'}),0.01659359564903713,0.07725178977745713,0.0107109162550641,0.6454849498327759,8.3555986429862,1.0,0.009429031292332555,2.602846366571135,0.895173920162809,0.1288384512683578,0.6158052150740837,0.39206718756006614,"CHARLOTTE BAG SUKI DESIGN, LUNCH BAG  BLACK SKULL.",LUNCH BAG RED RETROSPOT,"CHARLOTTE BAG SUKI DESIGN, LUNCH BAG  BLACK SKULL. → LUNCH BAG RED RETROSPOT"
"frozenset({'LUNCH BAG SPACEBOY DESIGN ', 'LUNCH BAG APPLE DESIGN'})",frozenset({'LUNCH BAG RED RETROSPOT'}),0.019201953493534603,0.07725178977745713,0.012375825517509296,0.6445086705202312,8.342961015879343,1.0,0.010892440242910252,2.595698217373982,0.8973697304722894,0.14719471947194718,0.614747202387926,0.40235490997275924,"LUNCH BAG APPLE DESIGN, LUNCH BAG SPACEBOY DESIGN ",LUNCH BAG RED RETROSPOT,"LUNCH BAG APPLE DESIGN, LUNCH BAG SPACEBOY DESIGN  → LUNCH BAG RED RETROSPOT"
"frozenset({'LUNCH BAG APPLE DESIGN', 'LUNCH BAG VINTAGE LEAF DESIGN'})",frozenset({'LUNCH BAG  BLACK SKULL.'}),0.018646983739386204,0.06748432210444531,0.01048892835340474,0.5625,8.335269325657894,1.0,0.009230549296459646,2.1314644066184107,0.8967495460172041,0.13866471019809243,0.5308389870856395,0.3589638157894737,"LUNCH BAG APPLE DESIGN, LUNCH BAG VINTAGE LEAF DESIGN",LUNCH BAG  BLACK SKULL.,"LUNCH BAG APPLE DESIGN, LUNCH BAG VINTAGE LEAF DESIGN → LUNCH BAG  BLACK SKULL."
frozenset({'LUNCH BAG DOILEY PATTERN '}),frozenset({'LUNCH BAG APPLE DESIGN'}),0.02441866918252955,0.0507797325045785,0.010322437427160219,0.42272727272727273,8.324724292101342,1.0,0.009082463937953573,1.6443185736141162,0.9018990767943421,0.15911035072711718,0.3918453418658049,0.31300298062593146,LUNCH BAG DOILEY PATTERN ,LUNCH BAG APPLE DESIGN,LUNCH BAG DOILEY PATTERN  → LUNCH BAG APPLE DESIGN
"frozenset({'LUNCH BAG WOODLAND', 'LUNCH BAG SPACEBOY DESIGN '})",frozenset({'LUNCH BAG RED RETROSPOT'}),0.023253232698817915,0.07725178977745713,0.01492868638659193,0.6420047732696897,8.31054885743286,1.0,0.013132332542496556,2.577543333888303,0.9006131716796215,0.17444876783398183,0.6120336807329367,0.41762594985323565,"LUNCH BAG SPACEBOY DESIGN , LUNCH BAG WOODLAND",LUNCH BAG RED RETROSPOT,"LUNCH BAG SPACEBOY DESIGN , LUNCH BAG WOODLAND → LUNCH BAG RED RETROSPOT"
frozenset({'PACK OF 60 DINOSAUR CAKE CASES'}),frozenset({'PACK OF 72 RETROSPOT CAKE CASES'}),0.0301903546256729,0.06265608524335424,0.01570564404239969,0.5202205882352942,8.302794313030793,1.0,0.013814034609446434,1.953697661408488,0.906939444031605,0.20359712230215823,0.48815007574966046,0.385442446464857,PACK OF 60 DINOSAUR CAKE CASES,PACK OF 72 RETROSPOT CAKE CASES,PACK OF 60 DINOSAUR CAKE CASES → PACK OF 72 RETROSPOT CAKE CASES
"frozenset({'JUMBO BAG RED RETROSPOT', 'JUMBO STORAGE BAG SUKI'})",frozenset({'JUMBO BAG PINK VINTAGE PAISLEY'}),0.038736888839558246,0.04523003496309451,0.014540207558688052,0.3753581661891117,8.298869689032644,1.0,0.012788136722113326,1.5285078798067888,0.9149437363902353,0.2094324540367706,0.3457671934760291,0.3484152794135743,"JUMBO BAG RED RETROSPOT, JUMBO STORAGE BAG SUKI",JUMBO BAG PINK VINTAGE PAISLEY,"JUMBO BAG RED RETROSPOT, JUMBO STORAGE BAG SUKI → JUMBO BAG PINK VINTAGE PAISLEY"
frozenset({'JUMBO BAG OWLS'}),frozenset({'JUMBO STORAGE BAG SKULLS'}),0.034241633830956214,0.03795993118375048,0.010766413230478939,0.31442463533225284,8.283066526391615,1.0,0.009466603166636658,1.4032593911575082,0.9104469565650115,0.17524841915085815,0.28737337779358896,0.2990251831632025,JUMBO BAG OWLS,JUMBO STORAGE BAG SKULLS,JUMBO BAG OWLS → JUMBO STORAGE BAG SKULLS
"frozenset({'LUNCH BAG RED RETROSPOT', 'LUNCH BAG CARS BLUE'})",frozenset({'LUNCH BAG APPLE DESIGN'}),0.028247960486153505,0.0507797325045785,0.011876352738775737,0.4204322200392927,8.27952805780111,1.0,0.010441928861488958,1.6378071734073545,0.9047783109251322,0.17685950413223142,0.38942751244668,0.3271560007300289,"LUNCH BAG CARS BLUE, LUNCH BAG RED RETROSPOT",LUNCH BAG APPLE DESIGN,"LUNCH BAG CARS BLUE, LUNCH BAG RED RETROSPOT → LUNCH BAG APPLE DESIGN"
"frozenset({'JUMBO BAG SPACEBOY DESIGN', 'JUMBO BAG RED RETROSPOT'})",frozenset({'JUMBO SHOPPER VINTAGE RED PAISLEY'}),0.021643820411787557,0.06287807314501359,0.011265886009212498,0.5205128205128206,8.278129314051645,1.0,0.009904964286222583,1.9544254089489024,0.8986499797272016,0.1537878787878788,0.48834066758382766,0.3498415823658542,"JUMBO BAG RED RETROSPOT, JUMBO BAG SPACEBOY DESIGN",JUMBO SHOPPER VINTAGE RED PAISLEY,"JUMBO BAG RED RETROSPOT, JUMBO BAG SPACEBOY DESIGN → JUMBO SHOPPER VINTAGE RED PAISLEY"
"frozenset({'LUNCH BAG APPLE DESIGN', 'LUNCH BAG SUKI DESIGN '})",frozenset({'LUNCH BAG PINK POLKADOT'}),0.023197735723403074,0.05582995726732893,0.0107109162550641,0.46172248803827753,8.270156572526563,1.0,0.009415787660927715,1.7540581238322512,0.8999603472836124,0.15678310316815597,0.4298934645248765,0.32678569729945683,"LUNCH BAG APPLE DESIGN, LUNCH BAG SUKI DESIGN ",LUNCH BAG PINK POLKADOT,"LUNCH BAG APPLE DESIGN, LUNCH BAG SUKI DESIGN  → LUNCH BAG PINK POLKADOT"
frozenset({'JUMBO BAG TOYS '}),frozenset({'JUMBO SHOPPER VINTAGE RED PAISLEY'}),0.028081469559908985,0.06287807314501359,0.014595704534102891,0.5197628458498024,8.266201870580398,1.0,0.012829995837095461,1.9513732304058564,0.9044229826881454,0.1911337209302326,0.48754037186826893,0.37594497102728425,JUMBO BAG TOYS ,JUMBO SHOPPER VINTAGE RED PAISLEY,JUMBO BAG TOYS  → JUMBO SHOPPER VINTAGE RED PAISLEY
"frozenset({'LUNCH BAG SPACEBOY DESIGN ', 'LUNCH BAG SUKI DESIGN '})",frozenset({'LUNCH BAG PINK POLKADOT'}),0.023586214551306953,0.05582995726732893,0.010877407181308618,0.4611764705882353,8.260376564144545,1.0,0.009560589830811098,1.7522806469929484,0.9001717886199608,0.15870445344129552,0.4293151603790873,0.32800374225236817,"LUNCH BAG SPACEBOY DESIGN , LUNCH BAG SUKI DESIGN ",LUNCH BAG PINK POLKADOT,"LUNCH BAG SPACEBOY DESIGN , LUNCH BAG SUKI DESIGN  → LUNCH BAG PINK POLKADOT"
frozenset({'JUMBO BAG TOYS '}),frozenset({'JUMBO  BAG BAROQUE BLACK WHITE'}),0.028081469559908985,0.0505022476275043,0.011709861812531218,0.4169960474308301,8.256979976545194,1.0,0.01029168448307247,1.6286300430524843,0.9042839672519507,0.17510373443983407,0.3859870114358599,0.324432089649481,JUMBO BAG TOYS ,JUMBO  BAG BAROQUE BLACK WHITE,JUMBO BAG TOYS  → JUMBO  BAG BAROQUE BLACK WHITE
frozenset({'RECIPE BOX RETROSPOT '}),frozenset({'RECIPE BOX PANTRY YELLOW DESIGN'}),0.022642765969254675,0.05699539375104057,0.01065541927964926,0.4705882352941177,8.256601179907213,1.0,0.009364885917618929,1.7812309229147014,0.8992462097552666,0.15446500402252616,0.4385904785643071,0.32877026175611435,RECIPE BOX RETROSPOT ,RECIPE BOX PANTRY YELLOW DESIGN,RECIPE BOX RETROSPOT  → RECIPE BOX PANTRY YELLOW DESIGN
frozenset({'HAND OVER THE CHOCOLATE   SIGN '}),frozenset({'PLEASE ONE PERSON METAL SIGN'}),0.03707197957711305,0.04523003496309451,0.013818746878295133,0.37275449101796404,8.241304507549318,1.0,0.012141979945871184,1.52216309461731,0.9124877123617517,0.20178282009724477,0.3430401751716283,0.3391379817053011,HAND OVER THE CHOCOLATE   SIGN ,PLEASE ONE PERSON METAL SIGN,HAND OVER THE CHOCOLATE   SIGN  → PLEASE ONE PERSON METAL SIGN
frozenset({'PLEASE ONE PERSON METAL SIGN'}),frozenset({'HAND OVER THE CHOCOLATE   SIGN '}),0.04523003496309451,0.03707197957711305,0.013818746878295133,0.30552147239263805,8.241304507549318,1.0,0.012141979945871184,1.3865482979587507,0.9202844860026015,0.20178282009724477,0.2787845894209524,0.3391379817053011,PLEASE ONE PERSON METAL SIGN,HAND OVER THE CHOCOLATE   SIGN ,PLEASE ONE PERSON METAL SIGN → HAND OVER THE CHOCOLATE   SIGN 
"frozenset({'JUMBO BAG RED RETROSPOT', 'JUMBO BAG PINK POLKADOT'})",frozenset({'JUMBO STORAGE BAG SUKI'}),0.04356512570064931,0.06271158221876907,0.022476275043010155,0.5159235668789809,8.226926328842794,1.0,0.019744237080762877,1.9362405472585955,0.9184607802262826,0.2682119205298013,0.4835352449281992,0.4371653232624993,"JUMBO BAG PINK POLKADOT, JUMBO BAG RED RETROSPOT",JUMBO STORAGE BAG SUKI,"JUMBO BAG PINK POLKADOT, JUMBO BAG RED RETROSPOT → JUMBO STORAGE BAG SUKI"
"frozenset({'JUMBO BAG STRAWBERRY', 'JUMBO BAG RED RETROSPOT'})",frozenset({'JUMBO BAG PINK POLKADOT'}),0.028636439314057384,0.06432099450579944,0.01509517731283645,0.5271317829457365,8.195330109490271,1.0,0.013253253057051308,1.9787310116188834,0.9038626991675377,0.1938702779757662,0.49462559886709523,0.38090842814241094,"JUMBO BAG RED RETROSPOT, JUMBO BAG STRAWBERRY",JUMBO BAG PINK POLKADOT,"JUMBO BAG RED RETROSPOT, JUMBO BAG STRAWBERRY → JUMBO BAG PINK POLKADOT"
"frozenset({'DOTCOM POSTAGE', 'JUMBO BAG RED RETROSPOT'})",frozenset({'JUMBO BAG APPLES'}),0.026916033076197346,0.0491148232421333,0.010821910205893778,0.4020618556701031,8.18616110431592,1.0,0.009499933998976933,1.5902734852674667,0.9021242245834468,0.16595744680851063,0.3711773419703273,0.31120041936047527,"DOTCOM POSTAGE, JUMBO BAG RED RETROSPOT",JUMBO BAG APPLES,"DOTCOM POSTAGE, JUMBO BAG RED RETROSPOT → JUMBO BAG APPLES"
frozenset({'HEART OF WICKER LARGE'}),frozenset({'HEART OF WICKER SMALL'}),0.050724235529163664,0.06459847938287364,0.026805039125367667,0.5284463894967176,8.180477227097384,1.0,0.02352833064232496,1.9836589091509358,0.9246604367253045,0.30282131661442,0.4958810734109377,0.4716974215524825,HEART OF WICKER LARGE,HEART OF WICKER SMALL,HEART OF WICKER LARGE → HEART OF WICKER SMALL
frozenset({'HEART OF WICKER SMALL'}),frozenset({'HEART OF WICKER LARGE'}),0.06459847938287364,0.050724235529163664,0.026805039125367667,0.4149484536082474,8.180477227097384,1.0,0.02352833064232496,1.6225506458796672,0.9383753645912984,0.30282131661442,0.3836864183318919,0.4716974215524825,HEART OF WICKER SMALL,HEART OF WICKER LARGE,HEART OF WICKER SMALL → HEART OF WICKER LARGE
"frozenset({'LUNCH BAG CARS BLUE', 'LUNCH BAG PINK POLKADOT'})",frozenset({'LUNCH BAG RED RETROSPOT'}),0.026083578444974748,0.07725178977745713,0.016482601698207446,0.6319148936170212,8.17993855465884,1.0,0.014467598579532445,2.5068882011826306,0.9012577193670133,0.18977635782747604,0.6010990839047997,0.42263848129126924,"LUNCH BAG CARS BLUE, LUNCH BAG PINK POLKADOT",LUNCH BAG RED RETROSPOT,"LUNCH BAG CARS BLUE, LUNCH BAG PINK POLKADOT → LUNCH BAG RED RETROSPOT"
"frozenset({'JUMBO BAG PINK VINTAGE PAISLEY', 'JUMBO BAG RED RETROSPOT'})",frozenset({'JUMBO BAG APPLES'}),0.027082524002441866,0.0491148232421333,0.010877407181308618,0.4016393442622951,8.17755858108734,1.0,0.009547253801977853,1.5891505693761607,0.9021465182958699,0.1665250637213254,0.370733007135654,0.3115541354079837,"JUMBO BAG PINK VINTAGE PAISLEY, JUMBO BAG RED RETROSPOT",JUMBO BAG APPLES,"JUMBO BAG PINK VINTAGE PAISLEY, JUMBO BAG RED RETROSPOT → JUMBO BAG APPLES"
frozenset({'DOTCOM POSTAGE'}),frozenset({'JUMBO SHOPPER VINTAGE RED PAISLEY'}),0.03918086464287696,0.06287807314501359,0.02014540207558688,0.5141643059490085,8.177163838389395,1.0,0.017681784802687187,1.928886531660701,0.9134999273623429,0.24593495934959353,0.4815661867165217,0.4172763277317858,DOTCOM POSTAGE,JUMBO SHOPPER VINTAGE RED PAISLEY,DOTCOM POSTAGE → JUMBO SHOPPER VINTAGE RED PAISLEY
frozenset({'JUMBO SHOPPER VINTAGE RED PAISLEY'}),frozenset({'DOTCOM POSTAGE'}),0.06287807314501359,0.03918086464287696,0.02014540207558688,0.32038834951456313,8.177163838389395,1.0,0.017681784802687187,1.413776727739767,0.9365998011621605,0.24593495934959353,0.29267473400929434,0.4172763277317858,JUMBO SHOPPER VINTAGE RED PAISLEY,DOTCOM POSTAGE,JUMBO SHOPPER VINTAGE RED PAISLEY → DOTCOM POSTAGE
frozenset({'JUMBO BAG TOYS '}),frozenset({'JUMBO BAG PINK VINTAGE PAISLEY'}),0.028081469559908985,0.04523003496309451,0.01037793440257506,0.3695652173913044,8.170792211256336,1.0,0.009107808552565303,1.5144627031619882,0.9029695587479553,0.16490299823633156,0.3396998170294067,0.2995065350760203,JUMBO BAG TOYS ,JUMBO BAG PINK VINTAGE PAISLEY,JUMBO BAG TOYS  → JUMBO BAG PINK VINTAGE PAISLEY
"frozenset({'JUMBO BAG RED RETROSPOT', 'JUMBO BAG ALPHABET'})",frozenset({'JUMBO STORAGE BAG SUKI'}),0.022032299239691435,0.06271158221876907,0.011265886009212498,0.5113350125944585,8.15375716100845,1.0,0.009884205663974065,1.9180592879337561,0.8971228306757171,0.15332326283987915,0.4786396821564064,0.34549051514678675,"JUMBO BAG ALPHABET, JUMBO BAG RED RETROSPOT",JUMBO STORAGE BAG SUKI,"JUMBO BAG ALPHABET, JUMBO BAG RED RETROSPOT → JUMBO STORAGE BAG SUKI"
"frozenset({'LUNCH BAG CARS BLUE', 'LUNCH BAG WOODLAND'})",frozenset({'LUNCH BAG RED RETROSPOT'}),0.022476275043010155,0.07725178977745713,0.014151728730784172,0.6296296296296297,8.150356534695616,1.0,0.012415396256181245,2.491420167600866,0.897477942011368,0.16536964980544747,0.5986224993261741,0.40640964240102173,"LUNCH BAG CARS BLUE, LUNCH BAG WOODLAND",LUNCH BAG RED RETROSPOT,"LUNCH BAG CARS BLUE, LUNCH BAG WOODLAND → LUNCH BAG RED RETROSPOT"
frozenset({'CHARLOTTE BAG APPLES DESIGN'}),frozenset({'JUMBO BAG APPLES'}),0.027471002830345745,0.0491148232421333,0.010988401132138299,0.4,8.144180790960453,1.0,0.009639167683841723,1.5848086279297777,0.9019915544396258,0.16751269035532995,0.36900898797712156,0.31186440677966104,CHARLOTTE BAG APPLES DESIGN,JUMBO BAG APPLES,CHARLOTTE BAG APPLES DESIGN → JUMBO BAG APPLES
"frozenset({'LUNCH BAG PINK POLKADOT', 'JUMBO BAG RED RETROSPOT'})",frozenset({'LUNCH BAG RED RETROSPOT'}),0.018813474665630724,0.07725178977745713,0.011820855763360897,0.6283185840707964,8.133385464347471,1.0,0.010367481173508077,2.48263208940827,0.8938667070295074,0.14031620553359683,0.5972016940140543,0.3906679127250534,"JUMBO BAG RED RETROSPOT, LUNCH BAG PINK POLKADOT",LUNCH BAG RED RETROSPOT,"JUMBO BAG RED RETROSPOT, LUNCH BAG PINK POLKADOT → LUNCH BAG RED RETROSPOT"
"frozenset({'JUMBO BAG OWLS', 'JUMBO BAG RED RETROSPOT'})",frozenset({'JUMBO SHOPPER VINTAGE RED PAISLEY'}),0.02053388090349076,0.06287807314501359,0.01048892835340474,0.5108108108108108,8.123830538393646,1.0,0.00919779748800405,1.9156636073831215,0.8952891196077779,0.14383561643835618,0.4779876821035177,0.3388122897831636,"JUMBO BAG OWLS, JUMBO BAG RED RETROSPOT",JUMBO SHOPPER VINTAGE RED PAISLEY,"JUMBO BAG OWLS, JUMBO BAG RED RETROSPOT → JUMBO SHOPPER VINTAGE RED PAISLEY"
frozenset({'JUMBO BAG OWLS'}),frozenset({'JUMBO  BAG BAROQUE BLACK WHITE'}),0.034241633830956214,0.0505022476275043,0.014040734779954493,0.4100486223662885,8.119413325734234,1.0,0.012311455309053213,1.6094508604775544,0.9079273065246691,0.19858712715855573,0.378670064084292,0.34403530019413325,JUMBO BAG OWLS,JUMBO  BAG BAROQUE BLACK WHITE,JUMBO BAG OWLS → JUMBO  BAG BAROQUE BLACK WHITE
"frozenset({'JUMBO BAG PINK VINTAGE PAISLEY', 'JUMBO BAG RED RETROSPOT'})",frozenset({'JUMBO  BAG BAROQUE BLACK WHITE'}),0.027082524002441866,0.0505022476275043,0.011099395082967978,0.4098360655737705,8.115204467663485,1.0,0.009731666749418829,1.6088711915200622,0.9011807655011123,0.1669449081803005,0.37844620174024024,0.31480814267699514,"JUMBO BAG PINK VINTAGE PAISLEY, JUMBO BAG RED RETROSPOT",JUMBO  BAG BAROQUE BLACK WHITE,"JUMBO BAG PINK VINTAGE PAISLEY, JUMBO BAG RED RETROSPOT → JUMBO  BAG BAROQUE BLACK WHITE"
"frozenset({'LUNCH BAG  BLACK SKULL.', 'LUNCH BAG SUKI DESIGN '})",frozenset({'LUNCH BAG RED RETROSPOT'}),0.027692990732005106,0.07725178977745713,0.017315056329430045,0.625250501002004,8.093670098818325,1.0,0.015175723231092118,2.462306721395983,0.90140937829294,0.19759341355288154,0.5938767533262229,0.42469421601824336,"LUNCH BAG  BLACK SKULL., LUNCH BAG SUKI DESIGN ",LUNCH BAG RED RETROSPOT,"LUNCH BAG  BLACK SKULL., LUNCH BAG SUKI DESIGN  → LUNCH BAG RED RETROSPOT"
frozenset({'JUMBO BAG WOODLAND ANIMALS'}),frozenset({'JUMBO SHOPPER VINTAGE RED PAISLEY'}),0.04079027692990732,0.06287807314501359,0.02075586880515012,0.508843537414966,8.092543425137046,1.0,0.018191054788746046,1.9079906266992106,0.9136995112787072,0.25033467202141907,0.47588841055787473,0.41947031239680344,JUMBO BAG WOODLAND ANIMALS,JUMBO SHOPPER VINTAGE RED PAISLEY,JUMBO BAG WOODLAND ANIMALS → JUMBO SHOPPER VINTAGE RED PAISLEY
frozenset({'JUMBO SHOPPER VINTAGE RED PAISLEY'}),frozenset({'JUMBO BAG WOODLAND ANIMALS'}),0.06287807314501359,0.04079027692990732,0.02075586880515012,0.3300970873786408,8.092543425137046,1.0,0.018191054788746046,1.4318637895104283,0.9352352453476949,0.25033467202141907,0.3016095474123888,0.41947031239680344,JUMBO SHOPPER VINTAGE RED PAISLEY,JUMBO BAG WOODLAND ANIMALS,JUMBO SHOPPER VINTAGE RED PAISLEY → JUMBO BAG WOODLAND ANIMALS
"frozenset({'LUNCH BAG APPLE DESIGN', 'LUNCH BAG ALPHABET DESIGN'})",frozenset({'LUNCH BAG  BLACK SKULL.'}),0.018813474665630724,0.06748432210444531,0.01026694045174538,0.5457227138643067,8.086659195000774,1.0,0.008997325867506133,2.0527455506921624,0.8931426562308915,0.13503649635036494,0.5128475618116374,0.34893043587952177,"LUNCH BAG ALPHABET DESIGN, LUNCH BAG APPLE DESIGN",LUNCH BAG  BLACK SKULL.,"LUNCH BAG ALPHABET DESIGN, LUNCH BAG APPLE DESIGN → LUNCH BAG  BLACK SKULL."
"frozenset({'LUNCH BAG SPACEBOY DESIGN ', 'LUNCH BAG SUKI DESIGN '})",frozenset({'LUNCH BAG RED RETROSPOT'}),0.023586214551306953,0.07725178977745713,0.01470669848493257,0.6235294117647059,8.071391142663963,1.0,0.012884621196769006,2.4510499334036293,0.8972687944646653,0.17074742268041238,0.592011575785664,0.40695148749154836,"LUNCH BAG SPACEBOY DESIGN , LUNCH BAG SUKI DESIGN ",LUNCH BAG RED RETROSPOT,"LUNCH BAG SPACEBOY DESIGN , LUNCH BAG SUKI DESIGN  → LUNCH BAG RED RETROSPOT"
frozenset({'LUNCH BAG APPLE DESIGN'}),frozenset({'LUNCH BAG SUKI DESIGN '}),0.0507797325045785,0.05666241189855153,0.023197735723403074,0.4568306010928962,8.062321842402445,1.0,0.020320433604130383,1.7367281551565903,0.9228271682160585,0.2753623188405797,0.42420464766989624,0.43311657380795643,LUNCH BAG APPLE DESIGN,LUNCH BAG SUKI DESIGN ,LUNCH BAG APPLE DESIGN → LUNCH BAG SUKI DESIGN 
frozenset({'LUNCH BAG SUKI DESIGN '}),frozenset({'LUNCH BAG APPLE DESIGN'}),0.05666241189855153,0.0507797325045785,0.023197735723403074,0.40940254652301666,8.062321842402445,1.0,0.020320433604130383,1.6072203865884336,0.9285819440620934,0.2753623188405797,0.3778077926682786,0.43311657380795643,LUNCH BAG SUKI DESIGN ,LUNCH BAG APPLE DESIGN,LUNCH BAG SUKI DESIGN  → LUNCH BAG APPLE DESIGN
"frozenset({'JUMBO STORAGE BAG SUKI', 'JUMBO SHOPPER VINTAGE RED PAISLEY'})",frozenset({'JUMBO BAG APPLES'}),0.028469948387812864,0.0491148232421333,0.011265886009212498,0.3957115009746589,8.056865012499863,1.0,0.009867589526432411,1.573561598957373,0.9015493069511987,0.1698744769874477,0.3644989807436897,0.3125450160240526,"JUMBO SHOPPER VINTAGE RED PAISLEY, JUMBO STORAGE BAG SUKI",JUMBO BAG APPLES,"JUMBO SHOPPER VINTAGE RED PAISLEY, JUMBO STORAGE BAG SUKI → JUMBO BAG APPLES"
"frozenset({'LUNCH BAG CARS BLUE', 'LUNCH BAG APPLE DESIGN'})",frozenset({'LUNCH BAG RED RETROSPOT'}),0.019090959542704924,0.07725178977745713,0.011876352738775737,0.622093023255814,8.052797547447206,1.0,0.010401541945532757,2.4417337255119596,0.8928652064138324,0.14060446780551905,0.5904549339054858,0.387914327719861,"LUNCH BAG APPLE DESIGN, LUNCH BAG CARS BLUE",LUNCH BAG RED RETROSPOT,"LUNCH BAG APPLE DESIGN, LUNCH BAG CARS BLUE → LUNCH BAG RED RETROSPOT"
"frozenset({'LUNCH BAG SUKI DESIGN ', 'LUNCH BAG APPLE DESIGN'})",frozenset({'LUNCH BAG RED RETROSPOT'}),0.023197735723403074,0.07725178977745713,0.014429213607858371,0.6220095693779905,8.051717263377881,1.0,0.012637147004441029,2.4411946321077402,0.896602028730885,0.16774193548387098,0.5903644933314495,0.4043955892866964,"LUNCH BAG APPLE DESIGN, LUNCH BAG SUKI DESIGN ",LUNCH BAG RED RETROSPOT,"LUNCH BAG APPLE DESIGN, LUNCH BAG SUKI DESIGN  → LUNCH BAG RED RETROSPOT"
"frozenset({'LUNCH BAG  BLACK SKULL.', 'JUMBO BAG RED RETROSPOT'})",frozenset({'LUNCH BAG RED RETROSPOT'}),0.02025639602641656,0.07725178977745713,0.012597813419168656,0.6219178082191781,8.050529444182018,1.0,0.011032970571687006,2.4406021502262907,0.8938915891320633,0.14836601307189543,0.5902650499970752,0.39249626043142816,"JUMBO BAG RED RETROSPOT, LUNCH BAG  BLACK SKULL.",LUNCH BAG RED RETROSPOT,"JUMBO BAG RED RETROSPOT, LUNCH BAG  BLACK SKULL. → LUNCH BAG RED RETROSPOT"
frozenset({'HOT BATHS METAL SIGN'}),frozenset({'COOK WITH WINE METAL SIGN '}),0.03318719129807426,0.03823741606082468,0.01021144347633054,0.30769230769230765,8.046890700011165,1.0,0.008942451034775895,1.3892126212454756,0.9057889902990645,0.16681776971894832,0.28016778374539475,0.28737300435413643,HOT BATHS METAL SIGN,COOK WITH WINE METAL SIGN ,HOT BATHS METAL SIGN → COOK WITH WINE METAL SIGN 
frozenset({'HOT WATER BOTTLE I AM SO POORLY'}),frozenset({'HOT WATER BOTTLE KEEP CALM'}),0.03524057938842333,0.041900216438204116,0.011876352738775737,0.33700787401574805,8.043105803827503,1.0,0.010399764834993084,1.4451148754435639,0.9076562506720112,0.18197278911564627,0.308013489451446,0.3102257913125098,HOT WATER BOTTLE I AM SO POORLY,HOT WATER BOTTLE KEEP CALM,HOT WATER BOTTLE I AM SO POORLY → HOT WATER BOTTLE KEEP CALM
"frozenset({'JUMBO BAG RED RETROSPOT', 'JUMBO BAG PINK POLKADOT'})",frozenset({'JUMBO  BAG BAROQUE BLACK WHITE'}),0.04356512570064931,0.0505022476275043,0.017648038181919085,0.4050955414012739,8.02133687968083,1.0,0.015447901415861541,1.5960508257225035,0.9152034555066298,0.23093681917211328,0.37345353676483456,0.37727304542591167,"JUMBO BAG PINK POLKADOT, JUMBO BAG RED RETROSPOT",JUMBO  BAG BAROQUE BLACK WHITE,"JUMBO BAG PINK POLKADOT, JUMBO BAG RED RETROSPOT → JUMBO  BAG BAROQUE BLACK WHITE"
"frozenset({'LUNCH BAG CARS BLUE', 'LUNCH BAG SUKI DESIGN '})",frozenset({'LUNCH BAG RED RETROSPOT'}),0.024640657084188913,0.07725178977745713,0.01526166823908097,0.6193693693693694,8.01754070881226,1.0,0.013358133378034797,2.424261570052124,0.8973856459330143,0.17616912235746315,0.5875032577534532,0.4084634203168686,"LUNCH BAG CARS BLUE, LUNCH BAG SUKI DESIGN ",LUNCH BAG RED RETROSPOT,"LUNCH BAG CARS BLUE, LUNCH BAG SUKI DESIGN  → LUNCH BAG RED RETROSPOT"
frozenset({'JUMBO BAG SCANDINAVIAN BLUE PAISLEY'}),frozenset({'JUMBO STORAGE BAG SKULLS'}),0.03524057938842333,0.03795993118375048,0.0107109162550641,0.3039370078740158,8.006785007137267,1.0,0.009373186286604053,1.382116388457734,0.9070716566242796,0.17140319715808172,0.2764719322112426,0.29305037528203715,JUMBO BAG SCANDINAVIAN BLUE PAISLEY,JUMBO STORAGE BAG SKULLS,JUMBO BAG SCANDINAVIAN BLUE PAISLEY → JUMBO STORAGE BAG SKULLS
frozenset({'SET OF 60 PANTRY DESIGN CAKE CASES '}),frozenset({'60 TEATIME FAIRY CAKE CASES'}),0.03024585160108774,0.04178922248737444,0.01010044952550086,0.3339449541284404,7.991174141355069,1.0,0.008836498903622895,1.4386360158247409,0.9021481837379742,0.16308243727598565,0.3048971463245898,0.2878224106631578,SET OF 60 PANTRY DESIGN CAKE CASES ,60 TEATIME FAIRY CAKE CASES,SET OF 60 PANTRY DESIGN CAKE CASES  → 60 TEATIME FAIRY CAKE CASES
"frozenset({'LUNCH BAG SPACEBOY DESIGN ', 'LUNCH BAG  BLACK SKULL.'})",frozenset({'LUNCH BAG RED RETROSPOT'}),0.026805039125367667,0.07725178977745713,0.016538098673622287,0.6169772256728778,7.986575164798553,1.0,0.014467361426132872,2.4091210029053416,0.8988845190564837,0.18896639188332276,0.584910845576447,0.41552884272149637,"LUNCH BAG  BLACK SKULL., LUNCH BAG SPACEBOY DESIGN ",LUNCH BAG RED RETROSPOT,"LUNCH BAG  BLACK SKULL., LUNCH BAG SPACEBOY DESIGN  → LUNCH BAG RED RETROSPOT"
frozenset({'JUMBO BAG OWLS'}),frozenset({'JUMBO STORAGE BAG SUKI'}),0.034241633830956214,0.06271158221876907,0.017148565403185528,0.5008103727714749,7.985931068114342,1.0,0.015001218367890532,1.8776199797760373,0.9057957107188142,0.21488178025034774,0.46741086547274596,0.38713085010255166,JUMBO BAG OWLS,JUMBO STORAGE BAG SUKI,JUMBO BAG OWLS → JUMBO STORAGE BAG SUKI
frozenset({'WOODLAND CHARLOTTE BAG'}),frozenset({'DOTCOM POSTAGE'}),0.037793440257505966,0.03918086464287696,0.011820855763360897,0.31277533039647576,7.982859317866993,1.0,0.0103400760962429,1.3981150238850444,0.9090892105429904,0.18143100511073254,0.2847512665866168,0.3072375235551784,WOODLAND CHARLOTTE BAG,DOTCOM POSTAGE,WOODLAND CHARLOTTE BAG → DOTCOM POSTAGE
frozenset({'DOTCOM POSTAGE'}),frozenset({'WOODLAND CHARLOTTE BAG'}),0.03918086464287696,0.037793440257505966,0.011820855763360897,0.301699716713881,7.982859317866993,1.0,0.0103400760962429,1.3779266352499002,0.9104019368332679,0.18143100511073254,0.27427195728846593,0.3072375235551784,DOTCOM POSTAGE,WOODLAND CHARLOTTE BAG,DOTCOM POSTAGE → WOODLAND CHARLOTTE BAG
frozenset({'JUMBO BAG OWLS'}),frozenset({'RECYCLING BAG RETROSPOT '}),0.034241633830956214,0.03940285254453632,0.010766413230478939,0.31442463533225284,7.97974296345333,1.0,0.009417195181753765,1.4011547044444943,0.9056951624235632,0.1712268314210062,0.2863029351234539,0.2938320359759856,JUMBO BAG OWLS,RECYCLING BAG RETROSPOT ,JUMBO BAG OWLS → RECYCLING BAG RETROSPOT 
"frozenset({'CHARLOTTE BAG PINK POLKADOT', 'CHARLOTTE BAG SUKI DESIGN'})",frozenset({'LUNCH BAG CARS BLUE'}),0.02131083855929852,0.05910427881680448,0.01004495255008602,0.47135416666666663,7.97495843114241,1.0,0.008785390806057333,1.7798224479524485,0.8936519697299601,0.1427444794952681,0.43814620320671616,0.3206536091549296,"CHARLOTTE BAG PINK POLKADOT, CHARLOTTE BAG SUKI DESIGN",LUNCH BAG CARS BLUE,"CHARLOTTE BAG PINK POLKADOT, CHARLOTTE BAG SUKI DESIGN → LUNCH BAG CARS BLUE"
frozenset({'JUMBO BAG WOODLAND ANIMALS'}),frozenset({'JUMBO  BAG BAROQUE BLACK WHITE'}),0.04079027692990732,0.0505022476275043,0.01642710472279261,0.4027210884353742,7.9743201016670415,1.0,0.014367104056483953,1.5897058040860692,0.9117896101377936,0.21942179392142333,0.3709527904913793,0.36399790685504974,JUMBO BAG WOODLAND ANIMALS,JUMBO  BAG BAROQUE BLACK WHITE,JUMBO BAG WOODLAND ANIMALS → JUMBO  BAG BAROQUE BLACK WHITE
frozenset({'JUMBO  BAG BAROQUE BLACK WHITE'}),frozenset({'JUMBO BAG WOODLAND ANIMALS'}),0.0505022476275043,0.04079027692990732,0.01642710472279261,0.3252747252747253,7.974320101667041,1.0,0.014367104056483953,1.4216300455924826,0.921115881794472,0.21942179392142333,0.29658211494591963,0.36399790685504974,JUMBO  BAG BAROQUE BLACK WHITE,JUMBO BAG WOODLAND ANIMALS,JUMBO  BAG BAROQUE BLACK WHITE → JUMBO BAG WOODLAND ANIMALS
"frozenset({'JUMBO BAG RED RETROSPOT', 'JUMBO STORAGE BAG SUKI'})",frozenset({'RECYCLING BAG RETROSPOT '}),0.038736888839558246,0.03940285254453632,0.012153837615849936,0.3137535816618911,7.96271237741636,1.0,0.010627493696870728,1.3997845697785252,0.9096517305912348,0.184188393608074,0.2856043554200483,0.3111021429436216,"JUMBO BAG RED RETROSPOT, JUMBO STORAGE BAG SUKI",RECYCLING BAG RETROSPOT ,"JUMBO BAG RED RETROSPOT, JUMBO STORAGE BAG SUKI → RECYCLING BAG RETROSPOT "
frozenset({'LUNCH BAG VINTAGE LEAF DESIGN'}),frozenset({'LUNCH BAG SUKI DESIGN '}),0.034574615683445255,0.05666241189855153,0.01559465009157001,0.4510433386837881,7.960186013460508,1.0,0.013635568976480515,1.7184190566877264,0.9056886313293274,0.20616287600880415,0.41806976819291547,0.36313185543396065,LUNCH BAG VINTAGE LEAF DESIGN,LUNCH BAG SUKI DESIGN ,LUNCH BAG VINTAGE LEAF DESIGN → LUNCH BAG SUKI DESIGN 
"frozenset({'LUNCH BAG SUKI DESIGN ', 'LUNCH BAG ALPHABET DESIGN'})",frozenset({'LUNCH BAG RED RETROSPOT'}),0.016704589599866808,0.07725178977745713,0.01026694045174538,0.6146179401993355,7.956034960094702,1.0,0.008976481007657772,2.3943725110084944,0.8891623421592942,0.1226790450928382,0.5823540424882315,0.3737601195249551,"LUNCH BAG ALPHABET DESIGN, LUNCH BAG SUKI DESIGN ",LUNCH BAG RED RETROSPOT,"LUNCH BAG ALPHABET DESIGN, LUNCH BAG SUKI DESIGN  → LUNCH BAG RED RETROSPOT"
frozenset({'GIN + TONIC DIET METAL SIGN'}),frozenset({'PLEASE ONE PERSON METAL SIGN'}),0.04056828902824796,0.04523003496309451,0.014595704534102891,0.359781121751026,7.954473659916243,1.0,0.012760799402962313,1.4913180436794402,0.9112525358806214,0.20498830865159784,0.32945222232223537,0.3412402541270467,GIN + TONIC DIET METAL SIGN,PLEASE ONE PERSON METAL SIGN,GIN + TONIC DIET METAL SIGN → PLEASE ONE PERSON METAL SIGN
frozenset({'PLEASE ONE PERSON METAL SIGN'}),frozenset({'GIN + TONIC DIET METAL SIGN'}),0.04523003496309451,0.04056828902824796,0.014595704534102891,0.3226993865030675,7.954473659916243,1.0,0.012760799402962313,1.4165522544238731,0.9157018042492551,0.20498830865159784,0.2940606342780411,0.3412402541270467,PLEASE ONE PERSON METAL SIGN,GIN + TONIC DIET METAL SIGN,PLEASE ONE PERSON METAL SIGN → GIN + TONIC DIET METAL SIGN
frozenset({'JUMBO BAG SPACEBOY DESIGN'}),frozenset({'JUMBO BAG PINK POLKADOT'}),0.034519118708030413,0.06432099450579944,0.017648038181919085,0.5112540192926045,7.948478148087524,1.0,0.015427734137154822,1.9144484915045814,0.9054449133317644,0.2173615857826384,0.4776563566805125,0.39281424001731174,JUMBO BAG SPACEBOY DESIGN,JUMBO BAG PINK POLKADOT,JUMBO BAG SPACEBOY DESIGN → JUMBO BAG PINK POLKADOT
"frozenset({'JUMBO BAG RED RETROSPOT', 'JUMBO BAG PINK POLKADOT'})",frozenset({'JUMBO BAG PINK VINTAGE PAISLEY'}),0.04356512570064931,0.04523003496309451,0.015650147066984848,0.3592356687898089,7.942414129967567,1.0,0.013679694908372873,1.49004855378523,0.9139082236417044,0.21396054628224584,0.3288809297793284,0.3526239693642296,"JUMBO BAG PINK POLKADOT, JUMBO BAG RED RETROSPOT",JUMBO BAG PINK VINTAGE PAISLEY,"JUMBO BAG PINK POLKADOT, JUMBO BAG RED RETROSPOT → JUMBO BAG PINK VINTAGE PAISLEY"
"frozenset({'JUMBO BAG RED RETROSPOT', 'JUMBO STORAGE BAG SUKI'})",frozenset({'JUMBO BAG APPLES'}),0.038736888839558246,0.0491148232421333,0.01509517731283645,0.38968481375358166,7.934158936752303,1.0,0.013192621864531382,1.5580231299929364,0.9091815613145554,0.2074752097635393,0.35816100496240155,0.34851472326097166,"JUMBO BAG RED RETROSPOT, JUMBO STORAGE BAG SUKI",JUMBO BAG APPLES,"JUMBO BAG RED RETROSPOT, JUMBO STORAGE BAG SUKI → JUMBO BAG APPLES"
frozenset({'DOTCOM POSTAGE'}),frozenset({'PAPER BUNTING RETROSPOT'}),0.03918086464287696,0.039291858593706645,0.012209334591264775,0.311614730878187,7.930770954370129,1.0,0.010669845598137693,1.395596600479101,0.9095456383274785,0.1842546063651591,0.2834605647099562,0.31117459707751155,DOTCOM POSTAGE,PAPER BUNTING RETROSPOT,DOTCOM POSTAGE → PAPER BUNTING RETROSPOT
frozenset({'PAPER BUNTING RETROSPOT'}),frozenset({'DOTCOM POSTAGE'}),0.039291858593706645,0.03918086464287696,0.012209334591264775,0.3107344632768361,7.930770954370128,1.0,0.010669845598137693,1.3939753029361537,0.9096507212964957,0.1842546063651591,0.28262717575147633,0.31117459707751155,PAPER BUNTING RETROSPOT,DOTCOM POSTAGE,PAPER BUNTING RETROSPOT → DOTCOM POSTAGE
"frozenset({'LUNCH BAG CARS BLUE', 'LUNCH BAG  BLACK SKULL.'})",frozenset({'LUNCH BAG RED RETROSPOT'}),0.027914978633664465,0.07725178977745713,0.017093068427770686,0.6123260437375746,7.926367084847239,1.0,0.014936586366720631,2.3802171781637904,0.8989324788023121,0.19407687460617518,0.5798702701694447,0.41679520577683327,"LUNCH BAG  BLACK SKULL., LUNCH BAG CARS BLUE",LUNCH BAG RED RETROSPOT,"LUNCH BAG  BLACK SKULL., LUNCH BAG CARS BLUE → LUNCH BAG RED RETROSPOT"
frozenset({'JUMBO STORAGE BAG SKULLS'}),frozenset({'JUMBO BAG PINK VINTAGE PAISLEY'}),0.03795993118375048,0.04523003496309451,0.013596758976635773,0.358187134502924,7.919231873138881,1.0,0.011879829961998076,1.4876142507636523,0.9082003496524078,0.19537480063795856,0.3277827235880137,0.32940031571771966,JUMBO STORAGE BAG SKULLS,JUMBO BAG PINK VINTAGE PAISLEY,JUMBO STORAGE BAG SKULLS → JUMBO BAG PINK VINTAGE PAISLEY
frozenset({'JUMBO BAG PINK VINTAGE PAISLEY'}),frozenset({'JUMBO STORAGE BAG SKULLS'}),0.04523003496309451,0.03795993118375048,0.013596758976635773,0.3006134969325153,7.91923187313888,1.0,0.011879829961998076,1.3755485194477954,0.9151158487110259,0.19537480063795856,0.27301728302434347,0.32940031571771966,JUMBO BAG PINK VINTAGE PAISLEY,JUMBO STORAGE BAG SKULLS,JUMBO BAG PINK VINTAGE PAISLEY → JUMBO STORAGE BAG SKULLS
"frozenset({'JUMBO BAG RED RETROSPOT', 'JUMBO BAG PINK POLKADOT'})",frozenset({'JUMBO BAG STRAWBERRY'}),0.04356512570064931,0.04378711360230867,0.01509517731283645,0.34649681528662424,7.913214340493894,1.0,0.013187586204683263,1.4632107520900346,0.9134224668746459,0.20890937019969277,0.31657145180787477,0.34561849636321074,"JUMBO BAG PINK POLKADOT, JUMBO BAG RED RETROSPOT",JUMBO BAG STRAWBERRY,"JUMBO BAG PINK POLKADOT, JUMBO BAG RED RETROSPOT → JUMBO BAG STRAWBERRY"
"frozenset({'LUNCH BAG CARS BLUE', 'JUMBO BAG RED RETROSPOT'})",frozenset({'LUNCH BAG RED RETROSPOT'}),0.016704589599866808,0.07725178977745713,0.01021144347633054,0.6112956810631229,7.913029365715813,1.0,0.008920984032242932,2.3739077886921827,0.8884676354677384,0.12193505632869452,0.5787536463027854,0.37173979455455,"JUMBO BAG RED RETROSPOT, LUNCH BAG CARS BLUE",LUNCH BAG RED RETROSPOT,"JUMBO BAG RED RETROSPOT, LUNCH BAG CARS BLUE → LUNCH BAG RED RETROSPOT"
"frozenset({'JUMBO BAG RED RETROSPOT', 'JUMBO BAG APPLES'})",frozenset({'JUMBO  BAG BAROQUE BLACK WHITE'}),0.028192463510738664,0.0505022476275043,0.011265886009212498,0.39960629921259844,7.912643852210782,1.0,0.009842103235763795,1.58145855149255,0.8989640009530956,0.16707818930041154,0.3676723306746047,0.3113416111447608,"JUMBO BAG APPLES, JUMBO BAG RED RETROSPOT",JUMBO  BAG BAROQUE BLACK WHITE,"JUMBO BAG APPLES, JUMBO BAG RED RETROSPOT → JUMBO  BAG BAROQUE BLACK WHITE"
"frozenset({'RECYCLING BAG RETROSPOT ', 'JUMBO BAG RED RETROSPOT'})",frozenset({'JUMBO SHOPPER VINTAGE RED PAISLEY'}),0.022309784116765638,0.06287807314501359,0.011099395082967978,0.49751243781094523,7.912335937259861,1.0,0.009696598845424526,1.8649654187906164,0.8935499801328264,0.149812734082397,0.46379702812480295,0.3370174722152696,"JUMBO BAG RED RETROSPOT, RECYCLING BAG RETROSPOT ",JUMBO SHOPPER VINTAGE RED PAISLEY,"JUMBO BAG RED RETROSPOT, RECYCLING BAG RETROSPOT  → JUMBO SHOPPER VINTAGE RED PAISLEY"
frozenset({'JUMBO BAG PINK VINTAGE PAISLEY'}),frozenset({'JUMBO BAG WOODLAND ANIMALS'}),0.04523003496309451,0.04079027692990732,0.014595704534102891,0.3226993865030675,7.911184007345271,1.0,0.012750758882408876,1.4162245005473288,0.914981306849676,0.20435120435120435,0.29389726020589985,0.3402612578773841,JUMBO BAG PINK VINTAGE PAISLEY,JUMBO BAG WOODLAND ANIMALS,JUMBO BAG PINK VINTAGE PAISLEY → JUMBO BAG WOODLAND ANIMALS
frozenset({'JUMBO BAG WOODLAND ANIMALS'}),frozenset({'JUMBO BAG PINK VINTAGE PAISLEY'}),0.04079027692990732,0.04523003496309451,0.014595704534102891,0.3578231292517007,7.91118400734527,1.0,0.012750758882408876,1.4867710260638252,0.9107462626152409,0.20435120435120435,0.3274014744237616,0.3402612578773841,JUMBO BAG WOODLAND ANIMALS,JUMBO BAG PINK VINTAGE PAISLEY,JUMBO BAG WOODLAND ANIMALS → JUMBO BAG PINK VINTAGE PAISLEY
"frozenset({'JUMBO BAG RED RETROSPOT', 'LUNCH BAG SUKI DESIGN '})",frozenset({'LUNCH BAG RED RETROSPOT'}),0.017259559354015207,0.07725178977745713,0.010544425328819579,0.6109324758842444,7.908327789481465,1.0,0.009211093477951652,2.371691680819924,0.8888929178604972,0.12557832121612691,0.5783600338580741,0.3737133643789038,"JUMBO BAG RED RETROSPOT, LUNCH BAG SUKI DESIGN ",LUNCH BAG RED RETROSPOT,"JUMBO BAG RED RETROSPOT, LUNCH BAG SUKI DESIGN  → LUNCH BAG RED RETROSPOT"
frozenset({'LUNCH BAG PINK POLKADOT'}),frozenset({'LUNCH BAG CARS BLUE'}),0.05582995726732893,0.05910427881680448,0.026083578444974748,0.46719681908548705,7.904619232959053,1.0,0.022783789084316258,1.7659348796833856,0.9251423504679149,0.2935665209244222,0.4337277033798155,0.4542556865380487,LUNCH BAG PINK POLKADOT,LUNCH BAG CARS BLUE,LUNCH BAG PINK POLKADOT → LUNCH BAG CARS BLUE
frozenset({'LUNCH BAG CARS BLUE'}),frozenset({'LUNCH BAG PINK POLKADOT'}),0.05910427881680448,0.05582995726732893,0.026083578444974748,0.4413145539906103,7.904619232959053,1.0,0.022783789084316258,1.6899850344710832,0.9283618502129667,0.2935665209244222,0.40827878377457283,0.4542556865380487,LUNCH BAG CARS BLUE,LUNCH BAG PINK POLKADOT,LUNCH BAG CARS BLUE → LUNCH BAG PINK POLKADOT
"frozenset({'JUMBO BAG RED RETROSPOT', 'JUMBO  BAG BAROQUE BLACK WHITE'})",frozenset({'JUMBO BAG STRAWBERRY'}),0.031633275986458737,0.04378711360230867,0.010932904156723459,0.3456140350877193,7.893053609943745,1.0,0.009547774307491208,1.461236850527303,0.901834294170713,0.16953528399311538,0.3156482471413589,0.2976485891534921,"JUMBO  BAG BAROQUE BLACK WHITE, JUMBO BAG RED RETROSPOT",JUMBO BAG STRAWBERRY,"JUMBO  BAG BAROQUE BLACK WHITE, JUMBO BAG RED RETROSPOT → JUMBO BAG STRAWBERRY"
frozenset({'LUNCH BAG VINTAGE DOILY '}),frozenset({'LUNCH BAG APPLE DESIGN'}),0.03024585160108774,0.0507797325045785,0.012098340640435096,0.4,7.877158469945356,1.0,0.010562464386758685,1.582033779159036,0.9002804166189768,0.17552334943639292,0.3679022450888681,0.3191256830601093,LUNCH BAG VINTAGE DOILY ,LUNCH BAG APPLE DESIGN,LUNCH BAG VINTAGE DOILY  → LUNCH BAG APPLE DESIGN
frozenset({'LUNCH BAG WOODLAND'}),frozenset({'LUNCH BAG CARS BLUE'}),0.0482823686109107,0.05910427881680448,0.022476275043010155,0.46551724137931033,7.876202039825158,1.0,0.01962258046669516,1.7603855428588817,0.917325921174542,0.2647058823529412,0.431942619583213,0.4228994657600777,LUNCH BAG WOODLAND,LUNCH BAG CARS BLUE,LUNCH BAG WOODLAND → LUNCH BAG CARS BLUE
frozenset({'LUNCH BAG CARS BLUE'}),frozenset({'LUNCH BAG WOODLAND'}),0.05910427881680448,0.0482823686109107,0.022476275043010155,0.38028169014084506,7.876202039825158,1.0,0.01962258046669516,1.535726177923303,0.927876738363939,0.2647058823529412,0.34884225171426253,0.4228994657600777,LUNCH BAG CARS BLUE,LUNCH BAG WOODLAND,LUNCH BAG CARS BLUE → LUNCH BAG WOODLAND
frozenset({'JUMBO STORAGE BAG SKULLS'}),frozenset({'DOTCOM POSTAGE'}),0.03795993118375048,0.03918086464287696,0.011709861812531218,0.30847953216374274,7.8732191077315585,1.0,0.010222558886967766,1.3894297855904276,0.907433253546984,0.17896522476675153,0.28028029169170454,0.303673193843911,JUMBO STORAGE BAG SKULLS,DOTCOM POSTAGE,JUMBO STORAGE BAG SKULLS → DOTCOM POSTAGE
"frozenset({'LUNCH BAG  BLACK SKULL.', 'RED RETROSPOT CHARLOTTE BAG'})",frozenset({'LUNCH BAG RED RETROSPOT'}),0.01897996559187524,0.07725178977745713,0.011543370886286698,0.608187134502924,7.872790213080595,1.0,0.010077134574399783,2.3550737902694756,0.8898699309402485,0.13630406290956748,0.5753848545503211,0.37880621092962297,"LUNCH BAG  BLACK SKULL., RED RETROSPOT CHARLOTTE BAG",LUNCH BAG RED RETROSPOT,"LUNCH BAG  BLACK SKULL., RED RETROSPOT CHARLOTTE BAG → LUNCH BAG RED RETROSPOT"
"frozenset({'LUNCH BAG SPACEBOY DESIGN ', 'LUNCH BAG DOLLY GIRL DESIGN'})",frozenset({'LUNCH BAG  BLACK SKULL.'}),0.01914645651811976,0.06748432210444531,0.0101559465009157,0.5304347826086957,7.860118707093822,1.0,0.00886386086208815,1.9859130177405333,0.8898122090984812,0.13280116110304788,0.4964532730956429,0.34046410183066367,"LUNCH BAG DOLLY GIRL DESIGN, LUNCH BAG SPACEBOY DESIGN ",LUNCH BAG  BLACK SKULL.,"LUNCH BAG DOLLY GIRL DESIGN, LUNCH BAG SPACEBOY DESIGN  → LUNCH BAG  BLACK SKULL."
frozenset({'PINK REGENCY TEACUP AND SAUCER'}),frozenset({'DOTCOM POSTAGE'}),0.038958876741217605,0.03918086464287696,0.011987346689605417,0.3076923076923077,7.853127042928743,1.0,0.010460904213369242,1.387849862182511,0.908038343823988,0.18120805369127516,0.27946096530397346,0.3068206580954457,PINK REGENCY TEACUP AND SAUCER,DOTCOM POSTAGE,PINK REGENCY TEACUP AND SAUCER → DOTCOM POSTAGE
frozenset({'DOTCOM POSTAGE'}),frozenset({'PINK REGENCY TEACUP AND SAUCER'}),0.03918086464287696,0.038958876741217605,0.011987346689605417,0.3059490084985836,7.853127042928743,1.0,0.010460904213369242,1.3846837408585724,0.9082481372379136,0.18120805369127516,0.277813430971645,0.3068206580954457,DOTCOM POSTAGE,PINK REGENCY TEACUP AND SAUCER,DOTCOM POSTAGE → PINK REGENCY TEACUP AND SAUCER
"frozenset({'LUNCH BAG CARS BLUE', 'LUNCH BAG SPACEBOY DESIGN '})",frozenset({'LUNCH BAG RED RETROSPOT'}),0.02519562683833731,0.07725178977745713,0.01526166823908097,0.605726872246696,7.840942895842827,1.0,0.013315260971254479,2.340378142128684,0.895014776285485,0.17504774029280712,0.5727186209787222,0.4016421717555319,"LUNCH BAG CARS BLUE, LUNCH BAG SPACEBOY DESIGN ",LUNCH BAG RED RETROSPOT,"LUNCH BAG CARS BLUE, LUNCH BAG SPACEBOY DESIGN  → LUNCH BAG RED RETROSPOT"
"frozenset({'JUMBO BAG RED RETROSPOT', 'JUMBO BAG ALPHABET'})",frozenset({'JUMBO BAG PINK POLKADOT'}),0.022032299239691435,0.06432099450579944,0.011099395082967978,0.5037783375314862,7.8322535495943475,1.0,0.009682255684621655,1.8856069298537952,0.8919750879582339,0.14749262536873153,0.4696667772230041,0.33817044572864213,"JUMBO BAG ALPHABET, JUMBO BAG RED RETROSPOT",JUMBO BAG PINK POLKADOT,"JUMBO BAG ALPHABET, JUMBO BAG RED RETROSPOT → JUMBO BAG PINK POLKADOT"
frozenset({'JUMBO BAG PINK VINTAGE PAISLEY'}),frozenset({'JUMBO SHOPPER VINTAGE RED PAISLEY'}),0.04523003496309451,0.06287807314501359,0.022254287141350797,0.49202453987730066,7.825057532258677,1.0,0.019410309694589817,1.844817319774913,0.9135241412859388,0.2592113768584357,0.45794090868465476,0.4229760828247933,JUMBO BAG PINK VINTAGE PAISLEY,JUMBO SHOPPER VINTAGE RED PAISLEY,JUMBO BAG PINK VINTAGE PAISLEY → JUMBO SHOPPER VINTAGE RED PAISLEY
frozenset({'JUMBO SHOPPER VINTAGE RED PAISLEY'}),frozenset({'JUMBO BAG PINK VINTAGE PAISLEY'}),0.06287807314501359,0.04523003496309451,0.022254287141350797,0.353927625772286,7.825057532258676,1.0,0.019410309694589817,1.477806516921877,0.930727781990009,0.2592113768584357,0.32332143041099864,0.4229760828247933,JUMBO SHOPPER VINTAGE RED PAISLEY,JUMBO BAG PINK VINTAGE PAISLEY,JUMBO SHOPPER VINTAGE RED PAISLEY → JUMBO BAG PINK VINTAGE PAISLEY
"frozenset({'LUNCH BAG RED RETROSPOT', 'LUNCH BAG PINK POLKADOT'})",frozenset({'LUNCH BAG APPLE DESIGN'}),0.0307453243798213,0.0507797325045785,0.012209334591264775,0.3971119133574007,7.820283679548638,1.0,0.010648095243490955,1.5744551742289328,0.8997917913749577,0.17614091273018415,0.364859656617575,0.318774535913673,"LUNCH BAG PINK POLKADOT, LUNCH BAG RED RETROSPOT",LUNCH BAG APPLE DESIGN,"LUNCH BAG PINK POLKADOT, LUNCH BAG RED RETROSPOT → LUNCH BAG APPLE DESIGN"
"frozenset({'DOTCOM POSTAGE', 'JUMBO BAG RED RETROSPOT'})",frozenset({'ROSES REGENCY TEACUP AND SAUCER '}),0.026916033076197346,0.053055108496586935,0.011154892058382819,0.4144329896907217,7.811368243971876,1.0,0.009726859003227447,1.6171418041519556,0.8961009370848507,0.1620967741935484,0.3816250390457196,0.31234201785791316,"DOTCOM POSTAGE, JUMBO BAG RED RETROSPOT",ROSES REGENCY TEACUP AND SAUCER ,"DOTCOM POSTAGE, JUMBO BAG RED RETROSPOT → ROSES REGENCY TEACUP AND SAUCER "
"frozenset({'JUMBO BAG PINK POLKADOT', 'JUMBO BAG SCANDINAVIAN BLUE PAISLEY'})",frozenset({'JUMBO BAG RED RETROSPOT'}),0.016871080526111328,0.10738664742771518,0.014151728730784172,0.8388157894736841,7.811174010607914,1.0,0.012339999954602063,5.5378461057545785,0.8869419401969085,0.1285282258064516,0.8194243789185721,0.4852993676050591,"JUMBO BAG PINK POLKADOT, JUMBO BAG SCANDINAVIAN BLUE PAISLEY",JUMBO BAG RED RETROSPOT,"JUMBO BAG PINK POLKADOT, JUMBO BAG SCANDINAVIAN BLUE PAISLEY → JUMBO BAG RED RETROSPOT"
frozenset({'JUMBO BAG SCANDINAVIAN BLUE PAISLEY'}),frozenset({'JUMBO BAG APPLES'}),0.03524057938842333,0.0491148232421333,0.013485765025806094,0.3826771653543307,7.791480048044843,1.0,0.011754930198193316,1.5403369572480747,0.9034943441677604,0.19028974158183243,0.35079139970349515,0.3286267182703857,JUMBO BAG SCANDINAVIAN BLUE PAISLEY,JUMBO BAG APPLES,JUMBO BAG SCANDINAVIAN BLUE PAISLEY → JUMBO BAG APPLES
frozenset({'JUMBO BAG PINK VINTAGE PAISLEY'}),frozenset({'JUMBO BAG STRAWBERRY'}),0.04523003496309451,0.04378711360230867,0.01542815916532549,0.34110429447852764,7.790061194180723,1.0,0.013447666486160078,1.45123557246577,0.9129228354122096,0.20965309200603316,0.31093199548511835,0.3467245173279837,JUMBO BAG PINK VINTAGE PAISLEY,JUMBO BAG STRAWBERRY,JUMBO BAG PINK VINTAGE PAISLEY → JUMBO BAG STRAWBERRY
frozenset({'JUMBO BAG STRAWBERRY'}),frozenset({'JUMBO BAG PINK VINTAGE PAISLEY'}),0.04378711360230867,0.04523003496309451,0.01542815916532549,0.35234474017743983,7.790061194180722,1.0,0.013447666486160078,1.4741947209669637,0.9115452385624873,0.20965309200603316,0.32166355924536666,0.3467245173279837,JUMBO BAG STRAWBERRY,JUMBO BAG PINK VINTAGE PAISLEY,JUMBO BAG STRAWBERRY → JUMBO BAG PINK VINTAGE PAISLEY
"frozenset({'LUNCH BAG RED RETROSPOT', 'JUMBO BAG RED RETROSPOT'})",frozenset({'JUMBO BAG STRAWBERRY'}),0.029468893945279982,0.04378711360230867,0.01004495255008602,0.34086629001883234,7.784625703231103,1.0,0.008754594743169659,1.4507115505062116,0.8980048829062897,0.15891132572431957,0.31068309227216134,0.2851352996355252,"JUMBO BAG RED RETROSPOT, LUNCH BAG RED RETROSPOT",JUMBO BAG STRAWBERRY,"JUMBO BAG RED RETROSPOT, LUNCH BAG RED RETROSPOT → JUMBO BAG STRAWBERRY"
frozenset({'72 SWEETHEART FAIRY CAKE CASES'}),frozenset({'PACK OF 72 RETROSPOT CAKE CASES'}),0.030800821355236138,0.06265608524335424,0.01498418336200677,0.4864864864864865,7.764393268379097,1.0,0.013054324473607768,1.8253539392629419,0.8988935969868173,0.19094766619519093,0.4521610420367081,0.36281808823881456,72 SWEETHEART FAIRY CAKE CASES,PACK OF 72 RETROSPOT CAKE CASES,72 SWEETHEART FAIRY CAKE CASES → PACK OF 72 RETROSPOT CAKE CASES
"frozenset({'JUMBO  BAG BAROQUE BLACK WHITE', 'JUMBO BAG SCANDINAVIAN BLUE PAISLEY'})",frozenset({'JUMBO BAG RED RETROSPOT'}),0.013652255952050614,0.10738664742771518,0.011376879960042177,0.8333333333333333,7.760120585701981,1.0,0.009910809963526392,5.355680115433707,0.8831936082822259,0.10374493927125505,0.8132823509906324,0.4696382428940568,"JUMBO  BAG BAROQUE BLACK WHITE, JUMBO BAG SCANDINAVIAN BLUE PAISLEY",JUMBO BAG RED RETROSPOT,"JUMBO  BAG BAROQUE BLACK WHITE, JUMBO BAG SCANDINAVIAN BLUE PAISLEY → JUMBO BAG RED RETROSPOT"
"frozenset({'JUMBO BAG RED RETROSPOT', 'JUMBO  BAG BAROQUE BLACK WHITE'})",frozenset({'JUMBO BAG PINK VINTAGE PAISLEY'}),0.031633275986458737,0.04523003496309451,0.011099395082967978,0.3508771929824561,7.757614896136046,1.0,0.00966862090410323,1.4708618380298273,0.8995501174852427,0.16877637130801687,0.3201264903714762,0.29813798299429556,"JUMBO  BAG BAROQUE BLACK WHITE, JUMBO BAG RED RETROSPOT",JUMBO BAG PINK VINTAGE PAISLEY,"JUMBO  BAG BAROQUE BLACK WHITE, JUMBO BAG RED RETROSPOT → JUMBO BAG PINK VINTAGE PAISLEY"
frozenset({'LUNCH BAG DOLLY GIRL DESIGN'}),frozenset({'LUNCH BAG SUKI DESIGN '}),0.033353682224318774,0.05666241189855153,0.014651201509517731,0.43926788685524126,7.752368318554939,1.0,0.012761301428989985,1.6823320191364113,0.9010608583248956,0.19440353460972018,0.40558701336890174,0.34891895811909956,LUNCH BAG DOLLY GIRL DESIGN,LUNCH BAG SUKI DESIGN ,LUNCH BAG DOLLY GIRL DESIGN → LUNCH BAG SUKI DESIGN 
frozenset({'PACK OF 60 PINK PAISLEY CAKE CASES'}),frozenset({'PACK OF 72 RETROSPOT CAKE CASES'}),0.043343137798989954,0.06265608524335424,0.02103335368222432,0.48527528809218956,7.745062370357098,1.0,0.018317642345576354,1.8210587000620408,0.9103425854580953,0.24755062050947096,0.45086888194986163,0.4104852968361745,PACK OF 60 PINK PAISLEY CAKE CASES,PACK OF 72 RETROSPOT CAKE CASES,PACK OF 60 PINK PAISLEY CAKE CASES → PACK OF 72 RETROSPOT CAKE CASES
frozenset({'PACK OF 72 RETROSPOT CAKE CASES'}),frozenset({'PACK OF 60 PINK PAISLEY CAKE CASES'}),0.06265608524335424,0.043343137798989954,0.02103335368222432,0.3356953055801594,7.745062370357097,1.0,0.018317642345576354,1.4400874632332539,0.9290992000074983,0.24755062050947096,0.3055977324079877,0.4104852968361745,PACK OF 72 RETROSPOT CAKE CASES,PACK OF 60 PINK PAISLEY CAKE CASES,PACK OF 72 RETROSPOT CAKE CASES → PACK OF 60 PINK PAISLEY CAKE CASES
"frozenset({'JUMBO BAG PINK POLKADOT', 'JUMBO BAG TOYS '})",frozenset({'JUMBO BAG RED RETROSPOT'}),0.01548365614074033,0.10738664742771518,0.012875298296242855,0.8315412186379929,7.743432154334881,1.0,0.011212560373365196,5.298704795056757,0.8845544357190063,0.1170534813319879,0.8112746343346179,0.4757189297324331,"JUMBO BAG PINK POLKADOT, JUMBO BAG TOYS ",JUMBO BAG RED RETROSPOT,"JUMBO BAG PINK POLKADOT, JUMBO BAG TOYS  → JUMBO BAG RED RETROSPOT"
"frozenset({'LUNCH BAG SPACEBOY DESIGN ', 'LUNCH BAG DOLLY GIRL DESIGN'})",frozenset({'LUNCH BAG RED RETROSPOT'}),0.01914645651811976,0.07725178977745713,0.011432376935457018,0.5971014492753624,7.729289521905715,1.0,0.009953278901536007,2.2902743347250167,0.8876167174424391,0.13455258001306336,0.5633710840496033,0.3725449775112444,"LUNCH BAG DOLLY GIRL DESIGN, LUNCH BAG SPACEBOY DESIGN ",LUNCH BAG RED RETROSPOT,"LUNCH BAG DOLLY GIRL DESIGN, LUNCH BAG SPACEBOY DESIGN  → LUNCH BAG RED RETROSPOT"
"frozenset({'JUMBO BAG RED RETROSPOT', 'JUMBO SHOPPER VINTAGE RED PAISLEY'})",frozenset({'RECYCLING BAG RETROSPOT '}),0.03646151284754981,0.03940285254453632,0.011099395082967978,0.30441400304414,7.725684395566703,1.0,0.009662707468685257,1.38098977216245,0.9035047805552358,0.1713796058269066,0.27588167547821124,0.29305207194460525,"JUMBO BAG RED RETROSPOT, JUMBO SHOPPER VINTAGE RED PAISLEY",RECYCLING BAG RETROSPOT ,"JUMBO BAG RED RETROSPOT, JUMBO SHOPPER VINTAGE RED PAISLEY → RECYCLING BAG RETROSPOT "
"frozenset({'JUMBO BAG RED RETROSPOT', 'JUMBO STORAGE BAG SUKI'})",frozenset({'JUMBO BAG STRAWBERRY'}),0.038736888839558246,0.04378711360230867,0.013097286197902215,0.33810888252148996,7.721652666862774,1.0,0.011401109645684476,1.4446679539082004,0.9055731310772953,0.18864908073541167,0.30779941695616525,0.3186108417677158,"JUMBO BAG RED RETROSPOT, JUMBO STORAGE BAG SUKI",JUMBO BAG STRAWBERRY,"JUMBO BAG RED RETROSPOT, JUMBO STORAGE BAG SUKI → JUMBO BAG STRAWBERRY"
frozenset({'LUNCH BAG ALPHABET DESIGN'}),frozenset({'LUNCH BAG SUKI DESIGN '}),0.03818191908540985,0.05666241189855153,0.016704589599866808,0.4375,7.721167972575906,1.0,0.01454110997357215,1.677044601069242,0.9050421622690966,0.2137784090909091,0.403712936816096,0.36615450538687566,LUNCH BAG ALPHABET DESIGN,LUNCH BAG SUKI DESIGN ,LUNCH BAG ALPHABET DESIGN → LUNCH BAG SUKI DESIGN 
frozenset({'JUMBO BAG VINTAGE LEAF'}),frozenset({'JUMBO BAG ALPHABET'}),0.04528553193850935,0.04706143515178423,0.01642710472279261,0.36274509803921573,7.707905567887533,1.0,0.014295902598154397,1.4953805171464312,0.9115427698814317,0.21637426900584794,0.33127388745959047,0.35590085090640033,JUMBO BAG VINTAGE LEAF,JUMBO BAG ALPHABET,JUMBO BAG VINTAGE LEAF → JUMBO BAG ALPHABET
frozenset({'JUMBO BAG ALPHABET'}),frozenset({'JUMBO BAG VINTAGE LEAF'}),0.04706143515178423,0.04528553193850935,0.01642710472279261,0.3490566037735849,7.707905567887532,1.0,0.014295902598154397,1.4666628060075073,0.9132415275913034,0.21637426900584794,0.31818002344917895,0.35590085090640033,JUMBO BAG ALPHABET,JUMBO BAG VINTAGE LEAF,JUMBO BAG ALPHABET → JUMBO BAG VINTAGE LEAF
frozenset({'HOT WATER BOTTLE TEA AND SYMPATHY'}),frozenset({'SCOTTIE DOG HOT WATER BOTTLE'}),0.034297130806371055,0.04073477995449248,0.010766413230478939,0.313915857605178,7.706334929411039,1.0,0.009369327154010969,1.3981743065757632,0.9011432569641394,0.16753022452504318,0.2847815931841309,0.2891105173584473,HOT WATER BOTTLE TEA AND SYMPATHY,SCOTTIE DOG HOT WATER BOTTLE,HOT WATER BOTTLE TEA AND SYMPATHY → SCOTTIE DOG HOT WATER BOTTLE
"frozenset({'JUMBO BAG RED RETROSPOT', 'JUMBO BAG PINK POLKADOT'})",frozenset({'RECYCLING BAG RETROSPOT '}),0.04356512570064931,0.03940285254453632,0.013208280148731894,0.30318471337579617,7.694486408899255,1.0,0.01149168992466502,1.3785534931490657,0.9096665473663064,0.18933969769291964,0.27460196142575954,0.31919799049071496,"JUMBO BAG PINK POLKADOT, JUMBO BAG RED RETROSPOT",RECYCLING BAG RETROSPOT ,"JUMBO BAG PINK POLKADOT, JUMBO BAG RED RETROSPOT → RECYCLING BAG RETROSPOT "
frozenset({'LUNCH BAG PINK POLKADOT'}),frozenset({'LUNCH BAG  BLACK SKULL.'}),0.05582995726732893,0.06748432210444531,0.028969421166546425,0.5188866799204772,7.688995958459768,1.0,0.025201774347240583,1.93824539661762,0.9213848864278456,0.3070588235294118,0.4840694569712003,0.47408149785497544,LUNCH BAG PINK POLKADOT,LUNCH BAG  BLACK SKULL.,LUNCH BAG PINK POLKADOT → LUNCH BAG  BLACK SKULL.
frozenset({'LUNCH BAG  BLACK SKULL.'}),frozenset({'LUNCH BAG PINK POLKADOT'}),0.06748432210444531,0.05582995726732893,0.028969421166546425,0.4292763157894737,7.688995958459768,1.0,0.025201774347240583,1.65433828813102,0.9329001412126963,0.3070588235294118,0.39552870946984814,0.47408149785497544,LUNCH BAG  BLACK SKULL.,LUNCH BAG PINK POLKADOT,LUNCH BAG  BLACK SKULL. → LUNCH BAG PINK POLKADOT
frozenset({'HOT WATER BOTTLE KEEP CALM'}),frozenset({'CHOCOLATE HOT WATER BOTTLE'}),0.041900216438204116,0.04550751984016871,0.014651201509517731,0.34966887417218545,7.683760297205622,1.0,0.012744426578648793,1.467702286192816,0.9078964459235542,0.2013729977116705,0.3186629131756852,0.3358100468421903,HOT WATER BOTTLE KEEP CALM,CHOCOLATE HOT WATER BOTTLE,HOT WATER BOTTLE KEEP CALM → CHOCOLATE HOT WATER BOTTLE
frozenset({'CHOCOLATE HOT WATER BOTTLE'}),frozenset({'HOT WATER BOTTLE KEEP CALM'}),0.04550751984016871,0.041900216438204116,0.014651201509517731,0.32195121951219513,7.683760297205621,1.0,0.012744426578648793,1.413024860648692,0.9113276494228875,0.2013729977116705,0.292298367955876,0.3358100468421903,CHOCOLATE HOT WATER BOTTLE,HOT WATER BOTTLE KEEP CALM,CHOCOLATE HOT WATER BOTTLE → HOT WATER BOTTLE KEEP CALM
"frozenset({'JUMBO BAG RED RETROSPOT', 'WHITE HANGING HEART T-LIGHT HOLDER'})",frozenset({'JUMBO STORAGE BAG SUKI'}),0.024196681280870193,0.06271158221876907,0.011654364837116377,0.481651376146789,7.6804213688398155,1.0,0.010136952669549735,1.8082201334186578,0.8913669318037172,0.15486725663716816,0.4469699891520511,0.33374604205569536,"JUMBO BAG RED RETROSPOT, WHITE HANGING HEART T-LIGHT HOLDER",JUMBO STORAGE BAG SUKI,"JUMBO BAG RED RETROSPOT, WHITE HANGING HEART T-LIGHT HOLDER → JUMBO STORAGE BAG SUKI"
frozenset({'JUMBO BAG SCANDINAVIAN BLUE PAISLEY'}),frozenset({'JUMBO  BAG BAROQUE BLACK WHITE'}),0.03524057938842333,0.0505022476275043,0.013652255952050614,0.38740157480314963,7.6709768971186305,1.0,0.011872527485239735,1.549951343847133,0.9014045248597906,0.1893764434180139,0.35481845674077694,0.32886562256641,JUMBO BAG SCANDINAVIAN BLUE PAISLEY,JUMBO  BAG BAROQUE BLACK WHITE,JUMBO BAG SCANDINAVIAN BLUE PAISLEY → JUMBO  BAG BAROQUE BLACK WHITE
frozenset({'DOTCOM POSTAGE'}),frozenset({'ROSES REGENCY TEACUP AND SAUCER '}),0.03918086464287696,0.053055108496586935,0.015927631944059047,0.40651558073654387,7.6621383360792725,1.0,0.013848886919441123,1.5955682420081376,0.9049446439212764,0.2087272727272727,0.3732640361772129,0.35336239287873217,DOTCOM POSTAGE,ROSES REGENCY TEACUP AND SAUCER ,DOTCOM POSTAGE → ROSES REGENCY TEACUP AND SAUCER 
frozenset({'ROSES REGENCY TEACUP AND SAUCER '}),frozenset({'DOTCOM POSTAGE'}),0.053055108496586935,0.03918086464287696,0.015927631944059047,0.30020920502092047,7.662138336079272,1.0,0.013848886919441123,1.3730091082233327,0.9182035175648514,0.2087272727272727,0.27167271213954636,0.35336239287873217,ROSES REGENCY TEACUP AND SAUCER ,DOTCOM POSTAGE,ROSES REGENCY TEACUP AND SAUCER  → DOTCOM POSTAGE
frozenset({'LUNCH BAG VINTAGE LEAF DESIGN'}),frozenset({'JUMBO BAG VINTAGE LEAF'}),0.034574615683445255,0.04528553193850935,0.011987346689605417,0.3467094703049759,7.656075913511471,1.0,0.01042161682681107,1.4613933995142718,0.9005199151784573,0.17661488143908424,0.3157215570205988,0.30570767632895857,LUNCH BAG VINTAGE LEAF DESIGN,JUMBO BAG VINTAGE LEAF,LUNCH BAG VINTAGE LEAF DESIGN → JUMBO BAG VINTAGE LEAF
frozenset({'SUKI  SHOULDER BAG'}),frozenset({'JAM MAKING SET PRINTED'}),0.028136966535323826,0.05594095121815861,0.012042843665020257,0.4280078895463511,7.65106563664256,1.0,0.010468834992640745,1.6504756473530813,0.8944668356444981,0.16718027734976887,0.3941140533616895,0.3216428336620645,SUKI  SHOULDER BAG,JAM MAKING SET PRINTED,SUKI  SHOULDER BAG → JAM MAKING SET PRINTED
"frozenset({'JAM MAKING SET PRINTED', 'JAM MAKING SET WITH JARS'})",frozenset({'RECIPE BOX PANTRY YELLOW DESIGN'}),0.023308729674232753,0.05699539375104057,0.0101559465009157,0.4357142857142857,7.644728056753373,1.0,0.008827456275296242,1.6711474034791687,0.88993413373897,0.14477848101265822,0.4016087402475114,0.3069515927110864,"JAM MAKING SET PRINTED, JAM MAKING SET WITH JARS",RECIPE BOX PANTRY YELLOW DESIGN,"JAM MAKING SET PRINTED, JAM MAKING SET WITH JARS → RECIPE BOX PANTRY YELLOW DESIGN"
"frozenset({'WOODLAND CHARLOTTE BAG', 'CHARLOTTE BAG PINK POLKADOT'})",frozenset({'LUNCH BAG  BLACK SKULL.'}),0.01981242022309784,0.06748432210444531,0.01021144347633054,0.515406162464986,7.637420757776795,1.0,0.008874415728326378,1.9243242601659714,0.8866320718023956,0.13246940244780417,0.4803370613257504,0.3333609759693351,"CHARLOTTE BAG PINK POLKADOT, WOODLAND CHARLOTTE BAG",LUNCH BAG  BLACK SKULL.,"CHARLOTTE BAG PINK POLKADOT, WOODLAND CHARLOTTE BAG → LUNCH BAG  BLACK SKULL."
frozenset({'DOTCOM POSTAGE'}),frozenset({'JUMBO  BAG BAROQUE BLACK WHITE'}),0.03918086464287696,0.0505022476275043,0.01509517731283645,0.3852691218130312,7.628751984559351,1.0,0.013116455584382151,1.5445746847349815,0.9043501822839689,0.2023809523809524,0.35257258202986785,0.34208511035706507,DOTCOM POSTAGE,JUMBO  BAG BAROQUE BLACK WHITE,DOTCOM POSTAGE → JUMBO  BAG BAROQUE BLACK WHITE
"frozenset({'JUMBO BAG TOYS ', 'JUMBO SHOPPER VINTAGE RED PAISLEY'})",frozenset({'JUMBO BAG RED RETROSPOT'}),0.014595704534102891,0.10738664742771518,0.011931849714190576,0.8174904942965779,7.612589776087876,1.0,0.010364465937427765,4.890777327635644,0.8815048434332057,0.10842158345940495,0.7955335250391717,0.46430080270384455,"JUMBO BAG TOYS , JUMBO SHOPPER VINTAGE RED PAISLEY",JUMBO BAG RED RETROSPOT,"JUMBO BAG TOYS , JUMBO SHOPPER VINTAGE RED PAISLEY → JUMBO BAG RED RETROSPOT"
"frozenset({'CHARLOTTE BAG PINK POLKADOT', 'CHARLOTTE BAG SUKI DESIGN'})",frozenset({'PACK OF 72 RETROSPOT CAKE CASES'}),0.02131083855929852,0.06265608524335424,0.0101559465009157,0.4765625,7.606005037643932,1.0,0.008820692783536931,1.7907465834156815,0.8874369617052525,0.137593984962406,0.44157369375370037,0.3193264227192205,"CHARLOTTE BAG PINK POLKADOT, CHARLOTTE BAG SUKI DESIGN",PACK OF 72 RETROSPOT CAKE CASES,"CHARLOTTE BAG PINK POLKADOT, CHARLOTTE BAG SUKI DESIGN → PACK OF 72 RETROSPOT CAKE CASES"
"frozenset({'LUNCH BAG SPACEBOY DESIGN ', 'LUNCH BAG  BLACK SKULL.'})",frozenset({'RED RETROSPOT CHARLOTTE BAG'}),0.026805039125367667,0.050113768799600424,0.01021144347633054,0.38095238095238093,7.601750777830511,1.0,0.008868141942937622,1.5344316042467994,0.8923714073905111,0.15307820299500832,0.3482928810692306,0.29235880398671094,"LUNCH BAG  BLACK SKULL., LUNCH BAG SPACEBOY DESIGN ",RED RETROSPOT CHARLOTTE BAG,"LUNCH BAG  BLACK SKULL., LUNCH BAG SPACEBOY DESIGN  → RED RETROSPOT CHARLOTTE BAG"
frozenset({'DOTCOM POSTAGE'}),frozenset({'JUMBO BAG PINK POLKADOT'}),0.03918086464287696,0.06432099450579944,0.01914645651811976,0.48866855524079317,7.5973414123242895,1.0,0.0166263043386928,1.8298874733487691,0.9037861303853935,0.22697368421052627,0.453518309423716,0.39316948038139743,DOTCOM POSTAGE,JUMBO BAG PINK POLKADOT,DOTCOM POSTAGE → JUMBO BAG PINK POLKADOT
frozenset({'JUMBO BAG DOLLY GIRL DESIGN'}),frozenset({'JUMBO BAG PINK POLKADOT'}),0.023530717575892115,0.06432099450579944,0.011487873910871858,0.4882075471698113,7.590174109105116,1.0,0.009974354754955382,1.8282391628089447,0.8891736096525006,0.1504360465116279,0.4530256104657669,0.3334048952415062,JUMBO BAG DOLLY GIRL DESIGN,JUMBO BAG PINK POLKADOT,JUMBO BAG DOLLY GIRL DESIGN → JUMBO BAG PINK POLKADOT
"frozenset({'LUNCH BAG CARS BLUE', 'LUNCH BAG PINK POLKADOT'})",frozenset({'LUNCH BAG APPLE DESIGN'}),0.026083578444974748,0.0507797325045785,0.01004495255008602,0.3851063829787234,7.583860016277177,1.0,0.008720435413888013,1.543714621878367,0.8913917117312252,0.15033222591362125,0.3522118752861095,0.2914602953144983,"LUNCH BAG CARS BLUE, LUNCH BAG PINK POLKADOT",LUNCH BAG APPLE DESIGN,"LUNCH BAG CARS BLUE, LUNCH BAG PINK POLKADOT → LUNCH BAG APPLE DESIGN"
"frozenset({'JUMBO BAG RED RETROSPOT', 'JUMBO BAG APPLES'})",frozenset({'JUMBO SHOPPER VINTAGE RED PAISLEY'}),0.028192463510738664,0.06287807314501359,0.013430268050391254,0.47637795275590555,7.576217414570753,1.0,0.011657580267624902,1.7896914994072675,0.8931892161290825,0.17298070050035744,0.44124448245343256,0.34498509288280715,"JUMBO BAG APPLES, JUMBO BAG RED RETROSPOT",JUMBO SHOPPER VINTAGE RED PAISLEY,"JUMBO BAG APPLES, JUMBO BAG RED RETROSPOT → JUMBO SHOPPER VINTAGE RED PAISLEY"
"frozenset({'JUMBO BAG STRAWBERRY', 'JUMBO BAG RED RETROSPOT'})",frozenset({'JUMBO  BAG BAROQUE BLACK WHITE'}),0.028636439314057384,0.0505022476275043,0.010932904156723459,0.3817829457364341,7.5597218672800075,1.0,0.009486699607314934,1.535864702897203,0.8933009598644583,0.16029292107404397,0.348900981894021,0.2991332311099753,"JUMBO BAG RED RETROSPOT, JUMBO BAG STRAWBERRY",JUMBO  BAG BAROQUE BLACK WHITE,"JUMBO BAG RED RETROSPOT, JUMBO BAG STRAWBERRY → JUMBO  BAG BAROQUE BLACK WHITE"
"frozenset({'DOTCOM POSTAGE', 'JUMBO BAG RED RETROSPOT'})",frozenset({'JAM MAKING SET PRINTED'}),0.026916033076197346,0.05594095121815861,0.011376879960042177,0.422680412371134,7.555831696939944,1.0,0.009871171466740278,1.6352451380685469,0.8916516204057902,0.15916149068322982,0.3884708923940664,0.31302671412207494,"DOTCOM POSTAGE, JUMBO BAG RED RETROSPOT",JAM MAKING SET PRINTED,"DOTCOM POSTAGE, JUMBO BAG RED RETROSPOT → JAM MAKING SET PRINTED"
frozenset({'JUMBO STORAGE BAG SKULLS'}),frozenset({'JUMBO  BAG BAROQUE BLACK WHITE'}),0.03795993118375048,0.0505022476275043,0.014484710583273212,0.38157894736842113,7.555682475419319,1.0,0.012567648738708423,1.5353580676661633,0.901884765722129,0.1957989497374344,0.34868613318321234,0.33419606709080396,JUMBO STORAGE BAG SKULLS,JUMBO  BAG BAROQUE BLACK WHITE,JUMBO STORAGE BAG SKULLS → JUMBO  BAG BAROQUE BLACK WHITE
"frozenset({'LUNCH BAG APPLE DESIGN', 'LUNCH BAG VINTAGE LEAF DESIGN'})",frozenset({'LUNCH BAG RED RETROSPOT'}),0.018646983739386204,0.07725178977745713,0.010877407181308618,0.5833333333333333,7.551065613026819,1.0,0.009436894313489893,2.2145957045341023,0.8840532876612727,0.12793733681462138,0.5484503117419457,0.3620689655172413,"LUNCH BAG APPLE DESIGN, LUNCH BAG VINTAGE LEAF DESIGN",LUNCH BAG RED RETROSPOT,"LUNCH BAG APPLE DESIGN, LUNCH BAG VINTAGE LEAF DESIGN → LUNCH BAG RED RETROSPOT"
"frozenset({'LUNCH BAG PINK POLKADOT', 'LUNCH BAG  BLACK SKULL.'})",frozenset({'LUNCH BAG APPLE DESIGN'}),0.028969421166546425,0.0507797325045785,0.011099395082967978,0.38314176245210724,7.54517094822352,1.0,0.009628335625318276,1.5387980733931987,0.8933445733554324,0.16168148746968472,0.35014215491256545,0.3008604987123924,"LUNCH BAG  BLACK SKULL., LUNCH BAG PINK POLKADOT",LUNCH BAG APPLE DESIGN,"LUNCH BAG  BLACK SKULL., LUNCH BAG PINK POLKADOT → LUNCH BAG APPLE DESIGN"
"frozenset({'RECYCLING BAG RETROSPOT ', 'JUMBO BAG PINK POLKADOT'})",frozenset({'JUMBO BAG RED RETROSPOT'}),0.01631611077196293,0.10738664742771518,0.013208280148731894,0.8095238095238094,7.538402854681924,1.0,0.011456147713871566,4.686220101004492,0.8817323487928317,0.11953792064289302,0.7866084011321514,0.4662606127722406,"JUMBO BAG PINK POLKADOT, RECYCLING BAG RETROSPOT ",JUMBO BAG RED RETROSPOT,"JUMBO BAG PINK POLKADOT, RECYCLING BAG RETROSPOT  → JUMBO BAG RED RETROSPOT"
"frozenset({'WOODLAND CHARLOTTE BAG', 'CHARLOTTE BAG SUKI DESIGN'})",frozenset({'PACK OF 72 RETROSPOT CAKE CASES'}),0.022920250846328875,0.06265608524335424,0.010821910205893778,0.4721549636803874,7.535660133354208,1.0,0.009385817015067134,1.7757937467637375,0.8876426160079461,0.14476614699331847,0.4368715388133156,0.32243709211477295,"CHARLOTTE BAG SUKI DESIGN, WOODLAND CHARLOTTE BAG",PACK OF 72 RETROSPOT CAKE CASES,"CHARLOTTE BAG SUKI DESIGN, WOODLAND CHARLOTTE BAG → PACK OF 72 RETROSPOT CAKE CASES"
"frozenset({'JUMBO BAG PINK POLKADOT', 'JUMBO BAG VINTAGE LEAF'})",frozenset({'JUMBO BAG RED RETROSPOT'}),0.013041789222487374,0.10738664742771518,0.010544425328819579,0.8085106382978723,7.528968057617241,1.0,0.009143911307757751,4.661425285655263,0.8786386935625162,0.09595959595959595,0.7854733394360458,0.45335092638407826,"JUMBO BAG PINK POLKADOT, JUMBO BAG VINTAGE LEAF",JUMBO BAG RED RETROSPOT,"JUMBO BAG PINK POLKADOT, JUMBO BAG VINTAGE LEAF → JUMBO BAG RED RETROSPOT"
frozenset({'JAM MAKING SET WITH JARS'}),frozenset({'JAM MAKING SET PRINTED'}),0.055441478439425054,0.05594095121815861,0.023308729674232753,0.4204204204204204,7.515432098765431,1.0,0.020207280633390286,1.6288687214733326,0.9178260869565218,0.2646502835538752,0.38607698286729497,0.4185435435435435,JAM MAKING SET WITH JARS,JAM MAKING SET PRINTED,JAM MAKING SET WITH JARS → JAM MAKING SET PRINTED
frozenset({'JAM MAKING SET PRINTED'}),frozenset({'JAM MAKING SET WITH JARS'}),0.05594095121815861,0.055441478439425054,0.023308729674232753,0.41666666666666663,7.515432098765431,1.0,0.020207280633390286,1.6192431798181284,0.9183116806772089,0.2646502835538752,0.382427536231884,0.4185435435435435,JAM MAKING SET PRINTED,JAM MAKING SET WITH JARS,JAM MAKING SET PRINTED → JAM MAKING SET WITH JARS
"frozenset({'JUMBO BAG PINK VINTAGE PAISLEY', 'JUMBO BAG APPLES'})",frozenset({'JUMBO BAG RED RETROSPOT'}),0.013485765025806094,0.10738664742771518,0.010877407181308618,0.8065843621399176,7.511030295296732,1.0,0.009429216087189366,4.615000950533299,0.878712584268631,0.09889001009081735,0.7833153209027092,0.45393817590200014,"JUMBO BAG APPLES, JUMBO BAG PINK VINTAGE PAISLEY",JUMBO BAG RED RETROSPOT,"JUMBO BAG APPLES, JUMBO BAG PINK VINTAGE PAISLEY → JUMBO BAG RED RETROSPOT"
"frozenset({'JUMBO BAG SCANDINAVIAN BLUE PAISLEY', 'JUMBO BAG APPLES'})",frozenset({'JUMBO BAG RED RETROSPOT'}),0.013485765025806094,0.10738664742771518,0.010877407181308618,0.8065843621399176,7.511030295296732,1.0,0.009429216087189366,4.615000950533299,0.878712584268631,0.09889001009081735,0.7833153209027092,0.45393817590200014,"JUMBO BAG APPLES, JUMBO BAG SCANDINAVIAN BLUE PAISLEY",JUMBO BAG RED RETROSPOT,"JUMBO BAG APPLES, JUMBO BAG SCANDINAVIAN BLUE PAISLEY → JUMBO BAG RED RETROSPOT"
frozenset({'JUMBO BAG PEARS'}),frozenset({'LUNCH BAG APPLE DESIGN'}),0.03041234252733226,0.0507797325045785,0.011598867861701537,0.3813868613138686,7.510611862311037,1.0,0.010054537243325988,1.5344327627949588,0.8940450600434513,0.16666666666666669,0.3482933731299461,0.30490108093015833,JUMBO BAG PEARS,LUNCH BAG APPLE DESIGN,JUMBO BAG PEARS → LUNCH BAG APPLE DESIGN
"frozenset({'JUMBO BAG PINK POLKADOT', 'JUMBO SHOPPER VINTAGE RED PAISLEY'})",frozenset({'JUMBO BAG RED RETROSPOT'}),0.02519562683833731,0.10738664742771518,0.0203118930018314,0.8061674008810572,7.507147491718745,1.0,0.017606219105822593,4.605073432588831,0.8891975006183123,0.1809194265941671,0.7828481967468148,0.49765734385138133,"JUMBO BAG PINK POLKADOT, JUMBO SHOPPER VINTAGE RED PAISLEY",JUMBO BAG RED RETROSPOT,"JUMBO BAG PINK POLKADOT, JUMBO SHOPPER VINTAGE RED PAISLEY → JUMBO BAG RED RETROSPOT"
"frozenset({'JUMBO BAG RED RETROSPOT', 'JUMBO SHOPPER VINTAGE RED PAISLEY'})",frozenset({'JUMBO BAG APPLES'}),0.03646151284754981,0.0491148232421333,0.013430268050391254,0.3683409436834094,7.499588095176672,1.0,0.011639467291743073,1.5053772557347431,0.8994548272516877,0.18615384615384617,0.33571468800229687,0.3208936356835126,"JUMBO BAG RED RETROSPOT, JUMBO SHOPPER VINTAGE RED PAISLEY",JUMBO BAG APPLES,"JUMBO BAG RED RETROSPOT, JUMBO SHOPPER VINTAGE RED PAISLEY → JUMBO BAG APPLES"
"frozenset({'LUNCH BAG CARS BLUE', 'LUNCH BAG  BLACK SKULL.'})",frozenset({'RED RETROSPOT CHARLOTTE BAG'}),0.027914978633664465,0.050113768799600424,0.01048892835340474,0.3757455268389662,7.4978501086504235,1.0,0.009090003568111493,1.5216330391522326,0.8915150592474181,0.1552999178307313,0.34281132554985577,0.29252392621018075,"LUNCH BAG  BLACK SKULL., LUNCH BAG CARS BLUE",RED RETROSPOT CHARLOTTE BAG,"LUNCH BAG  BLACK SKULL., LUNCH BAG CARS BLUE → RED RETROSPOT CHARLOTTE BAG"
frozenset({'DOTCOM POSTAGE'}),frozenset({'JAM MAKING SET PRINTED'}),0.03918086464287696,0.05594095121815861,0.01642710472279261,0.4192634560906516,7.49475021358874,1.0,0.014235289885120152,1.6256236303414149,0.9019109214915834,0.2087447108603667,0.3848514617187379,0.3564571248707226,DOTCOM POSTAGE,JAM MAKING SET PRINTED,DOTCOM POSTAGE → JAM MAKING SET PRINTED
frozenset({'LUNCH BAG WOODLAND'}),frozenset({'LUNCH BAG PINK POLKADOT'}),0.0482823686109107,0.05582995726732893,0.02020089905100172,0.41839080459770117,7.494019789310117,1.0,0.017505296474689153,1.6233753699158573,0.9105224474050645,0.2407407407407408,0.38399952436642437,0.3901099152213158,LUNCH BAG WOODLAND,LUNCH BAG PINK POLKADOT,LUNCH BAG WOODLAND → LUNCH BAG PINK POLKADOT
frozenset({'LUNCH BAG PINK POLKADOT'}),frozenset({'LUNCH BAG WOODLAND'}),0.05582995726732893,0.0482823686109107,0.02020089905100172,0.36182902584493043,7.494019789310117,1.0,0.017505296474689153,1.491320774419663,0.9178010609856846,0.2407407407407408,0.32945345015451644,0.3901099152213158,LUNCH BAG PINK POLKADOT,LUNCH BAG WOODLAND,LUNCH BAG PINK POLKADOT → LUNCH BAG WOODLAND
"frozenset({'JUMBO STORAGE BAG SUKI', 'JUMBO BAG SCANDINAVIAN BLUE PAISLEY'})",frozenset({'JUMBO BAG RED RETROSPOT'}),0.01642710472279261,0.10738664742771518,0.013208280148731894,0.8040540540540541,7.4874677002583985,1.0,0.01144422844560721,4.555406075196488,0.8809143699233347,0.11941796287004515,0.7804806018403382,0.46352573503736294,"JUMBO BAG SCANDINAVIAN BLUE PAISLEY, JUMBO STORAGE BAG SUKI",JUMBO BAG RED RETROSPOT,"JUMBO BAG SCANDINAVIAN BLUE PAISLEY, JUMBO STORAGE BAG SUKI → JUMBO BAG RED RETROSPOT"
frozenset({'RED RETROSPOT OVEN GLOVE '}),frozenset({'PACK OF 72 RETROSPOT CAKE CASES'}),0.022143293190521118,0.06265608524335424,0.01037793440257506,0.468671679197995,7.480066419369948,1.0,0.008990522336861184,1.7641519905089702,0.88592872707849,0.13944817300521997,0.43315541666481183,0.31715249150333763,RED RETROSPOT OVEN GLOVE ,PACK OF 72 RETROSPOT CAKE CASES,RED RETROSPOT OVEN GLOVE  → PACK OF 72 RETROSPOT CAKE CASES
frozenset({'JUMBO BAG WOODLAND ANIMALS'}),frozenset({'JUMBO BAG APPLES'}),0.04079027692990732,0.0491148232421333,0.01498418336200677,0.3673469387755102,7.479349705984089,1.0,0.012980776120596704,1.5030120535850149,0.9031377767492093,0.2,0.33466934106431184,0.33621584226911105,JUMBO BAG WOODLAND ANIMALS,JUMBO BAG APPLES,JUMBO BAG WOODLAND ANIMALS → JUMBO BAG APPLES
frozenset({'JUMBO BAG APPLES'}),frozenset({'JUMBO BAG WOODLAND ANIMALS'}),0.0491148232421333,0.04079027692990732,0.01498418336200677,0.3050847457627119,7.479349705984089,1.0,0.012980776120596704,1.3803261868569627,0.9110443173417377,0.2,0.27553355900823334,0.33621584226911105,JUMBO BAG APPLES,JUMBO BAG WOODLAND ANIMALS,JUMBO BAG APPLES → JUMBO BAG WOODLAND ANIMALS
"frozenset({'DOTCOM POSTAGE', 'JUMBO BAG PINK POLKADOT'})",frozenset({'JUMBO BAG RED RETROSPOT'}),0.01914645651811976,0.10738664742771518,0.01537266218991065,0.8028985507246378,7.476707486050258,1.0,0.013316588414309244,4.528700097609389,0.8831606851566416,0.1382925611582626,0.7791860846497916,0.47302550275249977,"DOTCOM POSTAGE, JUMBO BAG PINK POLKADOT",JUMBO BAG RED RETROSPOT,"DOTCOM POSTAGE, JUMBO BAG PINK POLKADOT → JUMBO BAG RED RETROSPOT"
"frozenset({'JUMBO BAG PINK VINTAGE PAISLEY', 'DOTCOM POSTAGE'})",frozenset({'JUMBO BAG RED RETROSPOT'}),0.012930795271657695,0.10738664742771518,0.01037793440257506,0.8025751072961373,7.473695534040878,1.0,0.008989339649777588,4.521280677159616,0.87754473716334,0.0943967693084301,0.7788237290704488,0.4496079670847612,"DOTCOM POSTAGE, JUMBO BAG PINK VINTAGE PAISLEY",JUMBO BAG RED RETROSPOT,"DOTCOM POSTAGE, JUMBO BAG PINK VINTAGE PAISLEY → JUMBO BAG RED RETROSPOT"
"frozenset({'JUMBO BAG STRAWBERRY', 'JUMBO BAG PINK POLKADOT'})",frozenset({'JUMBO BAG RED RETROSPOT'}),0.018813474665630724,0.10738664742771518,0.01509517731283645,0.8023598820058997,7.471691324994474,1.0,0.013074861342028113,4.516357112268724,0.8827694553500133,0.13586413586413587,0.7785826109092456,0.47146417872904806,"JUMBO BAG PINK POLKADOT, JUMBO BAG STRAWBERRY",JUMBO BAG RED RETROSPOT,"JUMBO BAG PINK POLKADOT, JUMBO BAG STRAWBERRY → JUMBO BAG RED RETROSPOT"
"frozenset({'JUMBO STORAGE BAG SUKI', 'JUMBO BAG PINK POLKADOT'})",frozenset({'JUMBO BAG RED RETROSPOT'}),0.028025972584494144,0.10738664742771518,0.022476275043010155,0.801980198019802,7.4681556527745805,1.0,0.01946665980626027,4.5076974304900395,0.8910712699681526,0.19901719901719903,0.7781572487017416,0.5056412618005987,"JUMBO BAG PINK POLKADOT, JUMBO STORAGE BAG SUKI",JUMBO BAG RED RETROSPOT,"JUMBO BAG PINK POLKADOT, JUMBO STORAGE BAG SUKI → JUMBO BAG RED RETROSPOT"
"frozenset({'DOTCOM POSTAGE', 'JUMBO  BAG BAROQUE BLACK WHITE'})",frozenset({'JUMBO BAG RED RETROSPOT'}),0.01509517731283645,0.10738664742771518,0.012098340640435096,0.8014705882352942,7.463410092719259,1.0,0.010477320156482683,4.496126516660398,0.8792859679604719,0.10960281548516843,0.7775863298564888,0.45706604347165225,"DOTCOM POSTAGE, JUMBO  BAG BAROQUE BLACK WHITE",JUMBO BAG RED RETROSPOT,"DOTCOM POSTAGE, JUMBO  BAG BAROQUE BLACK WHITE → JUMBO BAG RED RETROSPOT"
frozenset({'BOX OF 24 COCKTAIL PARASOLS'}),frozenset({'CHARLOTTE BAG SUKI DESIGN'}),0.03052333647816194,0.044619568233531276,0.0101559465009157,0.33272727272727276,7.456981004070556,1.0,0.008794008406213319,1.4317690394320377,0.8931596861512994,0.15627668659265584,0.3015633300768358,0.28016960651289013,BOX OF 24 COCKTAIL PARASOLS,CHARLOTTE BAG SUKI DESIGN,BOX OF 24 COCKTAIL PARASOLS → CHARLOTTE BAG SUKI DESIGN
"frozenset({'WOODLAND CHARLOTTE BAG', 'STRAWBERRY CHARLOTTE BAG'})",frozenset({'LUNCH BAG  BLACK SKULL.'}),0.02075586880515012,0.06748432210444531,0.0104334313779899,0.5026737967914439,7.448749296369265,1.0,0.009032735641985541,1.8750584060910616,0.8840995279236479,0.13409415121255347,0.4666832794373045,0.3286395299746693,"STRAWBERRY CHARLOTTE BAG, WOODLAND CHARLOTTE BAG",LUNCH BAG  BLACK SKULL.,"STRAWBERRY CHARLOTTE BAG, WOODLAND CHARLOTTE BAG → LUNCH BAG  BLACK SKULL."
frozenset({'JUMBO BAG SCANDINAVIAN BLUE PAISLEY'}),frozenset({'JUMBO BAG PINK POLKADOT'}),0.03524057938842333,0.06432099450579944,0.016871080526111328,0.478740157480315,7.44298438105073,1.0,0.014604371412887363,1.7950337416580584,0.8972654452369996,0.20402684563758391,0.44290740792632244,0.37051761972376407,JUMBO BAG SCANDINAVIAN BLUE PAISLEY,JUMBO BAG PINK POLKADOT,JUMBO BAG SCANDINAVIAN BLUE PAISLEY → JUMBO BAG PINK POLKADOT
frozenset({'JUMBO BAG SCANDINAVIAN BLUE PAISLEY'}),frozenset({'JUMBO STORAGE BAG SUKI'}),0.03524057938842333,0.06271158221876907,0.01642710472279261,0.4661417322834646,7.433104313288274,1.0,0.01421711223103844,1.7556877442214802,0.8970803379311203,0.201497617426821,0.43042263449675816,0.36404431746916593,JUMBO BAG SCANDINAVIAN BLUE PAISLEY,JUMBO STORAGE BAG SUKI,JUMBO BAG SCANDINAVIAN BLUE PAISLEY → JUMBO STORAGE BAG SUKI
"frozenset({'JUMBO STORAGE BAG SUKI', 'JUMBO BAG TOYS '})",frozenset({'JUMBO BAG RED RETROSPOT'}),0.016371607747377767,0.10738664742771518,0.013041789222487374,0.7966101694915254,7.418149170060877,1.0,0.011283697153494867,4.388682316813734,0.8795958839318726,0.11779448621553884,0.7721411740902634,0.459028598957649,"JUMBO BAG TOYS , JUMBO STORAGE BAG SUKI",JUMBO BAG RED RETROSPOT,"JUMBO BAG TOYS , JUMBO STORAGE BAG SUKI → JUMBO BAG RED RETROSPOT"
"frozenset({'JUMBO BAG RED RETROSPOT', 'JUMBO BAG PINK POLKADOT'})",frozenset({'JUMBO SHOPPER VINTAGE RED PAISLEY'}),0.04356512570064931,0.06287807314501359,0.0203118930018314,0.4662420382165605,7.415017905228777,1.0,0.01757260184145426,1.7557057579502728,0.9045451835899426,0.2358247422680413,0.4304284784214263,0.3946391126652088,"JUMBO BAG PINK POLKADOT, JUMBO BAG RED RETROSPOT",JUMBO SHOPPER VINTAGE RED PAISLEY,"JUMBO BAG PINK POLKADOT, JUMBO BAG RED RETROSPOT → JUMBO SHOPPER VINTAGE RED PAISLEY"
"frozenset({'JUMBO BAG WOODLAND ANIMALS', 'JUMBO BAG PINK POLKADOT'})",frozenset({'JUMBO BAG RED RETROSPOT'}),0.022032299239691435,0.10738664742771518,0.017537044231089406,0.7959697732997482,7.412185708055898,1.0,0.015171069480614745,4.374907419397496,0.884576277639142,0.15674603174603177,0.7714237344620842,0.47963863341989993,"JUMBO BAG PINK POLKADOT, JUMBO BAG WOODLAND ANIMALS",JUMBO BAG RED RETROSPOT,"JUMBO BAG PINK POLKADOT, JUMBO BAG WOODLAND ANIMALS → JUMBO BAG RED RETROSPOT"
frozenset({'DOTCOM POSTAGE'}),frozenset({'JUMBO BAG APPLES'}),0.03918086464287696,0.0491148232421333,0.014262722681613852,0.3640226628895184,7.41166594644772,1.0,0.012338361440205,1.4951557567729485,0.9003542242722176,0.1926536731634183,0.3311733607217365,0.3272090715577536,DOTCOM POSTAGE,JUMBO BAG APPLES,DOTCOM POSTAGE → JUMBO BAG APPLES
"frozenset({'DOTCOM POSTAGE', 'JUMBO BAG TOYS '})",frozenset({'JUMBO BAG RED RETROSPOT'}),0.01515067428825129,0.10738664742771518,0.012042843665020257,0.7948717948717949,7.401961174054199,1.0,0.010415863546935666,4.35149009378989,0.8782060836971894,0.10899045705675542,0.7701936627577016,0.45350824885708607,"DOTCOM POSTAGE, JUMBO BAG TOYS ",JUMBO BAG RED RETROSPOT,"DOTCOM POSTAGE, JUMBO BAG TOYS  → JUMBO BAG RED RETROSPOT"
frozenset({'LUNCH BAG CARS BLUE'}),frozenset({'LUNCH BAG SPACEBOY DESIGN '}),0.05910427881680448,0.05760586048060381,0.02519562683833731,0.4262910798122066,7.400133879707274,1.0,0.021790873999009766,1.6426346294405187,0.9191957091461269,0.27531837477258947,0.3912218931238532,0.4318353279600532,LUNCH BAG CARS BLUE,LUNCH BAG SPACEBOY DESIGN ,LUNCH BAG CARS BLUE → LUNCH BAG SPACEBOY DESIGN 
frozenset({'LUNCH BAG SPACEBOY DESIGN '}),frozenset({'LUNCH BAG CARS BLUE'}),0.05760586048060381,0.05910427881680448,0.02519562683833731,0.4373795761078998,7.4001338797072735,1.0,0.021790873999009766,1.6723454770345152,0.9177341766011093,0.27531837477258947,0.4020374296265334,0.4318353279600532,LUNCH BAG SPACEBOY DESIGN ,LUNCH BAG CARS BLUE,LUNCH BAG SPACEBOY DESIGN  → LUNCH BAG CARS BLUE
frozenset({'JUMBO STORAGE BAG SKULLS'}),frozenset({'JUMBO BAG PINK POLKADOT'}),0.03795993118375048,0.06432099450579944,0.018036517009822964,0.47514619883040937,7.387109022195984,1.0,0.015594896484712423,1.7827421720279475,0.8987453573251092,0.21409749670619235,0.4390663912648367,0.37778017447991563,JUMBO STORAGE BAG SKULLS,JUMBO BAG PINK POLKADOT,JUMBO STORAGE BAG SKULLS → JUMBO BAG PINK POLKADOT
frozenset({'LUNCH BAG ALPHABET DESIGN'}),frozenset({'JUMBO BAG ALPHABET'}),0.03818191908540985,0.04706143515178423,0.013263777124146734,0.3473837209302325,7.381494419153136,1.0,0.011466881215138046,1.4601820325513863,0.8988457329345992,0.18427139552814187,0.3151538796483524,0.31461167178587096,LUNCH BAG ALPHABET DESIGN,JUMBO BAG ALPHABET,LUNCH BAG ALPHABET DESIGN → JUMBO BAG ALPHABET
"frozenset({'JUMBO BAG WOODLAND ANIMALS', 'JUMBO BAG TOYS '})",frozenset({'JUMBO BAG RED RETROSPOT'}),0.015650147066984848,0.10738664742771518,0.012375825517509296,0.7907801418439717,7.363859108985285,1.0,0.010695208692235104,4.266389244498041,0.8779415531011028,0.11183550651955868,0.7656097597541983,0.4530128099400737,"JUMBO BAG TOYS , JUMBO BAG WOODLAND ANIMALS",JUMBO BAG RED RETROSPOT,"JUMBO BAG TOYS , JUMBO BAG WOODLAND ANIMALS → JUMBO BAG RED RETROSPOT"
frozenset({'LUNCH BAG CARS BLUE'}),frozenset({'LUNCH BAG SUKI DESIGN '}),0.05910427881680448,0.05666241189855153,0.024640657084188913,0.4169014084507043,7.357636120345975,1.0,0.021291666092904303,1.6178011776619048,0.9183661513347723,0.2704019488428746,0.3818770725304883,0.4258845925701122,LUNCH BAG CARS BLUE,LUNCH BAG SUKI DESIGN ,LUNCH BAG CARS BLUE → LUNCH BAG SUKI DESIGN 
frozenset({'LUNCH BAG SUKI DESIGN '}),frozenset({'LUNCH BAG CARS BLUE'}),0.05666241189855153,0.05910427881680448,0.024640657084188913,0.4348677766895201,7.357636120345974,1.0,0.021291666092904303,1.6649125326309233,0.9159889239751576,0.2704019488428746,0.39936784641786377,0.4258845925701122,LUNCH BAG SUKI DESIGN ,LUNCH BAG CARS BLUE,LUNCH BAG SUKI DESIGN  → LUNCH BAG CARS BLUE
"frozenset({'RED RETROSPOT CHARLOTTE BAG', 'STRAWBERRY CHARLOTTE BAG'})",frozenset({'LUNCH BAG CARS BLUE'}),0.02541761473999667,0.05910427881680448,0.011043898107553138,0.4344978165938865,7.351376673432151,1.0,0.009541608319102255,1.663823321628971,0.8865038706430048,0.1503021148036254,0.3989746465262027,0.31067613834389163,"RED RETROSPOT CHARLOTTE BAG, STRAWBERRY CHARLOTTE BAG",LUNCH BAG CARS BLUE,"RED RETROSPOT CHARLOTTE BAG, STRAWBERRY CHARLOTTE BAG → LUNCH BAG CARS BLUE"
frozenset({'JUMBO STORAGE BAG SUKI'}),frozenset({'JUMBO  BAG BAROQUE BLACK WHITE'}),0.06271158221876907,0.0505022476275043,0.023253232698817915,0.3707964601769912,7.342177380141983,1.0,0.020086156844493046,1.5090470607326585,0.921595321749155,0.2584824182603332,0.3373301429615526,0.41561801030827583,JUMBO STORAGE BAG SUKI,JUMBO  BAG BAROQUE BLACK WHITE,JUMBO STORAGE BAG SUKI → JUMBO  BAG BAROQUE BLACK WHITE
frozenset({'JUMBO  BAG BAROQUE BLACK WHITE'}),frozenset({'JUMBO STORAGE BAG SUKI'}),0.0505022476275043,0.06271158221876907,0.023253232698817915,0.46043956043956047,7.342177380141982,1.0,0.020086156844493046,1.7371333201240737,0.9097447769607506,0.2584824182603332,0.42433894484933626,0.41561801030827583,JUMBO  BAG BAROQUE BLACK WHITE,JUMBO STORAGE BAG SUKI,JUMBO  BAG BAROQUE BLACK WHITE → JUMBO STORAGE BAG SUKI
"frozenset({'JUMBO BAG PINK POLKADOT', 'JUMBO BAG APPLES'})",frozenset({'JUMBO BAG RED RETROSPOT'}),0.019368444419779123,0.10738664742771518,0.01526166823908097,0.7879656160458451,7.337649837483248,1.0,0.013181755926950851,4.20975756821253,0.8807758398929876,0.1368840219014435,0.7624566299135839,0.46504223954747037,"JUMBO BAG APPLES, JUMBO BAG PINK POLKADOT",JUMBO BAG RED RETROSPOT,"JUMBO BAG APPLES, JUMBO BAG PINK POLKADOT → JUMBO BAG RED RETROSPOT"
"frozenset({'RECYCLING BAG RETROSPOT ', 'JUMBO SHOPPER VINTAGE RED PAISLEY'})",frozenset({'JUMBO BAG RED RETROSPOT'}),0.014096231755369332,0.10738664742771518,0.011099395082967978,0.7874015748031495,7.332397403812895,1.0,0.009585648013394768,4.198588732469634,0.8759667886293273,0.10055304172951231,0.7618247311849012,0.4453803739648823,"JUMBO SHOPPER VINTAGE RED PAISLEY, RECYCLING BAG RETROSPOT ",JUMBO BAG RED RETROSPOT,"JUMBO SHOPPER VINTAGE RED PAISLEY, RECYCLING BAG RETROSPOT  → JUMBO BAG RED RETROSPOT"
frozenset({'WOODLAND CHARLOTTE BAG'}),frozenset({'LUNCH BAG WOODLAND'}),0.037793440257505966,0.0482823686109107,0.013374771074976415,0.3538913362701909,7.329618377301805,1.0,0.01155001426138908,1.4729993340362952,0.8974863454413087,0.18396946564885497,0.3211130671323442,0.31545141526153225,WOODLAND CHARLOTTE BAG,LUNCH BAG WOODLAND,WOODLAND CHARLOTTE BAG → LUNCH BAG WOODLAND
frozenset({'TOY TIDY PINK POLKADOT'}),frozenset({'JUMBO BAG PINK POLKADOT'}),0.02486264498584827,0.06432099450579944,0.011709861812531218,0.4709821428571429,7.322370346973993,1.0,0.01011067176099683,1.768709681271738,0.8854467494236653,0.15114613180515762,0.4346160873157093,0.32651781862442997,TOY TIDY PINK POLKADOT,JUMBO BAG PINK POLKADOT,TOY TIDY PINK POLKADOT → JUMBO BAG PINK POLKADOT
"frozenset({'JUMBO BAG RED RETROSPOT', 'JUMBO BAG VINTAGE LEAF'})",frozenset({'JUMBO BAG PINK POLKADOT'}),0.022420778067595317,0.06432099450579944,0.010544425328819579,0.47029702970297027,7.311718876805712,1.0,0.009102298585918031,1.7664220477554067,0.8830315072381493,0.1383831026948288,0.4338838777116146,0.3171157279662392,"JUMBO BAG RED RETROSPOT, JUMBO BAG VINTAGE LEAF",JUMBO BAG PINK POLKADOT,"JUMBO BAG RED RETROSPOT, JUMBO BAG VINTAGE LEAF → JUMBO BAG PINK POLKADOT"
"frozenset({'JUMBO BAG SCANDINAVIAN BLUE PAISLEY', 'JUMBO SHOPPER VINTAGE RED PAISLEY'})",frozenset({'JUMBO BAG RED RETROSPOT'}),0.018757977690215883,0.10738664742771518,0.01470669848493257,0.7840236686390533,7.300941852820207,1.0,0.01269234214825641,4.132922098211401,0.8795295664357753,0.13197211155378485,0.7580404429996954,0.4604872865159091,"JUMBO BAG SCANDINAVIAN BLUE PAISLEY, JUMBO SHOPPER VINTAGE RED PAISLEY",JUMBO BAG RED RETROSPOT,"JUMBO BAG SCANDINAVIAN BLUE PAISLEY, JUMBO SHOPPER VINTAGE RED PAISLEY → JUMBO BAG RED RETROSPOT"
frozenset({'SUKI  SHOULDER BAG'}),frozenset({'JUMBO STORAGE BAG SUKI'}),0.028136966535323826,0.06271158221876907,0.012875298296242855,0.45759368836291914,7.296797053638443,1.0,0.011110784605976141,1.7280190102366695,0.8879374340353806,0.16512455516014235,0.42130266271605427,0.33145171143809676,SUKI  SHOULDER BAG,JUMBO STORAGE BAG SUKI,SUKI  SHOULDER BAG → JUMBO STORAGE BAG SUKI
frozenset({'DOTCOM POSTAGE'}),frozenset({'JUMBO BAG PINK VINTAGE PAISLEY'}),0.03918086464287696,0.04523003496309451,0.012930795271657695,0.330028328611898,7.296663132831645,1.0,0.011158643393976096,1.4250900535223157,0.8981409935573977,0.18090062111801242,0.29828995891989013,0.30795894958202263,DOTCOM POSTAGE,JUMBO BAG PINK VINTAGE PAISLEY,DOTCOM POSTAGE → JUMBO BAG PINK VINTAGE PAISLEY
"frozenset({'JUMBO BAG STRAWBERRY', 'JUMBO BAG RED RETROSPOT'})",frozenset({'JUMBO STORAGE BAG SUKI'}),0.028636439314057384,0.06271158221876907,0.013097286197902215,0.45736434108527135,7.2931398778898275,1.0,0.011301449779405915,1.7272886556254115,0.8883232608066219,0.16737588652482271,0.42105797039584963,0.33310694930369766,"JUMBO BAG RED RETROSPOT, JUMBO BAG STRAWBERRY",JUMBO STORAGE BAG SUKI,"JUMBO BAG RED RETROSPOT, JUMBO BAG STRAWBERRY → JUMBO STORAGE BAG SUKI"
frozenset({'LUNCH BAG SUKI DESIGN '}),frozenset({'LUNCH BAG WOODLAND'}),0.05666241189855153,0.0482823686109107,0.019923414173927522,0.35161606268364354,7.282494061490314,1.0,0.017187618716258405,1.4678303650275835,0.9145023124136183,0.23433420365535249,0.31872236477325633,0.3821298704222815,LUNCH BAG SUKI DESIGN ,LUNCH BAG WOODLAND,LUNCH BAG SUKI DESIGN  → LUNCH BAG WOODLAND
frozenset({'LUNCH BAG WOODLAND'}),frozenset({'LUNCH BAG SUKI DESIGN '}),0.0482823686109107,0.05666241189855153,0.019923414173927522,0.41264367816091957,7.282494061490313,1.0,0.017187618716258405,1.6060737801335816,0.906449956639261,0.23433420365535249,0.37736359788102186,0.3821298704222815,LUNCH BAG WOODLAND,LUNCH BAG SUKI DESIGN ,LUNCH BAG WOODLAND → LUNCH BAG SUKI DESIGN 
"frozenset({'CHARLOTTE BAG SUKI DESIGN', 'STRAWBERRY CHARLOTTE BAG'})",frozenset({'LUNCH BAG  BLACK SKULL.'}),0.021810311338032077,0.06748432210444531,0.0107109162550641,0.4910941475826972,7.2771590832998525,1.0,0.009239062179530107,1.8323933070647649,0.8818164287448653,0.1362994350282486,0.4542656338328049,0.32490562642292753,"CHARLOTTE BAG SUKI DESIGN, STRAWBERRY CHARLOTTE BAG",LUNCH BAG  BLACK SKULL.,"CHARLOTTE BAG SUKI DESIGN, STRAWBERRY CHARLOTTE BAG → LUNCH BAG  BLACK SKULL."
"frozenset({'JUMBO BAG PINK POLKADOT', 'JUMBO  BAG BAROQUE BLACK WHITE'})",frozenset({'JUMBO BAG RED RETROSPOT'}),0.022587268993839837,0.10738664742771518,0.017648038181919085,0.7813267813267812,7.27582804792107,1.0,0.015222467090122644,4.081950949403593,0.8824916759156491,0.15711462450592883,0.7550191042481517,0.47283393329904955,"JUMBO  BAG BAROQUE BLACK WHITE, JUMBO BAG PINK POLKADOT",JUMBO BAG RED RETROSPOT,"JUMBO  BAG BAROQUE BLACK WHITE, JUMBO BAG PINK POLKADOT → JUMBO BAG RED RETROSPOT"
"frozenset({'WOODLAND CHARLOTTE BAG', 'RED RETROSPOT CHARLOTTE BAG'})",frozenset({'PACK OF 72 RETROSPOT CAKE CASES'}),0.023863699428381152,0.06265608524335424,0.010877407181308618,0.45581395348837206,7.274855294868889,1.0,0.009382201195702185,1.722469586945973,0.883626826135537,0.14380044020542918,0.41943822545334375,0.3147094568150452,"RED RETROSPOT CHARLOTTE BAG, WOODLAND CHARLOTTE BAG",PACK OF 72 RETROSPOT CAKE CASES,"RED RETROSPOT CHARLOTTE BAG, WOODLAND CHARLOTTE BAG → PACK OF 72 RETROSPOT CAKE CASES"
frozenset({'LUNCH BAG DOLLY GIRL DESIGN'}),frozenset({'LUNCH BAG PINK POLKADOT'}),0.033353682224318774,0.05582995726732893,0.013541262001220933,0.4059900166389351,7.271902693655041,1.0,0.011679127347929148,1.5894851419673257,0.8922440324593552,0.17901687454145268,0.3708654622827821,0.3242673741246365,LUNCH BAG DOLLY GIRL DESIGN,LUNCH BAG PINK POLKADOT,LUNCH BAG DOLLY GIRL DESIGN → LUNCH BAG PINK POLKADOT
"frozenset({'JUMBO BAG RED RETROSPOT', 'JUMBO  BAG BAROQUE BLACK WHITE'})",frozenset({'JUMBO BAG APPLES'}),0.031633275986458737,0.0491148232421333,0.011265886009212498,0.356140350877193,7.251178511249877,1.0,0.009712223250567958,1.4768516369263869,0.8902530019222805,0.1621405750798722,0.3228839139988409,0.29275944097531964,"JUMBO  BAG BAROQUE BLACK WHITE, JUMBO BAG RED RETROSPOT",JUMBO BAG APPLES,"JUMBO  BAG BAROQUE BLACK WHITE, JUMBO BAG RED RETROSPOT → JUMBO BAG APPLES"
frozenset({'SUKI  SHOULDER BAG'}),frozenset({'GREEN REGENCY TEACUP AND SAUCER'}),0.028136966535323826,0.05172318108663078,0.010544425328819579,0.37475345167652857,7.2453674310722835,1.0,0.009089091913484554,1.5166446283567134,0.8869364766415812,0.1521216973578863,0.3406497598033223,0.28930805631036727,SUKI  SHOULDER BAG,GREEN REGENCY TEACUP AND SAUCER,SUKI  SHOULDER BAG → GREEN REGENCY TEACUP AND SAUCER
frozenset({'LUNCH BAG SUKI DESIGN '}),frozenset({'LUNCH BAG  BLACK SKULL.'}),0.05666241189855153,0.06748432210444531,0.027692990732005106,0.4887365328109697,7.242223342698077,1.0,0.0238691662762285,1.82394350025165,0.9136928993886112,0.28711162255466055,0.45173740312568367,0.44954918745811645,LUNCH BAG SUKI DESIGN ,LUNCH BAG  BLACK SKULL.,LUNCH BAG SUKI DESIGN  → LUNCH BAG  BLACK SKULL.
frozenset({'LUNCH BAG  BLACK SKULL.'}),frozenset({'LUNCH BAG SUKI DESIGN '}),0.06748432210444531,0.05666241189855153,0.027692990732005106,0.41036184210526316,7.242223342698077,1.0,0.0238691662762285,1.5998584478819546,0.924296369922491,0.28711162255466055,0.3749447013116094,0.44954918745811645,LUNCH BAG  BLACK SKULL.,LUNCH BAG SUKI DESIGN ,LUNCH BAG  BLACK SKULL. → LUNCH BAG SUKI DESIGN 
"frozenset({'WOODLAND CHARLOTTE BAG', 'RED RETROSPOT CHARLOTTE BAG'})",frozenset({'LUNCH BAG CARS BLUE'}),0.023863699428381152,0.05910427881680448,0.01021144347633054,0.42790697674418604,7.239864614040834,1.0,0.008800996731715083,1.6446551223933907,0.8829462336885455,0.14035087719298248,0.39196978966341206,0.3003384648979146,"RED RETROSPOT CHARLOTTE BAG, WOODLAND CHARLOTTE BAG",LUNCH BAG CARS BLUE,"RED RETROSPOT CHARLOTTE BAG, WOODLAND CHARLOTTE BAG → LUNCH BAG CARS BLUE"
"frozenset({'WOODLAND CHARLOTTE BAG', 'RED RETROSPOT CHARLOTTE BAG'})",frozenset({'LUNCH BAG  BLACK SKULL.'}),0.023863699428381152,0.06748432210444531,0.011654364837116377,0.4883720930232558,7.2368229804161555,1.0,0.010043939258287836,1.8226442795231295,0.8828867609355414,0.14623955431754873,0.45134658954865475,0.3305347307221542,"RED RETROSPOT CHARLOTTE BAG, WOODLAND CHARLOTTE BAG",LUNCH BAG  BLACK SKULL.,"RED RETROSPOT CHARLOTTE BAG, WOODLAND CHARLOTTE BAG → LUNCH BAG  BLACK SKULL."
frozenset({'JUMBO  BAG BAROQUE BLACK WHITE'}),frozenset({'JUMBO SHOPPER VINTAGE RED PAISLEY'}),0.0505022476275043,0.06287807314501359,0.022975747821743716,0.454945054945055,7.2353529965180465,1.0,0.01980026380143391,1.7193164383831405,0.9076269432451152,0.25414364640883985,0.4183735014245497,0.4101733218238073,JUMBO  BAG BAROQUE BLACK WHITE,JUMBO SHOPPER VINTAGE RED PAISLEY,JUMBO  BAG BAROQUE BLACK WHITE → JUMBO SHOPPER VINTAGE RED PAISLEY
frozenset({'JUMBO SHOPPER VINTAGE RED PAISLEY'}),frozenset({'JUMBO  BAG BAROQUE BLACK WHITE'}),0.06287807314501359,0.0505022476275043,0.022975747821743716,0.3654015887025596,7.2353529965180465,1.0,0.01980026380143391,1.4962182940723752,0.9196132519235269,0.25414364640883985,0.33164832701101304,0.4101733218238073,JUMBO SHOPPER VINTAGE RED PAISLEY,JUMBO  BAG BAROQUE BLACK WHITE,JUMBO SHOPPER VINTAGE RED PAISLEY → JUMBO  BAG BAROQUE BLACK WHITE
frozenset({'LUNCH BAG SUKI DESIGN '}),frozenset({'LUNCH BAG SPACEBOY DESIGN '}),0.05666241189855153,0.05760586048060381,0.023586214551306953,0.41625857002938293,7.2259760822345385,1.0,0.02032212755698449,1.6144033833042004,0.9133637867430769,0.26009791921664627,0.38057612468991525,0.412849901585019,LUNCH BAG SUKI DESIGN ,LUNCH BAG SPACEBOY DESIGN ,LUNCH BAG SUKI DESIGN  → LUNCH BAG SPACEBOY DESIGN 
frozenset({'LUNCH BAG SPACEBOY DESIGN '}),frozenset({'LUNCH BAG SUKI DESIGN '}),0.05760586048060381,0.05666241189855153,0.023586214551306953,0.40944123314065506,7.2259760822345385,1.0,0.02032212755698449,1.5973644640282276,0.9142781724903611,0.26009791921664627,0.3739687951501037,0.412849901585019,LUNCH BAG SPACEBOY DESIGN ,LUNCH BAG SUKI DESIGN ,LUNCH BAG SPACEBOY DESIGN  → LUNCH BAG SUKI DESIGN 
frozenset({'SET OF 6 SPICE TINS PANTRY DESIGN'}),frozenset({'SET OF 3 CAKE TINS PANTRY DESIGN '}),0.042732671069426714,0.06887174648981631,0.021255341583883678,0.4974025974025974,7.2221574557593895,1.0,0.018312267895157414,1.8526324423846032,0.8999964730993599,0.23525798525798525,0.4602275242935632,0.4030123381855856,SET OF 6 SPICE TINS PANTRY DESIGN,SET OF 3 CAKE TINS PANTRY DESIGN ,SET OF 6 SPICE TINS PANTRY DESIGN → SET OF 3 CAKE TINS PANTRY DESIGN 
frozenset({'SET OF 3 CAKE TINS PANTRY DESIGN '}),frozenset({'SET OF 6 SPICE TINS PANTRY DESIGN'}),0.06887174648981631,0.042732671069426714,0.021255341583883678,0.3086220789685737,7.222157455759389,1.0,0.018312267895157414,1.3845789687678802,0.9252616023656491,0.23525798525798525,0.27775878259230846,0.4030123381855856,SET OF 3 CAKE TINS PANTRY DESIGN ,SET OF 6 SPICE TINS PANTRY DESIGN,SET OF 3 CAKE TINS PANTRY DESIGN  → SET OF 6 SPICE TINS PANTRY DESIGN
frozenset({'JUMBO STORAGE BAG SUKI'}),frozenset({'JUMBO SHOPPER VINTAGE RED PAISLEY'}),0.06271158221876907,0.06287807314501359,0.028469948387812864,0.4539823008849558,7.22004155308563,1.0,0.024526764934021568,1.7162848903502992,0.9191371894252311,0.29314285714285715,0.4173461494519731,0.4533812651821072,JUMBO STORAGE BAG SUKI,JUMBO SHOPPER VINTAGE RED PAISLEY,JUMBO STORAGE BAG SUKI → JUMBO SHOPPER VINTAGE RED PAISLEY
frozenset({'JUMBO SHOPPER VINTAGE RED PAISLEY'}),frozenset({'JUMBO STORAGE BAG SUKI'}),0.06287807314501359,0.06271158221876907,0.028469948387812864,0.4527802294792586,7.22004155308563,1.0,0.024526764934021568,1.7128189957195723,0.9193004851476211,0.29314285714285715,0.4161671475508769,0.4533812651821072,JUMBO SHOPPER VINTAGE RED PAISLEY,JUMBO STORAGE BAG SUKI,JUMBO SHOPPER VINTAGE RED PAISLEY → JUMBO STORAGE BAG SUKI
"frozenset({'RED RETROSPOT CHARLOTTE BAG', 'STRAWBERRY CHARLOTTE BAG'})",frozenset({'LUNCH BAG  BLACK SKULL.'}),0.02541761473999667,0.06748432210444531,0.012375825517509296,0.4868995633187773,7.215002657435072,1.0,0.010660535017268664,1.817413533941124,0.8838656695189071,0.15368711233631976,0.4497674957710557,0.33514386060675705,"RED RETROSPOT CHARLOTTE BAG, STRAWBERRY CHARLOTTE BAG",LUNCH BAG  BLACK SKULL.,"RED RETROSPOT CHARLOTTE BAG, STRAWBERRY CHARLOTTE BAG → LUNCH BAG  BLACK SKULL."
"frozenset({'JUMBO BAG PINK VINTAGE PAISLEY', 'JUMBO BAG PINK POLKADOT'})",frozenset({'JUMBO BAG RED RETROSPOT'}),0.02020089905100172,0.10738664742771518,0.015650147066984848,0.7747252747252746,7.214353863191072,1.0,0.01348084024287206,3.9623324431257503,0.8791470079598932,0.1398116013882003,0.7476233974928329,0.46023085441690087,"JUMBO BAG PINK POLKADOT, JUMBO BAG PINK VINTAGE PAISLEY",JUMBO BAG RED RETROSPOT,"JUMBO BAG PINK POLKADOT, JUMBO BAG PINK VINTAGE PAISLEY → JUMBO BAG RED RETROSPOT"
frozenset({'JUMBO BAG APPLES'}),frozenset({'LUNCH BAG APPLE DESIGN'}),0.0491148232421333,0.0507797325045785,0.017981020034408126,0.3661016949152543,7.209602667407615,1.0,0.015486982448162942,1.4974330423056115,0.9057834973995825,0.21951219512195125,0.33219050752326745,0.360100027785496,JUMBO BAG APPLES,LUNCH BAG APPLE DESIGN,JUMBO BAG APPLES → LUNCH BAG APPLE DESIGN
frozenset({'LUNCH BAG APPLE DESIGN'}),frozenset({'JUMBO BAG APPLES'}),0.0507797325045785,0.0491148232421333,0.017981020034408126,0.35409836065573774,7.209602667407614,1.0,0.015486982448162942,1.4721826340667479,0.9073722196237398,0.21951219512195125,0.32073645153821284,0.360100027785496,LUNCH BAG APPLE DESIGN,JUMBO BAG APPLES,LUNCH BAG APPLE DESIGN → JUMBO BAG APPLES
"frozenset({'JUMBO BAG WOODLAND ANIMALS', 'JUMBO BAG APPLES'})",frozenset({'JUMBO BAG RED RETROSPOT'}),0.01498418336200677,0.10738664742771518,0.011598867861701537,0.7740740740740741,7.208289788496508,1.0,0.00998976664601348,3.950911560565852,0.874372597580132,0.10470941883767536,0.7468938535650796,0.4410422049956934,"JUMBO BAG APPLES, JUMBO BAG WOODLAND ANIMALS",JUMBO BAG RED RETROSPOT,"JUMBO BAG APPLES, JUMBO BAG WOODLAND ANIMALS → JUMBO BAG RED RETROSPOT"
frozenset({'LUNCH BAG DOLLY GIRL DESIGN'}),frozenset({'LUNCH BAG CARS BLUE'}),0.033353682224318774,0.05910427881680448,0.014207225706199013,0.4259567387687188,7.206868052463422,1.0,0.01223588037244578,1.6390676186408712,0.8909602763664026,0.18156028368794327,0.3898970435220918,0.33316616281158945,LUNCH BAG DOLLY GIRL DESIGN,LUNCH BAG CARS BLUE,LUNCH BAG DOLLY GIRL DESIGN → LUNCH BAG CARS BLUE
"frozenset({'JUMBO BAG SPACEBOY DESIGN', 'JUMBO BAG PINK POLKADOT'})",frozenset({'JUMBO BAG RED RETROSPOT'}),0.017648038181919085,0.10738664742771518,0.013652255952050614,0.7735849056603774,7.203734581444104,1.0,0.011757092298018013,3.942375640527592,0.8766543436294766,0.12257100149476832,0.7463458353080291,0.45035834430305693,"JUMBO BAG PINK POLKADOT, JUMBO BAG SPACEBOY DESIGN",JUMBO BAG RED RETROSPOT,"JUMBO BAG PINK POLKADOT, JUMBO BAG SPACEBOY DESIGN → JUMBO BAG RED RETROSPOT"
frozenset({'JUMBO BAG SPACEBOY DESIGN'}),frozenset({'JUMBO BAG APPLES'}),0.034519118708030413,0.0491148232421333,0.012209334591264775,0.35369774919614144,7.201446037022907,1.0,0.010513934177445644,1.4712700993616743,0.8919275528173614,0.17094017094017094,0.3203151478210151,0.3011426599088052,JUMBO BAG SPACEBOY DESIGN,JUMBO BAG APPLES,JUMBO BAG SPACEBOY DESIGN → JUMBO BAG APPLES
"frozenset({'JUMBO BAG WOODLAND ANIMALS', 'JUMBO SHOPPER VINTAGE RED PAISLEY'})",frozenset({'JUMBO BAG RED RETROSPOT'}),0.02075586880515012,0.10738664742771518,0.01603862589488873,0.7727272727272727,7.19574817946911,1.0,0.013809722729454162,3.9274987513180526,0.8792792492457454,0.1430693069306931,0.7453850240781352,0.4610406389476157,"JUMBO BAG WOODLAND ANIMALS, JUMBO SHOPPER VINTAGE RED PAISLEY",JUMBO BAG RED RETROSPOT,"JUMBO BAG WOODLAND ANIMALS, JUMBO SHOPPER VINTAGE RED PAISLEY → JUMBO BAG RED RETROSPOT"
frozenset({'60 CAKE CASES VINTAGE CHRISTMAS'}),"frozenset({""PAPER CHAIN KIT 50'S CHRISTMAS ""})",0.03224374271602198,0.062434097341694875,0.014484710583273212,0.4492254733218589,7.195194492254735,1.0,0.012471601611880531,1.7022680920139854,0.8897057951125366,0.18062283737024226,0.41254846713546683,0.34061273666092945,60 CAKE CASES VINTAGE CHRISTMAS,PAPER CHAIN KIT 50'S CHRISTMAS ,60 CAKE CASES VINTAGE CHRISTMAS → PAPER CHAIN KIT 50'S CHRISTMAS 
"frozenset({'RED RETROSPOT CHARLOTTE BAG', 'CHARLOTTE BAG SUKI DESIGN'})",frozenset({'LUNCH BAG CARS BLUE'}),0.026361063322048947,0.05910427881680448,0.011210389033797659,0.4252631578947369,7.195133185075366,1.0,0.00965233739730384,1.6370896247692963,0.8843290194272505,0.1509715994020927,0.3891598939545396,0.30746725969854216,"CHARLOTTE BAG SUKI DESIGN, RED RETROSPOT CHARLOTTE BAG",LUNCH BAG CARS BLUE,"CHARLOTTE BAG SUKI DESIGN, RED RETROSPOT CHARLOTTE BAG → LUNCH BAG CARS BLUE"
frozenset({'JUMBO BAG SPACEBOY DESIGN'}),frozenset({'JUMBO  BAG BAROQUE BLACK WHITE'}),0.034519118708030413,0.0505022476275043,0.012542316443753816,0.36334405144694537,7.194611497826933,1.0,0.010799023362877648,1.4913828332719503,0.8917909251976615,0.1730474732006126,0.32948135268119166,0.30584784989929686,JUMBO BAG SPACEBOY DESIGN,JUMBO  BAG BAROQUE BLACK WHITE,JUMBO BAG SPACEBOY DESIGN → JUMBO  BAG BAROQUE BLACK WHITE
"frozenset({'LUNCH BAG RED RETROSPOT', 'JUMBO BAG RED RETROSPOT'})",frozenset({'LUNCH BAG PINK POLKADOT'}),0.029468893945279982,0.05582995726732893,0.011820855763360897,0.4011299435028249,7.184851343913918,1.0,0.010175608673680468,1.576585826072479,0.8869558844374573,0.1608761329305136,0.3657180069345443,0.30642978288461326,"JUMBO BAG RED RETROSPOT, LUNCH BAG RED RETROSPOT",LUNCH BAG PINK POLKADOT,"JUMBO BAG RED RETROSPOT, LUNCH BAG RED RETROSPOT → LUNCH BAG PINK POLKADOT"
"frozenset({'DOTCOM POSTAGE', 'JUMBO SHOPPER VINTAGE RED PAISLEY'})",frozenset({'JUMBO BAG RED RETROSPOT'}),0.02014540207558688,0.10738664742771518,0.015539153116155169,0.7713498622589532,7.182921533872909,1.0,0.013375805926174558,3.903839120286017,0.8784781781992362,0.13875123885034688,0.7438419030119422,0.45802635231810707,"DOTCOM POSTAGE, JUMBO SHOPPER VINTAGE RED PAISLEY",JUMBO BAG RED RETROSPOT,"DOTCOM POSTAGE, JUMBO SHOPPER VINTAGE RED PAISLEY → JUMBO BAG RED RETROSPOT"
frozenset({'LARGE WHITE HEART OF WICKER'}),frozenset({'HEART OF WICKER LARGE'}),0.03063433042899162,0.050724235529163664,0.011154892058382819,0.3641304347826087,7.178628341737228,1.0,0.009600989066424422,1.492878125321657,0.8878977756776317,0.15889328063241107,0.33015295553041957,0.29202145371515553,LARGE WHITE HEART OF WICKER,HEART OF WICKER LARGE,LARGE WHITE HEART OF WICKER → HEART OF WICKER LARGE
"frozenset({'JUMBO BAG WOODLAND ANIMALS', 'JUMBO  BAG BAROQUE BLACK WHITE'})",frozenset({'JUMBO BAG RED RETROSPOT'}),0.01642710472279261,0.10738664742771518,0.012653310394583495,0.7702702702702703,7.172868217054264,1.0,0.010889258691458811,3.8854934170793576,0.8749587957367323,0.11382925611582626,0.7426324297438448,0.4440498638173057,"JUMBO  BAG BAROQUE BLACK WHITE, JUMBO BAG WOODLAND ANIMALS",JUMBO BAG RED RETROSPOT,"JUMBO  BAG BAROQUE BLACK WHITE, JUMBO BAG WOODLAND ANIMALS → JUMBO BAG RED RETROSPOT"
frozenset({'LUNCH BAG WOODLAND'}),frozenset({'LUNCH BAG  BLACK SKULL.'}),0.0482823686109107,0.06748432210444531,0.023364226649647594,0.48390804597701154,7.170673585904416,1.0,0.020105923734343337,1.8068789304435025,0.9042000052910574,0.2528528528528528,0.44655948821399577,0.4150625756200847,LUNCH BAG WOODLAND,LUNCH BAG  BLACK SKULL.,LUNCH BAG WOODLAND → LUNCH BAG  BLACK SKULL.
frozenset({'LUNCH BAG  BLACK SKULL.'}),frozenset({'LUNCH BAG WOODLAND'}),0.06748432210444531,0.0482823686109107,0.023364226649647594,0.34621710526315785,7.1706735859044155,1.0,0.020105923734343337,1.455708980841676,0.9228188948840291,0.2528528528528528,0.31304950841080187,0.4150625756200847,LUNCH BAG  BLACK SKULL.,LUNCH BAG WOODLAND,LUNCH BAG  BLACK SKULL. → LUNCH BAG WOODLAND
frozenset({'DOTCOM POSTAGE'}),frozenset({'SET/20 RED RETROSPOT PAPER NAPKINS '}),0.03918086464287696,0.046617459348465506,0.013097286197902215,0.3342776203966006,7.170652907055174,1.0,0.011270773833175169,1.4321022844680498,0.8956344159919019,0.18015267175572522,0.30172585377067035,0.30761500067449077,DOTCOM POSTAGE,SET/20 RED RETROSPOT PAPER NAPKINS ,DOTCOM POSTAGE → SET/20 RED RETROSPOT PAPER NAPKINS 
"frozenset({'JUMBO BAG SPACEBOY DESIGN', 'JUMBO SHOPPER VINTAGE RED PAISLEY'})",frozenset({'JUMBO BAG RED RETROSPOT'}),0.014651201509517731,0.10738664742771518,0.011265886009212498,0.7689393939393939,7.160474904079555,1.0,0.009692542598317509,3.863113525886609,0.8731369641244469,0.10170340681362726,0.7411414411461041,0.43692447733145406,"JUMBO BAG SPACEBOY DESIGN, JUMBO SHOPPER VINTAGE RED PAISLEY",JUMBO BAG RED RETROSPOT,"JUMBO BAG SPACEBOY DESIGN, JUMBO SHOPPER VINTAGE RED PAISLEY → JUMBO BAG RED RETROSPOT"
"frozenset({'LUNCH BAG RED RETROSPOT', 'JUMBO BAG PINK POLKADOT'})",frozenset({'JUMBO BAG RED RETROSPOT'}),0.017037571452355845,0.10738664742771518,0.013097286197902215,0.7687296416938112,7.158521660816943,1.0,0.011267678519323573,3.85960984844636,0.875217940915285,0.11764705882352942,0.7409064544690863,0.44534673299160843,"JUMBO BAG PINK POLKADOT, LUNCH BAG RED RETROSPOT",JUMBO BAG RED RETROSPOT,"JUMBO BAG PINK POLKADOT, LUNCH BAG RED RETROSPOT → JUMBO BAG RED RETROSPOT"
frozenset({'LUNCH BAG WOODLAND'}),frozenset({'LUNCH BAG APPLE DESIGN'}),0.0482823686109107,0.0507797325045785,0.017537044231089406,0.3632183908045977,7.152822058915898,1.0,0.015085278468339904,1.4906527666444347,0.9038343011475741,0.2151123213070116,0.3291529574314807,0.35428679103071414,LUNCH BAG WOODLAND,LUNCH BAG APPLE DESIGN,LUNCH BAG WOODLAND → LUNCH BAG APPLE DESIGN
frozenset({'LUNCH BAG APPLE DESIGN'}),frozenset({'LUNCH BAG WOODLAND'}),0.0507797325045785,0.0482823686109107,0.017537044231089406,0.3453551912568306,7.1528220589158975,1.0,0.015085278468339904,1.453792375160295,0.906212256219583,0.2151123213070116,0.3121438679373043,0.35428679103071414,LUNCH BAG APPLE DESIGN,LUNCH BAG WOODLAND,LUNCH BAG APPLE DESIGN → LUNCH BAG WOODLAND
"frozenset({'JUMBO BAG STRAWBERRY', 'JUMBO STORAGE BAG SUKI'})",frozenset({'JUMBO BAG RED RETROSPOT'}),0.017093068427770686,0.10738664742771518,0.013097286197902215,0.7662337662337663,7.135279707372732,1.0,0.011261718885191395,3.8184015637814412,0.874804416292087,0.11758844045839563,0.7381103104803677,0.44409879526158597,"JUMBO BAG STRAWBERRY, JUMBO STORAGE BAG SUKI",JUMBO BAG RED RETROSPOT,"JUMBO BAG STRAWBERRY, JUMBO STORAGE BAG SUKI → JUMBO BAG RED RETROSPOT"
"frozenset({'RED RETROSPOT CHARLOTTE BAG', 'CHARLOTTE BAG PINK POLKADOT'})",frozenset({'LUNCH BAG CARS BLUE'}),0.02658305122370831,0.05910427881680448,0.011210389033797659,0.42171189979123175,7.135048565575779,1.0,0.009639216962470207,1.6270362832012657,0.8833283470878445,0.15052160953800298,0.3853855563488383,0.3056916306467896,"CHARLOTTE BAG PINK POLKADOT, RED RETROSPOT CHARLOTTE BAG",LUNCH BAG CARS BLUE,"CHARLOTTE BAG PINK POLKADOT, RED RETROSPOT CHARLOTTE BAG → LUNCH BAG CARS BLUE"
"frozenset({'JUMBO STORAGE BAG SKULLS', 'JUMBO BAG PINK POLKADOT'})",frozenset({'JUMBO BAG RED RETROSPOT'}),0.018036517009822964,0.10738664742771518,0.013818746878295133,0.7661538461538462,7.134535480023853,1.0,0.011881865785337287,3.8170965734999025,0.875630020931471,0.12381899552461463,0.7380207755437798,0.4474180083482409,"JUMBO BAG PINK POLKADOT, JUMBO STORAGE BAG SKULLS",JUMBO BAG RED RETROSPOT,"JUMBO BAG PINK POLKADOT, JUMBO STORAGE BAG SKULLS → JUMBO BAG RED RETROSPOT"
"frozenset({'JUMBO BAG RED RETROSPOT', 'JUMBO BAG PINK POLKADOT'})",frozenset({'JUMBO BAG APPLES'}),0.04356512570064931,0.0491148232421333,0.01526166823908097,0.3503184713375796,7.132642412465364,1.0,0.01312197479077226,1.463617379911618,0.8989629379556268,0.1971326164874552,0.31676132456121436,0.3305264673072079,"JUMBO BAG PINK POLKADOT, JUMBO BAG RED RETROSPOT",JUMBO BAG APPLES,"JUMBO BAG PINK POLKADOT, JUMBO BAG RED RETROSPOT → JUMBO BAG APPLES"
frozenset({'LUNCH BAG PINK POLKADOT'}),frozenset({'LUNCH BAG RED RETROSPOT'}),0.05582995726732893,0.07725178977745713,0.0307453243798213,0.5506958250497018,7.128583384748978,1.0,0.02643236025772119,2.053727211247518,0.9105559753520402,0.3004338394793926,0.5130804156835616,0.4743421653984141,LUNCH BAG PINK POLKADOT,LUNCH BAG RED RETROSPOT,LUNCH BAG PINK POLKADOT → LUNCH BAG RED RETROSPOT
frozenset({'LUNCH BAG RED RETROSPOT'}),frozenset({'LUNCH BAG PINK POLKADOT'}),0.07725178977745713,0.05582995726732893,0.0307453243798213,0.39798850574712646,7.128583384748978,1.0,0.02643236025772119,1.5683588299330287,0.931694762053543,0.3004338394793926,0.3623908120294758,0.4743421653984141,LUNCH BAG RED RETROSPOT,LUNCH BAG PINK POLKADOT,LUNCH BAG RED RETROSPOT → LUNCH BAG PINK POLKADOT
"frozenset({'LUNCH BAG RED RETROSPOT', 'LUNCH BAG  BLACK SKULL.'})",frozenset({'CHARLOTTE BAG SUKI DESIGN'}),0.033686664076807815,0.044619568233531276,0.0107109162550641,0.31795716639209226,7.125957936839689,1.0,0.009207831848728925,1.4007630968170206,0.8896368890967934,0.1584564860426929,0.28610340872605927,0.27900345881793664,"LUNCH BAG  BLACK SKULL., LUNCH BAG RED RETROSPOT",CHARLOTTE BAG SUKI DESIGN,"LUNCH BAG  BLACK SKULL., LUNCH BAG RED RETROSPOT → CHARLOTTE BAG SUKI DESIGN"
"frozenset({'JUMBO STORAGE BAG SKULLS', 'JUMBO BAG APPLES'})",frozenset({'JUMBO BAG RED RETROSPOT'}),0.013208280148731894,0.10738664742771518,0.01010044952550086,0.7647058823529412,7.121051831585349,1.0,0.0086820566020425,3.7936067484322114,0.8710767327268086,0.09141135107985938,0.736398613163246,0.4293813649490804,"JUMBO BAG APPLES, JUMBO STORAGE BAG SKULLS",JUMBO BAG RED RETROSPOT,"JUMBO BAG APPLES, JUMBO STORAGE BAG SKULLS → JUMBO BAG RED RETROSPOT"
frozenset({'LUNCH BAG ALPHABET DESIGN'}),frozenset({'LUNCH BAG SPACEBOY DESIGN '}),0.03818191908540985,0.05760586048060381,0.015650147066984848,0.4098837209302325,7.1153128780750095,1.0,0.013450644763269024,1.5969634679540505,0.8935765084579715,0.19529085872576174,0.3738115992840151,0.34078001075413356,LUNCH BAG ALPHABET DESIGN,LUNCH BAG SPACEBOY DESIGN ,LUNCH BAG ALPHABET DESIGN → LUNCH BAG SPACEBOY DESIGN 
"frozenset({'LUNCH BAG RED RETROSPOT', 'JUMBO BAG STRAWBERRY'})",frozenset({'JUMBO BAG RED RETROSPOT'}),0.013152783173317055,0.10738664742771518,0.01004495255008602,0.7637130801687763,7.111806713985106,1.0,0.008632519260759836,3.7776672242791323,0.8708427604797452,0.0909090909090909,0.7352863710246941,0.4286265659241814,"JUMBO BAG STRAWBERRY, LUNCH BAG RED RETROSPOT",JUMBO BAG RED RETROSPOT,"JUMBO BAG STRAWBERRY, LUNCH BAG RED RETROSPOT → JUMBO BAG RED RETROSPOT"
frozenset({'JUMBO BAG SCANDINAVIAN BLUE PAISLEY'}),frozenset({'JUMBO BAG STRAWBERRY'}),0.03524057938842333,0.04378711360230867,0.010932904156723459,0.310236220472441,7.085103240421945,1.0,0.009389820903631389,1.3862903718322692,0.8902310544032553,0.16055419722901387,0.2786504037546671,0.27995968184585296,JUMBO BAG SCANDINAVIAN BLUE PAISLEY,JUMBO BAG STRAWBERRY,JUMBO BAG SCANDINAVIAN BLUE PAISLEY → JUMBO BAG STRAWBERRY
frozenset({'JUMBO STORAGE BAG SKULLS'}),frozenset({'JUMBO BAG APPLES'}),0.03795993118375048,0.0491148232421333,0.013208280148731894,0.347953216374269,7.084484752370569,1.0,0.011343884838358445,1.4583082083013021,0.8927346190855923,0.17881292261457554,0.3142739001895619,0.30843988502329267,JUMBO STORAGE BAG SKULLS,JUMBO BAG APPLES,JUMBO STORAGE BAG SKULLS → JUMBO BAG APPLES
"frozenset({'JUMBO BAG OWLS', 'DOTCOM POSTAGE'})",frozenset({'JUMBO BAG RED RETROSPOT'}),0.013818746878295133,0.10738664742771518,0.01048892835340474,0.7590361445783133,7.068254413000841,1.0,0.00900497945449242,3.704345413174982,0.8705522952005788,0.09473684210526316,0.7300467725165771,0.42835528159148223,"DOTCOM POSTAGE, JUMBO BAG OWLS",JUMBO BAG RED RETROSPOT,"DOTCOM POSTAGE, JUMBO BAG OWLS → JUMBO BAG RED RETROSPOT"
"frozenset({'DOTCOM POSTAGE', 'JUMBO BAG APPLES'})",frozenset({'JUMBO BAG RED RETROSPOT'}),0.014262722681613852,0.10738664742771518,0.010821910205893778,0.7587548638132295,7.065635085814256,1.0,0.009290284233924036,3.7000263163076963,0.8708911851575967,0.09764646970455683,0.7297316520175692,0.42976502880583956,"DOTCOM POSTAGE, JUMBO BAG APPLES",JUMBO BAG RED RETROSPOT,"DOTCOM POSTAGE, JUMBO BAG APPLES → JUMBO BAG RED RETROSPOT"
"frozenset({'DOTCOM POSTAGE', 'JUMBO BAG WOODLAND ANIMALS'})",frozenset({'JUMBO BAG RED RETROSPOT'}),0.0200344081247572,0.10738664742771518,0.01515067428825129,0.7562326869806094,7.04214821018274,1.0,0.012999246366535036,3.6617434122567594,0.8755387776794504,0.13494809688581316,0.7269060424461329,0.44865897914921943,"DOTCOM POSTAGE, JUMBO BAG WOODLAND ANIMALS",JUMBO BAG RED RETROSPOT,"DOTCOM POSTAGE, JUMBO BAG WOODLAND ANIMALS → JUMBO BAG RED RETROSPOT"
frozenset({'JUMBO BAG OWLS'}),frozenset({'JUMBO BAG STRAWBERRY'}),0.034241633830956214,0.04378711360230867,0.010544425328819579,0.3079416531604538,7.032700441442608,1.0,0.009045083018334843,1.3816940302280456,0.8882212570847876,0.15625,0.27625076310494584,0.27437640325956786,JUMBO BAG OWLS,JUMBO BAG STRAWBERRY,JUMBO BAG OWLS → JUMBO BAG STRAWBERRY
"frozenset({'JUMBO BAG PINK POLKADOT', 'JUMBO BAG ALPHABET'})",frozenset({'JUMBO BAG RED RETROSPOT'}),0.01470669848493257,0.10738664742771518,0.011099395082967978,0.7547169811320755,7.028033737994248,1.0,0.009520092037940811,3.6391159758716234,0.8705150951898165,0.1,0.7252079882503649,0.4290380771293453,"JUMBO BAG ALPHABET, JUMBO BAG PINK POLKADOT",JUMBO BAG RED RETROSPOT,"JUMBO BAG ALPHABET, JUMBO BAG PINK POLKADOT → JUMBO BAG RED RETROSPOT"
"frozenset({'RECYCLING BAG RETROSPOT ', 'DOTCOM POSTAGE'})",frozenset({'JUMBO BAG RED RETROSPOT'}),0.018757977690215883,0.10738664742771518,0.014151728730784172,0.7544378698224852,7.025434613091143,1.0,0.01213737239410801,3.6349796767401474,0.8740555664605076,0.12636273538156592,0.7248952982051331,0.44311040777945965,"DOTCOM POSTAGE, RECYCLING BAG RETROSPOT ",JUMBO BAG RED RETROSPOT,"DOTCOM POSTAGE, RECYCLING BAG RETROSPOT  → JUMBO BAG RED RETROSPOT"
"frozenset({'CHARLOTTE BAG PINK POLKADOT', 'CHARLOTTE BAG SUKI DESIGN'})",frozenset({'LUNCH BAG  BLACK SKULL.'}),0.02131083855929852,0.06748432210444531,0.01010044952550086,0.4739583333333333,7.023236191063596,1.0,0.008662302031849325,1.7727030708509552,0.8762899703075488,0.12834978843441466,0.43588973447201884,0.3118146929824561,"CHARLOTTE BAG PINK POLKADOT, CHARLOTTE BAG SUKI DESIGN",LUNCH BAG  BLACK SKULL.,"CHARLOTTE BAG PINK POLKADOT, CHARLOTTE BAG SUKI DESIGN → LUNCH BAG  BLACK SKULL."
frozenset({'WOOD 2 DRAWER CABINET WHITE FINISH'}),frozenset({'WOODEN FRAME ANTIQUE WHITE '}),0.029635384871524503,0.05227815084077918,0.010877407181308618,0.3670411985018726,7.020929252447179,1.0,0.009328124060770514,1.4972883652397158,0.8837592572058849,0.15312499999999996,0.3321259797274253,0.2875545695269448,WOOD 2 DRAWER CABINET WHITE FINISH,WOODEN FRAME ANTIQUE WHITE ,WOOD 2 DRAWER CABINET WHITE FINISH → WOODEN FRAME ANTIQUE WHITE 
"frozenset({'JUMBO STORAGE BAG SUKI', 'JUMBO BAG APPLES'})",frozenset({'JUMBO BAG RED RETROSPOT'}),0.0200344081247572,0.10738664742771518,0.01509517731283645,0.7534626038781164,7.016352795493426,1.0,0.012943749391120196,3.6206002278493803,0.8750060379231543,0.13438735177865616,0.7238027020193845,0.4470155396651564,"JUMBO BAG APPLES, JUMBO STORAGE BAG SUKI",JUMBO BAG RED RETROSPOT,"JUMBO BAG APPLES, JUMBO STORAGE BAG SUKI → JUMBO BAG RED RETROSPOT"
frozenset({'LUNCH BAG VINTAGE LEAF DESIGN'}),frozenset({'LUNCH BAG WOODLAND'}),0.034574615683445255,0.0482823686109107,0.011709861812531218,0.33868378812199035,7.014647331230051,1.0,0.01004051747352254,1.4391264183383559,0.8881485529712665,0.16458658346333857,0.3051340123721584,0.29060626187708716,LUNCH BAG VINTAGE LEAF DESIGN,LUNCH BAG WOODLAND,LUNCH BAG VINTAGE LEAF DESIGN → LUNCH BAG WOODLAND
"frozenset({'RECYCLING BAG RETROSPOT ', 'JUMBO STORAGE BAG SUKI'})",frozenset({'JUMBO BAG RED RETROSPOT'}),0.01614961984571841,0.10738664742771518,0.012153837615849936,0.7525773195876289,7.008108900077254,1.0,0.01041958408338614,3.6076456333129845,0.8713806191583008,0.10911808669656205,0.7228109128108359,0.4328778070806361,"JUMBO STORAGE BAG SUKI, RECYCLING BAG RETROSPOT ",JUMBO BAG RED RETROSPOT,"JUMBO STORAGE BAG SUKI, RECYCLING BAG RETROSPOT  → JUMBO BAG RED RETROSPOT"
frozenset({'JUMBO BAG SPACEBOY DESIGN'}),frozenset({'JUMBO BAG PINK VINTAGE PAISLEY'}),0.034519118708030413,0.04523003496309451,0.010932904156723459,0.3167202572347267,7.002432288481645,1.0,0.009371603210664034,1.3973339253010713,0.8878399303923397,0.1588709677419355,0.2843514482162602,0.2792190243228848,JUMBO BAG SPACEBOY DESIGN,JUMBO BAG PINK VINTAGE PAISLEY,JUMBO BAG SPACEBOY DESIGN → JUMBO BAG PINK VINTAGE PAISLEY
"frozenset({'JUMBO STORAGE BAG SUKI', 'JUMBO  BAG BAROQUE BLACK WHITE'})",frozenset({'JUMBO BAG RED RETROSPOT'}),0.023253232698817915,0.10738664742771518,0.017481547255674565,0.7517899761336515,7.00077704390298,1.0,0.014984460554291987,3.59620187238257,0.877564935064935,0.15448749386954388,0.7219288472986984,0.4572903369040351,"JUMBO  BAG BAROQUE BLACK WHITE, JUMBO STORAGE BAG SUKI",JUMBO BAG RED RETROSPOT,"JUMBO  BAG BAROQUE BLACK WHITE, JUMBO STORAGE BAG SUKI → JUMBO BAG RED RETROSPOT"
frozenset({'LUNCH BAG CARS BLUE'}),frozenset({'LUNCH BAG  BLACK SKULL.'}),0.05910427881680448,0.06748432210444531,0.027914978633664465,0.4723004694835681,6.998669539164813,1.0,0.023926366444240288,1.7671338024177325,0.9109571660517021,0.28290213723284585,0.43411189428223607,0.4429758926365208,LUNCH BAG CARS BLUE,LUNCH BAG  BLACK SKULL.,LUNCH BAG CARS BLUE → LUNCH BAG  BLACK SKULL.
frozenset({'LUNCH BAG  BLACK SKULL.'}),frozenset({'LUNCH BAG CARS BLUE'}),0.06748432210444531,0.05910427881680448,0.027914978633664465,0.4136513157894736,6.998669539164813,1.0,0.023926366444240288,1.6046692804470768,0.9191434739772991,0.28290213723284585,0.3768186303651366,0.4429758926365208,LUNCH BAG  BLACK SKULL.,LUNCH BAG CARS BLUE,LUNCH BAG  BLACK SKULL. → LUNCH BAG CARS BLUE
"frozenset({'JUMBO BAG OWLS', 'JUMBO  BAG BAROQUE BLACK WHITE'})",frozenset({'JUMBO BAG RED RETROSPOT'}),0.014040734779954493,0.10738664742771518,0.010544425328819579,0.7509881422924901,6.9933102511464496,1.0,0.009036637893378548,3.584621876202985,0.8692105559406792,0.0950950950950951,0.7210305481203917,0.42458967838138717,"JUMBO  BAG BAROQUE BLACK WHITE, JUMBO BAG OWLS",JUMBO BAG RED RETROSPOT,"JUMBO  BAG BAROQUE BLACK WHITE, JUMBO BAG OWLS → JUMBO BAG RED RETROSPOT"
"frozenset({'LUNCH BAG APPLE DESIGN', 'LUNCH BAG ALPHABET DESIGN'})",frozenset({'LUNCH BAG RED RETROSPOT'}),0.018813474665630724,0.07725178977745713,0.0101559465009157,0.5398230088495575,6.987838215847828,1.0,0.00870257191106288,2.005202841445141,0.8733244937319191,0.11821705426356588,0.501297335445972,0.3356442630454684,"LUNCH BAG ALPHABET DESIGN, LUNCH BAG APPLE DESIGN",LUNCH BAG RED RETROSPOT,"LUNCH BAG ALPHABET DESIGN, LUNCH BAG APPLE DESIGN → LUNCH BAG RED RETROSPOT"
frozenset({'JUMBO BAG PINK VINTAGE PAISLEY'}),frozenset({'JUMBO STORAGE BAG SUKI'}),0.04523003496309451,0.06271158221876907,0.01981242022309784,0.4380368098159509,6.984942722189044,1.0,0.016975973166751937,1.6678822281478234,0.8974254896099337,0.22481108312342568,0.4004372832064432,0.376983006677887,JUMBO BAG PINK VINTAGE PAISLEY,JUMBO STORAGE BAG SUKI,JUMBO BAG PINK VINTAGE PAISLEY → JUMBO STORAGE BAG SUKI
frozenset({'JUMBO STORAGE BAG SUKI'}),frozenset({'JUMBO BAG PINK VINTAGE PAISLEY'}),0.06271158221876907,0.04523003496309451,0.01981242022309784,0.315929203539823,6.984942722189044,1.0,0.016975973166751937,1.395718060144506,0.9141635456953815,0.22481108312342568,0.28352292016880204,0.376983006677887,JUMBO STORAGE BAG SUKI,JUMBO BAG PINK VINTAGE PAISLEY,JUMBO STORAGE BAG SUKI → JUMBO BAG PINK VINTAGE PAISLEY
"frozenset({'JUMBO BAG OWLS', 'JUMBO BAG PINK POLKADOT'})",frozenset({'JUMBO BAG RED RETROSPOT'}),0.01487318941117709,0.10738664742771518,0.011154892058382819,0.7500000000000001,6.984108527131784,1.0,0.009557710110959117,3.570453410289141,0.8697538166863839,0.10039960039960043,0.7199235264859489,0.4269379844961241,"JUMBO BAG OWLS, JUMBO BAG PINK POLKADOT",JUMBO BAG RED RETROSPOT,"JUMBO BAG OWLS, JUMBO BAG PINK POLKADOT → JUMBO BAG RED RETROSPOT"
"frozenset({'JUMBO BAG SPACEBOY DESIGN', 'JUMBO BAG WOODLAND ANIMALS'})",frozenset({'JUMBO BAG RED RETROSPOT'}),0.014429213607858371,0.10738664742771518,0.010821910205893778,0.75,6.9841085271317835,1.0,0.0092724053315275,3.570453410289139,0.8693620136268934,0.0975,0.7199235264859488,0.4253875968992248,"JUMBO BAG SPACEBOY DESIGN, JUMBO BAG WOODLAND ANIMALS",JUMBO BAG RED RETROSPOT,"JUMBO BAG SPACEBOY DESIGN, JUMBO BAG WOODLAND ANIMALS → JUMBO BAG RED RETROSPOT"
"frozenset({'RECYCLING BAG RETROSPOT ', 'JUMBO BAG WOODLAND ANIMALS'})",frozenset({'JUMBO BAG RED RETROSPOT'}),0.014207225706199013,0.10738664742771518,0.01065541927964926,0.75,6.9841085271317835,1.0,0.009129752941811694,3.570453410289139,0.8691662444406913,0.096048024012006,0.7199235264859488,0.4246124031007752,"JUMBO BAG WOODLAND ANIMALS, RECYCLING BAG RETROSPOT ",JUMBO BAG RED RETROSPOT,"JUMBO BAG WOODLAND ANIMALS, RECYCLING BAG RETROSPOT  → JUMBO BAG RED RETROSPOT"
"frozenset({'JUMBO BAG OWLS', 'JUMBO SHOPPER VINTAGE RED PAISLEY'})",frozenset({'JUMBO BAG RED RETROSPOT'}),0.013985237804539653,0.10738664742771518,0.01048892835340474,0.75,6.9841085271317835,1.0,0.008987100552095886,3.570453410289139,0.8689705634040636,0.0945945945945946,0.7199235264859488,0.4238372093023256,"JUMBO BAG OWLS, JUMBO SHOPPER VINTAGE RED PAISLEY",JUMBO BAG RED RETROSPOT,"JUMBO BAG OWLS, JUMBO SHOPPER VINTAGE RED PAISLEY → JUMBO BAG RED RETROSPOT"
frozenset({'LUNCH BAG DOLLY GIRL DESIGN'}),frozenset({'LUNCH BAG  BLACK SKULL.'}),0.033353682224318774,0.06748432210444531,0.01570564404239969,0.47088186356073214,6.9776482726158156,1.0,0.01345479340780445,1.762395982437825,0.8862447644632274,0.18448500651890481,0.4325906266441012,0.3518060633593134,LUNCH BAG DOLLY GIRL DESIGN,LUNCH BAG  BLACK SKULL.,LUNCH BAG DOLLY GIRL DESIGN → LUNCH BAG  BLACK SKULL.
"frozenset({'JUMBO BAG PINK VINTAGE PAISLEY', 'JUMBO BAG WOODLAND ANIMALS'})",frozenset({'JUMBO BAG RED RETROSPOT'}),0.014595704534102891,0.10738664742771518,0.010932904156723459,0.7490494296577948,6.9752566785549375,1.0,0.009365520379960648,3.5569289655531966,0.86932450373535,0.09845077461269366,0.7188585969288612,0.42542910759375524,"JUMBO BAG PINK VINTAGE PAISLEY, JUMBO BAG WOODLAND ANIMALS",JUMBO BAG RED RETROSPOT,"JUMBO BAG PINK VINTAGE PAISLEY, JUMBO BAG WOODLAND ANIMALS → JUMBO BAG RED RETROSPOT"
"frozenset({'JUMBO STORAGE BAG SUKI', 'JUMBO SHOPPER VINTAGE RED PAISLEY'})",frozenset({'JUMBO BAG RED RETROSPOT'}),0.028469948387812864,0.10738664742771518,0.02131083855929852,0.7485380116959065,6.970494280490201,1.0,0.01825354624949121,3.5496949602293197,0.8816383489946306,0.18604651162790697,0.7182856523718316,0.47349381204950364,"JUMBO SHOPPER VINTAGE RED PAISLEY, JUMBO STORAGE BAG SUKI",JUMBO BAG RED RETROSPOT,"JUMBO SHOPPER VINTAGE RED PAISLEY, JUMBO STORAGE BAG SUKI → JUMBO BAG RED RETROSPOT"
"frozenset({'WOODLAND CHARLOTTE BAG', 'CHARLOTTE BAG SUKI DESIGN'})",frozenset({'LUNCH BAG  BLACK SKULL.'}),0.022920250846328875,0.06748432210444531,0.010766413230478939,0.46973365617433416,6.9606338409583275,1.0,0.009219655639650597,1.7585797943875072,0.8764227518500606,0.13519163763066203,0.43135932575167096,0.31463656492927233,"CHARLOTTE BAG SUKI DESIGN, WOODLAND CHARLOTTE BAG",LUNCH BAG  BLACK SKULL.,"CHARLOTTE BAG SUKI DESIGN, WOODLAND CHARLOTTE BAG → LUNCH BAG  BLACK SKULL."
"frozenset({'JUMBO STORAGE BAG SKULLS', 'JUMBO SHOPPER VINTAGE RED PAISLEY'})",frozenset({'JUMBO BAG RED RETROSPOT'}),0.016482601698207446,0.10738664742771518,0.012320328542094456,0.7474747474747475,6.960593010205414,1.0,0.010550317204837593,3.5347488761862484,0.8706852377713454,0.11044776119402985,0.7170944711979281,0.4311017148226451,"JUMBO SHOPPER VINTAGE RED PAISLEY, JUMBO STORAGE BAG SKULLS",JUMBO BAG RED RETROSPOT,"JUMBO SHOPPER VINTAGE RED PAISLEY, JUMBO STORAGE BAG SKULLS → JUMBO BAG RED RETROSPOT"
"frozenset({'RED RETROSPOT CHARLOTTE BAG', 'CHARLOTTE BAG SUKI DESIGN'})",frozenset({'LUNCH BAG  BLACK SKULL.'}),0.026361063322048947,0.06748432210444531,0.012375825517509296,0.4694736842105263,6.956781509695291,1.0,0.010596867029268466,1.757718043652335,0.8794382963321944,0.15190735694822888,0.4310805401291123,0.3264309210526316,"CHARLOTTE BAG SUKI DESIGN, RED RETROSPOT CHARLOTTE BAG",LUNCH BAG  BLACK SKULL.,"CHARLOTTE BAG SUKI DESIGN, RED RETROSPOT CHARLOTTE BAG → LUNCH BAG  BLACK SKULL."
frozenset({'JUMBO  BAG BAROQUE BLACK WHITE'}),frozenset({'JUMBO BAG PINK POLKADOT'}),0.0505022476275043,0.06432099450579944,0.022587268993839837,0.44725274725274733,6.953448880713765,1.0,0.01933891420166061,1.6927791153075997,0.9017256460707277,0.24488567990373047,0.4092554716931942,0.39920877224587326,JUMBO  BAG BAROQUE BLACK WHITE,JUMBO BAG PINK POLKADOT,JUMBO  BAG BAROQUE BLACK WHITE → JUMBO BAG PINK POLKADOT
frozenset({'JUMBO BAG PINK POLKADOT'}),frozenset({'JUMBO  BAG BAROQUE BLACK WHITE'}),0.06432099450579944,0.0505022476275043,0.022587268993839837,0.3511647972389991,6.953448880713764,1.0,0.01933891420166061,1.4633881582443116,0.9150429465376084,0.24488567990373047,0.3166543036676326,0.39920877224587326,JUMBO BAG PINK POLKADOT,JUMBO  BAG BAROQUE BLACK WHITE,JUMBO BAG PINK POLKADOT → JUMBO  BAG BAROQUE BLACK WHITE
"frozenset({'JUMBO BAG PINK VINTAGE PAISLEY', 'JUMBO  BAG BAROQUE BLACK WHITE'})",frozenset({'JUMBO BAG RED RETROSPOT'}),0.01487318941117709,0.10738664742771518,0.011099395082967978,0.7462686567164178,6.9493617185390875,1.0,0.009502213135544276,3.5179467424907687,0.8690270970649541,0.0998502246630055,0.7157432806126046,0.42481391492151643,"JUMBO  BAG BAROQUE BLACK WHITE, JUMBO BAG PINK VINTAGE PAISLEY",JUMBO BAG RED RETROSPOT,"JUMBO  BAG BAROQUE BLACK WHITE, JUMBO BAG PINK VINTAGE PAISLEY → JUMBO BAG RED RETROSPOT"
frozenset({'JUMBO STORAGE BAG SUKI'}),frozenset({'JUMBO BAG PINK POLKADOT'}),0.06271158221876907,0.06432099450579944,0.028025972584494144,0.4469026548672566,6.948005986240808,1.0,0.023992301249150708,1.6917076419335144,0.9133515340994693,0.2830717488789237,0.4088813130517851,0.4413115517649484,JUMBO STORAGE BAG SUKI,JUMBO BAG PINK POLKADOT,JUMBO STORAGE BAG SUKI → JUMBO BAG PINK POLKADOT
frozenset({'JUMBO BAG PINK POLKADOT'}),frozenset({'JUMBO STORAGE BAG SUKI'}),0.06432099450579944,0.06271158221876907,0.028025972584494144,0.43572044866264015,6.948005986240808,1.0,0.023992301249150708,1.661035590532793,0.9149225420762717,0.2830717488789237,0.3979659402245315,0.4413115517649484,JUMBO BAG PINK POLKADOT,JUMBO STORAGE BAG SUKI,JUMBO BAG PINK POLKADOT → JUMBO STORAGE BAG SUKI
"frozenset({'RED RETROSPOT CHARLOTTE BAG', 'CHARLOTTE BAG SUKI DESIGN'})",frozenset({'LUNCH BAG SUKI DESIGN '}),0.026361063322048947,0.05666241189855153,0.01037793440257506,0.3936842105263158,6.9478900974277025,1.0,0.008884252974537325,1.5558519248200975,0.8792493617270315,0.14285714285714288,0.357265312947034,0.2884189906696222,"CHARLOTTE BAG SUKI DESIGN, RED RETROSPOT CHARLOTTE BAG",LUNCH BAG SUKI DESIGN ,"CHARLOTTE BAG SUKI DESIGN, RED RETROSPOT CHARLOTTE BAG → LUNCH BAG SUKI DESIGN "
frozenset({'JUMBO BAG PINK VINTAGE PAISLEY'}),frozenset({'JUMBO BAG PINK POLKADOT'}),0.04523003496309451,0.06432099450579944,0.02020089905100172,0.4466257668711657,6.943701202115215,1.0,0.017291658220643404,1.6908611740083672,0.8965348909402618,0.22608695652173916,0.40858539105880987,0.3803448075080591,JUMBO BAG PINK VINTAGE PAISLEY,JUMBO BAG PINK POLKADOT,JUMBO BAG PINK VINTAGE PAISLEY → JUMBO BAG PINK POLKADOT
frozenset({'JUMBO BAG PINK POLKADOT'}),frozenset({'JUMBO BAG PINK VINTAGE PAISLEY'}),0.06432099450579944,0.04523003496309451,0.02020089905100172,0.31406384814495253,6.943701202115214,1.0,0.017291658220643404,1.3919225024877653,0.9148271805300277,0.22608695652173916,0.28156919784491397,0.3803448075080591,JUMBO BAG PINK POLKADOT,JUMBO BAG PINK VINTAGE PAISLEY,JUMBO BAG PINK POLKADOT → JUMBO BAG PINK VINTAGE PAISLEY
"frozenset({'DOTCOM POSTAGE', 'RED TOADSTOOL LED NIGHT LIGHT'})",frozenset({'JUMBO BAG RED RETROSPOT'}),0.017370553304844886,0.10738664742771518,0.012930795271657695,0.744408945686901,6.932043820326754,1.0,0.011065429788285983,3.4923497419390643,0.8708698925560017,0.11563275434243177,0.7136598353849956,0.4324111911897037,"DOTCOM POSTAGE, RED TOADSTOOL LED NIGHT LIGHT",JUMBO BAG RED RETROSPOT,"DOTCOM POSTAGE, RED TOADSTOOL LED NIGHT LIGHT → JUMBO BAG RED RETROSPOT"
"frozenset({'JUMBO BAG WOODLAND ANIMALS', 'JUMBO STORAGE BAG SUKI'})",frozenset({'JUMBO BAG RED RETROSPOT'}),0.023586214551306953,0.10738664742771518,0.017537044231089406,0.743529411764706,6.923853473172216,1.0,0.01500419972491376,3.480373163699277,0.8762389148774827,0.15459882583170254,0.7126744883479381,0.45341845265237884,"JUMBO BAG WOODLAND ANIMALS, JUMBO STORAGE BAG SUKI",JUMBO BAG RED RETROSPOT,"JUMBO BAG WOODLAND ANIMALS, JUMBO STORAGE BAG SUKI → JUMBO BAG RED RETROSPOT"
"frozenset({'JUMBO BAG SPACEBOY DESIGN', 'JUMBO STORAGE BAG SUKI'})",frozenset({'JUMBO BAG RED RETROSPOT'}),0.018369498862312005,0.10738664742771518,0.013652255952050614,0.743202416918429,6.920808449846601,1.0,0.0116796170542997,3.475941408252074,0.8715175508267973,0.1217821782178218,0.712308154094328,0.43516709993208275,"JUMBO BAG SPACEBOY DESIGN, JUMBO STORAGE BAG SUKI",JUMBO BAG RED RETROSPOT,"JUMBO BAG SPACEBOY DESIGN, JUMBO STORAGE BAG SUKI → JUMBO BAG RED RETROSPOT"
"frozenset({'LUNCH BAG RED RETROSPOT', 'JUMBO BAG RED RETROSPOT'})",frozenset({'JUMBO BAG PINK POLKADOT'}),0.029468893945279982,0.06432099450579944,0.013097286197902215,0.4444444444444445,6.9097881315310135,1.0,0.011201817632355875,1.684222209889561,0.8812471408966148,0.16231086657496563,0.4062541188875709,0.3240341290384431,"JUMBO BAG RED RETROSPOT, LUNCH BAG RED RETROSPOT",JUMBO BAG PINK POLKADOT,"JUMBO BAG RED RETROSPOT, LUNCH BAG RED RETROSPOT → JUMBO BAG PINK POLKADOT"
frozenset({'JUMBO STORAGE BAG SKULLS'}),frozenset({'JUMBO SHOPPER VINTAGE RED PAISLEY'}),0.03795993118375048,0.06287807314501359,0.016482601698207446,0.4342105263157895,6.90559529892693,1.0,0.014095754368655901,1.6563085218832319,0.8889337563695798,0.19539473684210526,0.39624774805662744,0.3481732243229433,JUMBO STORAGE BAG SKULLS,JUMBO SHOPPER VINTAGE RED PAISLEY,JUMBO STORAGE BAG SKULLS → JUMBO SHOPPER VINTAGE RED PAISLEY
"frozenset({'DOTCOM POSTAGE', 'SUKI  SHOULDER BAG'})",frozenset({'JUMBO BAG RED RETROSPOT'}),0.018646983739386204,0.10738664742771518,0.013818746878295133,0.7410714285714285,6.900964377999261,1.0,0.011816309809883328,3.4473343271757195,0.8713405905474525,0.12314540059347182,0.7099207952890183,0.43487679955703207,"DOTCOM POSTAGE, SUKI  SHOULDER BAG",JUMBO BAG RED RETROSPOT,"DOTCOM POSTAGE, SUKI  SHOULDER BAG → JUMBO BAG RED RETROSPOT"
"frozenset({'JUMBO BAG STRAWBERRY', 'JUMBO BAG PINK VINTAGE PAISLEY'})",frozenset({'JUMBO BAG RED RETROSPOT'}),0.01542815916532549,0.10738664742771518,0.011432376935457018,0.7410071942446044,6.9003662186529855,1.0,0.009775598646711538,3.4464793335429893,0.8684791905973931,0.10264075734927754,0.7098488331940764,0.4237335712825089,"JUMBO BAG PINK VINTAGE PAISLEY, JUMBO BAG STRAWBERRY",JUMBO BAG RED RETROSPOT,"JUMBO BAG PINK VINTAGE PAISLEY, JUMBO BAG STRAWBERRY → JUMBO BAG RED RETROSPOT"
"frozenset({'RED RETROSPOT CHARLOTTE BAG', 'CHARLOTTE BAG PINK POLKADOT'})",frozenset({'LUNCH BAG  BLACK SKULL.'}),0.02658305122370831,0.06748432210444531,0.012375825517509296,0.46555323590814196,6.898687300846061,1.0,0.010581886326209594,1.7448242566873857,0.8783953142337053,0.15149456521739127,0.42687637670825507,0.32447069690143937,"CHARLOTTE BAG PINK POLKADOT, RED RETROSPOT CHARLOTTE BAG",LUNCH BAG  BLACK SKULL.,"CHARLOTTE BAG PINK POLKADOT, RED RETROSPOT CHARLOTTE BAG → LUNCH BAG  BLACK SKULL."
"frozenset({'JUMBO BAG STRAWBERRY', 'JUMBO  BAG BAROQUE BLACK WHITE'})",frozenset({'JUMBO BAG RED RETROSPOT'}),0.014762195460347412,0.10738664742771518,0.010932904156723459,0.7406015037593985,6.896588370150182,1.0,0.009347641477564114,3.4410891562931556,0.8678115745647909,0.09830339321357286,0.7093943357523378,0.4212051446445571,"JUMBO  BAG BAROQUE BLACK WHITE, JUMBO BAG STRAWBERRY",JUMBO BAG RED RETROSPOT,"JUMBO  BAG BAROQUE BLACK WHITE, JUMBO BAG STRAWBERRY → JUMBO BAG RED RETROSPOT"
frozenset({'LUNCH BAG  BLACK SKULL.'}),frozenset({'LUNCH BAG SPACEBOY DESIGN '}),0.06748432210444531,0.05760586048060381,0.026805039125367667,0.397203947368421,6.895200315637359,1.0,0.022917546681590864,1.5633714510990255,0.9168441896836672,0.2727272727272727,0.360356747401895,0.4312609332217827,LUNCH BAG  BLACK SKULL.,LUNCH BAG SPACEBOY DESIGN ,LUNCH BAG  BLACK SKULL. → LUNCH BAG SPACEBOY DESIGN 
frozenset({'LUNCH BAG SPACEBOY DESIGN '}),frozenset({'LUNCH BAG  BLACK SKULL.'}),0.05760586048060381,0.06748432210444531,0.026805039125367667,0.46531791907514447,6.895200315637358,1.0,0.022917546681590864,1.744056348928983,0.907233550394833,0.2727272727272727,0.426624030459741,0.4312609332217827,LUNCH BAG SPACEBOY DESIGN ,LUNCH BAG  BLACK SKULL.,LUNCH BAG SPACEBOY DESIGN  → LUNCH BAG  BLACK SKULL.
frozenset({'LUNCH BAG ALPHABET DESIGN'}),frozenset({'LUNCH BAG WOODLAND'}),0.03818191908540985,0.0482823686109107,0.012708807369998335,0.3328488372093023,6.893796778936113,1.0,0.01086529387844461,1.4265397176376764,0.8888812459386328,0.17231000752445447,0.29900304377365555,0.29803361400695,LUNCH BAG ALPHABET DESIGN,LUNCH BAG WOODLAND,LUNCH BAG ALPHABET DESIGN → LUNCH BAG WOODLAND
"frozenset({'JUMBO SHOPPER VINTAGE RED PAISLEY', 'JUMBO BAG APPLES'})",frozenset({'JUMBO BAG RED RETROSPOT'}),0.018147510960652643,0.10738664742771518,0.013430268050391254,0.7400611620795108,6.891556630238091,1.0,0.011481467689169052,3.433936074013379,0.8706958647789634,0.11980198019801983,0.7087889877835554,0.43256288078135746,"JUMBO BAG APPLES, JUMBO SHOPPER VINTAGE RED PAISLEY",JUMBO BAG RED RETROSPOT,"JUMBO BAG APPLES, JUMBO SHOPPER VINTAGE RED PAISLEY → JUMBO BAG RED RETROSPOT"
frozenset({'JUMBO STORAGE BAG SKULLS'}),frozenset({'JUMBO BAG STRAWBERRY'}),0.03795993118375048,0.04378711360230867,0.011432376935457018,0.3011695906432749,6.878041639798696,1.0,0.009770221116378316,1.368304632418454,0.8883307523641771,0.16258879242304658,0.2691685927917104,0.28112978898450186,JUMBO STORAGE BAG SKULLS,JUMBO BAG STRAWBERRY,JUMBO STORAGE BAG SKULLS → JUMBO BAG STRAWBERRY
frozenset({'LUNCH BAG VINTAGE LEAF DESIGN'}),frozenset({'LUNCH BAG  BLACK SKULL.'}),0.034574615683445255,0.06748432210444531,0.01603862589488873,0.463884430176565,6.873958509335135,1.0,0.013705381393469704,1.7393930159548818,0.8851263186621273,0.1864516129032258,0.4250868027942346,0.35077445193038775,LUNCH BAG VINTAGE LEAF DESIGN,LUNCH BAG  BLACK SKULL.,LUNCH BAG VINTAGE LEAF DESIGN → LUNCH BAG  BLACK SKULL.
"frozenset({'RED RETROSPOT CHARLOTTE BAG', 'CHARLOTTE BAG PINK POLKADOT'})",frozenset({'PACK OF 72 RETROSPOT CAKE CASES'}),0.02658305122370831,0.06265608524335424,0.011432376935457018,0.430062630480167,6.863860530223321,1.0,0.009766787011955899,1.64464371856569,0.8776397360817438,0.1469329529243937,0.3919655736306767,0.3062624932737416,"CHARLOTTE BAG PINK POLKADOT, RED RETROSPOT CHARLOTTE BAG",PACK OF 72 RETROSPOT CAKE CASES,"CHARLOTTE BAG PINK POLKADOT, RED RETROSPOT CHARLOTTE BAG → PACK OF 72 RETROSPOT CAKE CASES"
"frozenset({'JUMBO  BAG BAROQUE BLACK WHITE', 'JUMBO SHOPPER VINTAGE RED PAISLEY'})",frozenset({'JUMBO BAG RED RETROSPOT'}),0.022975747821743716,0.10738664742771518,0.016926577501526166,0.7367149758454106,6.86039645982349,1.0,0.01445928897080448,3.390292917109411,0.8743240789455305,0.14921722113502936,0.7050402356228832,0.4471688574317492,"JUMBO  BAG BAROQUE BLACK WHITE, JUMBO SHOPPER VINTAGE RED PAISLEY",JUMBO BAG RED RETROSPOT,"JUMBO  BAG BAROQUE BLACK WHITE, JUMBO SHOPPER VINTAGE RED PAISLEY → JUMBO BAG RED RETROSPOT"
"frozenset({'RED RETROSPOT CHARLOTTE BAG', 'STRAWBERRY CHARLOTTE BAG'})",frozenset({'LUNCH BAG SPACEBOY DESIGN '}),0.02541761473999667,0.05760586048060381,0.01004495255008602,0.3951965065502183,6.86035245811983,1.0,0.008580748981624033,1.5581823678696154,0.8765137841544282,0.13764258555133077,0.3582265974635407,0.2847851511556486,"RED RETROSPOT CHARLOTTE BAG, STRAWBERRY CHARLOTTE BAG",LUNCH BAG SPACEBOY DESIGN ,"RED RETROSPOT CHARLOTTE BAG, STRAWBERRY CHARLOTTE BAG → LUNCH BAG SPACEBOY DESIGN "
"frozenset({'LUNCH BAG RED RETROSPOT', 'JUMBO BAG RED RETROSPOT'})",frozenset({'JUMBO STORAGE BAG SUKI'}),0.029468893945279982,0.06271158221876907,0.012653310394583495,0.4293785310734463,6.8468776561171945,1.0,0.010805269429037884,1.6425747519532465,0.8798770284586123,0.15910676901605023,0.39119970107243934,0.31557422128893553,"JUMBO BAG RED RETROSPOT, LUNCH BAG RED RETROSPOT",JUMBO STORAGE BAG SUKI,"JUMBO BAG RED RETROSPOT, LUNCH BAG RED RETROSPOT → JUMBO STORAGE BAG SUKI"
frozenset({'SET OF 20 VINTAGE CHRISTMAS NAPKINS'}),"frozenset({""PAPER CHAIN KIT 50'S CHRISTMAS ""})",0.03168877296187358,0.062434097341694875,0.013541262001220933,0.4273204903677758,6.84434481416618,1.0,0.01156280206548045,1.637156362134227,0.8818383524627746,0.16804407713498626,0.38918479436113135,0.32210468962833233,SET OF 20 VINTAGE CHRISTMAS NAPKINS,PAPER CHAIN KIT 50'S CHRISTMAS ,SET OF 20 VINTAGE CHRISTMAS NAPKINS → PAPER CHAIN KIT 50'S CHRISTMAS 
frozenset({'LUNCH BAG PINK POLKADOT'}),frozenset({'LUNCH BAG SUKI DESIGN '}),0.05582995726732893,0.05666241189855153,0.021643820411787557,0.38767395626242546,6.8418188226176735,1.0,0.018480360376827633,1.5405805416072356,0.9043286657111379,0.23824068417837507,0.3508940474110274,0.38482620437998843,LUNCH BAG PINK POLKADOT,LUNCH BAG SUKI DESIGN ,LUNCH BAG PINK POLKADOT → LUNCH BAG SUKI DESIGN 
frozenset({'LUNCH BAG SUKI DESIGN '}),frozenset({'LUNCH BAG PINK POLKADOT'}),0.05666241189855153,0.05582995726732893,0.021643820411787557,0.3819784524975514,6.841818822617673,1.0,0.018480360376827633,1.5277299740571426,0.9051266966551116,0.23824068417837507,0.345434064277516,0.38482620437998843,LUNCH BAG SUKI DESIGN ,LUNCH BAG PINK POLKADOT,LUNCH BAG SUKI DESIGN  → LUNCH BAG PINK POLKADOT
"frozenset({'LUNCH BAG RED RETROSPOT', 'LUNCH BAG  BLACK SKULL.'})",frozenset({'RED RETROSPOT CHARLOTTE BAG'}),0.033686664076807815,0.050113768799600424,0.011543370886286698,0.34266886326194396,6.8378186568294215,1.0,0.009855205191111745,1.4450650183925877,0.8835172803018255,0.1597542242703533,0.3079896148116948,0.28650608168634295,"LUNCH BAG  BLACK SKULL., LUNCH BAG RED RETROSPOT",RED RETROSPOT CHARLOTTE BAG,"LUNCH BAG  BLACK SKULL., LUNCH BAG RED RETROSPOT → RED RETROSPOT CHARLOTTE BAG"
"frozenset({'JUMBO BAG PINK VINTAGE PAISLEY', 'JUMBO STORAGE BAG SUKI'})",frozenset({'JUMBO BAG RED RETROSPOT'}),0.01981242022309784,0.10738664742771518,0.014540207558688052,0.7338935574229692,6.834123003206451,1.0,0.01241261817350051,3.3543470196663763,0.870930690895449,0.12906403940886702,0.7018793839346233,0.43464703710941743,"JUMBO BAG PINK VINTAGE PAISLEY, JUMBO STORAGE BAG SUKI",JUMBO BAG RED RETROSPOT,"JUMBO BAG PINK VINTAGE PAISLEY, JUMBO STORAGE BAG SUKI → JUMBO BAG RED RETROSPOT"
frozenset({'LUNCH BAG VINTAGE LEAF DESIGN'}),frozenset({'LUNCH BAG SPACEBOY DESIGN '}),0.034574615683445255,0.05760586048060381,0.013596758976635773,0.3932584269662921,6.826708666190383,1.0,0.01160505848940473,1.5532051558745603,0.8840833689189633,0.17302259887005647,0.35617004861348667,0.31464462774133484,LUNCH BAG VINTAGE LEAF DESIGN,LUNCH BAG SPACEBOY DESIGN ,LUNCH BAG VINTAGE LEAF DESIGN → LUNCH BAG SPACEBOY DESIGN 
"frozenset({'JUMBO  BAG BAROQUE BLACK WHITE', 'JUMBO BAG APPLES'})",frozenset({'JUMBO BAG RED RETROSPOT'}),0.01537266218991065,0.10738664742771518,0.011265886009212498,0.7328519855595668,6.824423735296039,1.0,0.009615067354599195,3.3412689008449035,0.8667923876604623,0.10104529616724739,0.7007125048369705,0.4188807731415405,"JUMBO  BAG BAROQUE BLACK WHITE, JUMBO BAG APPLES",JUMBO BAG RED RETROSPOT,"JUMBO  BAG BAROQUE BLACK WHITE, JUMBO BAG APPLES → JUMBO BAG RED RETROSPOT"
"frozenset({'RED RETROSPOT CHARLOTTE BAG', 'CHARLOTTE BAG SUKI DESIGN'})",frozenset({'PACK OF 72 RETROSPOT CAKE CASES'}),0.026361063322048947,0.06265608524335424,0.011265886009212498,0.4273684210526316,6.820860565940982,1.0,0.00961420497860074,1.6369057334904662,0.8764963082265785,0.14489650249821556,0.3890912716961142,0.30358677917113425,"CHARLOTTE BAG SUKI DESIGN, RED RETROSPOT CHARLOTTE BAG",PACK OF 72 RETROSPOT CAKE CASES,"CHARLOTTE BAG SUKI DESIGN, RED RETROSPOT CHARLOTTE BAG → PACK OF 72 RETROSPOT CAKE CASES"
frozenset({'LUNCH BAG DOLLY GIRL DESIGN'}),frozenset({'LUNCH BAG APPLE DESIGN'}),0.033353682224318774,0.0507797325045785,0.011543370886286698,0.34608985024958405,6.815511488139077,1.0,0.009849679824893076,1.4516065668314209,0.8827177566089899,0.15902140672782877,0.3111081040486,0.28670612731058437,LUNCH BAG DOLLY GIRL DESIGN,LUNCH BAG APPLE DESIGN,LUNCH BAG DOLLY GIRL DESIGN → LUNCH BAG APPLE DESIGN
"frozenset({'DOTCOM POSTAGE', 'WHITE HANGING HEART T-LIGHT HOLDER'})",frozenset({'JUMBO BAG RED RETROSPOT'}),0.01509517731283645,0.10738664742771518,0.011043898107553138,0.7316176470588235,6.812929396564828,1.0,0.009422877623600725,3.325901806844677,0.8662971701919752,0.09910358565737053,0.6993296681393273,0.4172300121599027,"DOTCOM POSTAGE, WHITE HANGING HEART T-LIGHT HOLDER",JUMBO BAG RED RETROSPOT,"DOTCOM POSTAGE, WHITE HANGING HEART T-LIGHT HOLDER → JUMBO BAG RED RETROSPOT"
"frozenset({'RED RETROSPOT CHARLOTTE BAG', 'CHARLOTTE BAG PINK POLKADOT'})",frozenset({'LUNCH BAG PINK POLKADOT'}),0.02658305122370831,0.05582995726732893,0.01010044952550086,0.37995824634655534,6.805633837891233,1.0,0.00861631891164601,1.5227523584813114,0.8763592166100719,0.1396776669224866,0.34329440080635876,0.2804363796345103,"CHARLOTTE BAG PINK POLKADOT, RED RETROSPOT CHARLOTTE BAG",LUNCH BAG PINK POLKADOT,"CHARLOTTE BAG PINK POLKADOT, RED RETROSPOT CHARLOTTE BAG → LUNCH BAG PINK POLKADOT"
"frozenset({'DOTCOM POSTAGE', 'RECIPE BOX PANTRY YELLOW DESIGN'})",frozenset({'JUMBO BAG RED RETROSPOT'}),0.013985237804539653,0.10738664742771518,0.01021144347633054,0.7301587301587301,6.799343751281736,1.0,0.008709615675021687,3.30792007129729,0.8650245570072508,0.09186220668996506,0.6976952349372145,0.41262458471760793,"DOTCOM POSTAGE, RECIPE BOX PANTRY YELLOW DESIGN",JUMBO BAG RED RETROSPOT,"DOTCOM POSTAGE, RECIPE BOX PANTRY YELLOW DESIGN → JUMBO BAG RED RETROSPOT"
frozenset({'LUNCH BAG SPACEBOY DESIGN '}),frozenset({'LUNCH BAG PINK POLKADOT'}),0.05760586048060381,0.05582995726732893,0.021865808313446918,0.37957610789980734,6.798789153326669,1.0,0.018649675584467094,1.5218144477585598,0.9050512412050853,0.2387878787878788,0.34288966603459875,0.38561310365169293,LUNCH BAG SPACEBOY DESIGN ,LUNCH BAG PINK POLKADOT,LUNCH BAG SPACEBOY DESIGN  → LUNCH BAG PINK POLKADOT
frozenset({'LUNCH BAG PINK POLKADOT'}),frozenset({'LUNCH BAG SPACEBOY DESIGN '}),0.05582995726732893,0.05760586048060381,0.021865808313446918,0.39165009940357853,6.798789153326668,1.0,0.018649675584467094,1.549098863327635,0.9033489171165316,0.2387878787878788,0.3544634085833038,0.38561310365169293,LUNCH BAG PINK POLKADOT,LUNCH BAG SPACEBOY DESIGN ,LUNCH BAG PINK POLKADOT → LUNCH BAG SPACEBOY DESIGN 
"frozenset({'JUMBO BAG OWLS', 'JUMBO BAG WOODLAND ANIMALS'})",frozenset({'JUMBO BAG RED RETROSPOT'}),0.014595704534102891,0.10738664742771518,0.01065541927964926,0.7300380228136882,6.79821970701801,1.0,0.009088035502886449,3.306441010232548,0.8655357695990088,0.09571286141575276,0.6975600057871082,0.4146314145076193,"JUMBO BAG OWLS, JUMBO BAG WOODLAND ANIMALS",JUMBO BAG RED RETROSPOT,"JUMBO BAG OWLS, JUMBO BAG WOODLAND ANIMALS → JUMBO BAG RED RETROSPOT"
"frozenset({'RED RETROSPOT CHARLOTTE BAG', 'STRAWBERRY CHARLOTTE BAG'})",frozenset({'PACK OF 72 RETROSPOT CAKE CASES'}),0.02541761473999667,0.06265608524335424,0.010821910205893778,0.425764192139738,6.79525684514255,1.0,0.00922934197006181,1.6323327488918014,0.8750809997094379,0.1400862068965517,0.3873798092460591,0.29924170634444824,"RED RETROSPOT CHARLOTTE BAG, STRAWBERRY CHARLOTTE BAG",PACK OF 72 RETROSPOT CAKE CASES,"RED RETROSPOT CHARLOTTE BAG, STRAWBERRY CHARLOTTE BAG → PACK OF 72 RETROSPOT CAKE CASES"
"frozenset({'JUMBO BAG PINK VINTAGE PAISLEY', 'JUMBO BAG SCANDINAVIAN BLUE PAISLEY'})",frozenset({'JUMBO BAG RED RETROSPOT'}),0.018036517009822964,0.10738664742771518,0.013152783173317055,0.7292307692307692,6.79070244484198,1.0,0.011215902080359209,3.296583404386279,0.8684027911914646,0.11715274345032131,0.696655634840166,0.425855694692904,"JUMBO BAG PINK VINTAGE PAISLEY, JUMBO BAG SCANDINAVIAN BLUE PAISLEY",JUMBO BAG RED RETROSPOT,"JUMBO BAG PINK VINTAGE PAISLEY, JUMBO BAG SCANDINAVIAN BLUE PAISLEY → JUMBO BAG RED RETROSPOT"
"frozenset({'DOTCOM POSTAGE', 'JUMBO STORAGE BAG SUKI'})",frozenset({'JUMBO BAG RED RETROSPOT'}),0.021921305288861756,0.10738664742771518,0.01598312891947389,0.7291139240506329,6.789614365616721,1.0,0.013629073437263583,3.2951614417388084,0.871827834203359,0.14103819784524976,0.6965247324961673,0.43897556667647925,"DOTCOM POSTAGE, JUMBO STORAGE BAG SUKI",JUMBO BAG RED RETROSPOT,"DOTCOM POSTAGE, JUMBO STORAGE BAG SUKI → JUMBO BAG RED RETROSPOT"
frozenset({'LUNCH BAG WOODLAND'}),frozenset({'LUNCH BAG RED RETROSPOT'}),0.0482823686109107,0.07725178977745713,0.02530662078916699,0.5241379310344828,6.7847998414585815,1.0,0.02157672139927922,1.9391085577140394,0.8958662619578861,0.2524916943521594,0.48429911465149134,0.42586206896551726,LUNCH BAG WOODLAND,LUNCH BAG RED RETROSPOT,LUNCH BAG WOODLAND → LUNCH BAG RED RETROSPOT
frozenset({'LUNCH BAG RED RETROSPOT'}),frozenset({'LUNCH BAG WOODLAND'}),0.07725178977745713,0.0482823686109107,0.02530662078916699,0.3275862068965517,6.7847998414585815,1.0,0.02157672139927922,1.4153749389889019,0.9239917319008714,0.2524916943521594,0.2934734306413765,0.42586206896551726,LUNCH BAG RED RETROSPOT,LUNCH BAG WOODLAND,LUNCH BAG RED RETROSPOT → LUNCH BAG WOODLAND
frozenset({'LUNCH BAG DOLLY GIRL DESIGN'}),frozenset({'LUNCH BAG RED RETROSPOT'}),0.033353682224318774,0.07725178977745713,0.017481547255674565,0.5241264559068219,6.784651299558208,1.0,0.014904915608177383,1.939061798404714,0.8820273499226308,0.18772348033373062,0.48428667883472815,0.37520977967754887,LUNCH BAG DOLLY GIRL DESIGN,LUNCH BAG RED RETROSPOT,LUNCH BAG DOLLY GIRL DESIGN → LUNCH BAG RED RETROSPOT
"frozenset({'JUMBO BAG OWLS', 'JUMBO STORAGE BAG SUKI'})",frozenset({'JUMBO BAG RED RETROSPOT'}),0.017148565403185528,0.10738664742771518,0.012486819468338975,0.7281553398058251,6.780687890419206,1.0,0.010645292521495976,3.283541975533761,0.8673969508752117,0.11144130757800891,0.6954508249167597,0.4222172047866335,"JUMBO BAG OWLS, JUMBO STORAGE BAG SUKI",JUMBO BAG RED RETROSPOT,"JUMBO BAG OWLS, JUMBO STORAGE BAG SUKI → JUMBO BAG RED RETROSPOT"
frozenset({'JUMBO BAG VINTAGE DOILY '}),frozenset({'JUMBO BAG APPLES'}),0.03635051889672013,0.0491148232421333,0.012098340640435096,0.33282442748091606,6.776455772631217,1.0,0.010312991330062861,1.4252397958270084,0.8845853701320248,0.1649016641452345,0.29836368383206646,0.28957605554836763,JUMBO BAG VINTAGE DOILY ,JUMBO BAG APPLES,JUMBO BAG VINTAGE DOILY  → JUMBO BAG APPLES
"frozenset({'JUMBO STORAGE BAG SKULLS', 'JUMBO BAG WOODLAND ANIMALS'})",frozenset({'JUMBO BAG RED RETROSPOT'}),0.015039680337421611,0.10738664742771518,0.010932904156723459,0.7269372693726938,6.7693450422876325,1.0,0.009317843306903224,3.2688948452309354,0.8652888893465083,0.09805873568939773,0.6940862134311471,0.41437302745120475,"JUMBO BAG WOODLAND ANIMALS, JUMBO STORAGE BAG SKULLS",JUMBO BAG RED RETROSPOT,"JUMBO BAG WOODLAND ANIMALS, JUMBO STORAGE BAG SKULLS → JUMBO BAG RED RETROSPOT"
"frozenset({'DOTCOM POSTAGE', 'BATHROOM METAL SIGN'})",frozenset({'JUMBO BAG RED RETROSPOT'}),0.013985237804539653,0.10738664742771518,0.0101559465009157,0.7261904761904762,6.762390796111727,1.0,0.008654118699606847,3.259979200698779,0.8642094802761059,0.09131736526946108,0.6932495766274677,0.41038205980066444,"BATHROOM METAL SIGN, DOTCOM POSTAGE",JUMBO BAG RED RETROSPOT,"BATHROOM METAL SIGN, DOTCOM POSTAGE → JUMBO BAG RED RETROSPOT"
"frozenset({'RED RETROSPOT CHARLOTTE BAG', 'CHARLOTTE BAG SUKI DESIGN'})",frozenset({'LUNCH BAG SPACEBOY DESIGN '}),0.026361063322048947,0.05760586048060381,0.01026694045174538,0.3894736842105263,6.761008011357874,1.0,0.008748388715895065,1.5435766078334938,0.8751632959909293,0.13930722891566266,0.3521539553494773,0.2838505222594057,"CHARLOTTE BAG SUKI DESIGN, RED RETROSPOT CHARLOTTE BAG",LUNCH BAG SPACEBOY DESIGN ,"CHARLOTTE BAG SUKI DESIGN, RED RETROSPOT CHARLOTTE BAG → LUNCH BAG SPACEBOY DESIGN "
frozenset({'JUMBO BAG OWLS'}),frozenset({'JUMBO BAG PINK POLKADOT'}),0.034241633830956214,0.06432099450579944,0.01487318941117709,0.4343598055105348,6.753002015094329,1.0,0.012670733469666559,1.6541946887963375,0.8821230447006434,0.17771883289124668,0.3954762357944441,0.33279681388555216,JUMBO BAG OWLS,JUMBO BAG PINK POLKADOT,JUMBO BAG OWLS → JUMBO BAG PINK POLKADOT
frozenset({'JUMBO BAG SPACEBOY DESIGN'}),frozenset({'JUMBO SHOPPER VINTAGE RED PAISLEY'}),0.034519118708030413,0.06287807314501359,0.014651201509517731,0.42443729903536975,6.750163893484844,1.0,0.012480705838492787,1.6281839064351997,0.8823120844590063,0.17706237424547286,0.3858187665118043,0.3287235038866169,JUMBO BAG SPACEBOY DESIGN,JUMBO SHOPPER VINTAGE RED PAISLEY,JUMBO BAG SPACEBOY DESIGN → JUMBO SHOPPER VINTAGE RED PAISLEY
"frozenset({'JUMBO STORAGE BAG SKULLS', 'JUMBO  BAG BAROQUE BLACK WHITE'})",frozenset({'JUMBO BAG RED RETROSPOT'}),0.014484710583273212,0.10738664742771518,0.01048892835340474,0.7241379310344828,6.743277198609998,1.0,0.008933463844906285,3.2357234030745325,0.8642221614403167,0.09417040358744395,0.6909500981913917,0.410906174819567,"JUMBO  BAG BAROQUE BLACK WHITE, JUMBO STORAGE BAG SKULLS",JUMBO BAG RED RETROSPOT,"JUMBO  BAG BAROQUE BLACK WHITE, JUMBO STORAGE BAG SKULLS → JUMBO BAG RED RETROSPOT"
"frozenset({'DOTCOM POSTAGE', 'JUMBO BAG RED RETROSPOT'})",frozenset({'JAM MAKING SET WITH JARS'}),0.026916033076197346,0.055441478439425054,0.01004495255008602,0.3731958762886598,6.731347842688049,1.0,0.008552687882617174,1.5069436939371015,0.8749926740596172,0.13891020721412123,0.3364051994621246,0.2771885287349205,"DOTCOM POSTAGE, JUMBO BAG RED RETROSPOT",JAM MAKING SET WITH JARS,"DOTCOM POSTAGE, JUMBO BAG RED RETROSPOT → JAM MAKING SET WITH JARS"
"frozenset({'JUMBO STORAGE BAG SUKI', 'JUMBO BAG ALPHABET'})",frozenset({'JUMBO BAG RED RETROSPOT'}),0.015650147066984848,0.10738664742771518,0.011265886009212498,0.7198581560283689,6.703423314457457,1.0,0.009585269183938306,3.1862907015871444,0.8643496895388033,0.10079443892750745,0.6861554410268079,0.41238385837594155,"JUMBO BAG ALPHABET, JUMBO STORAGE BAG SUKI",JUMBO BAG RED RETROSPOT,"JUMBO BAG ALPHABET, JUMBO STORAGE BAG SUKI → JUMBO BAG RED RETROSPOT"
frozenset({'CHARLOTTE BAG APPLES DESIGN'}),frozenset({'LUNCH BAG SUKI DESIGN '}),0.027471002830345745,0.05666241189855153,0.0104334313779899,0.3797979797979798,6.702820566091869,1.0,0.008876858100350575,1.5210166322808372,0.8748418582175449,0.14156626506024098,0.342544993409801,0.2819655912701946,CHARLOTTE BAG APPLES DESIGN,LUNCH BAG SUKI DESIGN ,CHARLOTTE BAG APPLES DESIGN → LUNCH BAG SUKI DESIGN 
frozenset({'JUMBO BAG STRAWBERRY'}),frozenset({'JUMBO BAG PINK POLKADOT'}),0.04378711360230867,0.06432099450579944,0.018813474665630724,0.42965779467680615,6.679899743124564,1.0,0.015997043972191812,1.640557189633165,0.8892341511769449,0.21068986948415167,0.3904509965765937,0.361075661790517,JUMBO BAG STRAWBERRY,JUMBO BAG PINK POLKADOT,JUMBO BAG STRAWBERRY → JUMBO BAG PINK POLKADOT
frozenset({'WOOD 2 DRAWER CABINET WHITE FINISH'}),frozenset({'WOODEN PICTURE FRAME WHITE FINISH'}),0.029635384871524503,0.05971474554636772,0.011820855763360897,0.398876404494382,6.67969696336828,1.0,0.010051186296589135,1.5642128532032387,0.87626093996061,0.15246957766642807,0.3607008164188319,0.29841589741447727,WOOD 2 DRAWER CABINET WHITE FINISH,WOODEN PICTURE FRAME WHITE FINISH,WOOD 2 DRAWER CABINET WHITE FINISH → WOODEN PICTURE FRAME WHITE FINISH
"frozenset({'RED RETROSPOT CHARLOTTE BAG', 'CHARLOTTE BAG SUKI DESIGN'})",frozenset({'LUNCH BAG RED RETROSPOT'}),0.026361063322048947,0.07725178977745713,0.013596758976635773,0.5157894736842106,6.676731699939505,1.0,0.011560319654570612,1.905675651546556,0.8732458099518877,0.15104808877928483,0.47525173069800875,0.3458976104053237,"CHARLOTTE BAG SUKI DESIGN, RED RETROSPOT CHARLOTTE BAG",LUNCH BAG RED RETROSPOT,"CHARLOTTE BAG SUKI DESIGN, RED RETROSPOT CHARLOTTE BAG → LUNCH BAG RED RETROSPOT"
frozenset({'JUMBO BAG STRAWBERRY'}),frozenset({'JUMBO  BAG BAROQUE BLACK WHITE'}),0.04378711360230867,0.0505022476275043,0.014762195460347412,0.3371356147021547,6.675655649800138,1.0,0.012550847806309957,1.4324163032923503,0.8891346183217765,0.18562456385205864,0.3018789316335335,0.31472165350492354,JUMBO BAG STRAWBERRY,JUMBO  BAG BAROQUE BLACK WHITE,JUMBO BAG STRAWBERRY → JUMBO  BAG BAROQUE BLACK WHITE
"frozenset({'DOTCOM POSTAGE', 'JUMBO BAG RED RETROSPOT'})",frozenset({'RECIPE BOX PANTRY YELLOW DESIGN'}),0.026916033076197346,0.05699539375104057,0.01021144347633054,0.3793814432989691,6.656352703801485,1.0,0.008677353572936641,1.519459249271579,0.873272610728969,0.13855421686746988,0.34187112916690937,0.27927202642066273,"DOTCOM POSTAGE, JUMBO BAG RED RETROSPOT",RECIPE BOX PANTRY YELLOW DESIGN,"DOTCOM POSTAGE, JUMBO BAG RED RETROSPOT → RECIPE BOX PANTRY YELLOW DESIGN"
"frozenset({'DOTCOM POSTAGE', 'JAM MAKING SET WITH JARS'})",frozenset({'JUMBO BAG RED RETROSPOT'}),0.014096231755369332,0.10738664742771518,0.01004495255008602,0.7125984251968503,6.63581965045067,1.0,0.00853120548051281,3.1058053637446617,0.8614458561980927,0.09013944223107569,0.6780223217869962,0.40306923843821846,"DOTCOM POSTAGE, JAM MAKING SET WITH JARS",JUMBO BAG RED RETROSPOT,"DOTCOM POSTAGE, JAM MAKING SET WITH JARS → JUMBO BAG RED RETROSPOT"
"frozenset({'JUMBO BAG PINK POLKADOT', 'WHITE HANGING HEART T-LIGHT HOLDER'})",frozenset({'JUMBO BAG RED RETROSPOT'}),0.014151728730784172,0.10738664742771518,0.01004495255008602,0.7098039215686274,6.60979682829204,1.0,0.008525245846380633,3.0758973635936835,0.860892537020058,0.0900945744151319,0.6748916229013365,0.40167198662410697,"JUMBO BAG PINK POLKADOT, WHITE HANGING HEART T-LIGHT HOLDER",JUMBO BAG RED RETROSPOT,"JUMBO BAG PINK POLKADOT, WHITE HANGING HEART T-LIGHT HOLDER → JUMBO BAG RED RETROSPOT"
"frozenset({'JUMBO STORAGE BAG SKULLS', 'JUMBO STORAGE BAG SUKI'})",frozenset({'JUMBO BAG RED RETROSPOT'}),0.02025639602641656,0.10738664742771518,0.014373716632443531,0.7095890410958904,6.607795830236098,1.0,0.012198450174198565,3.0736214498951315,0.8662098956649766,0.1268985791278785,0.6746508910412117,0.4217195851474284,"JUMBO STORAGE BAG SKULLS, JUMBO STORAGE BAG SUKI",JUMBO BAG RED RETROSPOT,"JUMBO STORAGE BAG SKULLS, JUMBO STORAGE BAG SUKI → JUMBO BAG RED RETROSPOT"
frozenset({'LUNCH BAG VINTAGE DOILY '}),frozenset({'LUNCH BAG SUKI DESIGN '}),0.03024585160108774,0.05666241189855153,0.011321382984627338,0.3743119266055046,6.606000593050527,1.0,0.00960758008298404,1.5076803094290014,0.875090330283424,0.1497797356828194,0.336729415549158,0.2870580201098042,LUNCH BAG VINTAGE DOILY ,LUNCH BAG SUKI DESIGN ,LUNCH BAG VINTAGE DOILY  → LUNCH BAG SUKI DESIGN 
frozenset({'BOX OF 24 COCKTAIL PARASOLS'}),frozenset({'RED RETROSPOT CHARLOTTE BAG'}),0.03052333647816194,0.050113768799600424,0.01010044952550086,0.33090909090909093,6.603157152924595,1.0,0.008570810098241843,1.419666921631032,0.8752735615177656,0.14319433516915817,0.2956094244619601,0.2662297392529951,BOX OF 24 COCKTAIL PARASOLS,RED RETROSPOT CHARLOTTE BAG,BOX OF 24 COCKTAIL PARASOLS → RED RETROSPOT CHARLOTTE BAG
"frozenset({'RED RETROSPOT CHARLOTTE BAG', 'CHARLOTTE BAG PINK POLKADOT'})",frozenset({'LUNCH BAG SPACEBOY DESIGN '}),0.02658305122370831,0.05760586048060381,0.01010044952550086,0.37995824634655534,6.595826243659519,1.0,0.008569109985559176,1.519888191346097,0.8715576327891038,0.1363295880149813,0.3420568659630517,0.27764771662221793,"CHARLOTTE BAG PINK POLKADOT, RED RETROSPOT CHARLOTTE BAG",LUNCH BAG SPACEBOY DESIGN ,"CHARLOTTE BAG PINK POLKADOT, RED RETROSPOT CHARLOTTE BAG → LUNCH BAG SPACEBOY DESIGN "
frozenset({'SUKI  SHOULDER BAG'}),frozenset({'RECIPE BOX PANTRY YELLOW DESIGN'}),0.028136966535323826,0.05699539375104057,0.010544425328819579,0.37475345167652857,6.575153306484292,1.0,0.008940747842178945,1.508212414410796,0.8724606886105167,0.14136904761904762,0.3369634207720909,0.27987916011285047,SUKI  SHOULDER BAG,RECIPE BOX PANTRY YELLOW DESIGN,SUKI  SHOULDER BAG → RECIPE BOX PANTRY YELLOW DESIGN
frozenset({'JUMBO BAG OWLS'}),frozenset({'JUMBO BAG APPLES'}),0.034241633830956214,0.0491148232421333,0.011043898107553138,0.3225283630470016,6.566823247168274,1.0,0.009362126314423872,1.4035793159320664,0.8777758462465183,0.15272448196469687,0.28753581030371905,0.27369356005457424,JUMBO BAG OWLS,JUMBO BAG APPLES,JUMBO BAG OWLS → JUMBO BAG APPLES
frozenset({'LUNCH BAG ALPHABET DESIGN'}),frozenset({'LUNCH BAG CARS BLUE'}),0.03818191908540985,0.05910427881680448,0.014817692435762251,0.3880813953488372,6.566045692761218,1.0,0.01256097764437752,1.53761581038964,0.8813530862084502,0.1796769851951548,0.3496424833544118,0.31939281035047495,LUNCH BAG ALPHABET DESIGN,LUNCH BAG CARS BLUE,LUNCH BAG ALPHABET DESIGN → LUNCH BAG CARS BLUE
frozenset({'LUNCH BAG APPLE DESIGN'}),frozenset({'LUNCH BAG SPACEBOY DESIGN '}),0.0507797325045785,0.05760586048060381,0.019201953493534603,0.3781420765027323,6.5642987249544635,1.0,0.01627674330763347,1.515449275325567,0.8930074836295603,0.21530802738021157,0.34012967884710754,0.3557377049180328,LUNCH BAG APPLE DESIGN,LUNCH BAG SPACEBOY DESIGN ,LUNCH BAG APPLE DESIGN → LUNCH BAG SPACEBOY DESIGN 
frozenset({'LUNCH BAG SPACEBOY DESIGN '}),frozenset({'LUNCH BAG APPLE DESIGN'}),0.05760586048060381,0.0507797325045785,0.019201953493534603,0.3333333333333333,6.564298724954463,1.0,0.01627674330763347,1.4238304012431322,0.8994758848124373,0.21530802738021157,0.29766916120985343,0.3557377049180328,LUNCH BAG SPACEBOY DESIGN ,LUNCH BAG APPLE DESIGN,LUNCH BAG SPACEBOY DESIGN  → LUNCH BAG APPLE DESIGN
"frozenset({'WOODLAND CHARLOTTE BAG', 'CHARLOTTE BAG PINK POLKADOT'})",frozenset({'LUNCH BAG RED RETROSPOT'}),0.01981242022309784,0.07725178977745713,0.01004495255008602,0.5070028011204482,6.5629910009981005,1.0,0.008514407628028626,1.8717108582354987,0.8647635057566546,0.11543367346938774,0.46572944448122666,0.318515768376316,"CHARLOTTE BAG PINK POLKADOT, WOODLAND CHARLOTTE BAG",LUNCH BAG RED RETROSPOT,"CHARLOTTE BAG PINK POLKADOT, WOODLAND CHARLOTTE BAG → LUNCH BAG RED RETROSPOT"
"frozenset({'DOTCOM POSTAGE', 'NATURAL SLATE HEART CHALKBOARD '})",frozenset({'JUMBO BAG RED RETROSPOT'}),0.016094122870303568,0.10738664742771518,0.011321382984627338,0.703448275862069,6.55061213579257,1.0,0.009593089086295721,3.0099752586739843,0.8612028149293448,0.10094012864918359,0.6677713555557462,0.4044373162256082,"DOTCOM POSTAGE, NATURAL SLATE HEART CHALKBOARD ",JUMBO BAG RED RETROSPOT,"DOTCOM POSTAGE, NATURAL SLATE HEART CHALKBOARD  → JUMBO BAG RED RETROSPOT"
frozenset({'LUNCH BAG SUKI DESIGN '}),frozenset({'LUNCH BAG RED RETROSPOT'}),0.05666241189855153,0.07725178977745713,0.028636439314057384,0.505386875612145,6.542073356074168,1.0,0.024259166581786798,1.8655958864103295,0.8980276749385017,0.272008434370058,0.46397823489837264,0.4380382653922794,LUNCH BAG SUKI DESIGN ,LUNCH BAG RED RETROSPOT,LUNCH BAG SUKI DESIGN  → LUNCH BAG RED RETROSPOT
frozenset({'LUNCH BAG RED RETROSPOT'}),frozenset({'LUNCH BAG SUKI DESIGN '}),0.07725178977745713,0.05666241189855153,0.028636439314057384,0.3706896551724138,6.542073356074167,1.0,0.024259166581786798,1.499002194791343,0.9180654609132527,0.272008434370058,0.3328895691582377,0.4380382653922794,LUNCH BAG RED RETROSPOT,LUNCH BAG SUKI DESIGN ,LUNCH BAG RED RETROSPOT → LUNCH BAG SUKI DESIGN 
frozenset({'RECYCLING BAG RETROSPOT '}),frozenset({'JUMBO STORAGE BAG SUKI'}),0.03940285254453632,0.06271158221876907,0.01614961984571841,0.4098591549295775,6.535621338651378,1.0,0.013678604618717685,1.588245290273685,0.8817352433104444,0.18786313750806977,0.3703743331562589,0.3336906394116914,RECYCLING BAG RETROSPOT ,JUMBO STORAGE BAG SUKI,RECYCLING BAG RETROSPOT  → JUMBO STORAGE BAG SUKI
"frozenset({'JAM MAKING SET PRINTED', 'JAM MAKING SET WITH JARS'})",frozenset({'SET OF 3 CAKE TINS PANTRY DESIGN '}),0.023308729674232753,0.06887174648981631,0.01048892835340474,0.45,6.533883964544722,1.0,0.008883615432281323,1.6929604609276065,0.8671641696813581,0.12839673913043478,0.4093187507450233,0.30114826752618856,"JAM MAKING SET PRINTED, JAM MAKING SET WITH JARS",SET OF 3 CAKE TINS PANTRY DESIGN ,"JAM MAKING SET PRINTED, JAM MAKING SET WITH JARS → SET OF 3 CAKE TINS PANTRY DESIGN "
frozenset({'CHRISTMAS CRAFT LITTLE FRIENDS'}),"frozenset({""PAPER CHAIN KIT 50'S CHRISTMAS ""})",0.028025972584494144,0.062434097341694875,0.011432376935457018,0.40792079207920795,6.533622002200221,1.0,0.009682600635021039,1.5835143171988098,0.8713664297410892,0.14466292134831463,0.3684932373905084,0.29551595159515953,CHRISTMAS CRAFT LITTLE FRIENDS,PAPER CHAIN KIT 50'S CHRISTMAS ,CHRISTMAS CRAFT LITTLE FRIENDS → PAPER CHAIN KIT 50'S CHRISTMAS 
"frozenset({'LUNCH BAG RED RETROSPOT', 'JUMBO STORAGE BAG SUKI'})",frozenset({'JUMBO BAG RED RETROSPOT'}),0.018036517009822964,0.10738664742771518,0.012653310394583495,0.7015384615384616,6.5328276684555755,1.0,0.01071642930162565,2.990714841092707,0.8624831194636303,0.11220472440944883,0.6656317793124558,0.40968395945140135,"JUMBO STORAGE BAG SUKI, LUNCH BAG RED RETROSPOT",JUMBO BAG RED RETROSPOT,"JUMBO STORAGE BAG SUKI, LUNCH BAG RED RETROSPOT → JUMBO BAG RED RETROSPOT"
frozenset({'NATURAL SLATE CHALKBOARD LARGE '}),frozenset({'NATURAL SLATE HEART CHALKBOARD '}),0.02563960264165603,0.06765081303068983,0.011321382984627338,0.44155844155844154,6.527023427761737,1.0,0.009586843020135485,1.6695555208520203,0.8690735051211348,0.13811780636425186,0.4010381880024737,0.3044543643395161,NATURAL SLATE CHALKBOARD LARGE ,NATURAL SLATE HEART CHALKBOARD ,NATURAL SLATE CHALKBOARD LARGE  → NATURAL SLATE HEART CHALKBOARD 
"frozenset({'LUNCH BAG PINK POLKADOT', 'JUMBO BAG PINK POLKADOT'})",frozenset({'JUMBO BAG RED RETROSPOT'}),0.015927631944059047,0.10738664742771518,0.011154892058382819,0.7003484320557493,6.52174594171191,1.0,0.009444477062447736,2.978837583584254,0.8603704913286039,0.09945571499257794,0.6642985822688725,0.40211220052399865,"JUMBO BAG PINK POLKADOT, LUNCH BAG PINK POLKADOT",JUMBO BAG RED RETROSPOT,"JUMBO BAG PINK POLKADOT, LUNCH BAG PINK POLKADOT → JUMBO BAG RED RETROSPOT"
"frozenset({'DOTCOM POSTAGE', 'ROSES REGENCY TEACUP AND SAUCER '})",frozenset({'JUMBO BAG RED RETROSPOT'}),0.015927631944059047,0.10738664742771518,0.011154892058382819,0.7003484320557493,6.52174594171191,1.0,0.009444477062447736,2.978837583584254,0.8603704913286039,0.09945571499257794,0.6642985822688725,0.40211220052399865,"DOTCOM POSTAGE, ROSES REGENCY TEACUP AND SAUCER ",JUMBO BAG RED RETROSPOT,"DOTCOM POSTAGE, ROSES REGENCY TEACUP AND SAUCER  → JUMBO BAG RED RETROSPOT"
frozenset({'JUMBO BAG PINK VINTAGE PAISLEY'}),frozenset({'JUMBO  BAG BAROQUE BLACK WHITE'}),0.04523003496309451,0.0505022476275043,0.01487318941117709,0.32883435582822085,6.511281601833749,1.0,0.012588970985270214,1.4146995762039927,0.8865176269316056,0.18393960192175704,0.2931361422449419,0.31166992516685765,JUMBO BAG PINK VINTAGE PAISLEY,JUMBO  BAG BAROQUE BLACK WHITE,JUMBO BAG PINK VINTAGE PAISLEY → JUMBO  BAG BAROQUE BLACK WHITE
frozenset({'JUMBO BAG APPLES'}),frozenset({'JUMBO STORAGE BAG SUKI'}),0.0491148232421333,0.06271158221876907,0.0200344081247572,0.40790960451977404,6.504533773311335,1.0,0.01695433984884785,1.5830157437717356,0.8899718917562625,0.21825876662636035,0.36829434329100647,0.36368931553422335,JUMBO BAG APPLES,JUMBO STORAGE BAG SUKI,JUMBO BAG APPLES → JUMBO STORAGE BAG SUKI
frozenset({'JUMBO STORAGE BAG SUKI'}),frozenset({'JUMBO BAG APPLES'}),0.06271158221876907,0.0491148232421333,0.0200344081247572,0.3194690265486726,6.504533773311335,1.0,0.01695433984884785,1.3972695055089588,0.9028822543283677,0.21825876662636035,0.28431845391505384,0.36368931553422335,JUMBO STORAGE BAG SUKI,JUMBO BAG APPLES,JUMBO STORAGE BAG SUKI → JUMBO BAG APPLES
"frozenset({'JUMBO BAG PINK VINTAGE PAISLEY', 'JUMBO SHOPPER VINTAGE RED PAISLEY'})",frozenset({'JUMBO BAG RED RETROSPOT'}),0.022254287141350797,0.10738664742771518,0.015539153116155169,0.6982543640897755,6.502245677795176,1.0,0.013149339829151795,2.958164912243687,0.8654673385985113,0.13618677042801558,0.6619525855840378,0.4214786032335182,"JUMBO BAG PINK VINTAGE PAISLEY, JUMBO SHOPPER VINTAGE RED PAISLEY",JUMBO BAG RED RETROSPOT,"JUMBO BAG PINK VINTAGE PAISLEY, JUMBO SHOPPER VINTAGE RED PAISLEY → JUMBO BAG RED RETROSPOT"
frozenset({'JUMBO BAG OWLS'}),frozenset({'JUMBO SHOPPER VINTAGE RED PAISLEY'}),0.034241633830956214,0.06287807314501359,0.013985237804539653,0.40842787682333875,6.4955533208117755,1.0,0.011832189847912017,1.5841211749850044,0.8760457655843245,0.16822429906542058,0.3687351600426235,0.3154231175820136,JUMBO BAG OWLS,JUMBO SHOPPER VINTAGE RED PAISLEY,JUMBO BAG OWLS → JUMBO SHOPPER VINTAGE RED PAISLEY
frozenset({'DOTCOM POSTAGE'}),frozenset({'JAM MAKING SET WITH JARS'}),0.03918086464287696,0.055441478439425054,0.014096231755369332,0.3597733711048159,6.489245619557234,1.0,0.011923986693033238,1.4753502571278008,0.8803934597414623,0.17505168849069605,0.3221948515827073,0.3070138126795351,DOTCOM POSTAGE,JAM MAKING SET WITH JARS,DOTCOM POSTAGE → JAM MAKING SET WITH JARS
"frozenset({'JUMBO STORAGE BAG SUKI', 'WHITE HANGING HEART T-LIGHT HOLDER'})",frozenset({'JUMBO BAG RED RETROSPOT'}),0.016760086575281646,0.10738664742771518,0.011654364837116377,0.695364238410596,6.475332409261256,1.0,0.009854555329198624,2.930100353009022,0.8599811319233343,0.10360138135175136,0.6587147607510899,0.40194568509677087,"JUMBO STORAGE BAG SUKI, WHITE HANGING HEART T-LIGHT HOLDER",JUMBO BAG RED RETROSPOT,"JUMBO STORAGE BAG SUKI, WHITE HANGING HEART T-LIGHT HOLDER → JUMBO BAG RED RETROSPOT"
frozenset({'LUNCH BAG  BLACK SKULL.'}),frozenset({'LUNCH BAG RED RETROSPOT'}),0.06748432210444531,0.07725178977745713,0.033686664076807815,0.49917763157894735,6.461696654756503,1.0,0.028473379412321004,1.8424660486545354,0.9064103736868986,0.30334832583708143,0.457249157600352,0.467620424984876,LUNCH BAG  BLACK SKULL.,LUNCH BAG RED RETROSPOT,LUNCH BAG  BLACK SKULL. → LUNCH BAG RED RETROSPOT
frozenset({'LUNCH BAG RED RETROSPOT'}),frozenset({'LUNCH BAG  BLACK SKULL.'}),0.07725178977745713,0.06748432210444531,0.033686664076807815,0.43606321839080464,6.461696654756503,1.0,0.028473379412321004,1.6535819409307162,0.9160049022109193,0.30334832583708143,0.39525222473272087,0.467620424984876,LUNCH BAG RED RETROSPOT,LUNCH BAG  BLACK SKULL.,LUNCH BAG RED RETROSPOT → LUNCH BAG  BLACK SKULL.
"frozenset({'JUMBO BAG RED RETROSPOT', 'WHITE HANGING HEART T-LIGHT HOLDER'})",frozenset({'JUMBO BAG PINK POLKADOT'}),0.024196681280870193,0.06432099450579944,0.01004495255008602,0.41513761467889904,6.45415416643579,1.0,0.008488597946360588,1.5998276329234171,0.8660157365712674,0.12800565770862796,0.37493266185641055,0.2856533629908732,"JUMBO BAG RED RETROSPOT, WHITE HANGING HEART T-LIGHT HOLDER",JUMBO BAG PINK POLKADOT,"JUMBO BAG RED RETROSPOT, WHITE HANGING HEART T-LIGHT HOLDER → JUMBO BAG PINK POLKADOT"
"frozenset({'LUNCH BAG RED RETROSPOT', 'JUMBO SHOPPER VINTAGE RED PAISLEY'})",frozenset({'JUMBO BAG RED RETROSPOT'}),0.01498418336200677,0.10738664742771518,0.01037793440257506,0.6925925925925926,6.4495224423389805,1.0,0.008768833186887003,2.903681990295385,0.8578032414570015,0.09266600594648168,0.6556096696049445,0.39461670973298885,"JUMBO SHOPPER VINTAGE RED PAISLEY, LUNCH BAG RED RETROSPOT",JUMBO BAG RED RETROSPOT,"JUMBO SHOPPER VINTAGE RED PAISLEY, LUNCH BAG RED RETROSPOT → JUMBO BAG RED RETROSPOT"
"frozenset({'JAM MAKING SET PRINTED', 'DOTCOM POSTAGE'})",frozenset({'JUMBO BAG RED RETROSPOT'}),0.01642710472279261,0.10738664742771518,0.011376879960042177,0.6925675675675675,6.4492894056847545,1.0,0.009612828256917493,2.903445630345014,0.8590559600794339,0.10118460019743336,0.6555816339219099,0.39925536001117395,"DOTCOM POSTAGE, JAM MAKING SET PRINTED",JUMBO BAG RED RETROSPOT,"DOTCOM POSTAGE, JAM MAKING SET PRINTED → JUMBO BAG RED RETROSPOT"
"frozenset({'WOODLAND CHARLOTTE BAG', 'RED RETROSPOT CHARLOTTE BAG'})",frozenset({'LUNCH BAG RED RETROSPOT'}),0.023863699428381152,0.07725178977745713,0.011876352738775737,0.49767441860465117,6.4422380379577655,1.0,0.010032839247222012,1.8369524555356176,0.8654267243280237,0.13308457711442787,0.4556200967605226,0.3257050253942796,"RED RETROSPOT CHARLOTTE BAG, WOODLAND CHARLOTTE BAG",LUNCH BAG RED RETROSPOT,"RED RETROSPOT CHARLOTTE BAG, WOODLAND CHARLOTTE BAG → LUNCH BAG RED RETROSPOT"
"frozenset({'CHARLOTTE BAG PINK POLKADOT', 'CHARLOTTE BAG SUKI DESIGN'})",frozenset({'LUNCH BAG RED RETROSPOT'}),0.02131083855929852,0.07725178977745713,0.010599922304234418,0.49739583333333326,6.438631839679118,1.0,0.008953621883870161,1.835934262826199,0.8630804697345978,0.12050473186119871,0.45531818853872214,0.31730423850574707,"CHARLOTTE BAG PINK POLKADOT, CHARLOTTE BAG SUKI DESIGN",LUNCH BAG RED RETROSPOT,"CHARLOTTE BAG PINK POLKADOT, CHARLOTTE BAG SUKI DESIGN → LUNCH BAG RED RETROSPOT"
frozenset({'RECYCLING BAG RETROSPOT '}),frozenset({'JUMBO BAG PINK POLKADOT'}),0.03940285254453632,0.06432099450579944,0.01631611077196293,0.4140845070422536,6.437781477475727,1.0,0.013781680109932984,1.5969521488001983,0.8793144850522103,0.1866666666666667,0.3738071608774832,0.3338757306565884,RECYCLING BAG RETROSPOT ,JUMBO BAG PINK POLKADOT,RECYCLING BAG RETROSPOT  → JUMBO BAG PINK POLKADOT
frozenset({'LUNCH BAG APPLE DESIGN'}),frozenset({'LUNCH BAG  BLACK SKULL.'}),0.0507797325045785,0.06748432210444531,0.022032299239691435,0.433879781420765,6.429341925510497,1.0,0.018605463414974887,1.6472043345066265,0.8896387016279721,0.2289504036908881,0.39291077673158153,0.38018002228932984,LUNCH BAG APPLE DESIGN,LUNCH BAG  BLACK SKULL.,LUNCH BAG APPLE DESIGN → LUNCH BAG  BLACK SKULL.
frozenset({'LUNCH BAG  BLACK SKULL.'}),frozenset({'LUNCH BAG APPLE DESIGN'}),0.06748432210444531,0.0507797325045785,0.022032299239691435,0.3264802631578947,6.429341925510497,1.0,0.018605463414974887,1.4093429124229946,0.905575215892688,0.2289504036908881,0.2904494774229481,0.38018002228932984,LUNCH BAG  BLACK SKULL.,LUNCH BAG APPLE DESIGN,LUNCH BAG  BLACK SKULL. → LUNCH BAG APPLE DESIGN
frozenset({'JUMBO BAG SCANDINAVIAN BLUE PAISLEY'}),frozenset({'JUMBO BAG ALPHABET'}),0.03524057938842333,0.04706143515178423,0.01065541927964926,0.3023622047244095,6.4248402911900175,1.0,0.008996947038049671,1.3659503130442823,0.875196540880503,0.1487219209914795,0.2679089492125755,0.2643886495320161,JUMBO BAG SCANDINAVIAN BLUE PAISLEY,JUMBO BAG ALPHABET,JUMBO BAG SCANDINAVIAN BLUE PAISLEY → JUMBO BAG ALPHABET
"frozenset({'WOODLAND CHARLOTTE BAG', 'STRAWBERRY CHARLOTTE BAG'})",frozenset({'LUNCH BAG RED RETROSPOT'}),0.02075586880515012,0.07725178977745713,0.01026694045174538,0.4946524064171122,6.403119045423812,1.0,0.008663512438161443,1.825967357794873,0.8617116861832078,0.1170145477545857,0.452345083973654,0.31377735263384343,"STRAWBERRY CHARLOTTE BAG, WOODLAND CHARLOTTE BAG",LUNCH BAG RED RETROSPOT,"STRAWBERRY CHARLOTTE BAG, WOODLAND CHARLOTTE BAG → LUNCH BAG RED RETROSPOT"
frozenset({'STRAWBERRY CHARLOTTE BAG'}),frozenset({'LUNCH BAG WOODLAND'}),0.03734946445418725,0.0482823686109107,0.011543370886286698,0.3090638930163447,6.401175043978753,1.0,0.009740050276089523,1.377432184784639,0.876516088834491,0.15580524344569288,0.2740114460470882,0.27407217639322984,STRAWBERRY CHARLOTTE BAG,LUNCH BAG WOODLAND,STRAWBERRY CHARLOTTE BAG → LUNCH BAG WOODLAND
frozenset({'DOTCOM POSTAGE'}),frozenset({'JUMBO BAG RED RETROSPOT'}),0.03918086464287696,0.10738664742771518,0.026916033076197346,0.6869688385269122,6.397153230706166,1.0,0.022708531378879685,2.851515958896077,0.8780845809805039,0.22495361781076065,0.64930934477844,0.4688074166794768,DOTCOM POSTAGE,JUMBO BAG RED RETROSPOT,DOTCOM POSTAGE → JUMBO BAG RED RETROSPOT
"frozenset({'DOTCOM POSTAGE', 'GREEN REGENCY TEACUP AND SAUCER'})",frozenset({'JUMBO BAG RED RETROSPOT'}),0.018369498862312005,0.10738664742771518,0.012597813419168656,0.6858006042296072,6.386274463882839,1.0,0.010625174521417742,2.840913650975252,0.8591972058011904,0.11132908288376657,0.6480005650095307,0.4015566328641576,"DOTCOM POSTAGE, GREEN REGENCY TEACUP AND SAUCER",JUMBO BAG RED RETROSPOT,"DOTCOM POSTAGE, GREEN REGENCY TEACUP AND SAUCER → JUMBO BAG RED RETROSPOT"
frozenset({'STRAWBERRY CHARLOTTE BAG'}),frozenset({'LUNCH BAG CARS BLUE'}),0.03734946445418725,0.05910427881680448,0.014096231755369332,0.3774145616641902,6.385570879462012,1.0,0.011888718594610721,1.5112716476283785,0.8761195256161988,0.17115902964959567,0.3383055908120233,0.3079561071231749,STRAWBERRY CHARLOTTE BAG,LUNCH BAG CARS BLUE,STRAWBERRY CHARLOTTE BAG → LUNCH BAG CARS BLUE
frozenset({'LUNCH BAG APPLE DESIGN'}),frozenset({'LUNCH BAG PINK POLKADOT'}),0.0507797325045785,0.05582995726732893,0.018036517009822964,0.3551912568306011,6.362019141978729,1.0,0.015201486714045953,1.4642637103396507,0.887904763618047,0.20363408521303256,0.31706290817789934,0.3391264435246445,LUNCH BAG APPLE DESIGN,LUNCH BAG PINK POLKADOT,LUNCH BAG APPLE DESIGN → LUNCH BAG PINK POLKADOT
frozenset({'LUNCH BAG PINK POLKADOT'}),frozenset({'LUNCH BAG APPLE DESIGN'}),0.05582995726732893,0.0507797325045785,0.018036517009822964,0.3230616302186879,6.362019141978729,1.0,0.015201486714045953,1.4022255346554982,0.8926540337931628,0.20363408521303256,0.28684796041338495,0.3391264435246445,LUNCH BAG PINK POLKADOT,LUNCH BAG APPLE DESIGN,LUNCH BAG PINK POLKADOT → LUNCH BAG APPLE DESIGN
frozenset({'LUNCH BAG APPLE DESIGN'}),frozenset({'LUNCH BAG CARS BLUE'}),0.0507797325045785,0.05910427881680448,0.019090959542704924,0.3759562841530055,6.360897919392495,1.0,0.016089660074511566,1.5077400786035446,0.8878755751408618,0.21026894865525675,0.33675570863235854,0.3494804894943432,LUNCH BAG APPLE DESIGN,LUNCH BAG CARS BLUE,LUNCH BAG APPLE DESIGN → LUNCH BAG CARS BLUE
frozenset({'LUNCH BAG CARS BLUE'}),frozenset({'LUNCH BAG APPLE DESIGN'}),0.05910427881680448,0.0507797325045785,0.019090959542704924,0.3230046948356808,6.360897919392494,1.0,0.016089660074511566,1.4021076073268017,0.8957310273215348,0.21026894865525675,0.28678797920042864,0.3494804894943432,LUNCH BAG CARS BLUE,LUNCH BAG APPLE DESIGN,LUNCH BAG CARS BLUE → LUNCH BAG APPLE DESIGN
frozenset({'BOX OF 24 COCKTAIL PARASOLS'}),frozenset({'PACK OF 72 RETROSPOT CAKE CASES'}),0.03052333647816194,0.06265608524335424,0.012153837615849936,0.3981818181818182,6.355038247846042,1.0,0.010241364843562637,1.5575201000488073,0.8691746449222119,0.15,0.3579537111792884,0.2960793944762058,BOX OF 24 COCKTAIL PARASOLS,PACK OF 72 RETROSPOT CAKE CASES,BOX OF 24 COCKTAIL PARASOLS → PACK OF 72 RETROSPOT CAKE CASES
frozenset({'LUNCH BAG VINTAGE DOILY '}),frozenset({'LUNCH BAG PINK POLKADOT'}),0.03024585160108774,0.05582995726732893,0.0107109162550641,0.3541284403669725,6.3429824721396395,1.0,0.009022291652661399,1.4618541854809821,0.8686175345042613,0.14212076583210603,0.3159372460455227,0.27298867346380434,LUNCH BAG VINTAGE DOILY ,LUNCH BAG PINK POLKADOT,LUNCH BAG VINTAGE DOILY  → LUNCH BAG PINK POLKADOT
"frozenset({'LUNCH BAG RED RETROSPOT', 'JUMBO BAG RED RETROSPOT'})",frozenset({'LUNCH BAG  BLACK SKULL.'}),0.029468893945279982,0.06748432210444531,0.012597813419168656,0.4274952919020716,6.334734921696898,1.0,0.010609125088103643,1.6288349505346695,0.8677106718363957,0.14934210526315791,0.3860642542869385,0.30708646174050946,"JUMBO BAG RED RETROSPOT, LUNCH BAG RED RETROSPOT",LUNCH BAG  BLACK SKULL.,"JUMBO BAG RED RETROSPOT, LUNCH BAG RED RETROSPOT → LUNCH BAG  BLACK SKULL."
"frozenset({'LUNCH BAG RED RETROSPOT', 'JUMBO BAG RED RETROSPOT'})",frozenset({'LUNCH BAG SUKI DESIGN '}),0.029468893945279982,0.05666241189855153,0.010544425328819579,0.35781544256120523,6.314864309020918,1.0,0.008874646721897392,1.4689509069849536,0.8671988611739779,0.1395007342143906,0.31924205550713947,0.27195375458128823,"JUMBO BAG RED RETROSPOT, LUNCH BAG RED RETROSPOT",LUNCH BAG SUKI DESIGN ,"JUMBO BAG RED RETROSPOT, LUNCH BAG RED RETROSPOT → LUNCH BAG SUKI DESIGN "
frozenset({'JUMBO BAG RED RETROSPOT'}),frozenset({'JUMBO BAG PINK POLKADOT'}),0.10738664742771518,0.06432099450579944,0.04356512570064931,0.40568475452196384,6.307190329362611,1.0,0.036657909741455025,1.5743816309837202,0.9426822874178081,0.3399740147249891,0.36482998764716884,0.5414963893403606,JUMBO BAG RED RETROSPOT,JUMBO BAG PINK POLKADOT,JUMBO BAG RED RETROSPOT → JUMBO BAG PINK POLKADOT
frozenset({'JUMBO BAG PINK POLKADOT'}),frozenset({'JUMBO BAG RED RETROSPOT'}),0.06432099450579944,0.10738664742771518,0.04356512570064931,0.6773080241587575,6.30719032936261,1.0,0.036657909741455025,2.766146726286839,0.8992943007608557,0.3399740147249891,0.6384862775004135,0.5414963893403606,JUMBO BAG PINK POLKADOT,JUMBO BAG RED RETROSPOT,JUMBO BAG PINK POLKADOT → JUMBO BAG RED RETROSPOT
frozenset({'SUKI  SHOULDER BAG'}),frozenset({'JUMBO SHOPPER VINTAGE RED PAISLEY'}),0.028136966535323826,0.06287807314501359,0.011154892058382819,0.39644970414201186,6.30505491521175,1.0,0.009385693818495928,1.5526824082205168,0.8657568711945072,0.13968033356497572,0.35595328786775504,0.2869274116473519,SUKI  SHOULDER BAG,JUMBO SHOPPER VINTAGE RED PAISLEY,SUKI  SHOULDER BAG → JUMBO SHOPPER VINTAGE RED PAISLEY
"frozenset({'CHARLOTTE BAG SUKI DESIGN', 'STRAWBERRY CHARLOTTE BAG'})",frozenset({'LUNCH BAG RED RETROSPOT'}),0.021810311338032077,0.07725178977745713,0.010599922304234418,0.48600508905852413,6.29118225556433,1.0,0.008915036717767874,1.7952477555319768,0.8597998672831604,0.11982434127979924,0.44297381967556065,0.3116088663683425,"CHARLOTTE BAG SUKI DESIGN, STRAWBERRY CHARLOTTE BAG",LUNCH BAG RED RETROSPOT,"CHARLOTTE BAG SUKI DESIGN, STRAWBERRY CHARLOTTE BAG → LUNCH BAG RED RETROSPOT"
frozenset({'LUNCH BAG ALPHABET DESIGN'}),frozenset({'LUNCH BAG  BLACK SKULL.'}),0.03818191908540985,0.06748432210444531,0.016205116821133247,0.4244186046511627,6.289143780599754,1.0,0.01362843589500758,1.6201282484650037,0.8743814038191126,0.18114143920595532,0.38276491324223655,0.33227509179926557,LUNCH BAG ALPHABET DESIGN,LUNCH BAG  BLACK SKULL.,LUNCH BAG ALPHABET DESIGN → LUNCH BAG  BLACK SKULL.
frozenset({'JUMBO BAG SCANDINAVIAN BLUE PAISLEY'}),frozenset({'JUMBO BAG RED RETROSPOT'}),0.03524057938842333,0.10738664742771518,0.023752705477551473,0.6740157480314961,6.27653217766384,1.0,0.01996833780361845,2.7382100429149805,0.8713844452520525,0.19981325863678806,0.6347979211501821,0.4476021892612261,JUMBO BAG SCANDINAVIAN BLUE PAISLEY,JUMBO BAG RED RETROSPOT,JUMBO BAG SCANDINAVIAN BLUE PAISLEY → JUMBO BAG RED RETROSPOT
"frozenset({'WOODLAND CHARLOTTE BAG', 'CHARLOTTE BAG SUKI DESIGN'})",frozenset({'LUNCH BAG RED RETROSPOT'}),0.022920250846328875,0.07725178977745713,0.011099395082967978,0.48426150121065376,6.268612062007737,1.0,0.009328764682940796,1.7891784545629585,0.8601908440304442,0.12461059190031153,0.44108425995758527,0.313969831065097,"CHARLOTTE BAG SUKI DESIGN, WOODLAND CHARLOTTE BAG",LUNCH BAG RED RETROSPOT,"CHARLOTTE BAG SUKI DESIGN, WOODLAND CHARLOTTE BAG → LUNCH BAG RED RETROSPOT"
frozenset({'DOTCOM POSTAGE'}),frozenset({'RECIPE BOX PANTRY YELLOW DESIGN'}),0.03918086464287696,0.05699539375104057,0.013985237804539653,0.3569405099150142,6.262620300057099,1.0,0.011752108996712658,1.4664344757968402,0.8745896055721043,0.17015530047265365,0.31807386112044733,0.3011576941006424,DOTCOM POSTAGE,RECIPE BOX PANTRY YELLOW DESIGN,DOTCOM POSTAGE → RECIPE BOX PANTRY YELLOW DESIGN
frozenset({'LUNCH BAG SPACEBOY DESIGN '}),frozenset({'LUNCH BAG RED RETROSPOT'}),0.05760586048060381,0.07725178977745713,0.027803984682834786,0.48265895953757226,6.247867666600226,1.0,0.023353828859037654,1.7836362052346362,0.891288855067675,0.25972006220839816,0.4393475546946241,0.42128637632051025,LUNCH BAG SPACEBOY DESIGN ,LUNCH BAG RED RETROSPOT,LUNCH BAG SPACEBOY DESIGN  → LUNCH BAG RED RETROSPOT
frozenset({'LUNCH BAG RED RETROSPOT'}),frozenset({'LUNCH BAG SPACEBOY DESIGN '}),0.07725178977745713,0.05760586048060381,0.027803984682834786,0.3599137931034483,6.247867666600226,1.0,0.023353828859037654,1.4722925277340062,0.9102649935589218,0.25972006220839816,0.32078715257823653,0.42128637632051025,LUNCH BAG RED RETROSPOT,LUNCH BAG SPACEBOY DESIGN ,LUNCH BAG RED RETROSPOT → LUNCH BAG SPACEBOY DESIGN 
"frozenset({'RED RETROSPOT CHARLOTTE BAG', 'STRAWBERRY CHARLOTTE BAG'})",frozenset({'LUNCH BAG RED RETROSPOT'}),0.02541761473999667,0.07725178977745713,0.012264831566679617,0.48253275109170307,6.246233938161923,1.0,0.010301275336140999,1.7832011826241543,0.8618086509570648,0.13566605279312463,0.4392107801720935,0.32064855945389753,"RED RETROSPOT CHARLOTTE BAG, STRAWBERRY CHARLOTTE BAG",LUNCH BAG RED RETROSPOT,"RED RETROSPOT CHARLOTTE BAG, STRAWBERRY CHARLOTTE BAG → LUNCH BAG RED RETROSPOT"
"frozenset({'RED RETROSPOT CHARLOTTE BAG', 'CHARLOTTE BAG PINK POLKADOT'})",frozenset({'LUNCH BAG RED RETROSPOT'}),0.02658305122370831,0.07725178977745713,0.012819801320828016,0.48225469728601256,6.242634619537831,1.0,0.010766213036050727,1.7822435189378953,0.862745635208577,0.14085365853658538,0.43890944790982506,0.32410148657404075,"CHARLOTTE BAG PINK POLKADOT, RED RETROSPOT CHARLOTTE BAG",LUNCH BAG RED RETROSPOT,"CHARLOTTE BAG PINK POLKADOT, RED RETROSPOT CHARLOTTE BAG → LUNCH BAG RED RETROSPOT"
frozenset({'JUMBO SHOPPER VINTAGE RED PAISLEY'}),frozenset({'JUMBO BAG PINK POLKADOT'}),0.06287807314501359,0.06432099450579944,0.02519562683833731,0.40070609002647845,6.229786916468607,1.0,0.02115124664104164,1.5613023758835485,0.8958075166926595,0.24700761697497287,0.35950907687942557,0.39621154371902007,JUMBO SHOPPER VINTAGE RED PAISLEY,JUMBO BAG PINK POLKADOT,JUMBO SHOPPER VINTAGE RED PAISLEY → JUMBO BAG PINK POLKADOT
frozenset({'JUMBO BAG PINK POLKADOT'}),frozenset({'JUMBO SHOPPER VINTAGE RED PAISLEY'}),0.06432099450579944,0.06287807314501359,0.02519562683833731,0.3917169974115617,6.229786916468606,1.0,0.02115124664104164,1.5406018627303961,0.8971889517717822,0.24700761697497287,0.35090303069755596,0.39621154371902007,JUMBO BAG PINK POLKADOT,JUMBO SHOPPER VINTAGE RED PAISLEY,JUMBO BAG PINK POLKADOT → JUMBO SHOPPER VINTAGE RED PAISLEY
frozenset({'JUMBO BAG STRAWBERRY'}),frozenset({'JUMBO STORAGE BAG SUKI'}),0.04378711360230867,0.06271158221876907,0.017093068427770686,0.39036755386565275,6.224807923101944,1.0,0.014347109252976924,1.5374647850922896,0.8777882883222408,0.19118559900682808,0.34957859867992164,0.3314669627735344,JUMBO BAG STRAWBERRY,JUMBO STORAGE BAG SUKI,JUMBO BAG STRAWBERRY → JUMBO STORAGE BAG SUKI
frozenset({'JUMBO BAG TOYS '}),frozenset({'JUMBO BAG RED RETROSPOT'}),0.028081469559908985,0.10738664742771518,0.018757977690215883,0.6679841897233202,6.220365433914474,1.0,0.015742402819333822,2.688466407152239,0.8634856878930512,0.16072277698525914,0.6280407308271889,0.42133059615364976,JUMBO BAG TOYS ,JUMBO BAG RED RETROSPOT,JUMBO BAG TOYS  → JUMBO BAG RED RETROSPOT
"frozenset({'DOTCOM POSTAGE', 'JUMBO BAG RED RETROSPOT'})",frozenset({'NATURAL SLATE HEART CHALKBOARD '}),0.026916033076197346,0.06765081303068983,0.011321382984627338,0.42061855670103093,6.217494481702934,1.0,0.009500491463461647,1.6092147888972081,0.8623752284077769,0.136,0.37857891507118313,0.29398442191081076,"DOTCOM POSTAGE, JUMBO BAG RED RETROSPOT",NATURAL SLATE HEART CHALKBOARD ,"DOTCOM POSTAGE, JUMBO BAG RED RETROSPOT → NATURAL SLATE HEART CHALKBOARD "
frozenset({'LUNCH BAG VINTAGE DOILY '}),frozenset({'LUNCH BAG RED RETROSPOT'}),0.03024585160108774,0.07725178977745713,0.014484710583273212,0.47889908256880737,6.199197247706422,1.0,0.012148164413745817,1.7707668118707247,0.8648468200373889,0.15572792362768498,0.4352729036391015,0.33319954128440366,LUNCH BAG VINTAGE DOILY ,LUNCH BAG RED RETROSPOT,LUNCH BAG VINTAGE DOILY  → LUNCH BAG RED RETROSPOT
frozenset({'JUMBO BAG APPLES'}),frozenset({'JUMBO  BAG BAROQUE BLACK WHITE'}),0.0491148232421333,0.0505022476275043,0.01537266218991065,0.3129943502824859,6.197632085428697,1.0,0.01289225322435533,1.3820814323185175,0.8819656401294701,0.18247694334650857,0.27645363245894633,0.30869497733904516,JUMBO BAG APPLES,JUMBO  BAG BAROQUE BLACK WHITE,JUMBO BAG APPLES → JUMBO  BAG BAROQUE BLACK WHITE
frozenset({'JUMBO  BAG BAROQUE BLACK WHITE'}),frozenset({'JUMBO BAG APPLES'}),0.0505022476275043,0.0491148232421333,0.01537266218991065,0.3043956043956044,6.197632085428697,1.0,0.01289225322435533,1.3669913283564907,0.8832543852930236,0.18247694334650857,0.2684664640833662,0.30869497733904516,JUMBO  BAG BAROQUE BLACK WHITE,JUMBO BAG APPLES,JUMBO  BAG BAROQUE BLACK WHITE → JUMBO BAG APPLES
frozenset({'LUNCH BAG ALPHABET DESIGN'}),frozenset({'LUNCH BAG PINK POLKADOT'}),0.03818191908540985,0.05582995726732893,0.013208280148731894,0.34593023255813954,6.1961400203430586,1.0,0.011076585237808852,1.4435310875557281,0.8719000149826245,0.16346153846153846,0.3072542679401115,0.29125537472837393,LUNCH BAG ALPHABET DESIGN,LUNCH BAG PINK POLKADOT,LUNCH BAG ALPHABET DESIGN → LUNCH BAG PINK POLKADOT
frozenset({'LUNCH BAG CARS BLUE'}),frozenset({'LUNCH BAG RED RETROSPOT'}),0.05910427881680448,0.07725178977745713,0.028247960486153505,0.47793427230046953,6.186708083751552,1.0,0.023682049164049514,1.7674943235377847,0.8910266378943323,0.26129363449691995,0.4342273201769508,0.4217975959203497,LUNCH BAG CARS BLUE,LUNCH BAG RED RETROSPOT,LUNCH BAG CARS BLUE → LUNCH BAG RED RETROSPOT
frozenset({'LUNCH BAG RED RETROSPOT'}),frozenset({'LUNCH BAG CARS BLUE'}),0.07725178977745713,0.05910427881680448,0.028247960486153505,0.3656609195402299,6.186708083751552,1.0,0.023682049164049514,1.4832693588754338,0.9085502868142487,0.26129363449691995,0.325813619747281,0.4217975959203497,LUNCH BAG RED RETROSPOT,LUNCH BAG CARS BLUE,LUNCH BAG RED RETROSPOT → LUNCH BAG CARS BLUE
frozenset({'LUNCH BAG VINTAGE LEAF DESIGN'}),frozenset({'LUNCH BAG PINK POLKADOT'}),0.034574615683445255,0.05582995726732893,0.011931849714190576,0.34510433386837874,6.181346910511249,1.0,0.010001550398049506,1.441710628976603,0.8682420978893837,0.15205091937765203,0.3063795328263279,0.2794110138526784,LUNCH BAG VINTAGE LEAF DESIGN,LUNCH BAG PINK POLKADOT,LUNCH BAG VINTAGE LEAF DESIGN → LUNCH BAG PINK POLKADOT
frozenset({'LUNCH BAG VINTAGE LEAF DESIGN'}),frozenset({'JUMBO BAG APPLES'}),0.034574615683445255,0.0491148232421333,0.01048892835340474,0.3033707865168539,6.176766330222814,1.0,0.008790802215447636,1.3649803343782279,0.868117830408012,0.14329037149355572,0.267388712632613,0.25846505427537614,LUNCH BAG VINTAGE LEAF DESIGN,JUMBO BAG APPLES,LUNCH BAG VINTAGE LEAF DESIGN → JUMBO BAG APPLES
frozenset({'STRAWBERRY CHARLOTTE BAG'}),frozenset({'LUNCH BAG APPLE DESIGN'}),0.03734946445418725,0.0507797325045785,0.011709861812531218,0.3135215453194651,6.174147240558953,1.0,0.009813265998358326,1.382738614771469,0.8705488460947879,0.1532316630355846,0.2767975166692844,0.27206131910782,STRAWBERRY CHARLOTTE BAG,LUNCH BAG APPLE DESIGN,STRAWBERRY CHARLOTTE BAG → LUNCH BAG APPLE DESIGN
frozenset({'LUNCH BAG VINTAGE LEAF DESIGN'}),frozenset({'LUNCH BAG CARS BLUE'}),0.034574615683445255,0.05910427881680448,0.012597813419168656,0.36436597110754415,6.164798529001726,1.0,0.010554305693830446,1.480247561356391,0.8677922819869472,0.15537303216974674,0.32443732649444607,0.28875575550682375,LUNCH BAG VINTAGE LEAF DESIGN,LUNCH BAG CARS BLUE,LUNCH BAG VINTAGE LEAF DESIGN → LUNCH BAG CARS BLUE
frozenset({'CHARLOTTE BAG PINK POLKADOT'}),frozenset({'LUNCH BAG PINK POLKADOT'}),0.03734946445418725,0.05582995726732893,0.012819801320828016,0.34323922734026746,6.147939997459522,1.0,0.010734582316393121,1.4376163772830035,0.8698316365213633,0.1595303867403315,0.30440414021303003,0.28643074687092895,CHARLOTTE BAG PINK POLKADOT,LUNCH BAG PINK POLKADOT,CHARLOTTE BAG PINK POLKADOT → LUNCH BAG PINK POLKADOT
frozenset({'JUMBO BAG PINK POLKADOT'}),frozenset({'JUMBO BAG APPLES'}),0.06432099450579944,0.0491148232421333,0.019368444419779123,0.3011216566005177,6.130973028570315,1.0,0.016209330143868557,1.3605875553856388,0.8944239939906257,0.20589970501474927,0.2650234113624798,0.34773596954319674,JUMBO BAG PINK POLKADOT,JUMBO BAG APPLES,JUMBO BAG PINK POLKADOT → JUMBO BAG APPLES
frozenset({'JUMBO BAG APPLES'}),frozenset({'JUMBO BAG PINK POLKADOT'}),0.0491148232421333,0.06432099450579944,0.019368444419779123,0.3943502824858757,6.130973028570314,1.0,0.016209330143868557,1.544917760937253,0.8801207271321321,0.20589970501474927,0.35271635469234847,0.34773596954319674,JUMBO BAG APPLES,JUMBO BAG PINK POLKADOT,JUMBO BAG APPLES → JUMBO BAG PINK POLKADOT
frozenset({'STRAWBERRY CHARLOTTE BAG'}),frozenset({'LUNCH BAG  BLACK SKULL.'}),0.03734946445418725,0.06748432210444531,0.01542815916532549,0.413075780089153,6.121062895909907,1.0,0.012907655875670587,1.5888178511992614,0.8690897161205661,0.17256362507759151,0.37060123081749974,0.3208471005708923,STRAWBERRY CHARLOTTE BAG,LUNCH BAG  BLACK SKULL.,STRAWBERRY CHARLOTTE BAG → LUNCH BAG  BLACK SKULL.
frozenset({'LUNCH BAG APPLE DESIGN'}),frozenset({'LUNCH BAG RED RETROSPOT'}),0.0507797325045785,0.07725178977745713,0.023919196403795993,0.47103825136612026,6.097441272533133,1.0,0.01999637118339679,1.744451678416584,0.8807194800092895,0.2297441364605544,0.4267539695294474,0.39033234407386475,LUNCH BAG APPLE DESIGN,LUNCH BAG RED RETROSPOT,LUNCH BAG APPLE DESIGN → LUNCH BAG RED RETROSPOT
frozenset({'LUNCH BAG RED RETROSPOT'}),frozenset({'LUNCH BAG APPLE DESIGN'}),0.07725178977745713,0.0507797325045785,0.023919196403795993,0.3096264367816092,6.097441272533133,1.0,0.01999637118339679,1.3749371616583006,0.9059858053815414,0.2297441364605544,0.27269403439942796,0.39033234407386475,LUNCH BAG RED RETROSPOT,LUNCH BAG APPLE DESIGN,LUNCH BAG RED RETROSPOT → LUNCH BAG APPLE DESIGN
frozenset({'LUNCH BAG VINTAGE DOILY '}),frozenset({'LUNCH BAG  BLACK SKULL.'}),0.03024585160108774,0.06748432210444531,0.012431322492924135,0.41100917431192663,6.090439401255432,1.0,0.010390201701153078,1.5832431291373126,0.8618764204777711,0.1457384515289525,0.36838506885238387,0.29760985031385806,LUNCH BAG VINTAGE DOILY ,LUNCH BAG  BLACK SKULL.,LUNCH BAG VINTAGE DOILY  → LUNCH BAG  BLACK SKULL.
frozenset({'JUMBO BAG STRAWBERRY'}),frozenset({'JUMBO BAG RED RETROSPOT'}),0.04378711360230867,0.10738664742771518,0.028636439314057384,0.6539923954372624,6.090071820870301,1.0,0.02393428798376895,2.579750678313307,0.8740713871154963,0.23369565217391303,0.6123656412200964,0.4603295310519645,JUMBO BAG STRAWBERRY,JUMBO BAG RED RETROSPOT,JUMBO BAG STRAWBERRY → JUMBO BAG RED RETROSPOT
frozenset({'LUNCH BAG VINTAGE DOILY '}),frozenset({'LUNCH BAG SPACEBOY DESIGN '}),0.03024585160108774,0.05760586048060381,0.010599922304234418,0.35045871559633024,6.083733715154407,1.0,0.008857583996785112,1.45086103400585,0.8616897985159102,0.1372126436781609,0.3107541132047744,0.26723321136271233,LUNCH BAG VINTAGE DOILY ,LUNCH BAG SPACEBOY DESIGN ,LUNCH BAG VINTAGE DOILY  → LUNCH BAG SPACEBOY DESIGN 
frozenset({'DOTCOM POSTAGE'}),frozenset({'NATURAL SLATE HEART CHALKBOARD '}),0.03918086464287696,0.06765081303068983,0.016094122870303568,0.41076487252124644,6.071839407678703,1.0,0.013443505521967533,1.582304149039262,0.8693678459678496,0.17737003058103973,0.36801025225954404,0.32433239524339597,DOTCOM POSTAGE,NATURAL SLATE HEART CHALKBOARD ,DOTCOM POSTAGE → NATURAL SLATE HEART CHALKBOARD 
frozenset({'JUMBO BAG CHARLIE AND LOLA TOYS'}),frozenset({'JUMBO BAG RED RETROSPOT'}),0.016371607747377767,0.10738664742771518,0.01065541927964926,0.6508474576271187,6.060785704900803,1.0,0.008897327210656752,2.556513970959457,0.8489027942338073,0.0942100098135427,0.6088423488549523,0.37503613191433455,JUMBO BAG CHARLIE AND LOLA TOYS,JUMBO BAG RED RETROSPOT,JUMBO BAG CHARLIE AND LOLA TOYS → JUMBO BAG RED RETROSPOT
frozenset({'LUNCH BAG VINTAGE LEAF DESIGN'}),frozenset({'LUNCH BAG RED RETROSPOT'}),0.034574615683445255,0.07725178977745713,0.01614961984571841,0.4670947030497592,6.046393286101732,1.0,0.013478668903304524,1.7315425752067595,0.8645019710657503,0.16879350348027844,0.4224802702985272,0.3380732135938451,LUNCH BAG VINTAGE LEAF DESIGN,LUNCH BAG RED RETROSPOT,LUNCH BAG VINTAGE LEAF DESIGN → LUNCH BAG RED RETROSPOT
frozenset({'WOODLAND CHARLOTTE BAG'}),frozenset({'LUNCH BAG CARS BLUE'}),0.037793440257505966,0.05910427881680448,0.013485765025806094,0.3568281938325991,6.037264999689769,1.0,0.011252010995380219,1.4628995117026395,0.86713406219693,0.16167664670658685,0.3164260484056626,0.2924986039585531,WOODLAND CHARLOTTE BAG,LUNCH BAG CARS BLUE,WOODLAND CHARLOTTE BAG → LUNCH BAG CARS BLUE
frozenset({'SET OF 60 PANTRY DESIGN CAKE CASES '}),frozenset({'PACK OF 72 RETROSPOT CAKE CASES'}),0.03024585160108774,0.06265608524335424,0.011432376935457018,0.3779816513761468,6.032640722893524,1.0,0.009537290279281423,1.5069393319833981,0.8602542362522517,0.14032697547683923,0.336403278635097,0.2802220037217315,SET OF 60 PANTRY DESIGN CAKE CASES ,PACK OF 72 RETROSPOT CAKE CASES,SET OF 60 PANTRY DESIGN CAKE CASES  → PACK OF 72 RETROSPOT CAKE CASES
"frozenset({""JUMBO BAG 50'S CHRISTMAS ""})","frozenset({""PAPER CHAIN KIT 50'S CHRISTMAS ""})",0.03729396747877241,0.062434097341694875,0.014040734779954493,0.37648809523809523,6.03016798941799,1.0,0.011712319584126813,1.5036856481775203,0.8664816802622864,0.163860103626943,0.3349673841656942,0.3006884920634921,JUMBO BAG 50'S CHRISTMAS ,PAPER CHAIN KIT 50'S CHRISTMAS ,JUMBO BAG 50'S CHRISTMAS  → PAPER CHAIN KIT 50'S CHRISTMAS 
frozenset({'CHARLOTTE BAG PINK POLKADOT'}),frozenset({'LUNCH BAG CARS BLUE'}),0.03734946445418725,0.05910427881680448,0.013263777124146734,0.35512630014858837,6.008470236974098,1.0,0.011056263963388123,1.4590387565813145,0.8659095437338116,0.15943962641761172,0.31461724680768044,0.28976972284424724,CHARLOTTE BAG PINK POLKADOT,LUNCH BAG CARS BLUE,CHARLOTTE BAG PINK POLKADOT → LUNCH BAG CARS BLUE
frozenset({'JUMBO BAG WOODLAND ANIMALS'}),frozenset({'JUMBO BAG RED RETROSPOT'}),0.04079027692990732,0.10738664742771518,0.02630556634663411,0.6448979591836735,6.005383114486105,1.0,0.021925235259483287,2.513681280232297,0.8689264820907021,0.21584699453551914,0.6021770906820824,0.4449295997468755,JUMBO BAG WOODLAND ANIMALS,JUMBO BAG RED RETROSPOT,JUMBO BAG WOODLAND ANIMALS → JUMBO BAG RED RETROSPOT
frozenset({'WOODLAND CHARLOTTE BAG'}),frozenset({'PACK OF 72 RETROSPOT CAKE CASES'}),0.037793440257505966,0.06265608524335424,0.014151728730784172,0.3744493392070484,5.976264520081315,1.0,0.011783739716370261,1.498430060913793,0.8653769686441886,0.1639871382636656,0.33263485157914774,0.3001564676548971,WOODLAND CHARLOTTE BAG,PACK OF 72 RETROSPOT CAKE CASES,WOODLAND CHARLOTTE BAG → PACK OF 72 RETROSPOT CAKE CASES
frozenset({'WOODLAND CHARLOTTE BAG'}),frozenset({'LUNCH BAG  BLACK SKULL.'}),0.037793440257505966,0.06748432210444531,0.01515067428825129,0.4008810572687225,5.940358364247623,1.0,0.012600209592478647,1.556478374134492,0.8643258345069396,0.16810344827586207,0.3575239999360299,0.3126938181080454,WOODLAND CHARLOTTE BAG,LUNCH BAG  BLACK SKULL.,WOODLAND CHARLOTTE BAG → LUNCH BAG  BLACK SKULL.
frozenset({'CANDLEHOLDER PINK HANGING HEART'}),frozenset({'WHITE HANGING HEART T-LIGHT HOLDER'}),0.020644874854320438,0.11998446084688384,0.014651201509517731,0.7096774193548387,5.914744412282534,1.0,0.012174137330870704,3.0311646348607337,0.8484470705811444,0.11629955947136564,0.6700938020656391,0.4158932887708514,CANDLEHOLDER PINK HANGING HEART,WHITE HANGING HEART T-LIGHT HOLDER,CANDLEHOLDER PINK HANGING HEART → WHITE HANGING HEART T-LIGHT HOLDER
"frozenset({'JUMBO BAG VINTAGE LEAF', 'JUMBO BAG APPLES'})",frozenset({'JUMBO BAG RED RETROSPOT'}),0.018813474665630724,0.10738664742771518,0.011876352738775737,0.631268436578171,5.878463027753004,1.0,0.009856036767967398,2.4207674121760356,0.8457999429103058,0.10388349514563107,0.5869078561739657,0.3709313759118245,"JUMBO BAG APPLES, JUMBO BAG VINTAGE LEAF",JUMBO BAG RED RETROSPOT,"JUMBO BAG APPLES, JUMBO BAG VINTAGE LEAF → JUMBO BAG RED RETROSPOT"
frozenset({'JUMBO BAG APPLES'}),frozenset({'JUMBO SHOPPER VINTAGE RED PAISLEY'}),0.0491148232421333,0.06287807314501359,0.018147510960652643,0.3694915254237288,5.876317560997502,1.0,0.015059265512329372,1.4862955291517257,0.8726872798652394,0.19337670017740982,0.32718629613941547,0.3290529118733825,JUMBO BAG APPLES,JUMBO SHOPPER VINTAGE RED PAISLEY,JUMBO BAG APPLES → JUMBO SHOPPER VINTAGE RED PAISLEY
"frozenset({'LUNCH BAG RED RETROSPOT', 'JUMBO BAG RED RETROSPOT'})",frozenset({'LUNCH BAG CARS BLUE'}),0.029468893945279982,0.05910427881680448,0.01021144347633054,0.3465160075329567,5.862790553743049,1.0,0.00846970575216587,1.4398144897644867,0.8546173898126417,0.1303116147308782,0.30546608114523693,0.25964298029229993,"JUMBO BAG RED RETROSPOT, LUNCH BAG RED RETROSPOT",LUNCH BAG CARS BLUE,"JUMBO BAG RED RETROSPOT, LUNCH BAG RED RETROSPOT → LUNCH BAG CARS BLUE"
frozenset({'WOODLAND CHARLOTTE BAG'}),frozenset({'LUNCH BAG SUKI DESIGN '}),0.037793440257505966,0.05666241189855153,0.012542316443753816,0.33186490455212925,5.8568792508568235,1.0,0.010400848964819714,1.4118964780155747,0.8618322126343793,0.15311653116531168,0.291732775333852,0.2766082603074065,WOODLAND CHARLOTTE BAG,LUNCH BAG SUKI DESIGN ,WOODLAND CHARLOTTE BAG → LUNCH BAG SUKI DESIGN 
frozenset({'SET OF 6 SPICE TINS PANTRY DESIGN'}),frozenset({'JAM MAKING SET WITH JARS'}),0.042732671069426714,0.055441478439425054,0.013874243853709972,0.3246753246753247,5.856180856180856,1.0,0.011505081391955309,1.3986731953877745,0.8662577540726999,0.16458196181698484,0.28503670242800677,0.2874627874627874,SET OF 6 SPICE TINS PANTRY DESIGN,JAM MAKING SET WITH JARS,SET OF 6 SPICE TINS PANTRY DESIGN → JAM MAKING SET WITH JARS
frozenset({'JUMBO BAG SPACEBOY DESIGN'}),frozenset({'JUMBO BAG RED RETROSPOT'}),0.034519118708030413,0.10738664742771518,0.021643820411787557,0.6270096463022508,5.838804556444577,1.0,0.01793692798157285,2.3931271780170738,0.85836196338007,0.17997231195200739,0.5821367083263029,0.414280016949575,JUMBO BAG SPACEBOY DESIGN,JUMBO BAG RED RETROSPOT,JUMBO BAG SPACEBOY DESIGN → JUMBO BAG RED RETROSPOT
frozenset({'CHARLOTTE BAG PINK POLKADOT'}),frozenset({'LUNCH BAG  BLACK SKULL.'}),0.03734946445418725,0.06748432210444531,0.01470669848493257,0.39375928677563143,5.834826141784624,1.0,0.012186195195277668,1.5381937529992848,0.860764376105415,0.16317733990147779,0.3498868409456706,0.3058434591772894,CHARLOTTE BAG PINK POLKADOT,LUNCH BAG  BLACK SKULL.,CHARLOTTE BAG PINK POLKADOT → LUNCH BAG  BLACK SKULL.
frozenset({'CHARLOTTE BAG PINK POLKADOT'}),frozenset({'PACK OF 72 RETROSPOT CAKE CASES'}),0.03734946445418725,0.06265608524335424,0.013652255952050614,0.3655274888558692,5.83387052408672,1.0,0.011312084723415428,1.4773593785274535,0.8607352131978601,0.15809768637532132,0.323116626506448,0.29170971431278847,CHARLOTTE BAG PINK POLKADOT,PACK OF 72 RETROSPOT CAKE CASES,CHARLOTTE BAG PINK POLKADOT → PACK OF 72 RETROSPOT CAKE CASES
frozenset({'JUMBO  BAG BAROQUE BLACK WHITE'}),frozenset({'JUMBO BAG RED RETROSPOT'}),0.0505022476275043,0.10738664742771518,0.031633275986458737,0.6263736263736264,5.832881846835336,1.0,0.026210008926176767,2.389053384825821,0.8726278259211065,0.2505494505494506,0.5814241714515278,0.4604736348922396,JUMBO  BAG BAROQUE BLACK WHITE,JUMBO BAG RED RETROSPOT,JUMBO  BAG BAROQUE BLACK WHITE → JUMBO BAG RED RETROSPOT
frozenset({'DOTCOM POSTAGE'}),frozenset({'VICTORIAN GLASS HANGING T-LIGHT'}),0.03918086464287696,0.05560796936566957,0.012653310394583495,0.32294617563739375,5.807552034740716,1.0,0.010474542073801947,1.3948551749536342,0.8615673649554487,0.15405405405405403,0.2830796931780101,0.2752455429085172,DOTCOM POSTAGE,VICTORIAN GLASS HANGING T-LIGHT,DOTCOM POSTAGE → VICTORIAN GLASS HANGING T-LIGHT
frozenset({'CHARLOTTE BAG SUKI DESIGN'}),frozenset({'LUNCH BAG SUKI DESIGN '}),0.044619568233531276,0.05666241189855153,0.014651201509517731,0.32835820895522383,5.79499174061134,1.0,0.012122949155533858,1.40452485339549,0.8660813772344416,0.16912235746316462,0.2880154469445922,0.2934641191690909,CHARLOTTE BAG SUKI DESIGN,LUNCH BAG SUKI DESIGN ,CHARLOTTE BAG SUKI DESIGN → LUNCH BAG SUKI DESIGN 
frozenset({'RED RETROSPOT SHOPPER BAG'}),frozenset({'JUMBO STORAGE BAG SUKI'}),0.02941339696986514,0.06271158221876907,0.01065541927964926,0.36226415094339626,5.776670562698281,1.0,0.008810858617240269,1.4697126077634688,0.8519486057903063,0.13079019073569484,0.3195948686037692,0.2660878276840875,RED RETROSPOT SHOPPER BAG,JUMBO STORAGE BAG SUKI,RED RETROSPOT SHOPPER BAG → JUMBO STORAGE BAG SUKI
frozenset({'JUMBO STORAGE BAG SUKI'}),frozenset({'JUMBO BAG RED RETROSPOT'}),0.06271158221876907,0.10738664742771518,0.038736888839558246,0.6176991150442479,5.752103542109718,1.0,0.03200250227019712,2.334845112052505,0.8814261872692777,0.2948880439374737,0.5717060652811679,0.4892113146280671,JUMBO STORAGE BAG SUKI,JUMBO BAG RED RETROSPOT,JUMBO STORAGE BAG SUKI → JUMBO BAG RED RETROSPOT
frozenset({'JUMBO BAG RED RETROSPOT'}),frozenset({'JUMBO STORAGE BAG SUKI'}),0.10738664742771518,0.06271158221876907,0.038736888839558246,0.36072351421188636,5.752103542109717,1.0,0.03200250227019712,1.4661706454378998,0.9255413377761025,0.2948880439374737,0.3179511517901581,0.4892113146280671,JUMBO BAG RED RETROSPOT,JUMBO STORAGE BAG SUKI,JUMBO BAG RED RETROSPOT → JUMBO STORAGE BAG SUKI
frozenset({'STRAWBERRY CHARLOTTE BAG'}),frozenset({'LUNCH BAG SPACEBOY DESIGN '}),0.03734946445418725,0.05760586048060381,0.012375825517509296,0.3313521545319465,5.752056331898983,1.0,0.010224277479136113,1.40940279088123,0.8582025346431039,0.14986559139784944,0.2904796226671659,0.2730941890193451,STRAWBERRY CHARLOTTE BAG,LUNCH BAG SPACEBOY DESIGN ,STRAWBERRY CHARLOTTE BAG → LUNCH BAG SPACEBOY DESIGN 
frozenset({'STRAWBERRY CHARLOTTE BAG'}),frozenset({'PACK OF 72 RETROSPOT CAKE CASES'}),0.03734946445418725,0.06265608524335424,0.013430268050391254,0.35958395245170877,5.739010840768238,1.0,0.011090096821756068,1.4636483866153658,0.8577920172131046,0.1551282051282051,0.3167757986517075,0.2869664669255887,STRAWBERRY CHARLOTTE BAG,PACK OF 72 RETROSPOT CAKE CASES,STRAWBERRY CHARLOTTE BAG → PACK OF 72 RETROSPOT CAKE CASES
"frozenset({'JUMBO BAG ALPHABET', 'JUMBO BAG APPLES'})",frozenset({'JUMBO BAG RED RETROSPOT'}),0.02036738997724624,0.10738664742771518,0.012542316443753816,0.6158038147138966,5.734454231178141,1.0,0.010355130717244494,2.323326953149139,0.8427807323094076,0.1088631984585742,0.5695827491500686,0.36629984017348577,"JUMBO BAG ALPHABET, JUMBO BAG APPLES",JUMBO BAG RED RETROSPOT,"JUMBO BAG ALPHABET, JUMBO BAG APPLES → JUMBO BAG RED RETROSPOT"
frozenset({'JUMBO BAG DOLLY GIRL DESIGN'}),frozenset({'JUMBO BAG RED RETROSPOT'}),0.023530717575892115,0.10738664742771518,0.014484710583273212,0.6155660377358491,5.732240017551558,1.0,0.011957825711229745,2.321889947795391,0.845441984889908,0.12440419447092473,0.5693163662000911,0.37522487933304083,JUMBO BAG DOLLY GIRL DESIGN,JUMBO BAG RED RETROSPOT,JUMBO BAG DOLLY GIRL DESIGN → JUMBO BAG RED RETROSPOT
frozenset({'STRAWBERRY CHARLOTTE BAG'}),frozenset({'LUNCH BAG PINK POLKADOT'}),0.03734946445418725,0.05582995726732893,0.011931849714190576,0.31946508172362553,5.722108655644144,1.0,0.009846630709755682,1.387393971089711,0.8572573530791899,0.14685792349726776,0.2792241995872573,0.26659138778030184,STRAWBERRY CHARLOTTE BAG,LUNCH BAG PINK POLKADOT,STRAWBERRY CHARLOTTE BAG → LUNCH BAG PINK POLKADOT
frozenset({'STRAWBERRY CHARLOTTE BAG'}),frozenset({'LUNCH BAG SUKI DESIGN '}),0.03734946445418725,0.05666241189855153,0.012098340640435096,0.3239227340267459,5.716712776129221,1.0,0.00998202990134163,1.3953103226203842,0.8570860003152249,0.14769647696476965,0.28331355126649804,0.26871944732679115,STRAWBERRY CHARLOTTE BAG,LUNCH BAG SUKI DESIGN ,STRAWBERRY CHARLOTTE BAG → LUNCH BAG SUKI DESIGN 
"frozenset({'PINK REGENCY TEACUP AND SAUCER', 'ROSES REGENCY TEACUP AND SAUCER '})",frozenset({'REGENCY CAKESTAND 3 TIER'}),0.03024585160108774,0.09351240357400521,0.01614961984571841,0.5339449541284405,5.709883755750961,1.0,0.013321257564358022,1.9450225986305796,0.8505919644188107,0.15007735946364106,0.48586715614303716,0.35332262543217274,"PINK REGENCY TEACUP AND SAUCER, ROSES REGENCY TEACUP AND SAUCER ",REGENCY CAKESTAND 3 TIER,"PINK REGENCY TEACUP AND SAUCER, ROSES REGENCY TEACUP AND SAUCER  → REGENCY CAKESTAND 3 TIER"
frozenset({'RECYCLING BAG RETROSPOT '}),frozenset({'JUMBO SHOPPER VINTAGE RED PAISLEY'}),0.03940285254453632,0.06287807314501359,0.014096231755369332,0.35774647887323946,5.689526745645987,1.0,0.011618656310951792,1.4591152808487726,0.8580479956037618,0.15984896161107617,0.31465319216018606,0.29096503114006195,RECYCLING BAG RETROSPOT ,JUMBO SHOPPER VINTAGE RED PAISLEY,RECYCLING BAG RETROSPOT  → JUMBO SHOPPER VINTAGE RED PAISLEY
frozenset({'CHARLOTTE BAG APPLES DESIGN'}),frozenset({'LUNCH BAG  BLACK SKULL.'}),0.027471002830345745,0.06748432210444531,0.010544425328819579,0.3838383838383838,5.687815656565656,1.0,0.008690563325284398,1.5134270837977035,0.8474663318876969,0.12491781722550951,0.33924798181180965,0.2700441919191919,CHARLOTTE BAG APPLES DESIGN,LUNCH BAG  BLACK SKULL.,CHARLOTTE BAG APPLES DESIGN → LUNCH BAG  BLACK SKULL.
"frozenset({'JUMBO BAG PEARS', 'JUMBO BAG VINTAGE LEAF'})",frozenset({'JUMBO BAG RED RETROSPOT'}),0.01659359564903713,0.10738664742771518,0.01010044952550086,0.6086956521739131,5.668261993034491,1.0,0.008318518919979642,2.2811230121291723,0.8374758142534666,0.08869395711500976,0.5616194327606155,0.3513762498595664,"JUMBO BAG PEARS, JUMBO BAG VINTAGE LEAF",JUMBO BAG RED RETROSPOT,"JUMBO BAG PEARS, JUMBO BAG VINTAGE LEAF → JUMBO BAG RED RETROSPOT"
frozenset({'RED RETROSPOT CHARLOTTE BAG'}),frozenset({'LUNCH BAG  BLACK SKULL.'}),0.050113768799600424,0.06748432210444531,0.01897996559187524,0.37873754152823913,5.612230066445181,1.0,0.015598071876335304,1.5010011713719889,0.8651748850977642,0.1924592009003939,0.33377800159479504,0.3299937707641195,RED RETROSPOT CHARLOTTE BAG,LUNCH BAG  BLACK SKULL.,RED RETROSPOT CHARLOTTE BAG → LUNCH BAG  BLACK SKULL.
"frozenset({'PINK REGENCY TEACUP AND SAUCER', 'GREEN REGENCY TEACUP AND SAUCER'})",frozenset({'REGENCY CAKESTAND 3 TIER'}),0.03196625783894778,0.09351240357400521,0.016760086575281646,0.5243055555555555,5.606802258489943,1.0,0.013770844971495253,1.905608961829828,0.848777456031813,0.1541602858601327,0.4752333663251839,0.3517670211012199,"GREEN REGENCY TEACUP AND SAUCER, PINK REGENCY TEACUP AND SAUCER",REGENCY CAKESTAND 3 TIER,"GREEN REGENCY TEACUP AND SAUCER, PINK REGENCY TEACUP AND SAUCER → REGENCY CAKESTAND 3 TIER"
"frozenset({'LUNCH BAG RED RETROSPOT', 'JUMBO BAG RED RETROSPOT'})",frozenset({'JUMBO SHOPPER VINTAGE RED PAISLEY'}),0.029468893945279982,0.06287807314501359,0.01037793440257506,0.352165725047081,5.600771579544001,1.0,0.008524987133581097,1.4465457649999935,0.8463955115440503,0.12660798916723087,0.3086979864753851,0.2586071343682007,"JUMBO BAG RED RETROSPOT, LUNCH BAG RED RETROSPOT",JUMBO SHOPPER VINTAGE RED PAISLEY,"JUMBO BAG RED RETROSPOT, LUNCH BAG RED RETROSPOT → JUMBO SHOPPER VINTAGE RED PAISLEY"
frozenset({'JUMBO BAG OWLS'}),frozenset({'JUMBO BAG RED RETROSPOT'}),0.034241633830956214,0.10738664742771518,0.02053388090349076,0.59967585089141,5.584268298300938,1.0,0.01685678664393694,2.2297264718101197,0.8500319938373037,0.1695692025664528,0.5515144962206115,0.39544516058782386,JUMBO BAG OWLS,JUMBO BAG RED RETROSPOT,JUMBO BAG OWLS → JUMBO BAG RED RETROSPOT
frozenset({'SUKI  SHOULDER BAG'}),frozenset({'JUMBO BAG PINK POLKADOT'}),0.028136966535323826,0.06432099450579944,0.01010044952550086,0.358974358974359,5.5809827216212025,1.0,0.008290651855572434,1.459659248570953,0.8445841219082424,0.12264150943396226,0.3149085987164279,0.25800314152341763,SUKI  SHOULDER BAG,JUMBO BAG PINK POLKADOT,SUKI  SHOULDER BAG → JUMBO BAG PINK POLKADOT
frozenset({'JUMBO BAG PINK VINTAGE PAISLEY'}),frozenset({'JUMBO BAG RED RETROSPOT'}),0.04523003496309451,0.10738664742771518,0.027082524002441866,0.5987730061349693,5.575860877284761,1.0,0.022225422184716806,2.2247091203254192,0.8595321665567672,0.21573828470380196,0.5505030339185534,0.42548469428195496,JUMBO BAG PINK VINTAGE PAISLEY,JUMBO BAG RED RETROSPOT,JUMBO BAG PINK VINTAGE PAISLEY → JUMBO BAG RED RETROSPOT
frozenset({'JUMBO STORAGE BAG SKULLS'}),frozenset({'LUNCH BAG  BLACK SKULL.'}),0.03795993118375048,0.06748432210444531,0.014207225706199013,0.37426900584795325,5.5460141582025235,1.0,0.011645525483132217,1.490282064674204,0.8520334583213153,0.15571776155717762,0.3289860867924936,0.29239766081871343,JUMBO STORAGE BAG SKULLS,LUNCH BAG  BLACK SKULL.,JUMBO STORAGE BAG SKULLS → LUNCH BAG  BLACK SKULL.
frozenset({'REGENCY TEAPOT ROSES '}),frozenset({'REGENCY CAKESTAND 3 TIER'}),0.01970142627226816,0.09351240357400521,0.01021144347633054,0.5183098591549296,5.5426856689096,1.0,0.008369115751774691,1.8818894545685856,0.836053493718494,0.09913793103448276,0.46861915955140665,0.3137543361056547,REGENCY TEAPOT ROSES ,REGENCY CAKESTAND 3 TIER,REGENCY TEAPOT ROSES  → REGENCY CAKESTAND 3 TIER
frozenset({'RED HANGING HEART T-LIGHT HOLDER'}),frozenset({'WHITE HANGING HEART T-LIGHT HOLDER'}),0.03906987069204728,0.11998446084688384,0.02597258449414507,0.6647727272727273,5.540490181649988,1.0,0.021284807123802308,2.625131099846584,0.8528305332810098,0.19516263552960803,0.6190666439255391,0.4406194811201749,RED HANGING HEART T-LIGHT HOLDER,WHITE HANGING HEART T-LIGHT HOLDER,RED HANGING HEART T-LIGHT HOLDER → WHITE HANGING HEART T-LIGHT HOLDER
frozenset({'CHARLOTTE BAG PINK POLKADOT'}),frozenset({'LUNCH BAG RED RETROSPOT'}),0.03734946445418725,0.07725178977745713,0.01598312891947389,0.4279346210995542,5.539478403443152,1.0,0.013097815943158408,1.6130118064409646,0.85127214727699,0.16207090602138433,0.3800417355862674,0.3174155864118461,CHARLOTTE BAG PINK POLKADOT,LUNCH BAG RED RETROSPOT,CHARLOTTE BAG PINK POLKADOT → LUNCH BAG RED RETROSPOT
frozenset({'CHARLOTTE BAG PINK POLKADOT'}),frozenset({'LUNCH BAG SPACEBOY DESIGN '}),0.03734946445418725,0.05760586048060381,0.011876352738775737,0.3179791976225854,5.519910560656422,1.0,0.009724804700402555,1.3817674420404218,0.8506073742660379,0.14295257181028723,0.2762892151205092,0.26207245044905764,CHARLOTTE BAG PINK POLKADOT,LUNCH BAG SPACEBOY DESIGN ,CHARLOTTE BAG PINK POLKADOT → LUNCH BAG SPACEBOY DESIGN 
frozenset({'JUMBO STORAGE BAG SKULLS'}),frozenset({'JUMBO BAG RED RETROSPOT'}),0.03795993118375048,0.10738664742771518,0.022476275043010155,0.5921052631578948,5.513769889840882,1.0,0.01839988529660041,2.18834241275786,0.8509374098644361,0.1829268292682927,0.5430331221612849,0.4007037943696451,JUMBO STORAGE BAG SKULLS,JUMBO BAG RED RETROSPOT,JUMBO STORAGE BAG SKULLS → JUMBO BAG RED RETROSPOT
frozenset({'CHARLOTTE BAG SUKI DESIGN'}),frozenset({'LUNCH BAG  BLACK SKULL.'}),0.044619568233531276,0.06748432210444531,0.01659359564903713,0.3718905472636816,5.510769548638387,1.0,0.013582474334204227,1.484638821837675,0.8567656541263986,0.1737361998837885,0.3264355038471867,0.30888935257920924,CHARLOTTE BAG SUKI DESIGN,LUNCH BAG  BLACK SKULL.,CHARLOTTE BAG SUKI DESIGN → LUNCH BAG  BLACK SKULL.
frozenset({'STRAWBERRY CHARLOTTE BAG'}),frozenset({'LUNCH BAG RED RETROSPOT'}),0.03734946445418725,0.07725178977745713,0.01587213496864421,0.424962852897474,5.501009803419241,1.0,0.012986821992328729,1.6046758281131044,0.8499607736895873,0.1607644744238336,0.37682117317372854,0.3152113115062083,STRAWBERRY CHARLOTTE BAG,LUNCH BAG RED RETROSPOT,STRAWBERRY CHARLOTTE BAG → LUNCH BAG RED RETROSPOT
"frozenset({'ROSES REGENCY TEACUP AND SAUCER ', 'GREEN REGENCY TEACUP AND SAUCER'})",frozenset({'REGENCY CAKESTAND 3 TIER'}),0.03884788279038792,0.09351240357400521,0.019923414173927522,0.5128571428571429,5.4843755828741,1.0,0.016290655280437116,1.860824978000576,0.8507122050733726,0.17719644619940775,0.46260394619461603,0.3629567613395507,"GREEN REGENCY TEACUP AND SAUCER, ROSES REGENCY TEACUP AND SAUCER ",REGENCY CAKESTAND 3 TIER,"GREEN REGENCY TEACUP AND SAUCER, ROSES REGENCY TEACUP AND SAUCER  → REGENCY CAKESTAND 3 TIER"
frozenset({'LUNCH BAG ALPHABET DESIGN'}),frozenset({'LUNCH BAG RED RETROSPOT'}),0.03818191908540985,0.07725178977745713,0.01614961984571841,0.42296511627906974,5.4751497343624695,1.0,0.013199998259232449,1.5991203240128702,0.8498037305180455,0.16266070430408053,0.3746561875402994,0.3160084202085004,LUNCH BAG ALPHABET DESIGN,LUNCH BAG RED RETROSPOT,LUNCH BAG ALPHABET DESIGN → LUNCH BAG RED RETROSPOT
frozenset({'WOODLAND CHARLOTTE BAG'}),frozenset({'LUNCH BAG RED RETROSPOT'}),0.037793440257505966,0.07725178977745713,0.015927631944059047,0.42143906020558,5.455395420865191,1.0,0.013008021042319311,1.5949023633541919,0.848773293279791,0.1606942889137738,0.37300237119410273,0.3138086105625601,WOODLAND CHARLOTTE BAG,LUNCH BAG RED RETROSPOT,WOODLAND CHARLOTTE BAG → LUNCH BAG RED RETROSPOT
frozenset({'SMALL WHITE HEART OF WICKER'}),frozenset({'HEART OF WICKER SMALL'}),0.034019645929296856,0.06459847938287364,0.011987346689605417,0.3523654159869494,5.454701400918249,1.0,0.009789729293429073,1.44433534543652,0.8454332477945026,0.13837283792440744,0.30764001368548455,0.26896621314811386,SMALL WHITE HEART OF WICKER,HEART OF WICKER SMALL,SMALL WHITE HEART OF WICKER → HEART OF WICKER SMALL
frozenset({'DOTCOM POSTAGE'}),frozenset({'WOODEN PICTURE FRAME WHITE FINISH'}),0.03918086464287696,0.05971474554636772,0.012708807369998335,0.3243626062322946,5.431867845445834,1.0,0.010369132007562261,1.391701026507892,0.8491725807676136,0.14745653573728268,0.28145486641679257,0.26859394252135177,DOTCOM POSTAGE,WOODEN PICTURE FRAME WHITE FINISH,DOTCOM POSTAGE → WOODEN PICTURE FRAME WHITE FINISH
frozenset({'CHARLOTTE BAG SUKI DESIGN'}),frozenset({'LUNCH BAG CARS BLUE'}),0.044619568233531276,0.05910427881680448,0.014262722681613852,0.3196517412935323,5.408267348702497,1.0,0.011625515280053789,1.3829619009712781,0.8531657872342351,0.15942928039702234,0.2769142813712492,0.28048314764207133,CHARLOTTE BAG SUKI DESIGN,LUNCH BAG CARS BLUE,CHARLOTTE BAG SUKI DESIGN → LUNCH BAG CARS BLUE
frozenset({'JUMBO SHOPPER VINTAGE RED PAISLEY'}),frozenset({'JUMBO BAG RED RETROSPOT'}),0.06287807314501359,0.10738664742771518,0.03646151284754981,0.5798764342453664,5.399893265461115,1.0,0.02970924737579215,2.124644807698317,0.8694825412638174,0.2725010369141435,0.5293330930531744,0.4597056589831483,JUMBO SHOPPER VINTAGE RED PAISLEY,JUMBO BAG RED RETROSPOT,JUMBO SHOPPER VINTAGE RED PAISLEY → JUMBO BAG RED RETROSPOT
frozenset({'JUMBO BAG RED RETROSPOT'}),frozenset({'JUMBO SHOPPER VINTAGE RED PAISLEY'}),0.10738664742771518,0.06287807314501359,0.03646151284754981,0.33953488372093027,5.399893265461115,1.0,0.02970924737579215,1.4188817906607187,0.9128377388573007,0.2725010369141435,0.29521965354538926,0.4597056589831483,JUMBO BAG RED RETROSPOT,JUMBO SHOPPER VINTAGE RED PAISLEY,JUMBO BAG RED RETROSPOT → JUMBO SHOPPER VINTAGE RED PAISLEY
frozenset({'RED RETROSPOT PICNIC BAG'}),frozenset({'LUNCH BAG RED RETROSPOT'}),0.02497363893667795,0.07725178977745713,0.01037793440257506,0.4155555555555556,5.379235312899107,1.0,0.008448676097460698,1.578846747529066,0.8349517547771157,0.11299093655589125,0.3666263039367028,0.27494731800766287,RED RETROSPOT PICNIC BAG,LUNCH BAG RED RETROSPOT,RED RETROSPOT PICNIC BAG → LUNCH BAG RED RETROSPOT
frozenset({'SUKI  SHOULDER BAG'}),frozenset({'NATURAL SLATE HEART CHALKBOARD '}),0.028136966535323826,0.06765081303068983,0.01021144347633054,0.36291913214990135,5.364593800007443,1.0,0.008307954813998571,1.463470705242849,0.8371473846505254,0.11932555123216602,0.3166928477505401,0.2569312641881582,SUKI  SHOULDER BAG,NATURAL SLATE HEART CHALKBOARD ,SUKI  SHOULDER BAG → NATURAL SLATE HEART CHALKBOARD 
frozenset({'CHARLOTTE BAG APPLES DESIGN'}),frozenset({'LUNCH BAG RED RETROSPOT'}),0.027471002830345745,0.07725178977745713,0.011376879960042177,0.41414141414141414,5.360929699291768,1.0,0.009254695824416377,1.5750357381384783,0.8364431219066812,0.12187871581450653,0.36509377166140267,0.28070576454197144,CHARLOTTE BAG APPLES DESIGN,LUNCH BAG RED RETROSPOT,CHARLOTTE BAG APPLES DESIGN → LUNCH BAG RED RETROSPOT
frozenset({'SET OF 6 SPICE TINS PANTRY DESIGN'}),frozenset({'RECIPE BOX PANTRY YELLOW DESIGN'}),0.042732671069426714,0.05699539375104057,0.013041789222487374,0.3051948051948052,5.3547275509300825,1.0,0.010606223808851699,1.3572215828256053,0.8495527955367131,0.15044814340588988,0.2632006352874997,0.2670083081475486,SET OF 6 SPICE TINS PANTRY DESIGN,RECIPE BOX PANTRY YELLOW DESIGN,SET OF 6 SPICE TINS PANTRY DESIGN → RECIPE BOX PANTRY YELLOW DESIGN
frozenset({'CHARLOTTE BAG PINK POLKADOT'}),frozenset({'LUNCH BAG SUKI DESIGN '}),0.03734946445418725,0.05666241189855153,0.011321382984627338,0.3031203566121842,5.349584432708078,1.0,0.009205072245533871,1.3536592682138058,0.8446155298277503,0.13691275167785236,0.26126166053623645,0.25146223511314403,CHARLOTTE BAG PINK POLKADOT,LUNCH BAG SUKI DESIGN ,CHARLOTTE BAG PINK POLKADOT → LUNCH BAG SUKI DESIGN 
frozenset({'JUMBO BAG APPLES'}),frozenset({'JUMBO BAG RED RETROSPOT'}),0.0491148232421333,0.10738664742771518,0.028192463510738664,0.5740112994350283,5.345276281405568,1.0,0.022918187303761144,2.0953920876033743,0.8549075651028623,0.2197231833910035,0.5227623479557184,0.4182717995883152,JUMBO BAG APPLES,JUMBO BAG RED RETROSPOT,JUMBO BAG APPLES → JUMBO BAG RED RETROSPOT
frozenset({'JAM MAKING SET WITH JARS'}),frozenset({'RECIPE BOX PANTRY YELLOW DESIGN'}),0.055441478439425054,0.05699539375104057,0.016871080526111328,0.30430430430430433,5.339103465685745,1.0,0.013711171632316471,1.355484318910375,0.8604047482837529,0.17653890824622534,0.26225631233870406,0.30015604699149007,JAM MAKING SET WITH JARS,RECIPE BOX PANTRY YELLOW DESIGN,JAM MAKING SET WITH JARS → RECIPE BOX PANTRY YELLOW DESIGN
"frozenset({'JUMBO BAG PEARS', 'JUMBO BAG APPLES'})",frozenset({'JUMBO BAG RED RETROSPOT'}),0.020644874854320438,0.10738664742771518,0.011820855763360897,0.5725806451612904,5.331953821788781,1.0,0.009603871866190685,2.088378409791761,0.8295780234760407,0.1017191977077364,0.5211595775404931,0.3413290822705677,"JUMBO BAG APPLES, JUMBO BAG PEARS",JUMBO BAG RED RETROSPOT,"JUMBO BAG APPLES, JUMBO BAG PEARS → JUMBO BAG RED RETROSPOT"
frozenset({'WOODLAND CHARLOTTE BAG'}),frozenset({'LUNCH BAG SPACEBOY DESIGN '}),0.037793440257505966,0.05760586048060381,0.011598867861701537,0.3069016152716593,5.32761098803471,1.0,0.009421744215145612,1.3596830699421796,0.8442039804152838,0.13841059602649006,0.26453449181909366,0.25412518143159074,WOODLAND CHARLOTTE BAG,LUNCH BAG SPACEBOY DESIGN ,WOODLAND CHARLOTTE BAG → LUNCH BAG SPACEBOY DESIGN 
frozenset({'JUMBO BAG ALPHABET'}),frozenset({'JUMBO STORAGE BAG SUKI'}),0.04706143515178423,0.06271158221876907,0.015650147066984848,0.3325471698113207,5.302803055601936,1.0,0.012698850007130462,1.4042766400679925,0.8514929716150973,0.16627358490566035,0.2878895999070512,0.29105234596760726,JUMBO BAG ALPHABET,JUMBO STORAGE BAG SUKI,JUMBO BAG ALPHABET → JUMBO STORAGE BAG SUKI
frozenset({'PINK REGENCY TEACUP AND SAUCER'}),frozenset({'REGENCY CAKESTAND 3 TIER'}),0.038958876741217605,0.09351240357400521,0.019312947444364282,0.4957264957264957,5.301184407415861,1.0,0.015669809239749616,1.7976109963023965,0.8442541015107736,0.1706718979892104,0.44370611769901597,0.3511273428187375,PINK REGENCY TEACUP AND SAUCER,REGENCY CAKESTAND 3 TIER,PINK REGENCY TEACUP AND SAUCER → REGENCY CAKESTAND 3 TIER
frozenset({'RED RETROSPOT CHARLOTTE BAG'}),frozenset({'LUNCH BAG CARS BLUE'}),0.050113768799600424,0.05910427881680448,0.015650147066984848,0.31229235880398665,5.283752125154024,1.0,0.012688208903292388,1.3681623771794291,0.8535133233555265,0.16725978647686832,0.26909260429922355,0.2885405455991764,RED RETROSPOT CHARLOTTE BAG,LUNCH BAG CARS BLUE,RED RETROSPOT CHARLOTTE BAG → LUNCH BAG CARS BLUE
frozenset({'CHARLOTTE BAG SUKI DESIGN'}),frozenset({'JUMBO STORAGE BAG SUKI'}),0.044619568233531276,0.06271158221876907,0.014762195460347412,0.3308457711442786,5.275672522344032,1.0,0.011964031738504338,1.4007061113310588,0.8483015555152768,0.15947242206235013,0.28607436498601196,0.2831220006163871,CHARLOTTE BAG SUKI DESIGN,JUMBO STORAGE BAG SUKI,CHARLOTTE BAG SUKI DESIGN → JUMBO STORAGE BAG SUKI
frozenset({'RECYCLING BAG RETROSPOT '}),frozenset({'JUMBO BAG RED RETROSPOT'}),0.03940285254453632,0.10738664742771518,0.022309784116765638,0.5661971830985916,5.272510099355825,1.0,0.018078443882919265,2.0576476633971503,0.8435763294567661,0.17922425323227825,0.5140081473671675,0.3869745605415439,RECYCLING BAG RETROSPOT ,JUMBO BAG RED RETROSPOT,RECYCLING BAG RETROSPOT  → JUMBO BAG RED RETROSPOT
frozenset({'RECIPE BOX PANTRY YELLOW DESIGN'}),frozenset({'SET OF 3 CAKE TINS PANTRY DESIGN '}),0.05699539375104057,0.06887174648981631,0.0205893778789056,0.36124634858812077,5.245203831756122,1.0,0.01666400556939667,1.4577267017606077,0.8582668996604076,0.1955719557195572,0.3140003549415513,0.33009940314176384,RECIPE BOX PANTRY YELLOW DESIGN,SET OF 3 CAKE TINS PANTRY DESIGN ,RECIPE BOX PANTRY YELLOW DESIGN → SET OF 3 CAKE TINS PANTRY DESIGN 
frozenset({'RED RETROSPOT CHARLOTTE BAG'}),frozenset({'PACK OF 72 RETROSPOT CAKE CASES'}),0.050113768799600424,0.06265608524335424,0.01642710472279261,0.327796234772979,5.231674361713293,1.0,0.013287172153019097,1.3944341927928356,0.851529981430367,0.1705069124423963,0.28286325366336934,0.294987577085338,RED RETROSPOT CHARLOTTE BAG,PACK OF 72 RETROSPOT CAKE CASES,RED RETROSPOT CHARLOTTE BAG → PACK OF 72 RETROSPOT CAKE CASES
frozenset({'CHARLOTTE BAG SUKI DESIGN'}),frozenset({'PACK OF 72 RETROSPOT CAKE CASES'}),0.044619568233531276,0.06265608524335424,0.014595704534102891,0.3271144278606965,5.220792626768724,1.0,0.011800017063341096,1.3930212707289156,0.8462159956444387,0.15748502994011973,0.2821358718544636,0.28003197035196026,CHARLOTTE BAG SUKI DESIGN,PACK OF 72 RETROSPOT CAKE CASES,CHARLOTTE BAG SUKI DESIGN → PACK OF 72 RETROSPOT CAKE CASES
frozenset({'GREEN REGENCY TEACUP AND SAUCER'}),frozenset({'REGENCY CAKESTAND 3 TIER'}),0.05172318108663078,0.09351240357400521,0.02519562683833731,0.4871244635193133,5.2091962659670665,1.0,0.02035886785443294,1.767461171274115,0.8521054082128026,0.20989366620434582,0.43421670798056244,0.3782803326498644,GREEN REGENCY TEACUP AND SAUCER,REGENCY CAKESTAND 3 TIER,GREEN REGENCY TEACUP AND SAUCER → REGENCY CAKESTAND 3 TIER
frozenset({'JUMBO BAG PEARS'}),frozenset({'JUMBO BAG PINK POLKADOT'}),0.03041234252733226,0.06432099450579944,0.0101559465009157,0.33394160583941607,5.191797925470611,1.0,0.008199794384306671,1.4048002603036216,0.8327132581611432,0.12007874015748031,0.28815502939623,0.24591817134076066,JUMBO BAG PEARS,JUMBO BAG PINK POLKADOT,JUMBO BAG PEARS → JUMBO BAG PINK POLKADOT
frozenset({'RED RETROSPOT CHARLOTTE BAG'}),frozenset({'LUNCH BAG RED RETROSPOT'}),0.050113768799600424,0.07725178977745713,0.0200344081247572,0.3997785160575858,5.175006523593131,1.0,0.016163029792494378,1.5373461878799928,0.849326479443834,0.18665977249224405,0.34952842249603894,0.32955879825867795,RED RETROSPOT CHARLOTTE BAG,LUNCH BAG RED RETROSPOT,RED RETROSPOT CHARLOTTE BAG → LUNCH BAG RED RETROSPOT
frozenset({'CHARLOTTE BAG SUKI DESIGN'}),frozenset({'LUNCH BAG RED RETROSPOT'}),0.044619568233531276,0.07725178977745713,0.017814529108163606,0.39925373134328357,5.168213351346715,1.0,0.014367587603025943,1.536003231923239,0.8441763187396343,0.1712,0.34895970319808906,0.31492858980957283,CHARLOTTE BAG SUKI DESIGN,LUNCH BAG RED RETROSPOT,CHARLOTTE BAG SUKI DESIGN → LUNCH BAG RED RETROSPOT
frozenset({'DOTCOM POSTAGE'}),frozenset({'HEART OF WICKER SMALL'}),0.03918086464287696,0.06459847938287364,0.013041789222487374,0.3328611898016997,5.1527712878323255,1.0,0.010510764945651323,1.4021092856808732,0.8387943631092611,0.1437308868501529,0.28678883293009955,0.26737561208298044,DOTCOM POSTAGE,HEART OF WICKER SMALL,DOTCOM POSTAGE → HEART OF WICKER SMALL
frozenset({'SUKI  SHOULDER BAG'}),frozenset({'JUMBO BAG RED RETROSPOT'}),0.028136966535323826,0.10738664742771518,0.01548365614074033,0.5502958579881656,5.124434658960598,1.0,0.01246212163572609,1.9848902182199488,0.8281583872441387,0.1289875173370319,0.4961937991226533,0.34724095224989676,SUKI  SHOULDER BAG,JUMBO BAG RED RETROSPOT,SUKI  SHOULDER BAG → JUMBO BAG RED RETROSPOT
frozenset({'ROSES REGENCY TEACUP AND SAUCER '}),frozenset({'REGENCY CAKESTAND 3 TIER'}),0.053055108496586935,0.09351240357400521,0.02519562683833731,0.4748953974895398,5.07842146431099,1.0,0.020234316120941842,1.7262990880144444,0.8480835855514456,0.20759030635573847,0.4207261030588967,0.37216579963497765,ROSES REGENCY TEACUP AND SAUCER ,REGENCY CAKESTAND 3 TIER,ROSES REGENCY TEACUP AND SAUCER  → REGENCY CAKESTAND 3 TIER
frozenset({'JUMBO BAG VINTAGE LEAF'}),frozenset({'JUMBO STORAGE BAG SUKI'}),0.04528553193850935,0.06271158221876907,0.014207225706199013,0.3137254901960784,5.0026722193302104,1.0,0.01136729834671649,1.3657631230526508,0.8380587688193919,0.1514792899408284,0.2678086096182804,0.27013708138122505,JUMBO BAG VINTAGE LEAF,JUMBO STORAGE BAG SUKI,JUMBO BAG VINTAGE LEAF → JUMBO STORAGE BAG SUKI
frozenset({'TEA TIME PARTY BUNTING'}),frozenset({'PARTY BUNTING'}),0.02497363893667795,0.08840668183583995,0.011043898107553138,0.44222222222222224,5.002135732719537,1.0,0.008836061555795107,1.6343306500951078,0.8205782169427592,0.1079175704989154,0.38812871193365533,0.2835718769617075,TEA TIME PARTY BUNTING,PARTY BUNTING,TEA TIME PARTY BUNTING → PARTY BUNTING
frozenset({'PACK OF 72 SKULL CAKE CASES'}),frozenset({'LUNCH BAG  BLACK SKULL.'}),0.03346467617514846,0.06748432210444531,0.011265886009212498,0.3366500829187396,4.98856730601379,1.0,0.009007545023087822,1.4057673844275484,0.8272244422771879,0.1256188118811881,0.288644756538283,0.2517954361962119,PACK OF 72 SKULL CAKE CASES,LUNCH BAG  BLACK SKULL.,PACK OF 72 SKULL CAKE CASES → LUNCH BAG  BLACK SKULL.
frozenset({'JAM MAKING SET WITH JARS'}),frozenset({'SET OF 3 CAKE TINS PANTRY DESIGN '}),0.055441478439425054,0.06887174648981631,0.018924468616460403,0.3413413413413413,4.956188259169725,1.0,0.015106117168359703,1.4136734426393214,0.8450847889838072,0.17956819378620326,0.29262305576526576,0.3080598729269156,JAM MAKING SET WITH JARS,SET OF 3 CAKE TINS PANTRY DESIGN ,JAM MAKING SET WITH JARS → SET OF 3 CAKE TINS PANTRY DESIGN 
frozenset({'PACK OF 20 NAPKINS PANTRY DESIGN'}),frozenset({'SET OF 3 CAKE TINS PANTRY DESIGN '}),0.03235473666685166,0.06887174648981631,0.011043898107553138,0.3413379073756432,4.956138398873259,1.0,0.008815570886088966,1.4136660723865548,0.8249200810199195,0.12246153846153847,0.29261936780317765,0.25084623007782963,PACK OF 20 NAPKINS PANTRY DESIGN,SET OF 3 CAKE TINS PANTRY DESIGN ,PACK OF 20 NAPKINS PANTRY DESIGN → SET OF 3 CAKE TINS PANTRY DESIGN 
frozenset({'WOODLAND CHARLOTTE BAG'}),frozenset({'JUMBO STORAGE BAG SUKI'}),0.037793440257505966,0.06271158221876907,0.011709861812531218,0.30983847283406757,4.940689771678818,1.0,0.009339775376492495,1.3580710904447197,0.8289271189656011,0.13187500000000002,0.2636615218187615,0.24828206827544086,WOODLAND CHARLOTTE BAG,JUMBO STORAGE BAG SUKI,WOODLAND CHARLOTTE BAG → JUMBO STORAGE BAG SUKI
frozenset({'SPOTTY BUNTING'}),frozenset({'PARTY BUNTING'}),0.057716854431433484,0.08840668183583995,0.025084632887507632,0.4346153846153847,4.916092037278478,1.0,0.019982077301222402,1.6123419232835483,0.8453790132214338,0.2072443833104081,0.3797841601963118,0.35917837655125795,SPOTTY BUNTING,PARTY BUNTING,SPOTTY BUNTING → PARTY BUNTING
frozenset({'RED TOADSTOOL LED NIGHT LIGHT'}),frozenset({'JUMBO STORAGE BAG SUKI'}),0.036572506798379485,0.06271158221876907,0.011265886009212498,0.3080424886191199,4.912050975599931,1.0,0.008972366242179432,1.354546200258402,0.8266517786202356,0.12799495586380835,0.26174537287156857,0.2438442531591175,RED TOADSTOOL LED NIGHT LIGHT,JUMBO STORAGE BAG SUKI,RED TOADSTOOL LED NIGHT LIGHT → JUMBO STORAGE BAG SUKI
frozenset({'TOY TIDY PINK POLKADOT'}),frozenset({'JUMBO BAG RED RETROSPOT'}),0.02486264498584827,0.10738664742771518,0.013097286197902215,0.5267857142857143,4.905504798818753,1.0,0.010427370106686476,1.8862772733603,0.8164463981001052,0.10992081974848628,0.46985524656268873,0.32437476928756,TOY TIDY PINK POLKADOT,JUMBO BAG RED RETROSPOT,TOY TIDY PINK POLKADOT → JUMBO BAG RED RETROSPOT
frozenset({'HAND WARMER OWL DESIGN'}),"frozenset({""PAPER CHAIN KIT 50'S CHRISTMAS ""})",0.03490759753593429,0.062434097341694875,0.01065541927964926,0.30524642289348175,4.889098039215687,1.0,0.00847599493712603,1.3494941711031438,0.8242353723404255,0.12291933418693983,0.2589816085070231,0.23795654478007422,HAND WARMER OWL DESIGN,PAPER CHAIN KIT 50'S CHRISTMAS ,HAND WARMER OWL DESIGN → PAPER CHAIN KIT 50'S CHRISTMAS 
frozenset({'SET OF 3 BUTTERFLY COOKIE CUTTERS'}),frozenset({'PACK OF 72 RETROSPOT CAKE CASES'}),0.03518508241300849,0.06265608524335424,0.010766413230478939,0.30599369085173506,4.883702670910021,1.0,0.008561853707515034,1.3506273680811671,0.8242382193442029,0.12364563416188656,0.2596033342485147,0.2389135859041669,SET OF 3 BUTTERFLY COOKIE CUTTERS,PACK OF 72 RETROSPOT CAKE CASES,SET OF 3 BUTTERFLY COOKIE CUTTERS → PACK OF 72 RETROSPOT CAKE CASES
frozenset({'CHARLOTTE BAG PINK POLKADOT'}),frozenset({'JUMBO STORAGE BAG SUKI'}),0.03734946445418725,0.06271158221876907,0.011432376935457018,0.3060921248142645,4.880950439847993,1.0,0.009090132924511262,1.350738983226485,0.8259714614824044,0.1289918597370069,0.2596645151890717,0.24419650488500838,CHARLOTTE BAG PINK POLKADOT,JUMBO STORAGE BAG SUKI,CHARLOTTE BAG PINK POLKADOT → JUMBO STORAGE BAG SUKI
frozenset({'JUMBO BAG ALPHABET'}),frozenset({'JUMBO BAG PINK POLKADOT'}),0.04706143515178423,0.06432099450579944,0.01470669848493257,0.3125,4.858444779982744,1.0,0.011679660173099621,1.360987644355201,0.8333935123172792,0.15212399540757748,0.2652394721233689,0.2705726919758412,JUMBO BAG ALPHABET,JUMBO BAG PINK POLKADOT,JUMBO BAG ALPHABET → JUMBO BAG PINK POLKADOT
frozenset({'JUMBO BAG VINTAGE LEAF'}),frozenset({'JUMBO SHOPPER VINTAGE RED PAISLEY'}),0.04528553193850935,0.06287807314501359,0.013763249902880293,0.303921568627451,4.833506394614334,1.0,0.010915782913239852,1.3462878385804031,0.8307309490280202,0.1457965902410347,0.25721679172675826,0.2614047384178738,JUMBO BAG VINTAGE LEAF,JUMBO SHOPPER VINTAGE RED PAISLEY,JUMBO BAG VINTAGE LEAF → JUMBO SHOPPER VINTAGE RED PAISLEY
frozenset({'DOTCOM POSTAGE'}),frozenset({'SET OF 3 CAKE TINS PANTRY DESIGN '}),0.03918086464287696,0.06887174648981631,0.013041789222487374,0.3328611898016997,4.833058645476895,1.0,0.010343334645551344,1.3957039213974305,0.8254328625273591,0.13726635514018692,0.283515662119253,0.2611123032006081,DOTCOM POSTAGE,SET OF 3 CAKE TINS PANTRY DESIGN ,DOTCOM POSTAGE → SET OF 3 CAKE TINS PANTRY DESIGN 
frozenset({'RED TOADSTOOL LED NIGHT LIGHT'}),frozenset({'JUMBO SHOPPER VINTAGE RED PAISLEY'}),0.036572506798379485,0.06287807314501359,0.011099395082967978,0.30349013657056145,4.826644987524225,1.0,0.008799786325402965,1.3454539211273115,0.8229127304147466,0.1256281407035176,0.2567564118716657,0.24000632159507773,RED TOADSTOOL LED NIGHT LIGHT,JUMBO SHOPPER VINTAGE RED PAISLEY,RED TOADSTOOL LED NIGHT LIGHT → JUMBO SHOPPER VINTAGE RED PAISLEY
frozenset({'SET OF 3 REGENCY CAKE TINS'}),frozenset({'SET OF 3 CAKE TINS PANTRY DESIGN '}),0.04029080415117376,0.06887174648981631,0.013374771074976415,0.3319559228650138,4.8199144029852405,1.0,0.010599873025605937,1.3938126021616357,0.8257995644029329,0.13962920046349944,0.28254343629185147,0.2630770750505569,SET OF 3 REGENCY CAKE TINS,SET OF 3 CAKE TINS PANTRY DESIGN ,SET OF 3 REGENCY CAKE TINS → SET OF 3 CAKE TINS PANTRY DESIGN 
frozenset({'RED RETROSPOT SHOPPER BAG'}),frozenset({'JUMBO BAG RED RETROSPOT'}),0.02941339696986514,0.10738664742771518,0.01509517731283645,0.5132075471698113,4.779062941836088,1.0,0.011936571222782116,1.8336630886174843,0.8147175703719648,0.12403100775193801,0.4546435459122625,0.32688801131100387,RED RETROSPOT SHOPPER BAG,JUMBO BAG RED RETROSPOT,RED RETROSPOT SHOPPER BAG → JUMBO BAG RED RETROSPOT
frozenset({'CHARLOTTE BAG PINK POLKADOT'}),frozenset({'JUMBO BAG PINK POLKADOT'}),0.03734946445418725,0.06432099450579944,0.011376879960042177,0.30460624071322434,4.735720320458662,1.0,0.008974525262089847,1.3455383989264893,0.8194447022297964,0.12599877074370003,0.2568030754099401,0.2407414292435837,CHARLOTTE BAG PINK POLKADOT,JUMBO BAG PINK POLKADOT,CHARLOTTE BAG PINK POLKADOT → JUMBO BAG PINK POLKADOT
frozenset({'HANGING HEART ZINC T-LIGHT HOLDER'}),frozenset({'NATURAL SLATE HEART CHALKBOARD '}),0.03207725178977746,0.06765081303068983,0.01026694045174538,0.3200692041522491,4.731195233485953,1.0,0.008096888288376784,1.3712412978836162,0.814772584636698,0.11476426799007444,0.27073374938210576,0.23591647246168648,HANGING HEART ZINC T-LIGHT HOLDER,NATURAL SLATE HEART CHALKBOARD ,HANGING HEART ZINC T-LIGHT HOLDER → NATURAL SLATE HEART CHALKBOARD 
frozenset({'JUMBO BAG VINTAGE DOILY '}),frozenset({'JUMBO BAG RED RETROSPOT'}),0.03635051889672013,0.10738664742771518,0.018314001886897163,0.5038167938931297,4.691614888454938,1.0,0.01441044153032058,1.798959218261066,0.8165352558061612,0.14601769911504425,0.4441230296667685,0.3371797147760222,JUMBO BAG VINTAGE DOILY ,JUMBO BAG RED RETROSPOT,JUMBO BAG VINTAGE DOILY  → JUMBO BAG RED RETROSPOT
frozenset({'JUMBO BAG VINTAGE LEAF'}),frozenset({'JUMBO BAG RED RETROSPOT'}),0.04528553193850935,0.10738664742771518,0.022420778067595317,0.4950980392156863,4.610424583270001,1.0,0.01755771661573808,1.76789440703637,0.820245490223614,0.17213463996591394,0.4343553574127985,0.35194178446572427,JUMBO BAG VINTAGE LEAF,JUMBO BAG RED RETROSPOT,JUMBO BAG VINTAGE LEAF → JUMBO BAG RED RETROSPOT
frozenset({'JUMBO BAG PEARS'}),frozenset({'JUMBO BAG RED RETROSPOT'}),0.03041234252733226,0.10738664742771518,0.015039680337421611,0.4945255474452555,4.605093457062563,1.0,0.011773800832988074,1.7658921198902962,0.8074041938977,0.12251356238698013,0.4337139915080862,0.3172886135159094,JUMBO BAG PEARS,JUMBO BAG RED RETROSPOT,JUMBO BAG PEARS → JUMBO BAG RED RETROSPOT
"frozenset({'JUMBO BAG STRAWBERRY', 'JUMBO BAG RED RETROSPOT'})",frozenset({'LUNCH BAG RED RETROSPOT'}),0.028636439314057384,0.07725178977745713,0.01004495255008602,0.35077519379844957,4.540674006504499,1.0,0.00783273636022155,1.421307690969648,0.8027564651111112,0.1048060220034742,0.29642257876070627,0.24040196471531672,"JUMBO BAG RED RETROSPOT, JUMBO BAG STRAWBERRY",LUNCH BAG RED RETROSPOT,"JUMBO BAG RED RETROSPOT, JUMBO BAG STRAWBERRY → LUNCH BAG RED RETROSPOT"
frozenset({'JAM MAKING SET PRINTED'}),frozenset({'SET OF 3 CAKE TINS PANTRY DESIGN '}),0.05594095121815861,0.06887174648981631,0.017426050280259727,0.3115079365079365,4.523014913728048,1.0,0.013573299269563526,1.3524168293058576,0.8250633628970688,0.16227390180878554,0.260582996062493,0.2822648465779006,JAM MAKING SET PRINTED,SET OF 3 CAKE TINS PANTRY DESIGN ,JAM MAKING SET PRINTED → SET OF 3 CAKE TINS PANTRY DESIGN 
frozenset({'RED RETROSPOT PICNIC BAG'}),frozenset({'JUMBO BAG RED RETROSPOT'}),0.02497363893667795,0.10738664742771518,0.012042843665020257,0.4822222222222223,4.490523112259547,1.0,0.009361008305540161,1.7239313676288766,0.7972182360373437,0.10009225092250924,0.41993050374423174,0.29718346253229977,RED RETROSPOT PICNIC BAG,JUMBO BAG RED RETROSPOT,RED RETROSPOT PICNIC BAG → JUMBO BAG RED RETROSPOT
frozenset({'STRAWBERRY SHOPPER BAG'}),frozenset({'JUMBO BAG RED RETROSPOT'}),0.021699317387202398,0.10738664742771518,0.01026694045174538,0.4731457800511509,4.406001969375549,1.0,0.007936723506063786,1.6942321400765212,0.790183307882423,0.08640822045773004,0.4097621120829201,0.28437650759663485,STRAWBERRY SHOPPER BAG,JUMBO BAG RED RETROSPOT,STRAWBERRY SHOPPER BAG → JUMBO BAG RED RETROSPOT
frozenset({'JUMBO BAG ALPHABET'}),frozenset({'JUMBO BAG RED RETROSPOT'}),0.04706143515178423,0.10738664742771518,0.022032299239691435,0.46816037735849053,4.359577178099556,1.0,0.0169785294956045,1.678350605280039,0.808677479911285,0.1663872590108969,0.4041769360620891,0.3366641680074106,JUMBO BAG ALPHABET,JUMBO BAG RED RETROSPOT,JUMBO BAG ALPHABET → JUMBO BAG RED RETROSPOT
frozenset({'SKULL SHOULDER BAG'}),frozenset({'JUMBO BAG RED RETROSPOT'}),0.022365281092180476,0.10738664742771518,0.01037793440257506,0.46401985111662536,4.321019998589391,1.0,0.00797620184730733,1.6653850976232907,0.7861557553415224,0.08693630869363088,0.39953828010883313,0.2803303389950052,SKULL SHOULDER BAG,JUMBO BAG RED RETROSPOT,SKULL SHOULDER BAG → JUMBO BAG RED RETROSPOT
frozenset({'PACK OF 72 SKULL CAKE CASES'}),frozenset({'LUNCH BAG RED RETROSPOT'}),0.03346467617514846,0.07725178977745713,0.010988401132138299,0.3283582089552239,4.250493223537485,1.0,0.008403195003285052,1.3738695574424529,0.7912107988474547,0.11018363939899832,0.27212886071836045,0.23529979413278435,PACK OF 72 SKULL CAKE CASES,LUNCH BAG RED RETROSPOT,PACK OF 72 SKULL CAKE CASES → LUNCH BAG RED RETROSPOT
frozenset({'RECYCLING BAG RETROSPOT '}),frozenset({'LUNCH BAG RED RETROSPOT'}),0.03940285254453632,0.07725178977745713,0.012930795271657695,0.32816901408450705,4.248044155739032,1.0,0.009886854390255034,1.3734826609182504,0.7959606714311963,0.12466559657570893,0.27192382659461917,0.2477770357778857,RECYCLING BAG RETROSPOT ,LUNCH BAG RED RETROSPOT,RECYCLING BAG RETROSPOT  → LUNCH BAG RED RETROSPOT
"frozenset({'JUMBO BAG RED RETROSPOT', 'JUMBO STORAGE BAG SUKI'})",frozenset({'LUNCH BAG RED RETROSPOT'}),0.038736888839558246,0.07725178977745713,0.012653310394583495,0.326647564469914,4.228349471396107,1.0,0.009660816401317216,1.3703792568836912,0.7942685939489333,0.12244897959183673,0.27027500235661156,0.24522033395909493,"JUMBO BAG RED RETROSPOT, JUMBO STORAGE BAG SUKI",LUNCH BAG RED RETROSPOT,"JUMBO BAG RED RETROSPOT, JUMBO STORAGE BAG SUKI → LUNCH BAG RED RETROSPOT"
frozenset({'JUMBO BAG OWLS'}),frozenset({'LUNCH BAG RED RETROSPOT'}),0.034241633830956214,0.07725178977745713,0.010932904156723459,0.3192868719611021,4.133067633525215,1.0,0.008287676658377766,1.3555610612078786,0.7849261156165609,0.10871964679911701,0.2622980781780898,0.23040493023342462,JUMBO BAG OWLS,LUNCH BAG RED RETROSPOT,JUMBO BAG OWLS → LUNCH BAG RED RETROSPOT
frozenset({'FLORAL FOLK STATIONERY SET'}),frozenset({'JUMBO BAG RED RETROSPOT'}),0.022642765969254675,0.10738664742771518,0.01004495255008602,0.44362745098039214,4.131123017682525,1.0,0.0076134218241574,1.604344704182785,0.7754944094145075,0.08371877890841813,0.3766925540422585,0.26858375132998935,FLORAL FOLK STATIONERY SET,JUMBO BAG RED RETROSPOT,FLORAL FOLK STATIONERY SET → JUMBO BAG RED RETROSPOT
frozenset({'DOTCOM POSTAGE'}),frozenset({'LUNCH BAG RED RETROSPOT'}),0.03918086464287696,0.07725178977745713,0.012431322492924135,0.31728045325779036,4.107095177623653,1.0,0.009404530574233601,1.3515772539774176,0.7873686989958,0.11953041622198506,0.2601236836021005,0.2390999967438377,DOTCOM POSTAGE,LUNCH BAG RED RETROSPOT,DOTCOM POSTAGE → LUNCH BAG RED RETROSPOT
frozenset({'SMALL HEART MEASURING SPOONS'}),frozenset({'JUMBO BAG RED RETROSPOT'}),0.02486264498584827,0.10738664742771518,0.010877407181308618,0.4375,4.074063307493541,1.0,0.008207491090092878,1.5868681823507285,0.7737831004008227,0.08962048468221308,0.3698279345933847,0.26939599483204135,SMALL HEART MEASURING SPOONS,JUMBO BAG RED RETROSPOT,SMALL HEART MEASURING SPOONS → JUMBO BAG RED RETROSPOT
"frozenset({'WOODLAND CHARLOTTE BAG', 'RED RETROSPOT CHARLOTTE BAG'})",frozenset({'JUMBO BAG RED RETROSPOT'}),0.023863699428381152,0.10738664742771518,0.0104334313779899,0.4372093023255814,4.071356288684575,1.0,0.007870788701153365,1.5860485190333986,0.7728240450087882,0.08635737253100599,0.36950226427534516,0.26718346253229974,"RED RETROSPOT CHARLOTTE BAG, WOODLAND CHARLOTTE BAG",JUMBO BAG RED RETROSPOT,"RED RETROSPOT CHARLOTTE BAG, WOODLAND CHARLOTTE BAG → JUMBO BAG RED RETROSPOT"
frozenset({'JUMBO BAG DOILEY PATTERNS'}),frozenset({'JUMBO BAG RED RETROSPOT'}),0.02619457239580443,0.10738664742771518,0.011376879960042177,0.43432203389830504,4.044469627293829,1.0,0.008563932649654167,1.5779531925622412,0.7729971213201617,0.09309718437783833,0.36626764043854504,0.2701325931765427,JUMBO BAG DOILEY PATTERNS,JUMBO BAG RED RETROSPOT,JUMBO BAG DOILEY PATTERNS → JUMBO BAG RED RETROSPOT
frozenset({'BOX OF 24 COCKTAIL PARASOLS'}),frozenset({'REGENCY CAKESTAND 3 TIER'}),0.03052333647816194,0.09351240357400521,0.011543370886286698,0.37818181818181823,4.044188831939574,1.0,0.008689060327115663,1.4578016901587634,0.7764308863613346,0.10261470152935373,0.31403564232999776,0.2508119773401673,BOX OF 24 COCKTAIL PARASOLS,REGENCY CAKESTAND 3 TIER,BOX OF 24 COCKTAIL PARASOLS → REGENCY CAKESTAND 3 TIER
frozenset({'VINTAGE PAISLEY STATIONERY SET'}),frozenset({'JUMBO BAG RED RETROSPOT'}),0.023419723625062436,0.10738664742771518,0.01010044952550086,0.4312796208530806,4.0161382367708836,1.0,0.00758548392172175,1.5695118116062674,0.7690146984344859,0.08367816091954024,0.36285920717182657,0.2626682341991501,VINTAGE PAISLEY STATIONERY SET,JUMBO BAG RED RETROSPOT,VINTAGE PAISLEY STATIONERY SET → JUMBO BAG RED RETROSPOT
frozenset({'RED RETROSPOT CHARLOTTE BAG'}),frozenset({'JUMBO BAG RED RETROSPOT'}),0.050113768799600424,0.10738664742771518,0.021366335534713357,0.4263565891472868,3.970294253149851,1.0,0.015984785913356635,1.5560421957003343,0.7875990567039879,0.15695067264573992,0.35734390573520025,0.3126614987080103,RED RETROSPOT CHARLOTTE BAG,JUMBO BAG RED RETROSPOT,RED RETROSPOT CHARLOTTE BAG → JUMBO BAG RED RETROSPOT
frozenset({'TOILET SIGN OCCUPIED OR VACANT'}),frozenset({'JUMBO BAG RED RETROSPOT'}),0.023752705477551473,0.10738664742771518,0.01004495255008602,0.4228971962616822,3.9380798860151174,1.0,0.00749422914151384,1.5467146352264691,0.7642214706101281,0.08295142071494041,0.3534683274956013,0.2582186239706344,TOILET SIGN OCCUPIED OR VACANT,JUMBO BAG RED RETROSPOT,TOILET SIGN OCCUPIED OR VACANT → JUMBO BAG RED RETROSPOT
"frozenset({'RED RETROSPOT CHARLOTTE BAG', 'CHARLOTTE BAG SUKI DESIGN'})",frozenset({'JUMBO BAG RED RETROSPOT'}),0.026361063322048947,0.10738664742771518,0.011099395082967978,0.42105263157894735,3.9209030327757377,1.0,0.008268568870183433,1.5417866998975829,0.765126253989968,0.09049773755656108,0.35140185080956554,0.2622059023527812,"CHARLOTTE BAG SUKI DESIGN, RED RETROSPOT CHARLOTTE BAG",JUMBO BAG RED RETROSPOT,"CHARLOTTE BAG SUKI DESIGN, RED RETROSPOT CHARLOTTE BAG → JUMBO BAG RED RETROSPOT"
"frozenset({'RED RETROSPOT CHARLOTTE BAG', 'STRAWBERRY CHARLOTTE BAG'})",frozenset({'JUMBO BAG RED RETROSPOT'}),0.02541761473999667,0.10738664742771518,0.01065541927964926,0.41921397379912667,3.9037811854710407,1.0,0.007925906847111742,1.5369056972861146,0.7632377854336315,0.08723307587460247,0.3493419916616801,0.25921939000033856,"RED RETROSPOT CHARLOTTE BAG, STRAWBERRY CHARLOTTE BAG",JUMBO BAG RED RETROSPOT,"RED RETROSPOT CHARLOTTE BAG, STRAWBERRY CHARLOTTE BAG → JUMBO BAG RED RETROSPOT"
"frozenset({'JUMBO BAG RED RETROSPOT', 'JUMBO BAG PINK POLKADOT'})",frozenset({'LUNCH BAG RED RETROSPOT'}),0.04356512570064931,0.07725178977745713,0.013097286197902215,0.3006369426751593,3.8916501940112753,1.0,0.00973180226564716,1.319412286019483,0.7768846761329103,0.12158681092220505,0.24208679076584444,0.23508858628010837,"JUMBO BAG PINK POLKADOT, JUMBO BAG RED RETROSPOT",LUNCH BAG RED RETROSPOT,"JUMBO BAG PINK POLKADOT, JUMBO BAG RED RETROSPOT → LUNCH BAG RED RETROSPOT"
frozenset({'JUMBO BAG STRAWBERRY'}),frozenset({'LUNCH BAG RED RETROSPOT'}),0.04378711360230867,0.07725178977745713,0.013152783173317055,0.30038022813688214,3.8883271054586777,1.0,0.009770150278349873,1.3189281483072215,0.7768353695717656,0.12191358024691358,0.24180858427849158,0.23531942441326867,JUMBO BAG STRAWBERRY,LUNCH BAG RED RETROSPOT,JUMBO BAG STRAWBERRY → LUNCH BAG RED RETROSPOT
"frozenset({'RED RETROSPOT CHARLOTTE BAG', 'CHARLOTTE BAG PINK POLKADOT'})",frozenset({'JUMBO BAG RED RETROSPOT'}),0.02658305122370831,0.10738664742771518,0.011043898107553138,0.4154488517745302,3.8687198243541396,1.0,0.008189233358239881,1.5270064138647301,0.7617666439380482,0.08984198645598195,0.34512390326568393,0.2591456145177561,"CHARLOTTE BAG PINK POLKADOT, RED RETROSPOT CHARLOTTE BAG",JUMBO BAG RED RETROSPOT,"CHARLOTTE BAG PINK POLKADOT, RED RETROSPOT CHARLOTTE BAG → JUMBO BAG RED RETROSPOT"
frozenset({'BOX OF 24 COCKTAIL PARASOLS'}),frozenset({'PARTY BUNTING'}),0.03052333647816194,0.08840668183583995,0.0104334313779899,0.34181818181818185,3.866429264395366,1.0,0.007734964481396749,1.3850174723488617,0.7647047718572596,0.09616368286445012,0.2779874478376853,0.2299172516121669,BOX OF 24 COCKTAIL PARASOLS,PARTY BUNTING,BOX OF 24 COCKTAIL PARASOLS → PARTY BUNTING
frozenset({'PICNIC BASKET WICKER SMALL'}),frozenset({'JUMBO BAG RED RETROSPOT'}),0.02497363893667795,0.10738664742771518,0.01010044952550086,0.4044444444444445,3.766245190927362,1.0,0.007418614166020765,1.498791077080329,0.7532961090932517,0.08261461643213801,0.33279560087319354,0.24925064599483207,PICNIC BASKET WICKER SMALL,JUMBO BAG RED RETROSPOT,PICNIC BASKET WICKER SMALL → JUMBO BAG RED RETROSPOT
frozenset({'WOODLAND CHARLOTTE BAG'}),frozenset({'PARTY BUNTING'}),0.037793440257505966,0.08840668183583995,0.012542316443753816,0.33186490455212925,3.753844140065798,1.0,0.00920112379542666,1.3643847245489955,0.7624209241147124,0.1103515625,0.26706889779159976,0.23686779439784744,WOODLAND CHARLOTTE BAG,PARTY BUNTING,WOODLAND CHARLOTTE BAG → PARTY BUNTING
frozenset({'RED TOADSTOOL LED NIGHT LIGHT'}),frozenset({'JUMBO BAG RED RETROSPOT'}),0.036572506798379485,0.10738664742771518,0.014595704534102891,0.39908952959028837,3.71637944893406,1.0,0.010668305640997598,1.4854348468311507,0.7586672740971774,0.11282711282711283,0.3267964581999133,0.26750342112589354,RED TOADSTOOL LED NIGHT LIGHT,JUMBO BAG RED RETROSPOT,RED TOADSTOOL LED NIGHT LIGHT → JUMBO BAG RED RETROSPOT
frozenset({'WOODLAND CHARLOTTE BAG'}),frozenset({'JUMBO BAG RED RETROSPOT'}),0.037793440257505966,0.10738664742771518,0.01498418336200677,0.3964757709251101,3.692039750025612,1.0,0.010925672517993559,1.4790016863788953,0.7577863652093667,0.11508951406649617,0.32386824896167365,0.2680053273230202,WOODLAND CHARLOTTE BAG,JUMBO BAG RED RETROSPOT,WOODLAND CHARLOTTE BAG → JUMBO BAG RED RETROSPOT
frozenset({'SET OF 72 PINK HEART PAPER DOILIES'}),frozenset({'JUMBO BAG RED RETROSPOT'}),0.02547311171541151,0.10738664742771518,0.01004495255008602,0.3943355119825708,3.672109349051133,1.0,0.007309480483416323,1.4737752835635924,0.7466976679797128,0.08178942611839131,0.32147050425354035,0.24393778183107867,SET OF 72 PINK HEART PAPER DOILIES,JUMBO BAG RED RETROSPOT,SET OF 72 PINK HEART PAPER DOILIES → JUMBO BAG RED RETROSPOT
frozenset({'PAPER BUNTING RETROSPOT'}),frozenset({'PARTY BUNTING'}),0.039291858593706645,0.08840668183583995,0.012708807369998335,0.3234463276836158,3.658618567816116,1.0,0.009235144528565697,1.3474072427144577,0.756392873350337,0.11052123552123552,0.25783388399677787,0.23360012554927806,PAPER BUNTING RETROSPOT,PARTY BUNTING,PAPER BUNTING RETROSPOT → PARTY BUNTING
frozenset({'STRAWBERRY CHARLOTTE BAG'}),frozenset({'PARTY BUNTING'}),0.03734946445418725,0.08840668183583995,0.011987346689605417,0.3209509658246657,3.6303926259853427,1.0,0.008685404468865073,1.3424558055240254,0.7526591144932551,0.10536585365853657,0.2550965209542586,0.2282720930818244,STRAWBERRY CHARLOTTE BAG,PARTY BUNTING,STRAWBERRY CHARLOTTE BAG → PARTY BUNTING
frozenset({'CHARLOTTE BAG PINK POLKADOT'}),frozenset({'JUMBO BAG RED RETROSPOT'}),0.03734946445418725,0.10738664742771518,0.014540207558688052,0.38930163447251115,3.625233153261074,1.0,0.010529373787732265,1.4616272172290696,0.7522518775915076,0.11167945439045182,0.31583102160906357,0.2623510756341884,CHARLOTTE BAG PINK POLKADOT,JUMBO BAG RED RETROSPOT,CHARLOTTE BAG PINK POLKADOT → JUMBO BAG RED RETROSPOT
"frozenset({'LUNCH BAG RED RETROSPOT', 'LUNCH BAG PINK POLKADOT'})",frozenset({'JUMBO BAG RED RETROSPOT'}),0.0307453243798213,0.10738664742771518,0.011820855763360897,0.3844765342960289,3.5803011222119614,1.0,0.008519218454134291,1.4501694936218352,0.7435547150639307,0.09358523725834798,0.31042543344193885,0.24727702683793695,"LUNCH BAG PINK POLKADOT, LUNCH BAG RED RETROSPOT",JUMBO BAG RED RETROSPOT,"LUNCH BAG PINK POLKADOT, LUNCH BAG RED RETROSPOT → JUMBO BAG RED RETROSPOT"
frozenset({'CHARLOTTE BAG PINK POLKADOT'}),frozenset({'PARTY BUNTING'}),0.03734946445418725,0.08840668183583995,0.011820855763360897,0.3164933135215453,3.5799705061799902,1.0,0.008518913542620552,1.33370065896626,0.7486289813132224,0.10375060886507548,0.2502065637613981,0.22510164734457677,CHARLOTTE BAG PINK POLKADOT,PARTY BUNTING,CHARLOTTE BAG PINK POLKADOT → PARTY BUNTING
frozenset({'CHARLOTTE BAG SUKI DESIGN'}),frozenset({'JUMBO BAG RED RETROSPOT'}),0.044619568233531276,0.10738664742771518,0.017037571452355845,0.38184079601990045,3.555756745985833,1.0,0.01224602561008474,1.4439861880646214,0.7523347660030596,0.12623355263157895,0.3074726003160026,0.2702485633846272,CHARLOTTE BAG SUKI DESIGN,JUMBO BAG RED RETROSPOT,CHARLOTTE BAG SUKI DESIGN → JUMBO BAG RED RETROSPOT
frozenset({'LUNCH BAG RED RETROSPOT'}),frozenset({'JUMBO BAG RED RETROSPOT'}),0.07725178977745713,0.10738664742771518,0.029468893945279982,0.38146551724137934,3.552262095696338,1.0,0.02117308323328822,1.4431100891760982,0.7786406223082122,0.18991416309012876,0.3070521732885112,0.3279420609462711,LUNCH BAG RED RETROSPOT,JUMBO BAG RED RETROSPOT,LUNCH BAG RED RETROSPOT → JUMBO BAG RED RETROSPOT
frozenset({'SET OF 3 REGENCY CAKE TINS'}),frozenset({'REGENCY CAKESTAND 3 TIER'}),0.04029080415117376,0.09351240357400521,0.013319274099561573,0.3305785123966942,3.535130097849278,1.0,0.009551584161455809,1.3541357921919182,0.747231538772914,0.11054813450023031,0.2615216245179401,0.23650587340902962,SET OF 3 REGENCY CAKE TINS,REGENCY CAKESTAND 3 TIER,SET OF 3 REGENCY CAKE TINS → REGENCY CAKESTAND 3 TIER
frozenset({'LOVEBIRD HANGING DECORATION WHITE '}),frozenset({'WHITE HANGING HEART T-LIGHT HOLDER'}),0.029801875797769023,0.11998446084688384,0.012597813419168656,0.4227188081936685,3.5231129532107834,1.0,0.009022051419347542,1.524414014597495,0.7381586195391913,0.09182847896440131,0.3440102292263173,0.26385709142338376,LOVEBIRD HANGING DECORATION WHITE ,WHITE HANGING HEART T-LIGHT HOLDER,LOVEBIRD HANGING DECORATION WHITE  → WHITE HANGING HEART T-LIGHT HOLDER
frozenset({'WOODLAND CHARLOTTE BAG'}),frozenset({'REGENCY CAKESTAND 3 TIER'}),0.037793440257505966,0.09351240357400521,0.012431322492924135,0.328928046989721,3.5174804027939364,1.0,0.008897167055114182,1.3508053679783423,0.7438169977588451,0.10457516339869283,0.2597008986597149,0.23093286622483084,WOODLAND CHARLOTTE BAG,REGENCY CAKESTAND 3 TIER,WOODLAND CHARLOTTE BAG → REGENCY CAKESTAND 3 TIER
frozenset({'BATHROOM METAL SIGN'}),frozenset({'JUMBO BAG RED RETROSPOT'}),0.034241633830956214,0.10738664742771518,0.012875298296242855,0.3760129659643436,3.5014871492049133,1.0,0.009198204036689035,1.4304998403561033,0.7397368613992049,0.1,0.30094364795520434,0.2479548033956085,BATHROOM METAL SIGN,JUMBO BAG RED RETROSPOT,BATHROOM METAL SIGN → JUMBO BAG RED RETROSPOT
"frozenset({'LUNCH BAG RED RETROSPOT', 'LUNCH BAG  BLACK SKULL.'})",frozenset({'JUMBO BAG RED RETROSPOT'}),0.033686664076807815,0.10738664742771518,0.012597813419168656,0.37397034596375617,3.4824659761865235,1.0,0.008980315500936616,1.4258323816088867,0.7376977344097089,0.09805615550755939,0.2986552887292292,0.24564150373123209,"LUNCH BAG  BLACK SKULL., LUNCH BAG RED RETROSPOT",JUMBO BAG RED RETROSPOT,"LUNCH BAG  BLACK SKULL., LUNCH BAG RED RETROSPOT → JUMBO BAG RED RETROSPOT"
frozenset({'DOTCOM POSTAGE'}),frozenset({'PARTY BUNTING'}),0.03918086464287696,0.08840668183583995,0.012042843665020257,0.30736543909348446,3.4767218123198345,1.0,0.008578993430484322,1.3161245043433476,0.7414222976740793,0.10422670509125839,0.24019346444816125,0.22179320291146287,DOTCOM POSTAGE,PARTY BUNTING,DOTCOM POSTAGE → PARTY BUNTING
frozenset({'STRAWBERRY CHARLOTTE BAG'}),frozenset({'JUMBO BAG RED RETROSPOT'}),0.03734946445418725,0.10738664742771518,0.013929740829124813,0.37295690936106984,3.473028707895151,1.0,0.009918907058169026,1.4235279295761794,0.7396940544061504,0.10649130250318202,0.2975199297299874,0.2513363358174858,STRAWBERRY CHARLOTTE BAG,JUMBO BAG RED RETROSPOT,STRAWBERRY CHARLOTTE BAG → JUMBO BAG RED RETROSPOT
"frozenset({'HEART OF WICKER LARGE', 'HEART OF WICKER SMALL'})",frozenset({'WHITE HANGING HEART T-LIGHT HOLDER'}),0.026805039125367667,0.11998446084688384,0.011043898107553138,0.41200828157349895,3.433847005399111,1.0,0.007827709940116272,1.496646145813222,0.7283036418405898,0.08135731807031887,0.3318393911630748,0.2520263424518744,"HEART OF WICKER LARGE, HEART OF WICKER SMALL",WHITE HANGING HEART T-LIGHT HOLDER,"HEART OF WICKER LARGE, HEART OF WICKER SMALL → WHITE HANGING HEART T-LIGHT HOLDER"
frozenset({'CHARLOTTE BAG SUKI DESIGN'}),frozenset({'PARTY BUNTING'}),0.044619568233531276,0.08840668183583995,0.013541262001220933,0.30348258706467657,3.4328014666154467,1.0,0.009596594028746581,1.3087875496499726,0.741791137161168,0.11333023687877378,0.23593405188837255,0.22832635316824537,CHARLOTTE BAG SUKI DESIGN,PARTY BUNTING,CHARLOTTE BAG SUKI DESIGN → PARTY BUNTING
"frozenset({'LUNCH BAG RED RETROSPOT', 'LUNCH BAG SUKI DESIGN '})",frozenset({'JUMBO BAG RED RETROSPOT'}),0.028636439314057384,0.10738664742771518,0.010544425328819579,0.3682170542635659,3.4288904913566896,1.0,0.007469254116615736,1.4128481286113466,0.729243407896992,0.08403361344537814,0.29220984212728135,0.23320413436692505,"LUNCH BAG RED RETROSPOT, LUNCH BAG SUKI DESIGN ",JUMBO BAG RED RETROSPOT,"LUNCH BAG RED RETROSPOT, LUNCH BAG SUKI DESIGN  → JUMBO BAG RED RETROSPOT"
"frozenset({'DOTCOM POSTAGE', 'JUMBO BAG RED RETROSPOT'})",frozenset({'WHITE HANGING HEART T-LIGHT HOLDER'}),0.026916033076197346,0.11998446084688384,0.011043898107553138,0.41030927835051545,3.4196868115624137,1.0,0.007814392390768707,1.4923340436687458,0.7271474860328792,0.08129084967320262,0.3299087397741021,0.2511768408403826,"DOTCOM POSTAGE, JUMBO BAG RED RETROSPOT",WHITE HANGING HEART T-LIGHT HOLDER,"DOTCOM POSTAGE, JUMBO BAG RED RETROSPOT → WHITE HANGING HEART T-LIGHT HOLDER"
"frozenset({'WOODEN FRAME ANTIQUE WHITE ', 'WOODEN PICTURE FRAME WHITE FINISH'})",frozenset({'WHITE HANGING HEART T-LIGHT HOLDER'}),0.029302403019035462,0.11998446084688384,0.011987346689605417,0.4090909090909091,3.4095324194769154,1.0,0.008471513661848347,1.4892570662591198,0.7280379115608663,0.08730800323362975,0.3285242536992553,0.2544992010764444,"WOODEN FRAME ANTIQUE WHITE , WOODEN PICTURE FRAME WHITE FINISH",WHITE HANGING HEART T-LIGHT HOLDER,"WOODEN FRAME ANTIQUE WHITE , WOODEN PICTURE FRAME WHITE FINISH → WHITE HANGING HEART T-LIGHT HOLDER"
"frozenset({'LUNCH BAG RED RETROSPOT', 'LUNCH BAG CARS BLUE'})",frozenset({'JUMBO BAG RED RETROSPOT'}),0.028247960486153505,0.10738664742771518,0.01021144347633054,0.36149312377210213,3.366276277648325,1.0,0.007177989703051944,1.397969835259363,0.7233695652173914,0.08141592920353982,0.2846769831664703,0.22829178152429397,"LUNCH BAG CARS BLUE, LUNCH BAG RED RETROSPOT",JUMBO BAG RED RETROSPOT,"LUNCH BAG CARS BLUE, LUNCH BAG RED RETROSPOT → JUMBO BAG RED RETROSPOT"
frozenset({'ZINC METAL HEART DECORATION'}),frozenset({'WHITE HANGING HEART T-LIGHT HOLDER'}),0.028414451412398026,0.11998446084688384,0.011321382984627338,0.3984375,3.320742512719704,1.0,0.007912090351650783,1.4628829741766087,0.7193010750881721,0.0825910931174089,0.3164183207731601,0.24639728839037928,ZINC METAL HEART DECORATION,WHITE HANGING HEART T-LIGHT HOLDER,ZINC METAL HEART DECORATION → WHITE HANGING HEART T-LIGHT HOLDER
frozenset({'CREAM HEART CARD HOLDER'}),frozenset({'WHITE HANGING HEART T-LIGHT HOLDER'}),0.027970475609079306,0.11998446084688384,0.011099395082967978,0.3968253968253968,3.307306579739512,1.0,0.007743372647381682,1.4589731307012186,0.7177139594633171,0.08110300081103002,0.3145864176954547,0.24466616742287417,CREAM HEART CARD HOLDER,WHITE HANGING HEART T-LIGHT HOLDER,CREAM HEART CARD HOLDER → WHITE HANGING HEART T-LIGHT HOLDER
frozenset({'POTTERING IN THE SHED METAL SIGN'}),frozenset({'JUMBO BAG RED RETROSPOT'}),0.02957988789610966,0.10738664742771518,0.0104334313779899,0.3527204502814259,3.2845838726723584,1.0,0.0072569463855390315,1.379022947597182,0.7167487789623797,0.0824561403508772,0.2748489053482351,0.224939036510222,POTTERING IN THE SHED METAL SIGN,JUMBO BAG RED RETROSPOT,POTTERING IN THE SHED METAL SIGN → JUMBO BAG RED RETROSPOT
"frozenset({""JUMBO BAG 50'S CHRISTMAS ""})",frozenset({'JUMBO BAG RED RETROSPOT'}),0.03729396747877241,0.10738664742771518,0.013152783173317055,0.35267857142857145,3.284193890734589,1.0,0.009147909036493446,1.3789337308702883,0.7224544717541356,0.1,0.2748019882225459,0.2375795957918051,JUMBO BAG 50'S CHRISTMAS ,JUMBO BAG RED RETROSPOT,JUMBO BAG 50'S CHRISTMAS  → JUMBO BAG RED RETROSPOT
frozenset({'SMALL POPCORN HOLDER'}),frozenset({'JUMBO BAG RED RETROSPOT'}),0.0304678395027471,0.10738664742771518,0.0107109162550641,0.35154826958105645,3.273668356372639,1.0,0.007439077116498383,1.3765301420286078,0.7163581684071287,0.08424268878219118,0.2735357044007123,0.22564493582411996,SMALL POPCORN HOLDER,JUMBO BAG RED RETROSPOT,SMALL POPCORN HOLDER → JUMBO BAG RED RETROSPOT
frozenset({'LOVEBIRD HANGING DECORATION WHITE '}),frozenset({'JUMBO BAG RED RETROSPOT'}),0.029801875797769023,0.10738664742771518,0.0104334313779899,0.35009310986964615,3.26011769857424,1.0,0.007233107849010319,1.3734480525252633,0.7145577700589298,0.08231173380035028,0.2719054803992262,0.2236253663043321,LOVEBIRD HANGING DECORATION WHITE ,JUMBO BAG RED RETROSPOT,LOVEBIRD HANGING DECORATION WHITE  → JUMBO BAG RED RETROSPOT
frozenset({'CHARLOTTE BAG PINK POLKADOT'}),frozenset({'REGENCY CAKESTAND 3 TIER'}),0.03734946445418725,0.09351240357400521,0.011321382984627338,0.3031203566121842,3.24149893518988,1.0,0.007828744791314417,1.300780708730692,0.7183299873621765,0.0947075208913649,0.23123091133800344,0.21209430293517223,CHARLOTTE BAG PINK POLKADOT,REGENCY CAKESTAND 3 TIER,CHARLOTTE BAG PINK POLKADOT → REGENCY CAKESTAND 3 TIER
frozenset({'HEART OF WICKER LARGE'}),frozenset({'WHITE HANGING HEART T-LIGHT HOLDER'}),0.050724235529163664,0.11998446084688384,0.01959043232143848,0.3862144420131291,3.2188705044563246,1.0,0.013504312269601429,1.4337508071050769,0.7261662469681925,0.12963643040763861,0.3025287274159408,0.27474459380952476,HEART OF WICKER LARGE,WHITE HANGING HEART T-LIGHT HOLDER,HEART OF WICKER LARGE → WHITE HANGING HEART T-LIGHT HOLDER
frozenset({'DOTCOM POSTAGE'}),frozenset({'WHITE HANGING HEART T-LIGHT HOLDER'}),0.03918086464287696,0.11998446084688384,0.01509517731283645,0.3852691218130312,3.2109918158876085,1.0,0.010394082393146124,1.431546015304378,0.7166486591170864,0.10477657935285054,0.3014545188843419,0.25553927876035465,DOTCOM POSTAGE,WHITE HANGING HEART T-LIGHT HOLDER,DOTCOM POSTAGE → WHITE HANGING HEART T-LIGHT HOLDER
frozenset({'BATHROOM METAL SIGN'}),frozenset({'WHITE HANGING HEART T-LIGHT HOLDER'}),0.034241633830956214,0.11998446084688384,0.013041789222487374,0.38087520259319285,3.174371080262138,1.0,0.008933325248763675,1.421386355124274,0.7092633030686128,0.09237421383647801,0.29646151702886686,0.24478542738355294,BATHROOM METAL SIGN,WHITE HANGING HEART T-LIGHT HOLDER,BATHROOM METAL SIGN → WHITE HANGING HEART T-LIGHT HOLDER
frozenset({'HANGING HEART ZINC T-LIGHT HOLDER'}),frozenset({'JUMBO BAG RED RETROSPOT'}),0.03207725178977746,0.10738664742771518,0.010932904156723459,0.3408304498269896,3.173862467923786,1.0,0.007488235628324581,1.3541483406477182,0.70762515654664,0.08506044905008636,0.2615284677587992,0.2213196176783527,HANGING HEART ZINC T-LIGHT HOLDER,JUMBO BAG RED RETROSPOT,HANGING HEART ZINC T-LIGHT HOLDER → JUMBO BAG RED RETROSPOT
frozenset({'SINGLE HEART ZINC T-LIGHT HOLDER'}),frozenset({'WHITE HANGING HEART T-LIGHT HOLDER'}),0.026860536100782508,0.11998446084688384,0.01021144347633054,0.38016528925619836,3.1684543696149112,1.0,0.006988596534219891,1.4197584031670276,0.7032791559737668,0.07473598700243705,0.2956548115726454,0.2326358361174609,SINGLE HEART ZINC T-LIGHT HOLDER,WHITE HANGING HEART T-LIGHT HOLDER,SINGLE HEART ZINC T-LIGHT HOLDER → WHITE HANGING HEART T-LIGHT HOLDER
frozenset({'LUNCH BAG PINK POLKADOT'}),frozenset({'JUMBO BAG RED RETROSPOT'}),0.05582995726732893,0.10738664742771518,0.018813474665630724,0.3369781312127237,3.1379891195462886,1.0,0.012818082728659667,1.3462804088271643,0.7216121560347658,0.13028439661798616,0.2572126925094546,0.2560859648311681,LUNCH BAG PINK POLKADOT,JUMBO BAG RED RETROSPOT,LUNCH BAG PINK POLKADOT → JUMBO BAG RED RETROSPOT
frozenset({'WOODEN PICTURE FRAME WHITE FINISH'}),frozenset({'WHITE HANGING HEART T-LIGHT HOLDER'}),0.05971474554636772,0.11998446084688384,0.022420778067595317,0.37546468401486993,3.1292775861535342,1.0,0.015255936518605528,1.4090725001915967,0.7236500017823302,0.14255469301340862,0.290313309028438,0.28116434940799,WOODEN PICTURE FRAME WHITE FINISH,WHITE HANGING HEART T-LIGHT HOLDER,WOODEN PICTURE FRAME WHITE FINISH → WHITE HANGING HEART T-LIGHT HOLDER
frozenset({'DOLLY GIRL LUNCH BOX'}),frozenset({'JUMBO BAG RED RETROSPOT'}),0.03879238581497308,0.10738664742771518,0.012986292247072534,0.3347639484978541,3.117370329706891,1.0,0.00882050798868012,1.341799426769951,0.7066286196482502,0.0975,0.2547321305634689,0.22784709052799684,DOLLY GIRL LUNCH BOX,JUMBO BAG RED RETROSPOT,DOLLY GIRL LUNCH BOX → JUMBO BAG RED RETROSPOT
frozenset({'SUKI  SHOULDER BAG'}),frozenset({'WHITE HANGING HEART T-LIGHT HOLDER'}),0.028136966535323826,0.11998446084688384,0.01048892835340474,0.37278106508875736,3.1069111988132834,1.0,0.007112929593797097,1.4030436426120434,0.6977700551821154,0.07620967741935483,0.28726379591564094,0.23010006075899478,SUKI  SHOULDER BAG,WHITE HANGING HEART T-LIGHT HOLDER,SUKI  SHOULDER BAG → WHITE HANGING HEART T-LIGHT HOLDER
frozenset({'HANGING HEART ZINC T-LIGHT HOLDER'}),frozenset({'WHITE HANGING HEART T-LIGHT HOLDER'}),0.03207725178977746,0.11998446084688384,0.011820855763360897,0.3685121107266436,3.0713319718702086,1.0,0.007972084001914709,1.3935588537821948,0.6967584610543447,0.08428967154728928,0.28241279707280004,0.233515999859159,HANGING HEART ZINC T-LIGHT HOLDER,WHITE HANGING HEART T-LIGHT HOLDER,HANGING HEART ZINC T-LIGHT HOLDER → WHITE HANGING HEART T-LIGHT HOLDER
frozenset({'SMALL GLASS HEART TRINKET POT'}),frozenset({'WHITE HANGING HEART T-LIGHT HOLDER'}),0.029357899994450303,0.11998446084688384,0.0107109162550641,0.3648393194706994,3.040721414219488,1.0,0.007188424452633246,1.3855006553928524,0.6914295955942256,0.07726180944755805,0.27823924434272135,0.22705425733016932,SMALL GLASS HEART TRINKET POT,WHITE HANGING HEART T-LIGHT HOLDER,SMALL GLASS HEART TRINKET POT → WHITE HANGING HEART T-LIGHT HOLDER
frozenset({'SPACEBOY LUNCH BOX '}),frozenset({'JUMBO BAG RED RETROSPOT'}),0.03890337976580276,0.10738664742771518,0.012486819468338975,0.3209700427960057,2.9889194837939157,1.0,0.008309115941682205,1.3145419330948984,0.6923663240558956,0.09332227291580258,0.23927873670363262,0.21862455628172378,SPACEBOY LUNCH BOX ,JUMBO BAG RED RETROSPOT,SPACEBOY LUNCH BOX  → JUMBO BAG RED RETROSPOT
frozenset({'LOVE BUILDING BLOCK WORD'}),frozenset({'WHITE HANGING HEART T-LIGHT HOLDER'}),0.033686664076807815,0.11998446084688384,0.012042843665020257,0.357495881383855,2.9795181714411116,1.0,0.00800096743803438,1.3696652109383116,0.6875360601989623,0.08503134796238244,0.2698945756861754,0.22893295456796822,LOVE BUILDING BLOCK WORD,WHITE HANGING HEART T-LIGHT HOLDER,LOVE BUILDING BLOCK WORD → WHITE HANGING HEART T-LIGHT HOLDER
frozenset({'WOODEN FRAME ANTIQUE WHITE '}),frozenset({'WHITE HANGING HEART T-LIGHT HOLDER'}),0.05227815084077918,0.11998446084688384,0.018424995837726842,0.3524416135881104,2.9373938183368,1.0,0.012152430095023885,1.3589748162003858,0.6959448733623961,0.11976911976911975,0.26415119097207296,0.253001565350947,WOODEN FRAME ANTIQUE WHITE ,WHITE HANGING HEART T-LIGHT HOLDER,WOODEN FRAME ANTIQUE WHITE  → WHITE HANGING HEART T-LIGHT HOLDER
frozenset({'SET/20 RED RETROSPOT PAPER NAPKINS '}),frozenset({'JUMBO BAG RED RETROSPOT'}),0.046617459348465506,0.10738664742771518,0.014651201509517731,0.3142857142857143,2.926674049464747,1.0,0.00964510883848822,1.301727805834582,0.6905047917912461,0.10513739545997611,0.23179024407574517,0.22535991140642303,SET/20 RED RETROSPOT PAPER NAPKINS ,JUMBO BAG RED RETROSPOT,SET/20 RED RETROSPOT PAPER NAPKINS  → JUMBO BAG RED RETROSPOT
frozenset({'POTTERING IN THE SHED METAL SIGN'}),frozenset({'WHITE HANGING HEART T-LIGHT HOLDER'}),0.02957988789610966,0.11998446084688384,0.01037793440257506,0.350844277673546,2.9240809617944614,1.0,0.006828807501449078,1.3556308738977194,0.6780694226886476,0.07456140350877193,0.2623360685753689,0.21866913236128732,POTTERING IN THE SHED METAL SIGN,WHITE HANGING HEART T-LIGHT HOLDER,POTTERING IN THE SHED METAL SIGN → WHITE HANGING HEART T-LIGHT HOLDER
frozenset({'WOOD 2 DRAWER CABINET WHITE FINISH'}),frozenset({'WHITE HANGING HEART T-LIGHT HOLDER'}),0.029635384871524503,0.11998446084688384,0.01037793440257506,0.350187265917603,2.9186051547499026,1.0,0.0068221487267752946,1.3542602245180522,0.6774469789995703,0.07453168593064967,0.26158947749065325,0.21834062648331584,WOOD 2 DRAWER CABINET WHITE FINISH,WHITE HANGING HEART T-LIGHT HOLDER,WOOD 2 DRAWER CABINET WHITE FINISH → WHITE HANGING HEART T-LIGHT HOLDER
frozenset({'PAPER BUNTING RETROSPOT'}),frozenset({'JUMBO BAG RED RETROSPOT'}),0.039291858593706645,0.10738664742771518,0.012042843665020257,0.3064971751412429,2.8541460459276777,1.0,0.00782342269943824,1.2871084595136,0.6762017278377378,0.08944765045342128,0.22306469776610643,0.2093209389918101,PAPER BUNTING RETROSPOT,JUMBO BAG RED RETROSPOT,PAPER BUNTING RETROSPOT → JUMBO BAG RED RETROSPOT
frozenset({'LUNCH BAG SUKI DESIGN '}),frozenset({'JUMBO BAG RED RETROSPOT'}),0.05666241189855153,0.10738664742771518,0.017259559354015207,0.3046033300685603,2.836510286566092,1.0,0.01117477290506148,1.2836031450370462,0.6863440336653943,0.11758034026465031,0.22094301196875077,0.23266342214022329,LUNCH BAG SUKI DESIGN ,JUMBO BAG RED RETROSPOT,LUNCH BAG SUKI DESIGN  → JUMBO BAG RED RETROSPOT
frozenset({'DOORMAT RED RETROSPOT'}),frozenset({'JUMBO BAG RED RETROSPOT'}),0.034574615683445255,0.10738664742771518,0.01048892835340474,0.3033707865168539,2.825032662660047,1.0,0.006776076289057851,1.2813320706279572,0.6691576607649268,0.07978049810046432,0.21956218616309314,0.20052260256075252,DOORMAT RED RETROSPOT,JUMBO BAG RED RETROSPOT,DOORMAT RED RETROSPOT → JUMBO BAG RED RETROSPOT
frozenset({'LARGE WHITE HEART OF WICKER'}),frozenset({'WHITE HANGING HEART T-LIGHT HOLDER'}),0.03063433042899162,0.11998446084688384,0.010322437427160219,0.3369565217391304,2.808334674013594,1.0,0.006646793807232371,1.32723655085388,0.6642664416032444,0.0735759493670886,0.2465548064083616,0.21149398704902864,LARGE WHITE HEART OF WICKER,WHITE HANGING HEART T-LIGHT HOLDER,LARGE WHITE HEART OF WICKER → WHITE HANGING HEART T-LIGHT HOLDER
frozenset({'NATURAL SLATE HEART CHALKBOARD '}),frozenset({'WHITE HANGING HEART T-LIGHT HOLDER'}),0.06765081303068983,0.11998446084688384,0.022753759920084354,0.3363412633305988,2.8032068565929973,1.0,0.014636713592743692,1.326006109057662,0.6899407665505226,0.1380006731740155,0.24585566147153057,0.2629902431361597,NATURAL SLATE HEART CHALKBOARD ,WHITE HANGING HEART T-LIGHT HOLDER,NATURAL SLATE HEART CHALKBOARD  → WHITE HANGING HEART T-LIGHT HOLDER
frozenset({'LUNCH BAG  BLACK SKULL.'}),frozenset({'JUMBO BAG RED RETROSPOT'}),0.06748432210444531,0.10738664742771518,0.02025639602641656,0.3001644736842105,2.795175013599891,1.0,0.013009480921688124,1.2754616177766138,0.6887183387832734,0.13101220387652548,0.2159701349984947,0.2443974823201414,LUNCH BAG  BLACK SKULL.,JUMBO BAG RED RETROSPOT,LUNCH BAG  BLACK SKULL. → JUMBO BAG RED RETROSPOT
frozenset({'HOME BUILDING BLOCK WORD'}),frozenset({'WHITE HANGING HEART T-LIGHT HOLDER'}),0.04151173761030024,0.11998446084688384,0.013763249902880293,0.3315508021390374,2.763281176569526,1.0,0.008782486446891108,1.3165032465730617,0.6657477292720784,0.09316303531179565,0.24041205169599011,0.22312970264213666,HOME BUILDING BLOCK WORD,WHITE HANGING HEART T-LIGHT HOLDER,HOME BUILDING BLOCK WORD → WHITE HANGING HEART T-LIGHT HOLDER
frozenset({'HEART OF WICKER SMALL'}),frozenset({'WHITE HANGING HEART T-LIGHT HOLDER'}),0.06459847938287364,0.11998446084688384,0.020811365780564958,0.3221649484536082,2.685055599530789,1.0,0.013060552060282324,1.2982738752525058,0.6709078611687926,0.127075567604202,0.22974649720537088,0.24780772862088365,HEART OF WICKER SMALL,WHITE HANGING HEART T-LIGHT HOLDER,HEART OF WICKER SMALL → WHITE HANGING HEART T-LIGHT HOLDER
frozenset({'HANGING HEART JAR T-LIGHT HOLDER'}),frozenset({'WHITE HANGING HEART T-LIGHT HOLDER'}),0.03829291303623952,0.11998446084688384,0.012209334591264775,0.3188405797101449,2.657348938851573,1.0,0.0076147800663549665,1.291937706416277,0.6485187730499058,0.08358662613981764,0.225968872157224,0.2102991057662658,HANGING HEART JAR T-LIGHT HOLDER,WHITE HANGING HEART T-LIGHT HOLDER,HANGING HEART JAR T-LIGHT HOLDER → WHITE HANGING HEART T-LIGHT HOLDER
frozenset({'RECYCLING BAG RETROSPOT '}),frozenset({'WHITE HANGING HEART T-LIGHT HOLDER'}),0.03940285254453632,0.11998446084688384,0.012153837615849936,0.30845070422535215,2.5707554298966793,1.0,0.00742610759746448,1.2725275617081722,0.6360723470857799,0.08254805880135696,0.2141624039500927,0.20487290067881853,RECYCLING BAG RETROSPOT ,WHITE HANGING HEART T-LIGHT HOLDER,RECYCLING BAG RETROSPOT  → WHITE HANGING HEART T-LIGHT HOLDER
frozenset({'SMALL WHITE HEART OF WICKER'}),frozenset({'WHITE HANGING HEART T-LIGHT HOLDER'}),0.034019645929296856,0.11998446084688384,0.01048892835340474,0.3083197389885807,2.5696639115796653,1.0,0.00640709947837617,1.272286616747312,0.6323565978282742,0.07308584686774941,0.2140135824453072,0.19786939770890646,SMALL WHITE HEART OF WICKER,WHITE HANGING HEART T-LIGHT HOLDER,SMALL WHITE HEART OF WICKER → WHITE HANGING HEART T-LIGHT HOLDER
frozenset({'WOOD BLACK BOARD ANT WHITE FINISH'}),frozenset({'WHITE HANGING HEART T-LIGHT HOLDER'}),0.036295021921305286,0.11998446084688384,0.011154892058382819,0.30733944954128445,2.561493774877153,1.0,0.0068000534217291745,1.270486010168075,0.6325616375364755,0.07686424474187382,0.21289963683448346,0.20015446112586888,WOOD BLACK BOARD ANT WHITE FINISH,WHITE HANGING HEART T-LIGHT HOLDER,WOOD BLACK BOARD ANT WHITE FINISH → WHITE HANGING HEART T-LIGHT HOLDER
frozenset({'STRAWBERRY CERAMIC TRINKET BOX'}),frozenset({'WHITE HANGING HEART T-LIGHT HOLDER'}),0.03557356124091237,0.11998446084688384,0.010877407181308618,0.30577223088923555,2.548431928026427,1.0,0.006609132615414143,1.2676178889823537,0.6300136696409487,0.07518220176448025,0.2111187379954049,0.19821451507459004,STRAWBERRY CERAMIC TRINKET BOX,WHITE HANGING HEART T-LIGHT HOLDER,STRAWBERRY CERAMIC TRINKET BOX → WHITE HANGING HEART T-LIGHT HOLDER
frozenset({'RED TOADSTOOL LED NIGHT LIGHT'}),frozenset({'WHITE HANGING HEART T-LIGHT HOLDER'}),0.036572506798379485,0.11998446084688384,0.011043898107553138,0.30197268588770865,2.51676495236384,1.0,0.0066557655975305816,1.2607179136997904,0.6255421693722067,0.07589626239511822,0.20680114946147582,0.1970085446089792,RED TOADSTOOL LED NIGHT LIGHT,WHITE HANGING HEART T-LIGHT HOLDER,RED TOADSTOOL LED NIGHT LIGHT → WHITE HANGING HEART T-LIGHT HOLDER
"frozenset({'JUMBO BAG RED RETROSPOT', 'JUMBO STORAGE BAG SUKI'})",frozenset({'WHITE HANGING HEART T-LIGHT HOLDER'}),0.038736888839558246,0.11998446084688384,0.011654364837116377,0.30085959885386815,2.5074880257853147,1.0,0.007006540114816309,1.2587107506739241,0.6254213849964673,0.07924528301886792,0.20553630016698304,0.19899594188761863,"JUMBO BAG RED RETROSPOT, JUMBO STORAGE BAG SUKI",WHITE HANGING HEART T-LIGHT HOLDER,"JUMBO BAG RED RETROSPOT, JUMBO STORAGE BAG SUKI → WHITE HANGING HEART T-LIGHT HOLDER"
